id,ชุด,ชนิด,มีตาราง,มีรูป,correct,หัวโจทย์ 110 ตัวอักษร
alvl1-2566-03-q02,alvl1-2566-03,mc,,มี,3,ให้ $A = \{ x \in \mathbb{Z} \mid |2x+3| < 2|x-5| \}$ และ $B = \{ x \in \mathbb{R} \mid 0 < x < 5 \}$  พิจารณา
alvl1-2566-03-q06,alvl1-2566-03,mc,,มี,1,รูปสี่เหลี่ยม ABCD มีมุม A ขนาด $60$ องศา ด้านประกอบมุม A ยาวเท่ากัน มุม C เป็นมุมที่อยู่ตรงข้ามมุม A มีขนาด $
alvl1-2566-03-q07,alvl1-2566-03,mc,,มี,0,$\tan\left(\arccos\left(\dfrac{5}{13}\right) + \arcsin\left(\dfrac{3}{5}\right)\right)$ เท่ากับเท่าใด
alvl1-2566-03-q11,alvl1-2566-03,mc,,มี,2,กำหนดแบบรูปของแผนภาพบันไดไม้ขีดไฟดังนี้  รูปที่ $1$ (บันไดไม้ขีดไฟ $1$ ขั้น) ใช้ไม้ขีด $4$ ก้าน  รูปที่ $2$ (บ
alvl1-2566-03-q14,alvl1-2566-03,mc,,มี,4,ให้ $A$ แทนเซตของจำนวนเชิงซ้อน $z$ ทั้งหมดในระนาบเชิงซ้อน ซึ่งสอดคล้องกับอสมการ $|z - i|^2 + |z + i|^2 < 4$  พ
alvl1-2566-03-q16,alvl1-2566-03,mc,,มี,2,"กำหนดทรงสี่เหลี่ยมมุมฉาก ABCDEFGH ในระบบพิกัดฉากสามมิติ ที่มีจุด $B(1, 1, 0)$ จุด $C(1, 2, 0)$ และจุด $F(0, 1,"
alvl1-2566-03-q17,alvl1-2566-03,mc,,มี,1,"ให้จุด $(a, b)$ เป็นจุดบนวงรี $\dfrac{x^2}{2} + \dfrac{y^2}{3} = 1$ ถ้าระยะห่างระหว่างจุด $(a, b)$ กับจุด $\le"
alvl1-2566-03-q21,alvl1-2566-03,mc,,มี,1,ศูนย์ดูแลผู้ป่วยติดเตียงแห่งหนึ่งมีจำนวนผู้ป่วยเข้ามาใช้บริการศูนย์แห่งนี้ทั้งหมด $120$ คน โดยจำนวนผู้ป่วยเพศช
alvl1-2566-03-q23,alvl1-2566-03,mc,,มี,0,"กำหนดกราฟของฟังก์ชัน $f$ เป็นพาราโบลาที่จุดยอดอยู่ที่จุด $(2, 4)$ และตัดแกน X ที่จุด $(0, 0)$ และ $(4, 0)$ และ"
alvl1-2566-03-q24,alvl1-2566-03,mc,,มี,4,กำหนดกราฟของฟังก์ชัน $f$ และ $g$ ดังรูป  พิจารณาข้อความต่อไปนี้  (ก) $\displaystyle\lim_{x \to 1}(f(x) \cdot g
alvl1-2566-03-q26,alvl1-2566-03,fill,,มี,65,"กำหนด $U$ แทนเอกภพสัมพัทธ์ และ $A, B$ เป็นสับเซตของ $U$ โดยที่ $n(U) = 100$, $n(A \cap B) = 35$ และ $n(A' \cap"
alvl1-2566-03-q27,alvl1-2566-03,fill,,มี,480,รูปสี่เหลี่ยมมุมฉากรูปหนึ่งมีการแบ่งพื้นที่ออกเป็น $4$ ส่วน ดังรูป ถ้ามีสีอยู่ $6$ สี และต้องการระบายสีรูปสี่เ
alvl1-2566-03-q28,alvl1-2566-03,fill,,มี,8.96,"ข้อมูลการผลิตเหล็กเส้นของโรงงานแห่งหนึ่งเป็นดังนี้  ""น้ำหนักของเหล็กเส้นที่ผลิตได้มีการแจกแจงปกติ โดยมีน้ำหนัก"
alvl1-2566-03-q29,alvl1-2566-03,fill,,มี,0.75,วงกลม $(x-1)^2 + (y-2)^2 = 1$ มีเส้นสัมผัสที่ผ่านจุดกำเนิด $2$ เส้น คือแกน Y และเส้นตรง L ความชันของเส้นตรง L 
alvl1-2567-03-q03,alvl1-2567-03,mc,,มี,0,"กำหนดให้ $z$ เป็นจำนวนเชิงซ้อน, $\text{Re}(z) > 0$ และ $\text{Im}(z) > 0$ ถ้า $z^6 + 1 = 0$ แล้วค่าของ $z^4 + "
alvl1-2567-03-q04,alvl1-2567-03,mc,,มี,2,ถ้า $z$ เป็นจำนวนเชิงซ้อน แล้วข้อใดสอดคล้องกับเงื่อนไข $|z| = \sqrt{3}$ และ $|z - i| < 1$
alvl1-2567-03-q06,alvl1-2567-03,mc,,มี,0,"กำหนดให้ $A, B, C$ เป็นเซต ซึ่ง $C \subset (A - B)$, $n(A) = 2 \cdot n(B \cup C)$, $n[(A \cap B) \cup C] = 7$ "
alvl1-2567-03-q07,alvl1-2567-03,mc,,มี,1,เซตคำตอบของอสมการ $\log_{0.01}(x - 1) < \log_{0.0001}(x - 1)$ เป็นสับเซตของเซตในข้อใด
alvl1-2567-03-q11,alvl1-2567-03,mc,,มี,2,กำหนดให้ $f$ เป็นฟังก์ชันพหุนามกำลังสองที่มีค่าต่ำสุดเป็น $-18$ ถ้าเส้นตรง $4x + y + 12 = 0$ สัมผัสเส้นโค้ง $y
alvl1-2567-03-q19,alvl1-2567-03,mc,,มี,4,"กำหนดให้ $f$ เป็นฟังก์ชันที่มีกราฟดังรูป (กราฟ $y = f(x)$ ผ่านจุด $(0, 5)$, $(2, 0)$ และ $(4, -2)$ มีลักษณะเป็"
alvl1-2567-03-q20,alvl1-2567-03,mc,,มี,1,จากสมการ $9x^2 + 18x - 16y^2 + 160y - 247 = 0$ จะได้กราฟตามข้อใด
alvl1-2567-03-q23,alvl1-2567-03,mc,,มี,1,"กำหนดให้ $\vec{u} = \begin{bmatrix} -1 \\ 0 \\ 1 \end{bmatrix}$, $\vec{v} = \begin{bmatrix} 1 \\ 1 \\ a \end{b"
alvl1-2567-03-q26,alvl1-2567-03,fill,,มี,68,ช่างไม้คนหนึ่งมีแผ่นไม้เป็นรูปสี่เหลี่ยมผืนผ้า ความกว้าง 24 เซนติเมตร และความยาว $20\sqrt{13}$ เซนติเมตร ถ้าต้
alvl1-2567-03-q30,alvl1-2567-03,fill,มี,มี,11.25,ในช่วงฤดูฝนของหมู่บ้านแห่งหนึ่ง ปริมาณน้ำฝนรายวันเป็นไปตามการแจกแจงแบบปกติ ปริมาณน้ำฝนโดยเฉลี่ยเป็น $10.45$ มิ
alvl1-2568-03-v2-q04,alvl1-2568-03-v2,mc,,มี,3,สำนักข่าวออนไลน์แห่งหนึ่งมีบริการสำหรับสมาชิกรายเดือน โดยปัจจุบันค่าบริการรายเดือนอยู่ที่ $70$ บาทต่อคน และมีส
alvl1-2568-03-v2-q11,alvl1-2568-03-v2,mc,,มี,0,พิจารณาอสมการ $x^2 - 4x + 1 < 0$ ถ้า $a$ เป็นจำนวนเต็มที่น้อยที่สุดที่สอดคล้องกับอสมการดังกล่าว และ $b$ เป็นจำ
alvl1-2568-03-v2-q13,alvl1-2568-03-v2,mc,,มี,2,"ถ้า $ABC$ เป็นรูปสามเหลี่ยมที่มีพิกัดของ $A, B$ และ $C$ คือ $(7,\,6),\,(1,\,2)$ และ $(1,\,-2)$ ตามลำดับ แล้วส่"
alvl1-2568-03-v2-q14,alvl1-2568-03-v2,mc,,มี,1,"วงรีวงหนึ่ง มีจุด $P(0,\,0)$ และ $Q(10,\,0)$ เป็นจุดโฟกัส และมีจุด $R(15,\,0)$ เป็นจุดที่อยู่บนวงรี ถ้าวงรีวงน"
alvl1-2568-03-v2-q16,alvl1-2568-03-v2,mc,,มี,3,"ให้ $O$ เป็นจุดกำเนิดในระบบพิกัดฉากสามมิติ และให้ $A$ และ $B$ เป็นจุดที่มีพิกัดเป็น $(-3,\,1,\,0)$ และ $(t,\,-"
alvl1-2568-03-v2-q22,alvl1-2568-03-v2,mc,,มี,4,โรงงานแห่งหนึ่งผลิตน้ำผลไม้กล่องเพื่อจัดจำหน่าย โดยปริมาตรของน้ำผลไม้ในแต่ละกล่องมีการแจกแจงแบบปกติที่มีค่าเฉล
alvl1-2568-03-v2-q24,alvl1-2568-03-v2,mc,,มี,0,กำหนดกราฟของฟังก์ชัน $f$ และ $g$ ดังรูป พิจารณาข้อความต่อไปนี้ ก. $\displaystyle\lim_{x \to 1}\bigl(f(x) + g(x
alvl1-2568-03-v2-q25,alvl1-2568-03-v2,mc,,มี,2,ให้ $f$ เป็นฟังก์ชันที่มีกราฟและเส้นสัมผัสที่ $x = 1$ ดังรูป ค่าของ $f'(1)$ เท่ากับข้อใดต่อไปนี้
alvl1-2568-03-v2-q26,alvl1-2568-03-v2,fill,,มี,0.75,กำหนดให้รูปสามเหลี่ยม $ABC$ สอดคล้องกับสมการ $\dfrac{\sin A}{4} = \dfrac{\sin B}{5} = \dfrac{\sin C}{6}$ จงหาค
alvl1-2568-03-v2-q29,alvl1-2568-03-v2,fill,,มี,2,"กำหนดให้ $A, B, C$ เป็นเซต โดยที่ $n(A) = 40$, $n(A \cap B) = 27$, $n(A \cap C) = 21$ และ $n(A \cap B \cap C) "
alvl1-2569-03-q01,alvl1-2569-03,mc,,มี,0,โรงเรียนแห่งหนึ่ง มีนักเรียน 50 คน และมีชมรม 3 ชมรม ได้แก่ ชมรมคณิตศาสตร์ ชมรมหมากกระดาน และชมรมกรีฑา นักเรียน
alvl1-2569-03-q04,alvl1-2569-03,mc,,มี,3,ให้ $f$ และ $g$ เป็นฟังก์ชันที่มีกราฟดังรูป ถ้า $a$ และ $b$ เป็นจำนวนเต็มที่ทำให้ $g(x) = f(x + a) + b$ สำหรับ
alvl1-2569-03-q05,alvl1-2569-03,mc,,มี,4,ร้านขนมแห่งหนึ่งสังเกตว่า ปริมาณขนมที่ขายได้ในแต่ละวันขึ้นกับราคาของขนม หากขนมราคา 20 บาท จะขายได้ 100 ชิ้น แล
alvl1-2569-03-q06,alvl1-2569-03,mc,,มี,4,ให้ $f$ เป็นฟังก์ชันที่กำหนดโดย $f(x) = \sqrt{x^2 - 2x + 2}$ ข้อใดถูกต้องเกี่ยวกับโดเมน และเรนจ์ของ $f$
alvl1-2569-03-q07,alvl1-2569-03,mc,,มี,0,เซตของจำนวนจริง $x$ ทั้งหมด ที่ $0 < x < 1$ และสอดคล้องกับอสมการ $\log_{x}\!\left(2x - \dfrac{3}{4}\right) > 2
alvl1-2569-03-q11,alvl1-2569-03,mc,,มี,0,กราฟแสดงจำนวนเชิงซ้อน $z$ ทั้งหมดในระนาบเชิงซ้อนที่สอดคล้องกับอสมการ $\operatorname{Re}(z) < 2$ และ $|z - 3i +
alvl1-2569-03-q12,alvl1-2569-03,mc,,มี,4,กำหนดให้ $z = \cos\dfrac{2\pi}{5} + i\sin\dfrac{2\pi}{5}$ พิจารณาข้อความต่อไปนี้ (ก) $z \cdot \bar{z} = 1$ (ข)
alvl1-2569-03-q14,alvl1-2569-03,mc,,มี,3,ข้อใดต่อไปนี้เป็นกราฟของสมการ $y^2 - x^2 + 6x - 8 = 0$
alvl1-2569-03-q15,alvl1-2569-03,mc,,มี,2,ให้ $F_1$ และ $F_2$ เป็นโฟกัสของไฮเพอร์โบลา $\dfrac{(x+1)^2}{16} - \dfrac{(y+2)^2}{9} = 1$ ถ้าจุด $A$ มีพิกัดเ
alvl1-2569-03-q16,alvl1-2569-03,mc,,มี,1,วงกลมวงหนึ่งสัมผัสเส้นตรง $3x = 4y$ และแกน $Y$ ถ้าจุดศูนย์กลางของวงกลมอยู่ในจตุภาคที่หนึ่งและอยู่บนเส้นตรง $x 
alvl1-2569-03-q19,alvl1-2569-03,mc,มี,มี,1,อายุการใช้งานของหลอดไฟชนิดหนึ่งมีการแจกแจงปกติ โดยมีค่าเฉลี่ยและส่วนเบี่ยงเบนมาตรฐานเท่ากับ 2 และ 0.5 ต่อปี ตา
alvl1-2569-03-q25,alvl1-2569-03,mc,,มี,1,กำหนดกราฟของฟังก์ชัน $f$ ดังรูป ข้อความใดต่อไปนี้กล่าวถูกต้อง
alvl1-2569-03-q30,alvl1-2569-03,fill,,มี,3250,"ให้ $f$ เป็นฟังก์ชันที่มีเส้นสัมผัสเส้นโค้ง $y = f(x)$ ที่ $x = 0,\ x = 2,\ x = 3$ และ $x = 5$ แสดงดังในภาพ ถ้"
chap-01-set-q24,chap-01-set,mc,,มี,4,"ให้ $A, B$ และ $C$ เป็นเซตใดๆ ข้อความในข้อใดต่อไปนี้ถูก"
chap-01-set-q26,chap-01-set,mc,,มี,2,ข้อความใดต่อไปนี้เป็นจริง
chap-01-set-q32,chap-01-set,mc,,มี,2,สำหรับเซต $X$ ใดๆ ให้ $P(X)$ แทนเพาเวอร์เซตของ $X$ และ $n(X)$ แทนจำนวนสมาชิกของ $X$ ถ้า $A$ และ $B$ เป็นเซตซึ่
chap-01-set-q33,chap-01-set,mc,,มี,0,ข้อความใดต่อไปนี้ ที่สอดคล้องกับแผนภาพเวนน์ดังที่ให้ไว้ในรูป
chap-01-set-q35,chap-01-set,mc,,มี,2,สำหรับเซต $A$ และ $B$ ใดๆ ข้อใดต่อไปนี้ผิด
chap-01-set-q36,chap-01-set,mc,,มี,1,จงพิจารณาข้อความต่อไปนี้  ก. จากแผนภาพด้านขวานี้ ส่วนที่แรเงาคือ $C - (A \cap B)$  ข. ให้ $A$ และ $B$ เป็นเซตใ
chap-01-set-q38,chap-01-set,mc,,มี,3,"กำหนดให้เอกภพสัมพัทธ์คือเซต $\mathcal{U} = \{1, 2, 3, 4, 5\}$ และ $A$, $B$, $C$ เป็นเซตซึ่งมีเงื่อนไขว่า $n(A)"
chap-01-set-q39,chap-01-set,mc,,มี,0,สำหรับเซต $X$ ใดๆ ให้ $n(X)$ แทนจำนวนสมาชิกของเซต $X$  กำหนดให้ $\mathcal{U}$ เป็นเอกภพสัมพัทธ์ที่มีสมาชิก 240
chap-01-set-q40,chap-01-set,mc,,มี,0,จากการสำรวจผู้ฟังเพลงจำนวน 180 คน พบว่ามีผู้ชอบเพลงไทยสากล 95 คน เพลงไทยเดิม 92 คน เพลงลูกทุ่ง 125 คน เพลงไทยส
chap-01-set-q41,chap-01-set,fill,,มี,11,จากการสอบถามผู้ดื่มกาแฟ 20 คน พบว่า  ก. จำนวนผู้ที่ใส่ครีมในกาแฟ น้อยกว่าสองเท่าของจำนวนผู้ที่ใส่น้ำตาลในกาแฟอ
chap-01-set-q42,chap-01-set,mc,,มี,1,ระหว่างปิดภาคเรียนครั้งหนึ่ง เด็กนักเรียนคนหนึ่งได้ไปพักผ่อนที่ชายทะเลพัทยา ตลอดช่วงเวลาที่เขาพักผ่อนที่พัทยาเ
chap-01-set-q43,chap-01-set,mc,,มี,0,จากการสำรวจนักเรียนห้องหนึ่งพบว่า  ก. มี 20 คน ที่เลือกเรียนฝรั่งเศสหรือคณิตศาสตร์  ข. ถ้าเลือกเรียนฝรั่งเศสแล
chap-01-set-q44,chap-01-set,fill,,มี,415,หมู่บ้านแห่งหนึ่งมีครอบครัวทั้งหมด 800 ครอบครัว ประกอบอาชีพค้าขายอย่างเดียว 10 ครอบครัว นอกนั้นทำสวนเงาะ มังคุ
chap-01-set-q45,chap-01-set,mc,,มี,1,โรงเรียนแห่งหนึ่งมีนักเรียน 80 คน และมีชมรมกีฬา 3 ชมรม คือ ฟุตบอล กรีฑา และว่ายน้ำ นักเรียนทุกคนต้องเป็นสมาชิก
chap-01-set-q46,chap-01-set,mc,,มี,0,ในการสำรวจความนิยมเกี่ยวกับเพลงโดยสอบถามจากนักเรียนโรงเรียนหนึ่งจำนวน 300 คน พบว่าแต่ละคนชอบเพลงลูกทุ่ง เพลงลู
chap-01-set-q47,chap-01-set,fill,,มี,13,"ในการสำรวจความนิยมของผู้ไปเที่ยวสวนสัตว์จำนวน 100 คน พบว่ามี 50 คนชอบช้าง, 35 คนชอบลิง, 25 คนชอบหมี, 32 คนชอบช"
chap-01-set-q48,chap-01-set,mc,,มี,2,ในการสำรวจความนิยมของคนจำนวน 100 คน ที่มีต่อนาย ก นาย ข และนาย ค โดยทุกคนต้องแสดงความนิยมคนใดคนหนึ่งอย่างน้อยห
chap-01-set-q49,chap-01-set,mc,,มี,3,จากการสำรวจแม่บ้านที่ดูละครโทรทัศน์จำนวน 200 คน ปรากฏว่ามี  65 คน ดูละครเรื่องที่ 1  90 คน ดูละครเรื่องที่ 2  
chap-01-set-q50,chap-01-set,mc,,มี,3,"กำหนดให้ $A$, $B$, $C$ เป็นเซตโดยที่ $A \cap B \subset B \cap C$  ถ้า $n(A) = 25$, $n(C) = 23$, $n(B \cap C) ="
chap-01-set-q51,chap-01-set,mc,,มี,1,"กำหนดให้ $A$, $B$, $C$ เป็นเซต  $n(A \cup B) = 92$, $n(A \cup C) = 79$, $n(B \cup C) = 75$, $n(A \cap B \cap C"
chap-01-set-q52,chap-01-set,mc,,มี,1,"กำหนดให้ $A$, $B$, $C$ เป็นเซต ถ้า $n(B) = 42$, $n(C) = 28$, $n(A \cap C) = 8$, $n(A \cap B \cap C) = 3$, $n(A"
chap-01-set-q54,chap-01-set,mc,,มี,2,"ให้ $A$, $B$ และ $C$ เป็นเซต  ซึ่ง $n(A \cup B) = 16$, $n(A) = 8$, $n(B) = 14$, $n(C) = 5$ และ $n(A \cap B \ca"
chap-01-set-q71,chap-01-set,fill,,มี,เซตว่าง,ให้ $X$ และ $A$ เป็นเซต โดย $(X \cap A') \cup (X' \cap A) = A$  จะทราบหรือไม่ว่า $X$ เป็นเซตอะไร เพราะเหตุใด
chap-01-set-q73,chap-01-set,mc,,มี,2,บทนิยาม กำหนดให้ $A$ และ $B$ ต่างก็เป็นสับเซตของเอกภพสัมพัทธ์ $\mathcal{U}$ ให้ $A \triangle B = (A - B) \cup 
chap-01-set-q74,chap-01-set,mc,,มี,1,กำหนดให้ $A * B = (A - B) \cup (B - A)$  บริเวณที่แรเงาในแผนภาพในข้อใดต่อไปนี้คือ $(A * B) * C$
chap-01-set-q75,chap-01-set,mc,,มี,0,"ให้ $A$, $B$, $C$ เป็นเซต ซึ่ง $A - B = B - C$  พิจารณาข้อความต่อไปนี้  ก. $A \subset C$  ข. $A \cup B = B \ca"
chap-01-set-q76,chap-01-set,fill,,มี,90,จากการขนส่งสินค้าทางบกจากกรุงเทพไปยังจังหวัดอุดรธานี พบว่ามีการขนส่งด้วยรถไฟและรถบรรทุกอยู่ร้อยละ 20 มีการขนส่
chap-01-set-q77,chap-01-set,mc,,มี,0,จากการสำรวจพฤติกรรมการทานทุเรียน มะม่วง และมังคุด ของคน 100 คนกลุ่มหนึ่ง พบว่าทุกคนชอบทานผลไม้ทั้งสามชนิดนี้อย
chap-01-set-q78,chap-01-set,fill,,มี,11,จากการสำรวจความนิยมในการดูทีวีของพนักงาน จำนวน 60 คน เป็นชาย 40 คน หญิง 20 คน พบว่า  • พนักงานที่ชอบดู TV ช่อง
chap-01-set-q79,chap-01-set,fill,,มี,18,"จากแผนภาพของ Venn ของเซต 3 เซต $A$, $B$, $C$ โดยแบ่งเป็น 7 บริเวณ ก, ข, ค, ง, จ, ฉ, ช ตามตำแหน่งใน Venn diagra"
chap-01-set-q80,chap-01-set,fill,,มี,"10, 70, 180, 230, 110",ผลการสำรวจนักท่องเที่ยวชาวต่างประเทศ 280 คน พบว่า ทุกคนเคยไปจังหวัดเชียงใหม่หรือขอนแก่นหรือภูเก็ต  มี 150 คนไม
chap-01-set-q81,chap-01-set,fill,,มี,2,"กำหนดให้ $A$, $B$, $C$ เป็นเซต ซึ่ง $n(A \cup B \cup C) = 6$ และ $n(B \cap C) = 2$  ถ้า $n(A \times B) = n(A \"
chap-02-logic-q104,chap-02-logic,mc,,มี,0,"จงพิจารณาข้อความต่อไปนี้  ก. ถ้าเอกภพสัมพัทธ์ $\mathcal{U}$ คือ $(2, 3)$ แล้วประพจน์ $\forall x[20 - x^2 < x^4"
chap-02-logic-q106,chap-02-logic,fill,,มี,เท็จ,"กำหนดเอกภพสัมพัทธ์ $\mathcal{U} = \{-2, -1, 0, 1, 2\}$  ให้ $P(x)$ แทน $|x - 1| < 4$ และ $Q(x)$ แทน $x^2 < 4$ "
chap-02-logic-q107,chap-02-logic,mc,,มี,2,"ให้ $p(x)$ แทนข้อความ ""$\sin x < 0$""  $q(x)$ แทนข้อความ ""$x$ หารด้วย 5 ลงตัว""  $r(x)$ แทนข้อความ ""$(x^2 - 5x +"
chap-02-logic-q108,chap-02-logic,mc,,มี,2,กำหนดให้เอกภพสัมพัทธ์เป็นเซตของจำนวนจริง ข้อใดเป็นเท็จ
chap-02-logic-q110,chap-02-logic,mc,,มี,3,ให้ $A$ เป็นเซตคำตอบของอสมการ $|x + 1| > x + |x - 1|$  ข้อความใดต่อไปนี้มีค่าความจริงเป็นจริง ถ้ากำหนดให้เอกภพ
chap-02-logic-q111,chap-02-logic,mc,,มี,3,กำหนดให้ $\mathcal{U} = \left\{ x \in \mathbb{R} \mid \dfrac{(x - 1)^2}{x + 5} < 1 \right\}$  ให้ $P(x)$ แทนปร
chap-02-logic-q112,chap-02-logic,mc,,มี,2,ให้ $\mathcal{U}$ เป็นเอกภพสัมพัทธ์  ประพจน์ $\forall x\left[\left|x^2 - 3x + 2\right| \leq 2x - x^2\right]$ ม
chap-02-logic-q113,chap-02-logic,mc,,มี,2,เอกภพสัมพัทธ์ในข้อใดที่ทำให้ประพจน์ต่อไปนี้มีค่าความจริงเป็นเท็จ  $\forall x\left[\left|x^2 + 2x + 3\right| \g
chap-02-logic-q116,chap-02-logic,fill,,มี,ไม่สมมูล,จงตรวจสอบว่า ประโยค $\exists x[P(x) \wedge Q(x)]$ กับประโยค $\exists x[P(x)] \wedge \exists x[Q(x)]$ สมมูลกันห
chap-02-logic-q46,chap-02-logic,mc,,มี,3,ประพจน์ต่อไปนี้เป็นสัจนิรันดร์หรือไม่  ก. $[(p \to q) \wedge (q \to r)] \;\leftrightarrow\; (p \to r)$ เมื่อ $
chap-02-logic-q59,chap-02-logic,mc,,มี,3,"กำหนดเอกภพสัมพัทธ์ คือ $\{-2, -1, 0, 1, 2\}$  $P(x)$ คือ $x$ เป็นจำนวนคี่  $Q(x)$ คือ $\dfrac{4}{x}$ เป็นจำนวน"
chap-02-logic-q63,chap-02-logic,mc,,มี,2,ให้เอกภพสัมพัทธ์ $\mathcal{U} = \{ x \in \mathbb{R} \mid |x - 1| \leq 2 \}$ ข้อต่อไปนี้มีค่าความจริงเป็นจริง
chap-02-logic-q66,chap-02-logic,mc,,มี,1,"พิจารณาข้อความต่อไปนี้  ก. ถ้าเอกภพสัมพัทธ์คือเซต $\mathcal{U} = (0, 1) \cup (2, \infty)$ แล้ว ประพจน์ $\foral"
chap-02-logic-q68,chap-02-logic,mc,,มี,3,"เอกภพสัมพัทธ์ในข้อใดที่ทำให้ข้อความ $\big( \forall x [\, x^2 \leq 2x + 3 \,] \big) \wedge \big( \exists y [\, "
chap-02-logic-q69,chap-02-logic,mc,,มี,3,"เอกภพสัมพัทธ์ $\mathcal{U}$ ที่กำหนดในข้อต่อไปนี้ที่ทำให้ประโยค $\exists x [\, 2x^2 + x - 1 \leq 0 \;\wedge\; "
chap-02-logic-q70,chap-02-logic,mc,,มี,3,ให้เอกภพสัมพัทธ์คือเซตของจำนวนจริง ถ้า $P(x)$ แทนข้อความ $x^2 - 3x < 0$ และ $Q(x)$ แทนข้อความ $-2 < \log_{1/3}
chap-02-logic-q71,chap-02-logic,mc,,มี,3,"กำหนดเอกภพสัมพัทธ์คือช่วงเปิด $(-2, 2)$ พิจารณาข้อความต่อไปนี้  ก. ประพจน์ $\forall x [\, |x + x^2| \leq |x| +"
chap-03-realnumber-q116,chap-03-realnumber,mc,,มี,0,ให้ $x$ และ $y$ เป็นจำนวนจริงซึ่งสอดคล้องสมการ $x + y + \dfrac{x}{y} = 13$ และ $\dfrac{x(x+y)}{y} = 42$ ค่าที่
chap-03-realnumber-q118,chap-03-realnumber,mc,,มี,1,ถ้า $A = \{ x \in \mathbb{R} \mid \sqrt{4x+5} = x \}$ และ $B = \{ k \in \mathbb{R} \mid$ สมการ $x^2-2x-k = 0$ 
chap-03-realnumber-q129,chap-03-realnumber,fill,,มี,"(1, 2) ∪ (3, 4)",จงหาจำนวนจริง $x$ ที่ทำให้ $\dfrac{1}{x^2 - 3x + 2} + \dfrac{1}{x^2 - 7x + 12} - \dfrac{1}{x^2 - 4x + 3} < 0$
chap-03-realnumber-q139,chap-03-realnumber,fill,,มี,-5,ถ้า $S = \{x \mid x^2 \le 25\}$ จงหาค่าขอบเขตล่างที่มากที่สุดของ $S$
chap-03-realnumber-q140,chap-03-realnumber,mc,,มี,3,"ให้ $A, B, C$ เป็นเซตซึ่ง $A \cup B = [-1, 8]$, $B - C = (3, 8]$ และ $A - B = [-1, 1)$ ถ้า $B \cap C = [a, b]$"
chap-03-realnumber-q141,chap-03-realnumber,mc,,มี,2,"กำหนด $A=\{x\in\mathbb{R}\mid |x| > x\}$, $B=\{x\in\mathbb{R}\mid x+2\ge 0\}$ และ $C=\{x\in\mathbb{R}\mid x^2 "
chap-03-realnumber-q142,chap-03-realnumber,mc,,มี,1,"ให้ $I^+$ แทนเซตของจำนวนเต็มบวก สำหรับ $n\in I^+$ ให้ $D_n$ แทนช่วงเปิด โดยที่ $D_n=(0,\frac{1}{n})$ ถ้า $s < "
chap-03-realnumber-q143,chap-03-realnumber,fill,,มี,"(2, 4.5)",นำเชือกยาว 18 หน่วยมาขดเป็นรูปสี่เหลี่ยมผืนผ้า ซึ่งมีเส้นทแยงมุมสั้นกว่า $\sqrt{53}$ หน่วย ให้ $A$ แทนเซตของคว
chap-03-realnumber-q145,chap-03-realnumber,mc,,มี,2,"กำหนดให้ $a,b,c$ เป็นจำนวนจริงสอดคล้องกับสมการ $a^2-bc-8a+7=0$ และ $b^2+c^2+bc-6a+6=0$ ค่าของ $a$ ที่เป็นไปได้"
chap-03-realnumber-q146,chap-03-realnumber,fill,,มี,"(-6, -4) ∪ (-4, 1)",ให้ $A$ เป็นเซตคำตอบของอสมการ $(x+6)(x-1) < 0$ และ $B$ เป็นเซตคำตอบของอสมการ $(x-3)^3(x+4)^4 < 0$ จงเขียน $A\c
chap-03-realnumber-q147,chap-03-realnumber,mc,,มี,0,เซตในข้อใดเป็นเซตคำตอบของอสมการ $\dfrac{2x^3+x^2-2x-1}{x^2+2x-3}\ge 0$
chap-03-realnumber-q148,chap-03-realnumber,fill,,มี,"(-∞, -1) ∪ [0, 1]",จงหาเซตคำตอบของสมการ $\dfrac{x^4+x^3-2x}{x^5+1}\le 0$
chap-03-realnumber-q149,chap-03-realnumber,fill,,มี,"(-∞, 0] ∪ (1, 2] ∪ [3, ∞)",กำหนดให้ $A=\left\{\dfrac{a}{b}\in\mathbb{R}\mid \dfrac{a^3-5a^2b+6ab^2}{(a-b)^3}\ge 0\right\}$ แล้ว $A$ เท่าก
chap-03-realnumber-q150,chap-03-realnumber,mc,,มี,2,กำหนดให้ $x-3$ หาร $x^3-4x^2+tx+6$ ลงตัว พิจารณาข้อความต่อไปนี้ ก. $t$ เป็นสมาชิกของเซตคำตอบของอสมการ $\dfrac{
chap-03-realnumber-q151,chap-03-realnumber,fill,,มี,2,กำหนดให้ $A = \{x \in \mathbb{R} \mid \dfrac{2-x^2}{1-x} \le x\}$ และ $B = \{x \in \mathbb{R} \mid \dfrac{x-2}
chap-03-realnumber-q152,chap-03-realnumber,mc,,มี,1,อินเตอร์เซกชันระหว่างเซตคำตอบของอสมการ $\dfrac{8}{x-1} + 3 \le x$ กับเซตในข้อใดได้เซตว่าง
chap-03-realnumber-q153,chap-03-realnumber,mc,,มี,0,เซตคำตอบของอสมการ $\dfrac{1}{x+\sqrt{x}} + \dfrac{1}{x-\sqrt{x}} \le 1$ อินเตอร์เซกกับเซตในข้อใดได้เซตว่าง
chap-03-realnumber-q154,chap-03-realnumber,mc,,มี,2,"ให้ $a, b, c$ เป็นจำนวนจริงใดๆ ข้อใดต่อไปนี้ถูกต้อง"
chap-03-realnumber-q155,chap-03-realnumber,fill,,มี,"$\{-\sqrt{3},\ 1-\sqrt{2}\}$",ให้ $A = \{x \mid x \in \mathbb{R}$ และ $|x^2 - 1| = |x - 1| - |x + 1|\}$ จงเขียนเซต $A$ แบบแจกแจงสมาชิก
chap-03-realnumber-q156,chap-03-realnumber,fill,,มี,"$[-4,-3) \cup (-3,-2]$","ให้ $A = \{x \in \mathbb{R} \mid \left|\dfrac{1}{x+3}\right| \ge 1\}$ $B, C$ เป็นช่วงบน $\mathbb{R}$ ดังนี้ $B"
chap-03-realnumber-q157,chap-03-realnumber,mc,,มี,0,ให้ $A = \{x \mid |x-3| < 5\}$ และ $B = \{x \mid \sqrt{x+7} < |x+1|\}$ ค่าขอบเขตบนน้อยที่สุดของ $A - B$ คือจำน
chap-03-realnumber-q158,chap-03-realnumber,mc,,มี,2,เซตคำตอบของ $\dfrac{x}{|x+3| - 1} < 5$ คือข้อใด
chap-03-realnumber-q159,chap-03-realnumber,fill,,มี,-3,จงหาค่าของ $x$ เมื่อกำหนด $\dfrac{|x+1|}{|x+2|} \ge 2$ และ $|x| \ge 3$
chap-03-realnumber-q160,chap-03-realnumber,fill,,มี,"$(-\infty,-3) \cup (4,\infty)$",จงหาเซตคำตอบของอสมการ $|x+2| + |x-3| > 7$
chap-03-realnumber-q161,chap-03-realnumber,mc,,มี,1,ให้ $A = \{x \in \mathbb{Z} \mid 3|x-1| - 2x > 2|3x+1|\}$ ดังนั้น $A$ มีจำนวนสมาชิกเท่ากับข้อใดต่อไปนี้
chap-03-realnumber-q162,chap-03-realnumber,fill,,มี,"$(-\infty, -4) \cup (0, \infty)$",จงหาเซตคำตอบของอสมการ $\dfrac{|x+1|}{2 - |x+2|} < -1$
chap-03-realnumber-q168,chap-03-realnumber,fill,,มี,24,"กำหนดให้ $A = \{x \in \mathbb{R} \mid |x| \leq 8\}$, $B = \{x \in \mathbb{Z} \mid 3 \nmid x\}$ และ $C = \{x \i"
chap-03-realnumber-q169,chap-03-realnumber,mc,,มี,1,ข้อใดต่อไปนี้ผิด
chap-03-realnumber-q26,chap-03-realnumber,mc,,มี,3,ถ้าเอกภพสัมพัทธ์เป็นจำนวนจริง ข้อความที่ถูกต้องและชัดเจนคือข้อใด
chap-03-realnumber-q28,chap-03-realnumber,mc,,มี,3,เซตในข้อใดต่อไปนี้เป็นเซตคำตอบของสมการ $9x^{3} + 12x^{2} + x - 2 = 0$
chap-03-realnumber-q32,chap-03-realnumber,mc,,มี,2,"ถ้ากำหนดช่วง $(a, b)$ และ $(c, d)$ มีจุดร่วมกันแล้ว ให้พิจารณาว่าข้อใดต่อไปนี้ผิด"
chap-03-realnumber-q36,chap-03-realnumber,mc,,มี,1,เซตคำตอบของสมการ $4x^{2} - 13x + 4 < 1$ เท่ากับข้อใดต่อไปนี้
chap-03-realnumber-q37,chap-03-realnumber,mc,,มี,2,ถ้า $A$ เป็นเซตคำตอบของอสมการ $3x^{2} + 5x + 2 < 0$ และ $B$ เป็นเซตคำตอบของอสมการ $\dfrac{2x + 1}{x - 3} \ge 0
chap-03-realnumber-q38,chap-03-realnumber,mc,,มี,1,ค่า $x$ ที่ได้จากอสมการ $\dfrac{(x + 1)(x - 5)}{(x - 1)} < 0$ สอดคล้องอสมการข้อใดต่อไปนี้
chap-03-realnumber-q39,chap-03-realnumber,mc,,มี,1,กำหนดให้ $S$ เป็นเซตคำตอบของอสมการ $\dfrac{x - 1}{x + 2} > 2$ และ $a$ เป็นค่าขอบเขตบนน้อยสุดของ $S$ แล้ว $a^{2
chap-03-realnumber-q40,chap-03-realnumber,mc,,มี,0,จำนวนคำตอบที่เป็นจำนวนเต็มของอสมการ $-5 \le \dfrac{x^{2} - 6}{x} \le 1$ เท่ากับข้อใดต่อไปนี้
chap-03-realnumber-q43,chap-03-realnumber,mc,,มี,2,ให้ $S$ เป็นเซตของจำนวนจริง $m$ ทั้งหมด ที่ทำให้เส้นตรง $y = mx$ ตัดกับวงกลม $x^{2} + y^{2} - 10x + 16 = 0$ ขอ
chap-03-realnumber-q48,chap-03-realnumber,mc,,มี,4,"กำหนดให้ $x, y$ และ $z$ เป็นจำนวนจริง ข้อต่อไปนี้ข้อใดถูกต้องที่สุด"
chap-03-realnumber-q49,chap-03-realnumber,mc,,มี,0,ถ้า $a$ เป็นจำนวนจริงที่น้อยที่สุดที่ทำให้ $|x^{2} - 4x + 3| \le a$ ทุกค่า $x$ ซึ่ง $|4x - 11| \le 5$ แล้ว $a$
chap-03-realnumber-q50,chap-03-realnumber,mc,,มี,3,เซตใดต่อไปนี้เป็นเซตอนันต์
chap-03-realnumber-q51,chap-03-realnumber,mc,,มี,2,ให้ $\mathbb{R}$ เป็นเซตของจำนวนจริง $A = \{x \in \mathbb{R} \mid 3x^{2} + x - 2 > 0\}$ และ $B = \{x \in \math
chap-03-realnumber-q52,chap-03-realnumber,mc,,มี,0,กำหนดให้ $A = \{x \mid |x - 1| \le 2$ และ $\dfrac{1}{|x + 1|} > \dfrac{1}{2}\}$ และ $B = \{x \mid x^{2} + 2x <
chap-03-realnumber-q53,chap-03-realnumber,mc,,มี,3,กำหนดให้ $A = \{x \mid |x - 4| > 5\}$ และ $B = \{x \mid \sqrt{x + 3} - \sqrt{x} \le 1\}$ ข้อใดต่อไปนี้ถูก
chap-03-realnumber-q54,chap-03-realnumber,mc,,มี,3,กำหนดให้ $A = \{x \mid |x - 2| < 4\}$ และ $B = \{x \mid 15x^{-2} - 8x^{-1} + 1 > 0\}$ แล้ว $A \cap B$ คือเซตใน
chap-03-realnumber-q55,chap-03-realnumber,mc,,มี,2,กำหนดให้ $A$ และ $B$ เป็นเซตคำตอบของอสมการ $\dfrac{3 - x^{2}}{x + 2} \ge 0$ และ $|2 - x^{2}| \le 2$ ตามลำดับ เ
chap-03-realnumber-q56,chap-03-realnumber,mc,,มี,3,กำหนดให้ $A$ เป็นเซตคำตอบของอสมการ $\dfrac{3 - x}{x + 2} \ge 0$ และ $B$ เป็นเซตคำตอบของอสมการ $|\dfrac{1}{2} -
chap-03-realnumber-q57,chap-03-realnumber,mc,,มี,0,กำหนดให้ $A$ เป็นเซตคำตอบของอสมการ $12 + x - x^{2} < 0$ และ $B$ เป็นเซตคำตอบของอสมการ $|3 - |x|| < 1$ เซต $A \
chap-03-realnumber-q58,chap-03-realnumber,mc,,มี,3,กำหนดให้ $A = \{x \in \mathbb{R} \mid \dfrac{|x| - 1}{|x| - 2} \le 0\}$ และ $B = \{x \in \mathbb{R} \mid 1 \le
chap-03-realnumber-q59,chap-03-realnumber,mc,,มี,2,ค่าของ $x$ ทั้งหมดซึ่งสอดคล้องสมการ $\dfrac{3|1 - x|}{x - 1} < -x$ ตรงกับข้อใดต่อไปนี้
chap-03-realnumber-q60,chap-03-realnumber,mc,,มี,2,ให้ $S$ เป็นเซตคำตอบของอสมการ $\dfrac{3x - 2}{|x - 1| - 1} \ge 0$ เซต $\{x \mid x > 0$ และ $x \notin S\}$ เป็น
chap-03-realnumber-q61,chap-03-realnumber,mc,,มี,1,"ให้ $S$ เป็นเซตคำตอบของอสมการ $\dfrac{3x - 2}{|x| - 1} \ge 2$ พิจารณาข้อความต่อไปนี้ ก. $S = (-1, 0] \cup (1, "
chap-03-realnumber-q62,chap-03-realnumber,mc,,มี,1,ให้ $A$ เป็นเซตคำตอบของสมการ $|x - 4| + |x - 3| = 1$ แล้ว $A$ จะเท่ากับเซตในข้อใด
chap-03-realnumber-q63,chap-03-realnumber,mc,,มี,0,เซตคำตอบของ $\dfrac{|3x - 2|}{|x + 1| - 1} > 5$ คือช่วงในข้อใดต่อไปนี้
chap-03-realnumber-q64,chap-03-realnumber,mc,,มี,3,เซตคำตอบของ $\left|\dfrac{x - 1}{x - 2}\right| > 2$ คือเซตหรือช่วงในข้อใดต่อไปนี้
chap-03-realnumber-q65,chap-03-realnumber,mc,,มี,2,เซตคำตอบของ $\left|\dfrac{3 - 2x}{2 + x}\right| < 4$ คือช่วงในข้อใดต่อไปนี้
chap-03-realnumber-q66,chap-03-realnumber,mc,,มี,1,ให้ $R$ คือเซตของจำนวนจริง กำหนดให้ $A = \{x \in R \mid \left|\dfrac{2x - 3}{x + 2}\right| < 4\}$ พิจารณาข้อคว
chap-03-realnumber-q67,chap-03-realnumber,fill,,มี,5.5,กำหนดให้ $A$ เป็นเซตคำตอบของอสมการ $x > |x - 1|$ และ $B$ เป็นเซตคำตอบของอสมการ $\dfrac{x - 5}{(x + 1)(x + 3)} 
chap-03-realnumber-q68,chap-03-realnumber,mc,,มี,1,จำนวนจริง $x$ ที่มากที่สุดที่สอดคล้องอสมการ $\left|\dfrac{2x^{2} - 4}{3}\right| \ge 2x^{2}$ อยู่ในช่วงใดต่อไปน
chap-03-realnumber-q69,chap-03-realnumber,mc,,มี,2,กำหนดให้ $I$ คือเซตของจำนวนเต็ม และ $S = \{x \mid \bigl||x - 1| - 1\bigr| \cdot \bigl||x - 1| + 1\bigr| < 50\}
chap-03-realnumber-q70,chap-03-realnumber,mc,,มี,1,ให้ $A = \left\{x \in \mathbb{R} \mid \dfrac{1}{\sqrt{x^{2} + 4x + 4}} \ge 1\right\}$ และ $B = \{n \mid n$ เป็
chap-03-realnumber-q72,chap-03-realnumber,mc,,มี,1,ให้ $A$ เป็นเซตคำตอบของอสมการ $\dfrac{4}{x - 2} \ge \dfrac{2}{\sqrt{x + 1}}$ ข้อใดต่อไปนี้ถูก
chap-03-realnumber-q73,chap-03-realnumber,mc,,มี,1,เซตคำตอบของอสมการ $\dfrac{1}{\sqrt{x + 2}} < \sqrt{\dfrac{2x + 1}{2}}$ เท่ากับเซตใดต่อไปนี้
chap-03-realnumber-q74,chap-03-realnumber,mc,,มี,0,"ให้ $f(x) = 2x + 2$ และ $g(x) = \sqrt{4 - x^{2}}$ ถ้า $\{x \mid f(x) \le g(x)\}$ เท่ากับช่วงปิด $[a, b]$ แล้ว "
chap-03-realnumber-q90,chap-03-realnumber,mc,,มี,0,"พิจารณาข้อความต่อไปนี้ ก. $3 \mid (a^{4} + 2a^{3} - a^{2} - 2a)$ ทุกจำนวนเต็ม $a$ ข. $\{\, x \in I^{-} \mid 6x"
chap-03-realnumber-q91,chap-03-realnumber,mc,,มี,1,"พิจารณาข้อความต่อไปนี้ ก. ถ้า $a, b$ และ $c$ เป็นจำนวนเต็มซึ่ง $a \mid (2b-c)$ และ $a^{2} \mid (b+c)$ แล้ว $a "
chap-07-trigonometry-q01,chap-07-trigonometry,mc,,มี,0,"จากรูป กำหนดให้รัศมีของวงกลมเท่ากับ $2$ หน่วย และ $OABC$ เป็นสี่เหลี่ยมผืนผ้า (จุด $O$ เป็นจุดศูนย์กลางวงกลม, "
chap-07-trigonometry-q05,chap-07-trigonometry,mc,,มี,3,ถ้า $\sin\theta = 0.55$ และ $0 \le \theta \le \dfrac{\pi}{2}$ จงหาว่าค่าของฟังก์ชันตรีโกณมิติอื่นในข้อใดมีค่าน
chap-07-trigonometry-q06,chap-07-trigonometry,mc,,มี,3,ข้อความต่อไปนี้ข้อใดถูกต้อง
chap-07-trigonometry-q07,chap-07-trigonometry,mc,,มี,2,กำหนดให้ $f(x)=\sqrt{\cos^2 x}+\cos x$ เมื่อ $0\le x\le 2\pi$ ข้อใดต่อไปนี้ถูก
chap-07-trigonometry-q08,chap-07-trigonometry,mc,,มี,2,ถ้า $\pi < \theta < \dfrac{3\pi}{2}$ และ $\tan\theta=\dfrac{12}{5}$ แล้ว ข้อสรุปใดต่อไปนี้เป็นจริง
chap-07-trigonometry-q10,chap-07-trigonometry,mc,,มี,2,ข้อความต่อไปนี้ข้อใดถูกต้อง
chap-07-trigonometry-q100,chap-07-trigonometry,mc,,มี,3,นายดำยืนอยู่บนสนามแห่งหนึ่ง มองเห็นยอดเสาธงเป็นมุมเงย $60^\circ$ แต่เมื่อเขาเดินตรงเข้าไปหาเสาธงอีก $20$ เมตร 
chap-07-trigonometry-q101,chap-07-trigonometry,mc,,มี,1,นายแดงนั่งอยู่บนดาดฟ้าของโรงแรมริมหาดแห่งหนึ่ง สังเกตเห็นเรือสองลำทอดสมออยู่ในทะเลเป็นมุมก้ม $x$ และ $y$ ตามลำ
chap-07-trigonometry-q102,chap-07-trigonometry,mc,,มี,1,สุดายืนอยู่ทางทิศตะวันออกของตึกหลังหนึ่ง มองเห็นยอดตึกเป็นมุมเงย $45^\circ$ จากจุดนี้สุดาเดินไปทางทิศใต้เป็นระ
chap-07-trigonometry-q103,chap-07-trigonometry,mc,,มี,2,"ตามรูป $AC$ เป็นเส้นสัมผัสวงกลมหนึ่งหน่วย สัมผัสวงกลมที่จุด $A(1, 0)$ โดย $O$ เป็นจุดศูนย์กลางวงกลม ลากเส้น $O"
chap-07-trigonometry-q104,chap-07-trigonometry,mc,,มี,3,"เส้นตรง $AC$ สัมผัสกับวงกลมหนึ่งหน่วยที่จุด $A(1, 0)$ ลากเส้น $OC$ ตัดเส้นรอบวงของวงกลมที่จุด $P(x, y)$ ทำให้ค"
chap-07-trigonometry-q105,chap-07-trigonometry,fill,,มี,3,"สามเหลี่ยม $ABC$ มีด้าน $a, b, c$ เป็นด้านตรงข้ามมุม $A, B, C$ ซึ่งมีความยาวเป็น $3, 2.5, 1$ หน่วย ตามลำดับ ค่"
chap-07-trigonometry-q106,chap-07-trigonometry,mc,,มี,0,รูป $n$ เหลี่ยมด้านเท่าที่บรรจุลงในวงกลมรัศมียาว $a$ หน่วย มีพื้นที่เท่าใด
chap-07-trigonometry-q107,chap-07-trigonometry,mc,,มี,3,พื้นที่ภายในวงกลมรัศมียาว $1$ เมตร ถูกแบ่งเป็น $2$ ส่วนด้วยคอร์ดยาว $1$ เมตร พื้นที่ส่วนน้อยของวงกลมเท่ากับข้อ
chap-07-trigonometry-q108,chap-07-trigonometry,fill,,มี,0.75,กำหนดให้รูปสามเหลี่ยม $ABC$ มีด้าน $BC$ ยาว $\sqrt{3}$ หน่วย ด้าน $AC$ ยาว $2$ หน่วย ถ้ามุม $B = \arctan\left(
chap-07-trigonometry-q109,chap-07-trigonometry,mc,,มี,3,ถ้าสามเหลี่ยม $ABC$ มีมุม $BAC = 45^\circ$ มุม $ACB = 60^\circ$ และด้าน $AC$ ยาว $20$ นิ้ว แล้วพื้นที่ของสามเห
chap-07-trigonometry-q11,chap-07-trigonometry,mc,,มี,4,ข้อความต่อไปนี้ ข้อใดเป็นไปไม่ได้
chap-07-trigonometry-q110,chap-07-trigonometry,mc,,มี,2,กำหนดให้สามเหลี่ยม $ABC$ มีด้าน $AB$ ยาว $\sqrt{12}$ หน่วย ด้าน $AC$ ยาว $\sqrt{8}$ หน่วย มุม $B = 45^\circ$ พ
chap-07-trigonometry-q111,chap-07-trigonometry,fill,,มี,2.25,ในรูปสามเหลี่ยม $ABC$ ถ้า $A = 30^\circ$ ด้าน $BC$ ยาว $2$ เซนติเมตร และด้าน $AC$ ยาว $3$ เซนติเมตร แล้ว $4\si
chap-07-trigonometry-q112,chap-07-trigonometry,mc,,มี,0,ในสามเหลี่ยม $ABC$ มีด้าน $b = 2c$ และมุม $B = 3C$ ถ้าให้ด้าน $a$ ที่อยู่ตรงข้ามกับมุม $A$ ยาวหนึ่งหน่วย ให้หา
chap-07-trigonometry-q113,chap-07-trigonometry,mc,,มี,3,กำหนดให้ $ABC$ เป็นรูปสามเหลี่ยม ซึ่งมี $A\hat{C}B = 60^\circ$ ลากเส้นตรงจากจุด $A$ ไปพบด้าน $BC$ ที่จุด $D$ โ
chap-07-trigonometry-q114,chap-07-trigonometry,fill,,มี,25,กำหนด $\triangle ABC$ ให้ในลักษณะดังรูป โดยที่มุม $A\hat{B}C = 30^\circ$ มุมภายนอกสามเหลี่ยม $A\hat{C}E = 75^\
chap-07-trigonometry-q115,chap-07-trigonometry,mc,,มี,0,ให้ $ABC$ เป็นสามเหลี่ยมดังรูป ค่า $\sin^2\dfrac{B}{2}$ เท่ากับข้อใดต่อไปนี้ (รูปประกอบ: สามเหลี่ยมมีด้าน $CA 
chap-07-trigonometry-q116,chap-07-trigonometry,mc,,มี,1,"ถ้าด้านของสามเหลี่ยมรูปหนึ่งยาว $x$, $y$, $\sqrt{x^2 + xy + y^2}$ ตามลำดับ ดังนั้นสามเหลี่ยมรูปนี้มีลักษณะตามข"
chap-07-trigonometry-q119,chap-07-trigonometry,mc,,มี,3,ความยาวของคอร์ดในวงกลมหนึ่งหน่วยที่ปิดมุม $\theta$ เรเดียน เมื่อ $\theta > 0$ มีค่าเท่ากับข้อใดต่อไปนี้
chap-07-trigonometry-q12,chap-07-trigonometry,mc,,มี,1,ข้อใดต่อไปนี้ถูก
chap-07-trigonometry-q120,chap-07-trigonometry,mc,,มี,0,กำหนดให้วงกลมหนึ่งหน่วยมีจุดศูนย์กลางอยู่ที่จุดกำเนิด ถ้า $\theta$ เป็นความยาวของส่วนโค้ง $PQ$ ดังรูป แล้วความ
chap-07-trigonometry-q121,chap-07-trigonometry,mc,,มี,0,$A$ และ $B$ เป็นจุดสองจุดที่อยู่ตรงข้ามขอบบึงแห่งหนึ่ง ถ้า $CA$ และ $CB$ ยาว $2$ และ $1$ ไมล์ ตามลำดับ และวัดม
chap-07-trigonometry-q122,chap-07-trigonometry,mc,,มี,2,สามเหลี่ยมรูปหนึ่งมีพื้นที่เท่ากับ $450\sqrt{3}$ ตารางนิ้ว มีมุมมุมหนึ่งเท่ากับ $60$ องศา และด้านตรงข้ามกับมุม
chap-07-trigonometry-q123,chap-07-trigonometry,mc,,มี,0,"$ABCD$ เป็นที่ดินรูปสี่เหลี่ยม มีด้าน $AD = DC$, มุม $ADC$ เป็นมุมฉาก, มุม $ABC = 30^\circ$, ด้าน $AB = 40$ วา"
chap-07-trigonometry-q125,chap-07-trigonometry,mc,,มี,1,ในการตัดแผ่นเหล็กรูปสี่เหลี่ยม $ABCD$ ด้วยเครื่องตัดพลาสมาจากเหล็กแผ่นรูปวงกลม เส้นผ่านศูนย์กลาง $8$ เมตร โดยร
chap-07-trigonometry-q126,chap-07-trigonometry,mc,,มี,1,สามเหลี่ยม $ABC$ มีพื้นที่ $2$ ตารางหน่วย $AB$ มีความยาวเท่ากับ $1$ หน่วย ถ้า $BE$ มีความยาวเท่ากับ $0.8$ หน่ว
chap-07-trigonometry-q128,chap-07-trigonometry,mc,,มี,1,รูปเหลี่ยมด้านเท่าต้องมีความยาวแต่ละด้านไม่มากกว่าเท่าใด เพื่อที่วงกลมรัศมี $r$ สามารถสัมผัสกับทุกด้านได้
chap-07-trigonometry-q129,chap-07-trigonometry,mc,,มี,1,จำนวนในข้อใดต่อไปนี้มีค่ามากที่สุด
chap-07-trigonometry-q13,chap-07-trigonometry,mc,,มี,1,วงกลมวงหนึ่งมีรัศมี 2 หน่วย และมีจุดศูนย์กลางอยู่ที่จุดกำเนิด วัดระยะทางไปตามส่วนโค้งในทิศทางทวนเข็มนาฬิกา จาก
chap-07-trigonometry-q130,chap-07-trigonometry,fill,,มี,"a = -0.3, b ≈ 0.95","ถ้าจุดปลายส่วนโค้งของวงกลมหนึ่งหน่วยที่วัดจากจุด $(1, 0)$ ไปยาว $1.87$ หน่วย คือจุด $(a, b)$ และ $\cos 1.87 \a"
chap-07-trigonometry-q131,chap-07-trigonometry,fill,,มี,"$(-\sqrt{3}, -1)$","แมลงตัวหนึ่งซึ่งมีขนาดเล็กมาก อยู่ที่จุด $(2, 0)$ ในระนาบ แล้วไต่ไปตามเส้นรอบวงของวงกลมที่มีรัศมี $2$ หน่วย แล"
chap-07-trigonometry-q133,chap-07-trigonometry,fill,,มี,$\sqrt{7} + \dfrac{10}{3}$,"ให้ $f(x) = \begin{cases} x & , 0 \le x < 1 \\ 2x - 1 & , 1 \le x < 2 \\ x^2 + 1 & , 2 \le x < 3 \\ \sin\left["
chap-07-trigonometry-q134,chap-07-trigonometry,mc,,มี,2,"ให้ $f: \left[\dfrac{\pi}{6}, \dfrac{\pi}{2}\right] \to \mathbb{R}$ และ $f(x) = 1 + \sin(3x)$ จงพิจารณาข้อความ"
chap-07-trigonometry-q135,chap-07-trigonometry,mc,,มี,1,"กำหนดให้ $f(x) = \dfrac{\sin^2 x}{\cos^2 x + 3\cos x + 2}$ , $x \in \left[-\dfrac{\pi}{2}, \dfrac{2\pi}{3}\rig"
chap-07-trigonometry-q14,chap-07-trigonometry,mc,,มี,0,วงกลมวงหนึ่งมีรัศมียาว 4 หน่วย และมีจุดศูนย์กลางอยู่ที่จุดกำเนิด ให้ $\theta$ เป็นระยะทางที่วัดไปตามส่วนโค้งขอ
chap-07-trigonometry-q145,chap-07-trigonometry,mc,,มี,2,"กำหนดให้ $A = \{ x \mid x \in [0, \dfrac{3\pi}{2}]$ และ $\sin^6 x + \cos^6 x = \dfrac{1}{4} \}$ ผลบวกของสมาชิก"
chap-07-trigonometry-q147,chap-07-trigonometry,mc,,มี,3,ถ้า $0 < x < 2\pi$ แล้วผลบวกของรากของสมการ $4\sin^2 x + (1 - \sqrt{3})\sin x\cos x + (3 - \sqrt{3})\cos^2 x = 
chap-07-trigonometry-q148,chap-07-trigonometry,mc,,มี,2,"ถ้า $A = \{ x \mid x \in [0, 2\pi]$ และ $\sqrt{3}\cos^2 x - \sin^2 x + (\sqrt{3} - 1)\sin x\cos x - \sin x - \"
chap-07-trigonometry-q149,chap-07-trigonometry,mc,,มี,3,"กำหนดให้ $A = \{ x \mid \sin x - \cos x < 0 \}$ และ $B = [0, 2\pi]$ จงหาว่า $B \cap A'$ เป็นเซตในข้อใด"
chap-07-trigonometry-q151,chap-07-trigonometry,mc,,มี,1,"เซตคำตอบของอสมการ $\dfrac{\sin^2 x - \dfrac{1}{4}}{\sqrt{3} - (\sin x + \cos x)} > 0$ เมื่อ $x \in [0, 2\pi]$ "
chap-07-trigonometry-q152,chap-07-trigonometry,mc,,มี,2,กำหนด $y = 2\cos\left(2x - \dfrac{\pi}{2}\right)$ เมื่อ $0 \le x < 2\pi$ ค่าของ $x$ ที่ทำให้ $y$ มีค่าต่ำสุดคื
chap-07-trigonometry-q153,chap-07-trigonometry,mc,,มี,0,"แรงดันไฟฟ้า $e = 100\sin\theta$ โวลต์, กระแสไฟฟ้า $i = 10\sin(\theta - 60^\circ)$ แอมแปร์ กำลังไฟฟ้า $P$ เท่าก"
chap-07-trigonometry-q154,chap-07-trigonometry,mc,,มี,1,"ถ้า $f_1(x) = 3x - \pi$ , $f_2(x) = \sin x$ , $f_3(x) = \dfrac{1}{2}x$ และ $f_3 \circ (f_2 \circ f_1)$ มีคาบเท"
chap-07-trigonometry-q157,chap-07-trigonometry,fill,,มี,"$c = 2\sqrt{2},\ \alpha = \dfrac{5\pi}{4}$",จงหาค่า $c$ และ $\alpha$ โดยที่ $c > 0$ ที่ทำให้ $c\sin(x + \alpha) = -2\sin x - 2\cos x$
chap-07-trigonometry-q158,chap-07-trigonometry,fill,,มี,$\dfrac{3\sqrt{7} - 1}{8}$,"ถ้าส่วนของเส้นตรงที่มีจุดปลายคือ $(0, 0)$ และ $(3, \sqrt{7})$ ทำมุม $\theta$ กับแกน $x$ ทางบวก แล้ว $\sin 2\th"
chap-07-trigonometry-q161,chap-07-trigonometry,fill,,มี,"$\tan\dfrac{\theta}{2} = \dfrac{1}{2},\ \sin\dfrac{\theta}{2} = \dfrac{1}{\sqrt{5}}$ หรือ $\tan\dfrac{\theta}{2} = -2,\ \sin\dfrac{\theta}{2} = \dfrac{2}{\sqrt{5}}$",ถ้า $\tan\theta = \dfrac{4}{3}$ และ $0^\circ < \theta < 360^\circ$ จงหาค่าที่เป็นไปได้ของ $\tan\dfrac{\theta}{
chap-07-trigonometry-q166,chap-07-trigonometry,mc,,มี,1,ถ้า $0 < \theta < \dfrac{\pi}{4}$ และ $\tan^2\theta - 4\tan\theta + 1 = 0$ แล้ว $\sin 2\theta$ จะมีค่าเท่ากับข
chap-07-trigonometry-q167,chap-07-trigonometry,mc,,มี,0,ถ้า $\sin x + \cos x = -\dfrac{1}{5}$ และ $\dfrac{3\pi}{4} \le x \le \pi$ แล้ว $\cos 2x$ เท่ากับเท่าใด
chap-07-trigonometry-q168,chap-07-trigonometry,mc,,มี,2,จงหาตำแหน่งของจำนวนจริง $\theta$ บนวงกลมหนึ่งหน่วย ซึ่ง $\sin^4\theta - \cos^4\theta = 1$
chap-07-trigonometry-q169,chap-07-trigonometry,fill,,มี,7,ให้ $A$ เป็นผลบวกของคำตอบของสมการ $\sin^2 6x + 8\sin^2 3x = 0$ เมื่อ $0 \le x \le 2\pi$ จงหาค่าของ $\dfrac{A}{
chap-07-trigonometry-q17,chap-07-trigonometry,mc,,มี,1,ถ้า $y = \sin\theta$ แล้ว ข้อใดถูกต้องที่สุด
chap-07-trigonometry-q170,chap-07-trigonometry,mc,,มี,2,"กำหนดให้ $A = \{\, x \in [0, 2\pi] \mid \sin 2x + \sec^2 x = \sin x + 2\cos x + \tan^2 x \,\}$ ผลบวกของสมาชิกท"
chap-07-trigonometry-q176,chap-07-trigonometry,mc,,มี,0,ถ้า $-\dfrac{\pi}{2} \le x \le \dfrac{\pi}{2}$ และ $A + B + C = \pi$ แล้ว เซตคำตอบของสมการ $\cos 2x - 3\sin x 
chap-07-trigonometry-q179,chap-07-trigonometry,fill,,มี,"$(x, y) = (0, 0),\ \left(\dfrac{\pi}{2}, \dfrac{\pi}{2}\right),\ (\pi, \pi),\ (0, \pi),\ (\pi, 0)$",จงหาคำตอบทั้งหมดของระบบสมการ $\sin(x + y) = 0$ และ $\sin(x - y) = 0$ เมื่อ $x$ และ $y$ สอดคล้องเงื่อนไข $0 \le
chap-07-trigonometry-q18,chap-07-trigonometry,mc,,มี,2,"จากรูป กราฟเป็นโค้งครึ่งคลื่นเหนือแกน $x$ สูงสุด $1$ บนช่วง $\left[-\dfrac{\pi}{4},\dfrac{\pi}{4}\right],\ \le"
chap-07-trigonometry-q184,chap-07-trigonometry,mc,,มี,0,กำหนดให้ $\theta = \arctan\left(\dfrac{3}{4}\right)$ จงหาค่าของ $\cos 2\theta$
chap-07-trigonometry-q185,chap-07-trigonometry,mc,,มี,3,$\tan^{-1} 2 + \tan^{-1} 3$ มีค่าตรงกับข้อใดต่อไปนี้
chap-07-trigonometry-q187,chap-07-trigonometry,mc,,มี,0,ค่าของ $\cos\left[\tan^{-1}\left(\sin\left(\cot^{-1}\sqrt{7}\right)\right)\right]$ เท่ากับข้อใดต่อไปนี้
chap-07-trigonometry-q188,chap-07-trigonometry,mc,,มี,0,$\cos\left[2\arctan\left(-\dfrac{1}{13}\right)\right] + \sin\left[\arctan\left(-\dfrac{1}{13}\right)\right]$ ม
chap-07-trigonometry-q189,chap-07-trigonometry,fill,,มี,0.7,จงหาค่าของ $\sin\left(2\arctan\dfrac{1}{3}\right) + \cos^2(\arctan 3)$
chap-07-trigonometry-q19,chap-07-trigonometry,mc,,มี,0,"กำหนดให้ $y_1 = |x|$ และ $y_2 = \cos x$ ถ้ากราฟของ $y_1$ และ $y_2$ ตัดกันที่จุด $(x, y)$ แล้ว ค่าของ $x$ ที่เป"
chap-07-trigonometry-q190,chap-07-trigonometry,fill,,มี,0.28,จงหาค่าของ $\sin\left[\arctan\left(-\dfrac{3}{4}\right) + \arccos\left(\dfrac{3}{5}\right)\right]$
chap-07-trigonometry-q191,chap-07-trigonometry,mc,,มี,0,ค่าของ $\sin\left(2\arctan\dfrac{1}{5} - \arctan\dfrac{5}{12}\right)$ ตรงกับข้อใดต่อไปนี้
chap-07-trigonometry-q192,chap-07-trigonometry,mc,,มี,0,ค่าของ $\sin\left(\dfrac{1}{2}\arccos\dfrac{3}{5} - 2\arctan\left(-\dfrac{1}{2}\right)\right)$ เท่ากับข้อใดต่อ
chap-07-trigonometry-q193,chap-07-trigonometry,mc,,มี,3,จงพิจารณาข้อความต่อไปนี้ ก. $\sin\dfrac{\pi}{12} - \cos\dfrac{7\pi}{12} = \dfrac{\sqrt{6}}{2}$ ข. $\sin^{-1}\d
chap-07-trigonometry-q199,chap-07-trigonometry,mc,,มี,1,เมือง $A$ และ $B$ อยู่ห่างกัน $20$ กม. ดำออกเดินทางจากเมือง $A$ ในแนวทิศตะวันออกเฉียงเหนือ แดงออกเดินทางจากเมื
chap-07-trigonometry-q20,chap-07-trigonometry,mc,,มี,2,ข้อใดเป็นค่าทั่วไปของ $x$ ที่ทำให้สมการ $\sin x + \cos x = 0$ เป็นจริง
chap-07-trigonometry-q200,chap-07-trigonometry,mc,,มี,0,ต้องการเดินท่อจากตำแหน่ง $B$ ไปยัง $O$ ในแนวเส้นทแยงมุม $OB$ ของรูปปริซึม ท่อจะมีความยาวเท่าไร กำหนดให้ $AB$ ท
chap-07-trigonometry-q201,chap-07-trigonometry,fill,,มี,$100\sqrt{6 + 4\sqrt{3}}$ เมตร,พีระมิดมีฐานเป็นรูปสี่เหลี่ยมจัตุรัสยาวด้านละ $200$ เมตร ด้านข้างแต่ละด้านเป็นสามเหลี่ยมหน้าจั่ว โดยมุมที่ฐานส
chap-07-trigonometry-q202,chap-07-trigonometry,mc,,มี,1,จากการสังเกต ณ จุด $A$ มุมระหว่างแนวราบและแนวที่มองไปยังยอดตึกแห่งหนึ่งเป็น $30$ องศา เมื่อเดินจากจุด $A$ มุ่ง
chap-07-trigonometry-q203,chap-07-trigonometry,fill,,มี,$90$ ฟุต,จากฐานตึก มุมเงยของเสาไฟฟ้าต้นหนึ่งเป็น $60^\circ$ และจากยอดตึกนั้นซึ่งสูง $60$ ฟุต มุมเงยของเสาไฟฟ้าต้นนั้นเป
chap-07-trigonometry-q204,chap-07-trigonometry,mc,,มี,1,เครื่องบินเคลื่อนที่เป็นเส้นตรงในแนวระดับ ผ่านเหนือเจดีย์ด้วยความเร็วคงที่ $450$ กิโลเมตร/ชั่วโมง เมื่อถึงตำแห
chap-07-trigonometry-q205,chap-07-trigonometry,mc,,มี,2,เรือลำหนึ่งวิ่งเข้าหาฝั่งที่อยู่ใต้หน้าผาสูง $h$ ฟุต ด้วยความเร็วสม่ำเสมอ ชายคนหนึ่งนอนอยู่บนหน้าผา เมื่อเวลา 
chap-07-trigonometry-q206,chap-07-trigonometry,mc,,มี,2,สุดายืนอยู่ทางทิศใต้ของเสาธง มองดูยอดเสาธงเป็นมุมเงย $60$ องศา เมื่อสุดาเดินตรงไปทางทิศตะวันตกเป็นระยะทาง $10$
chap-07-trigonometry-q207,chap-07-trigonometry,mc,,มี,1,ช่างสำรวจได้ทำการจดข้อมูลการวัดดังนี้คือ $AB$ ยาว $60$ เมตร โดยแนว $AB$ ขนานกับริมฝั่งแม่น้ำ มีระยะห่าง $5$ เม
chap-07-trigonometry-q208,chap-07-trigonometry,mc,,มี,1,แนวถนนตรงสองสายตัดกันเป็นมุม $60^\circ$ ที่จุด ค หากต้องการสร้างถนนใหม่เป็นแนวโค้งเชื่อมต่อแนวถนนเดิม โดยใส่ส่
chap-07-trigonometry-q209,chap-07-trigonometry,mc,,มี,1,แนวถนนตรงสองสายที่จะสร้างใหม่ตัดกันที่จุด $A$ วิศวกรต้องการสร้างทางโค้งแบบวงกลม รัศมี $R = 200\sqrt{3}$ เมตร เ
chap-07-trigonometry-q210,chap-07-trigonometry,mc,,มี,3,นาย ก ยืนอยู่บนดาดฟ้าของตึก $A$ ซึ่งสูง $10$ เมตร ต้องการส่งสัญญาณให้นาย ข โดยใช้กระจกสะท้อนแสงอาทิตย์ โดยนาย 
chap-07-trigonometry-q211,chap-07-trigonometry,mc,,มี,3,กำหนดวงกลมรัศมีเท่ากับ $1$ cm สองวงตัดกันดังรูป จงหาพื้นที่แรเงา (รูปประกอบ: วงกลมสองวงรัศมี $1$ ตัดกัน โดยรัศ
chap-07-trigonometry-q212,chap-07-trigonometry,mc,,มี,2,จงคำนวณหาพื้นที่แรเงาของรูปต่อไปนี้ โดยวงกลมมีรัศมีเท่ากับ $1$ และสามเหลี่ยมมุมฉากมีความยาวทั้งสองด้านเท่ากันค
chap-07-trigonometry-q213,chap-07-trigonometry,mc,,มี,1,วงกลมรัศมี $r$ เมตร สองวง แต่ละวงมีจุดศูนย์กลางตั้งอยู่บนเส้นรอบวงของอีกวงหนึ่ง พื้นที่ร่วมกันระหว่างวงกลมทั้ง
chap-07-trigonometry-q214,chap-07-trigonometry,fill,,มี,$\dfrac{3\sqrt{3}}{2}r^2$ ตารางหน่วย,จงหาพื้นที่รูปหกเหลี่ยมด้านเท่าที่แนบในวงกลมรัศมี $r$
chap-07-trigonometry-q215,chap-07-trigonometry,fill,,มี,$108$ ตารางหน่วย,รูป $12$ เหลี่ยมด้านเท่าที่แนบในวงกลมรัศมียาว $6$ หน่วย มีพื้นที่กี่ตารางหน่วย
chap-07-trigonometry-q216,chap-07-trigonometry,mc,,มี,1,รูปหกเหลี่ยมด้านเท่าบรรจุอยู่ในวงกลมที่มีรัศมีเท่ากับ $7$ cm พื้นที่แรเงาจะเท่ากับเท่าไร (รูปประกอบ: หกเหลี่ยม
chap-07-trigonometry-q217,chap-07-trigonometry,fill,,มี,$\dfrac{5\pi}{3} - 1 \approx 4.23$ ตารางหน่วย,จากรูปที่กำหนดให้ จงหาพื้นที่ส่วนที่แรเงา (รูปประกอบ: วงกลมรัศมี $2$ มีรัศมีสองเส้นลากจากจุดศูนย์กลาง โดยมุมสะ
chap-07-trigonometry-q218,chap-07-trigonometry,mc,,มี,3,มีลวดหนามยาว $L$ ต้องการนำไปล้อมรั้วเพื่อจับจองที่ดิน ถามว่าจะต้องล้อมให้เป็นรูปอย่างไรจึงจะได้พื้นที่มากที่สุ
chap-07-trigonometry-q219,chap-07-trigonometry,mc,,มี,2,ในการหาความกว้างของลำน้ำ เนื่องจากไม่สามารถวัดระยะโดยตรงได้ จึงทำการวัดระยะ $AC$ ได้ $50$ เมตร มุม $C\hat{A}B$
chap-07-trigonometry-q22,chap-07-trigonometry,mc,,มี,2,"เมื่อ $0 \le x \le 2\pi$ ค่าของ $x$ ทั้งสองค่าที่ทำให้สมการ $2\sin x - 5 + 2\,\csc\,x = 0$ เป็นจริง คือรากของส"
chap-07-trigonometry-q220,chap-07-trigonometry,fill,,มี,$\dfrac{1}{3}$,"กำหนดให้ $ABC$ เป็นรูปสามเหลี่ยมที่มี $A\hat{C}B = \dfrac{\pi}{8}$, $BC = 5$ และ $D$ เป็นจุดบนด้าน $AC$, $E$ เ"
chap-07-trigonometry-q221,chap-07-trigonometry,mc,,มี,1,"กำหนดให้ $ABC$ เป็นสามเหลี่ยม โดยที่มุม $B = \dfrac{\pi}{2} + A$ และ $BC = x$, $AC = y$ ซึ่งสอดคล้องเงื่อนไข $"
chap-07-trigonometry-q222,chap-07-trigonometry,mc,,มี,0,นาย ก และนาย ข ออกเดินทางจากจุดเริ่มต้นเดียวกัน นาย ก เดินด้วยความเร็ว $2$ กิโลเมตรต่อชั่วโมง มุ่งหน้าไปทางทิศ
chap-07-trigonometry-q223,chap-07-trigonometry,mc,,มี,1,ถ้าวงรีวงหนึ่งมี $BC$ เป็นแกนเอก และมีแกนโทยาว $2$ หน่วย แล้วระยะห่างระหว่างจุด $B$ ในรูป กับจุดโฟกัสจุดที่ใกล
chap-07-trigonometry-q224,chap-07-trigonometry,fill,,มี,$20\sqrt{13 + 6\sqrt{2}} \approx 92.70$ เมตร,เสาส่งสัญญาณวิทยุสูง $40$ เมตร ตั้งบนเนินเขา ($OA$ ดังรูป) ช่างเทคนิคได้วัดระยะทางจากจุด $A$ ไปยัง $C$ ได้ $60
chap-07-trigonometry-q225,chap-07-trigonometry,fill,,มี,$76$,รูปสามเหลี่ยม $ABC$ มีมุม $B = \arccos\left(-\dfrac{1}{2}\right)$ และ $AD$ เป็นเส้นตั้งฉากจากจุด $A$ ต่อกับส่ว
chap-07-trigonometry-q226,chap-07-trigonometry,mc,,มี,3,"ในรูปสามเหลี่ยม $ABC$ ถ้า $A = 60^\circ$, $b = 3$ และ $c = 2$ แล้ว $\sin^2 C$ มีค่าเท่ากับข้อใดต่อไปนี้"
chap-07-trigonometry-q227,chap-07-trigonometry,fill,,มี,"พื้นที่ $= 3 + \sqrt{3}$ ตารางหน่วย, $BD = \sqrt{6}$, $AC = \sqrt{10 + 4\sqrt{3}}$",$ABCD$ เป็นสี่เหลี่ยมด้านขนานที่มีมุม $A$ เท่ากับ $60^\circ$ และด้านประกอบมุม $A$ ยาว $2$ และ $\sqrt{3} + 1$ ห
chap-07-trigonometry-q228,chap-07-trigonometry,mc,,มี,2,ในสามเหลี่ยม $ABC$ ถ้า $(a - b + c)(a + b + c) = ac$ แล้ว ขนาดของมุม $B$ ตรงกับค่าในข้อใด
chap-07-trigonometry-q229,chap-07-trigonometry,fill,,มี,$24$,"รูปสามเหลี่ยม $ABC$ มีความยาวด้านตรงข้ามมุม $A$, $B$ และ $C$ เป็น $a$ หน่วย $b$ หน่วย และ $c$ หน่วย ตามลำดับ ถ"
chap-07-trigonometry-q23,chap-07-trigonometry,mc,,มี,,"จำนวนจริง $x$ ทั้งหมดในช่วง $[0, 2\pi]$ ซึ่งสอดคล้องกับสมการ $2\sin^2 x + 1 = -\sin x + 2\sqrt{2\sin^2 x + \si"
chap-07-trigonometry-q230,chap-07-trigonometry,mc,,มี,2,กำหนดให้ $ABC$ เป็นสามเหลี่ยมรูปหนึ่งที่มีสมบัติว่า $6\sin A = 4\sin B = 3\sin C$ แล้ว $\cos C$ มีค่าตรงกับข้อ
chap-07-trigonometry-q24,chap-07-trigonometry,mc,,มี,1,{ $\cos A$ | $0 \le A \le \dfrac{4\pi}{3}$ และ $5 - 3\sin 3A$ มีค่ามากที่สุด } เป็นสับเซตของเซตในข้อใดต่อไปนี้
chap-07-trigonometry-q26,chap-07-trigonometry,mc,,มี,2,"เซตคำตอบของอสมการ $2\sin^4 x + 3\sin^2 x - 2 \ge 0$ , $0 \le x \le 2\pi$ เป็นสับเซตของเซตในข้อใดต่อไปนี้"
chap-07-trigonometry-q27,chap-07-trigonometry,mc,,มี,3,กำหนดให้ $0 \le \theta \le 2\pi$ เซตคำตอบของอสมการ $\dfrac{\cos^2\theta - \cos\theta}{\sin\theta - \dfrac{1}{2
chap-07-trigonometry-q29,chap-07-trigonometry,mc,,มี,3,"ให้ $S = \left(-\dfrac{\pi}{2}, \dfrac{\pi}{2}\right)$ และ $F(x) = \sin^2 x + \sin^4 x + \sin^6 x + \ldots$ โด"
chap-07-trigonometry-q30,chap-07-trigonometry,mc,,มี,1,"จากรูป $P(1, 0)$ , $P_3(x_3, y_3)$ , $P_1(x_1, y_1)$ , $P_2(x_2, y_2)$ เป็น 4 จุดบนวงกลมหนึ่งหน่วย มีส่วนโค้ง "
chap-07-trigonometry-q32,chap-07-trigonometry,mc,,มี,2,"ให้ $\theta_1 > 0$ , $\theta_2 > 0$ และ $\theta_1 + \theta_2 \le \dfrac{\pi}{2}$ ถ้า $\sin\theta_1 = \dfrac{3}"
chap-07-trigonometry-q39,chap-07-trigonometry,mc,,มี,1,ถ้า $\tan A = \dfrac{1}{7}$ และ $\sin B = \dfrac{1}{\sqrt{10}}$ เมื่อ $A$ และ $B$ เป็นมุมแหลม แล้ว $\tan(A + 2
chap-07-trigonometry-q41,chap-07-trigonometry,mc,,มี,0,"ให้ $O$ เป็นจุดกำเนิด, $A$ เป็นจุดบนแกน $x$ และ $B$ เป็นจุดในระนาบซึ่งทำให้เส้นตรง $OB$ มีความชันเท่ากับ $2$ แ"
chap-07-trigonometry-q42,chap-07-trigonometry,mc,,มี,0,ถ้า $\tan\dfrac{A}{2} = t$ ดังนั้น $\sin A + \tan A$ จะมีค่าเท่ากับเท่าใด
chap-07-trigonometry-q49,chap-07-trigonometry,mc,,มี,1,กำหนดให้ $A = \{x \mid \sin 4x + \sin 2x = 0$ โดยที่ $0 \le x < 2\pi\}$ ผลบวกของสมาชิกทั้งหมดในเซต $A$ มีค่าเท
chap-07-trigonometry-q50,chap-07-trigonometry,fill,,มี,9,สำหรับจำนวนจริง $x$ ใด ๆ ให้ $A_x$ เป็นเมทริกซ์ กำหนดโดย $A_x = \begin{bmatrix} 2\sin x & 2\sin^2 x \\ \sqrt{2
chap-07-trigonometry-q51,chap-07-trigonometry,mc,,มี,2,ถ้า $0 \le \theta \le 360^{\circ}$ แล้ว เซตคำตอบของสมการ $\sin 5\theta\cos 3\theta - \cos 5\theta\sin 3\theta 
chap-07-trigonometry-q54,chap-07-trigonometry,mc,,มี,3,เซตคำตอบของมุมทั่วไปของสมการ $\dfrac{\cos\theta - \sin\theta}{\cos 2\theta} = 1$ เมื่อ $n$ เป็นจำนวนเต็ม คือข้
chap-07-trigonometry-q56,chap-07-trigonometry,mc,,มี,3,"ถ้า $3\cos 2\alpha - 2\cos 2\beta = -3$ และ $\sin\alpha - 2\sin\beta = 0$ โดยที่ $\alpha, \beta \in \left[0, \"
chap-07-trigonometry-q62,chap-07-trigonometry,mc,,มี,2,"กำหนดให้ $x \in [0, 4\pi]$ เซตคำตอบของสมการ $\cos x = \sqrt{3}\,(1 - \sin x)$ คือข้อใดต่อไปนี้"
chap-07-trigonometry-q63,chap-07-trigonometry,mc,,มี,0,กำหนด $0 \le x \le 2\pi$ จงหาช่วงของ $x$ ที่ทำให้อสมการ $\sin x + \cos x \ge -1$ เป็นจริง
chap-07-trigonometry-q64,chap-07-trigonometry,mc,,มี,0,"ถ้า $A = \{(x, y) \mid 0 < x \le \pi,\ 0 < y \le \pi,\ \cos(x + y) \ge 0,\ \sin(x + y) \le 0\}$ แล้ว $A$ คือเซ"
chap-07-trigonometry-q65,chap-07-trigonometry,mc,,มี,1,เซตคำตอบของอสมการ $\sqrt{3}\cos x + \sin x > 0$ เมื่อ $-\pi \le x \le \pi$ คือข้อใดต่อไปนี้
chap-07-trigonometry-q66,chap-07-trigonometry,mc,,มี,3,ถ้า $0 < x < \dfrac{\pi}{4}$ แล้ว เซตคำตอบของ $\log_{0.5}(\sin x) + \log_{0.5}(\sin 2x) < \log_{0.5}(\cos x) +
chap-07-trigonometry-q67,chap-07-trigonometry,mc,,มี,2,ถ้า $A$ เป็นเซตคำตอบของสมการ $\sin 2x > 2\cos x$ และ $B$ เป็นเซตคำตอบของสมการ $\cos^4 x - \sin^4 x = 1$ โดยที่
chap-07-trigonometry-q70,chap-07-trigonometry,mc,,มี,1,นาย ก เดินทางไปทางทิศตะวันตกเฉียงเหนือ $a$ หน่วย แล้วเดินต่อไปทางทิศตะวันตก $b$ หน่วย ต่อจากนั้นจึงเดินต่อไปทา
chap-07-trigonometry-q71,chap-07-trigonometry,mc,,มี,3,"จากรูป ท่อนไม้สามท่อนยาว $a, b$ และ $c$ หน่วย วางเรียงต่อกัน ทำมุม $A, B$ และ $C$ กับแนวดิ่งตามลำดับ จะมีระยะ "
chap-07-trigonometry-q72,chap-07-trigonometry,mc,,มี,2,ข้อความใดต่อไปนี้เป็นจริง
chap-07-trigonometry-q75,chap-07-trigonometry,mc,,มี,0,กำหนดให้เอกภพสัมพัทธ์เป็นเซตของจำนวนจริง ถ้า $A = \{\arcsin x \mid -1 \le x \le 1\}$ $B = \{\arccos x \mid -1 
chap-07-trigonometry-q77,chap-07-trigonometry,mc,,มี,1,ถ้า $\theta = \sin\left(\arctan\dfrac{120}{119}\right)$ แล้ว $\theta$ มีค่าเท่ากับเท่าใด
chap-07-trigonometry-q78,chap-07-trigonometry,mc,,มี,3,ค่าของ $\tan\left(2\arcsin\left(-\dfrac{1}{\sqrt{5}}\right)\right)$ เท่ากับข้อใดต่อไปนี้
chap-07-trigonometry-q80,chap-07-trigonometry,fill,,มี,8.8,ค่า $\sin\left(2\arctan\dfrac{1}{2}\right) + \cot^2\left(\arcsin\dfrac{1}{3}\right)$ เท่ากับเท่าใด
chap-07-trigonometry-q81,chap-07-trigonometry,fill,,มี,1.28,$1 + \cos\left(\dfrac{\pi}{2} + \left(\arccos\dfrac{4}{5} - \arctan\dfrac{4}{3}\right)\right)$ เท่ากับเท่าใด
chap-07-trigonometry-q84,chap-07-trigonometry,mc,,มี,2,ค่าของ $\sin\left(\dfrac{\arctan\frac{3}{4}}{2}\right) + \cos\left(2\arcsin\dfrac{3}{5}\right)$ เท่ากับข้อใดต่
chap-07-trigonometry-q85,chap-07-trigonometry,mc,,มี,3,ถ้า $f(x) = \sin x$ และ $g(x) = \arcsin 2x + 2\arcsin x$ แล้วค่าของ $(f \circ g)\left(\dfrac{1}{3}\right)$ คือ
chap-07-trigonometry-q87,chap-07-trigonometry,mc,,มี,3,ถ้า $\tan(\arccos x) = -\sqrt{3}$ แล้ว ค่าของ $x\sin(2\arccos x)$ เท่ากับข้อใดต่อไปนี้
chap-07-trigonometry-q88,chap-07-trigonometry,mc,,มี,0,ถ้า $\arctan x = \arctan\dfrac{1}{4} - 2\arctan\dfrac{1}{2}$ แล้ว $\sin(180^\circ + \arctan x)$ มีค่าเท่ากับข้
chap-07-trigonometry-q89,chap-07-trigonometry,mc,,มี,2,กำหนดให้ $\arccos\dfrac{4}{5} + \arcsin\dfrac{12}{13} + X = \dfrac{\pi}{2}$ แล้ว $\tan X$ มีค่าเท่ากับข้อใดต่อ
chap-07-trigonometry-q92,chap-07-trigonometry,fill,,มี,0.6,"ถ้า $a$ และ $b$ เป็นคำตอบของสมการ $\sin(2\arcsin x) = x$ โดยที่ $a \ne 0, b \ne 0$ และ $a \ne b$ แล้ว $\left|\"
gen-chap-01-set-q066,gen-chap-01-set,fill,,มี,44,"สำรวจ $80$ คนเรื่อง $3$ กิจกรรม $A,B,C$: $n(A)=36,n(B)=31,n(C)=27$, $n(A\cap B)=12,n(A\cap C)=10,n(B\cap C)=9$"
gen-chap-01-set-q084,gen-chap-01-set,fill,,มี,4,"ให้ $A=\{1,2,3\}$ และ $B=\{2,3,4\}$ จงหา $n\big(P(A)\cap P(B)\big)$"
gen-chap-01-set-q085,gen-chap-01-set,mc,,มี,1,"ให้ $A=\{1,2,3\}$ และ $B=\{2,3,4\}$ จงหา $n\big(P(A)\cup P(B)\big)$"
gen-chap-01-set-q093,gen-chap-01-set,fill,,มี,5,"นักเรียน $50$ คน แต่ละคนเคยไปอย่างน้อยหนึ่งประเทศ: อเมริกา $30$, แคนาดา $25$, อังกฤษ $20$; อังกฤษและอเมริกา $8"
gen-chap-01-set-q094,gen-chap-01-set,fill,,มี,10,"ให้ $A,B\subset U$, $n(U)=50$, $n(A'\cap B')=10$, $n(A'\cap B)=n(A\cap B')=15$ จงหา $n(A\cap B)$"
gen-chap-01-set-q106,gen-chap-01-set,fill,,มี,17,"ถ้า $n(A\cup B)=30$, $n(A\cap B)=7$ และ $n(A)=20$ จงหา $n(B)$"
gen-chap-01-set-q109,gen-chap-01-set,fill,,มี,6,"ในกลุ่ม $50$ คน ทุกคนเข้าอย่างน้อยหนึ่งกิจกรรม $A,B,C$; $n(A)=30,n(B)=28,n(C)=25$, $n(A\cap B)=15,n(A\cap C)=1"
gen-chap-01-set-q110,gen-chap-01-set,mc,,มี,1,"ให้เอกภพ $U=\{1,2,3,4,5\}$ และ $n(A)=n(B)=n(C)=3$, $n(A\cap B)=n(B\cap C)=n(A\cap C)=2$, $A\cup B\cup C=U$ ข้อ"
gen-chap-01-set-q121,gen-chap-01-set,fill,,มี,94,"ให้ $n(A\cup B)=92$, $n(A\cup C)=79$, $n(B\cup C)=75$, $n(A\cap B\cap C)=32$, $n((A\cap B)-C)=18$, $n((A\cap C"
gen-chap-01-set-q122,gen-chap-01-set,fill,,มี,7,"ให้ $n(B)=42$, $n(C)=28$, $n(A\cap C)=8$, $n(A\cap B\cap C)=3$, $n(A\cap B\cap C')=2$, $n(A\cap B'\cap C')=20$"
gen-chap-01-set-q132,gen-chap-01-set,fill,,มี,20,"ให้ $n(A)=2\,n(B)$, $n(A\cap B)=8$ และ $n(A\cup B)=52$ จงหา $n(B)$"
gen-chap-01-set-q139,gen-chap-01-set,fill,,มี,9,ในกลุ่ม $50$ คน ชอบชา $32$ คน ชอบกาแฟ $27$ คน จงหาจำนวนน้อยที่สุดที่เป็นไปได้ของผู้ชอบทั้งสอง
gen-chap-01-set-q140,gen-chap-01-set,fill,,มี,17,ในกลุ่ม $55$ คน เรียนคณิต $38$ คน เรียนอังกฤษ $33$ คน จงหาจำนวนมากที่สุดที่เป็นไปได้ของผู้ที่ไม่เรียนสักวิชา
gen-chap-01-set-q141,gen-chap-01-set,fill,,มี,25,ในกลุ่ม $100$ คน เรียนคณิต $70$ คน ฟิสิกส์ $75$ คน เคมี $80$ คน จงหาจำนวนน้อยที่สุดที่เป็นไปได้ของผู้เรียนครบท
gen-chap-01-set-q142,gen-chap-01-set,fill,,มี,7,"สำรวจ $50$ คน ทุกคนเข้าร่วมอย่างน้อยหนึ่งกิจกรรมจาก $A,B,C$; $n(A)=20,n(B)=25,n(C)=22$, $n(A\cap B)=8$, $n(A\c"
gen-chap-01-set-q143,gen-chap-01-set,fill,,มี,7,"สำรวจ $50$ คน ทุกคนเข้าร่วมอย่างน้อยหนึ่งกิจกรรม; $n(A)=24,n(B)=22,n(C)=20$, $n(A\cap B\cap C)=5$ และอินเตอร์เ"
gen-chap-01-set-q155,gen-chap-01-set,fill,,มี,32,"ให้ $A,B,C$ เป็นเซต โดย $n\big((A\cap B')\cap(A\cap(B'\cup C'))\big)=4$, $n(B)=5$ และ $n(A\cap B)=2$ จงหา $n(P"
gen-chap-01-set-q163,gen-chap-01-set,fill,,มี,64,"สำรวจกลุ่มหนึ่ง พบ $n(A)=30,n(B)=26,n(C)=24$, $n(A\cap B)=10,n(A\cap C)=9,n(B\cap C)=8$, $n(A\cap B\cap C)=4$ "
gen-chap-01-set-q173,gen-chap-01-set,fill,,มี,34,นักเรียน $78$ คน แต่ละคนเรียนอย่างน้อยหนึ่งวิชาจาก คณิต/เคมี/ฟิสิกส์ · ไม่มีใครเรียนทั้งคณิตและเคมี · เรียนฟิส
gen-chap-01-set-q180,gen-chap-01-set,mc,,มี,1,บริเวณที่แรเงาคือส่วนของ $A$ ที่ไม่ทับ $B$ และไม่ทับ $C$ ตรงกับนิพจน์ใด
gen-chap-01-set-q207,gen-chap-01-set,fill,,มี,13,สำรวจนักเรียน $40$ คน พบว่าเรียนภาษาอังกฤษ $25$ คน เรียนภาษาจีน $20$ คน และมี $8$ คนที่ไม่เรียนทั้งสองภาษา จงห
gen-chap-01-set-q211,gen-chap-01-set,fill,,มี,21,"สำรวจคน $50$ คน เรื่องกีฬา $3$ ชนิด $A,B,C$ พบว่า เล่นเฉพาะ $A$ จำนวน $8$ คน · เฉพาะ $B$ จำนวน $6$ คน · เฉพาะ "
gen-chap-01-set-q214,gen-chap-01-set,fill,,มี,20,"นักเรียน $50$ คน ทุกคนเข้าชมรมอย่างน้อยหนึ่งใน $3$ ชมรม คือ คณิต ($M$), ฟิสิกส์ ($P$), เคมี ($C$) โดย $n(M)=28"
gen-chap-01-set-q227,gen-chap-01-set,fill,,มี,7,สำรวจนักเรียน $40$ คน พบว่าชอบวิชาคณิตศาสตร์ $25$ คน ชอบวิทยาศาสตร์ $18$ คน และชอบทั้งสองวิชา $10$ คน จงหาจำนว
gen-chap-01-set-q228,gen-chap-01-set,fill,,มี,15,"สำรวจนักเรียน $50$ คนเรื่องชมรม $3$ ชมรม คือ ดนตรี $(A)$, กีฬา $(B)$, ศิลปะ $(C)$ ได้ $n(A)=28,\ n(B)=25,\ n(C"
gen-chap-01-set-q234,gen-chap-01-set,fill,,มี,15,"คน $100$ คน แต่ละคนใช้แอปพลิเคชันอย่างน้อยหนึ่งชนิดจากสามชนิด $A,B,C$ โดย $n(A)=55,\ n(B)=52,\ n(C)=48$ และมี "
gen-chap-01-set-q247,gen-chap-01-set,fill,,มี,17,นักเรียนห้องหนึ่งมี $45$ คน เล่นฟุตบอล $25$ คน เล่นบาสเกตบอล $20$ คน และมี $8$ คนไม่เล่นทั้งสองชนิด จงหาจำนวนค
gen-chap-01-set-q248,gen-chap-01-set,fill,,มี,19,"สำรวจคน $60$ คนเรื่องการอ่านหนังสือ $3$ ประเภท $A,B,C$ พบว่า $n(A\cap B)=15$, $n(A\cap C)=12$, $n(B\cap C)=10$"
gen-chap-01-set-q255,gen-chap-01-set,fill,,มี,10,"สำรวจนักเรียน $100$ คน ทุกคนชอบวิชาอย่างน้อยหนึ่งวิชาจาก คณิต ($A$), ฟิสิกส์ ($B$), เคมี ($C$) โดย $n(A)=55$, "
gen-chap-01-set-q269,gen-chap-01-set,fill,,มี,22,จากการสำรวจนักเรียนกลุ่มหนึ่ง มีผู้ชอบวิชา ก จำนวน $24$ คน ชอบวิชา ข จำนวน $18$ คน และมี $10$ คนที่ชอบทั้งสองว
gen-chap-01-set-q271,gen-chap-01-set,mc,,มี,0,"สำรวจนักท่องเที่ยว $50$ คนเรื่องประเทศที่เคยไป: $n(A)=28$, $n(B)=25$, $n(C)=20$, $n(A\cap B)=12$, $n(A\cap C)="
gen-chap-01-set-q277,gen-chap-01-set,fill,,มี,5,"จากการสำรวจนักเรียน $60$ คน ทุกคนเล่นกีฬาอย่างน้อยหนึ่งชนิดจาก ฟุตบอล (F), บาสเกตบอล (B), วอลเลย์บอล (V) โดย $"
gen-chap-01-set-q287,gen-chap-01-set,fill,,มี,5,นักเรียน $40$ คน สอบถามการชอบวิชา: ชอบคณิตศาสตร์ $25$ คน ชอบวิทยาศาสตร์ $18$ คน และชอบทั้งสองวิชา $8$ คน จงหาจ
gen-chap-01-set-q288,gen-chap-01-set,fill,,มี,5,"สำรวจคน $52$ คน เรื่องการใช้แอป $A,B,C$ ได้ $n(A)=25,n(B)=20,n(C)=18$, $n(A\cap B)=8,n(A\cap C)=6,n(B\cap C)=5"
gen-chap-01-set-q297,gen-chap-01-set,fill,,มี,21,"สำรวจคน $60$ คน เรื่องกีฬา $3$ ชนิด $A,B,C$: $n(A)=30,n(B)=28,n(C)=22$, $n(A\cap B)=12,n(A\cap C)=10,n(B\cap C"
gen-chap-01-set-q310,gen-chap-01-set,fill,,มี,22,"สำรวจนักเรียน $100$ คน เกี่ยวกับกีฬา $3$ ชนิด $A,B,C$ พบว่า $n(A)=40$, $n(B)=35$, $n(C)=30$, $n(A\cap B)=15$, "
gen-chap-01-set-q311,gen-chap-01-set,fill,,มี,20,หมู่บ้านหนึ่งมี $120$ หลังคาเรือน สำรวจการเลี้ยงสัตว์พบว่า เลี้ยงไก่ $70$ หลัง เลี้ยงเป็ด $45$ หลัง และไม่เลี้
gen-chap-01-set-q316,gen-chap-01-set,fill,,มี,38,"สำรวจนักเรียน $90$ คน เกี่ยวกับชมรม $3$ ชมรม $A,B,C$ โดยทุกคนอยู่อย่างน้อยหนึ่งชมรม พบว่า อยู่เฉพาะชมรม $A$ ชม"
gen-chap-01-set-q327,gen-chap-01-set,fill,,มี,8,ห้องเรียนมีนักเรียน $40$ คน พบว่าเล่นฟุตบอล $25$ คน เล่นบาสเกตบอล $18$ คน และมี $5$ คนที่ไม่เล่นกีฬาทั้งสองชนิ
gen-chap-01-set-q333,gen-chap-01-set,fill,,มี,17,นักเรียน $60$ คน สำรวจการเล่นเครื่องดนตรี $3$ ชนิด พบว่าเล่นกีตาร์อย่างเดียว $12$ คน เปียโนอย่างเดียว $9$ คน ก
gen-chap-01-set-q337,gen-chap-01-set,fill,,มี,23,สำรวจการใช้แอปข่าว $3$ แอป จากผู้ตอบ $100$ คน พบว่าใช้แอป $A$ จำนวน $45$ คน แอป $B$ จำนวน $40$ คน แอป $C$ จำนว
gen-chap-01-set-q347,gen-chap-01-set,fill,,มี,10,สำรวจนักเรียน $50$ คน พบว่าชอบชา $28$ คน ชอบกาแฟ $25$ คน และไม่ชอบทั้งชาและกาแฟ $7$ คน จงหาจำนวนคนที่ชอบทั้งชา
gen-chap-01-set-q348,gen-chap-01-set,fill,,มี,11,"ในกลุ่มนักเรียนกลุ่มหนึ่ง ทุกคนที่อยู่ชมรมหุ่นยนต์ (C) ต้องอยู่ชมรมวิทยาศาสตร์ (A) ด้วย กำหนด $n(A)=32$, ชมรมค"
gen-chap-01-set-q367,gen-chap-01-set,fill,,มี,31,สำรวจนักเรียน $40$ คน พบว่าชอบชา $22$ คน ชอบกาแฟ $15$ คน และไม่ชอบทั้งสองอย่าง $6$ คน จงหาจำนวนนักเรียนที่ชอบเ
gen-chap-01-set-q368,gen-chap-01-set,fill,,มี,12,โรงเรียนสำรวจนักเรียน $50$ คนเรื่องการเข้าชมรม $3$ ชมรม (ดนตรี กีฬา ศิลปะ) พบว่า เข้าเฉพาะดนตรีอย่างเดียว $10$
gen-chap-01-set-q377,gen-chap-01-set,fill,,มี,23,"สำรวจลูกค้า $100$ คนเรื่องความชอบสินค้า $3$ ชนิด (A, B, C) พบว่า ชอบเฉพาะ A อย่างเดียว $25$ คน เฉพาะ B อย่างเด"
gen-chap-01-set-q387,gen-chap-01-set,fill,,มี,8,สำรวจคน $50$ คน พบว่าดื่มกาแฟ $28$ คน ดื่มชา $22$ คน และมีคนที่ไม่ดื่มทั้งกาแฟและชา $8$ คน จงหาจำนวนคนที่ดื่มท
gen-chap-01-set-q391,gen-chap-01-set,fill,,มี,18,"สำรวจคน $90$ คนเรื่องแอปพลิเคชัน $A,B,C$: $n(A)=40,\ n(B)=35,\ n(C)=30$, $n(A\cap B)=15,\ n(A\cap C)=12,\ n(B\"
gen-chap-01-set-q395,gen-chap-01-set,fill,,มี,13,"นักเรียน $100$ คนเลือกเรียนชมรม $A,B,C$ ได้มากกว่าหนึ่งชมรม พบว่า $n(A)=52,\ n(B)=40,\ n(C)=35$, $n(A\cap B)=2"
pat1-2552-03-q10,pat1-2552-03,mc,,มี,0,"กำหนดให้ $f(x) = x^2 - 1$ เมื่อ $x \in (-\infty, -1] \cup [0, 1]$ และ $g(x) = 2^x$ เมื่อ $x \in (-\infty, 0]$ "
pat1-2552-03-q12,pat1-2552-03,mc,,มี,3,"กำหนดให้ $\triangle ABC$ เป็นรูปสามเหลี่ยมที่มีมุม $A$ เท่ากับ $60°$, $BC = \sqrt{6}$ และ $AC = 1$ ค่าของ $\co"
pat1-2552-03-q14,pat1-2552-03,mc,,มี,2,กำหนดให้ $A = \{a \mid$ เส้นตรง $y = ax$ ไม่ตัดกราฟ $y^2 = 1 + x^2\}$ และ $B = \{b \mid$ เส้นตรง $y = x + b$ ต
pat1-2552-03-q16,pat1-2552-03,mc,,มี,0,"กำหนดให้วงกลมรูปหนึ่งมีจุดศูนย์กลางอยู่ที่จุด $(2, 1)$ ถ้าเส้นสัมผัสวงกลมที่จุด $x = 1$ เส้นหนึ่งมีความชันเท่า"
pat1-2552-03-q24,pat1-2552-03,mc,,มี,0,กำหนดให้ ABCD เป็นรูปสี่เหลี่ยมด้านขนาน M เป็นจุดบนด้าน AD ซึ่ง $\overrightarrow{AM} = \dfrac{1}{5}\overrighta
pat1-2552-03-q28,pat1-2552-03,mc,,มี,1,"ถ้า $C$ เป็นปริมาณที่มีค่าขึ้นกับค่าของตัวแปร $x$ และ $y$ ด้วยความสัมพันธ์ $C = 3x + 5y$ เมื่อ $x, y$ เป็นไปตา"
pat1-2552-03-q33,pat1-2552-03,mc,,มี,2,กำหนดให้ $f(x) = x^4 - 3x^2 + 7$ $f$ เป็นฟังก์ชันเพิ่มบนเซตในข้อใดต่อไปนี้
pat1-2552-07-q05,pat1-2552-07,mc,,มี,0,กำหนดให้ $A$ เป็นเซตคำตอบของอสมการ $\dfrac{(2x+1)(x-1)}{2-x} \ge 0$ และ $B$ เป็นเซตคำตอบของอสมการ $2x^2 - 7x +
pat1-2552-07-q06,pat1-2552-07,mc,,มี,0,กำหนดให้ $A = \{x | (x^2 - 1)(x^2 - 3) \le 15\}$ ถ้า $a$ เป็นสมาชิกค่าน้อยสุดในเซต $A$ และ $b$ เป็นสมาชิกค่ามา
pat1-2552-07-q07,pat1-2552-07,mc,,มี,2,กำหนดให้ $S$ เป็นเซตคำตอบของอสมการ $\dfrac{x^4 - 13x^2 + 36}{x^2 + 5x + 6} \ge 0$ ถ้า $a$ เป็นจำนวนที่มีค่าน้อ
pat1-2552-07-q12,pat1-2552-07,mc,,มี,2,"กำหนดให้ $ABC$ เป็นรูปสามเหลี่ยม $D$ เป็นจุดกึ่งกลางด้าน $BC$ ถ้า $AB = 4$ หน่วย, $AC = 3$ หน่วย และ $AD = \fr"
pat1-2552-07-q14,pat1-2552-07,mc,,มี,3,กำหนดให้เส้นตรง $\ell_1$ และ $\ell_2$ สัมผัสวงกลม $(x-5)^2 + y^2 = 20$ ที่จุด $P$ และ $Q$ ตามลำดับ และจุดศูนย์
pat1-2552-07-q15,pat1-2552-07,mc,,มี,0,"กำหนดให้ $S = \{(x, y) \mid x^2 + y^2 \le 17\}$ $A = \{(x, y) \mid x^2 - y^2 = 1\}$ $B = \{(x, y) \mid y^2 - x"
pat1-2552-07-q41,pat1-2552-07,mc,มี,,2,กำหนดตารางแจกแจงความถี่แสดงความสูงของนักเรียนในโรงเรียนแห่งหนึ่ง เป็นดังนี้ ข้อใดต่อไปนี้ถูก
pat1-2552-07-q42,pat1-2552-07,mc,มี,,1,"จากการแจกแจงข้อมูลเงินเดือนของพนักงานบริษัทแห่งหนึ่งพบว่า ถ้านายเอกและนายยศมีเงินเดือนรวมกันเท่ากับ $40{,}000$"
pat1-2552-07-q43,pat1-2552-07,mc,,มี,2,กำหนดให้ข้อมูลชุดหนึ่งมีการแจกแจงแบบปกติ ถ้าหยิบข้อมูล $x$ และ $y$ จากข้อมูลชุดนี้มาพิจารณา พบว่า $13.14\%$ ขอ
pat1-2552-10-q05,pat1-2552-10,mc,,มี,1,"กำหนดให้ $S = \left\{\,x \;\middle|\; \dfrac{x}{x^2-3x+2} \ge \dfrac{x+2}{x^2-1}\,\right\}$ ช่วงในข้อใดต่อไปนี"
pat1-2552-10-q06,pat1-2552-10,mc,,มี,3,"กำหนดให้ $S = [-2, 2]$ และ $r = \{(x,y) \in S \times S \mid x^2 + 2y^2 = 2\}$ ช่วงในข้อใดต่อไปนี้ไม่เป็นสับเซต"
pat1-2552-10-q09,pat1-2552-10,mc,,มี,1,"กำหนดให้ $A = \{(x,y) \mid x^2 + y^2 = 1\}$ และ $B = \{(x,y) \mid x^2 + y^2 - 10x - 10y + 49 = 0\}$ ถ้า $p \in"
pat1-2552-10-q10,pat1-2552-10,mc,,มี,0,"กำหนดให้ $E$ เป็นวงรีที่มีโฟกัสอยู่ที่จุดยอดของไฮเพอร์โบลา $x^2 - y^2 = 1$ ถ้า $E$ ผ่านจุด $(0, 1)$ แล้ว จุดใน"
pat1-2552-10-q19,pat1-2552-10,mc,,มี,1,กำหนดให้ความสูงของคนกลุ่มหนึ่งมีการแจกแจงแบบปกติ ถ้ามีคนสูงกว่า 145 เซนติเมตร และ 165 เซนติเมตรอยู่ 84.13% และ
pat1-2552-10-q23,pat1-2552-10,mc,,มี,3,"กำหนดให้ $I_n = (0, 1) \cap \left(\dfrac{1}{2}, 2\right) \cap \left(\dfrac{2}{3}, 3\right) \cap \dots \cap \le"
pat1-2552-10-q32,pat1-2552-10,fill,,มี,5.5,"ให้ $a,b$ และ $c$ เป็นจำนวนจริง ถ้าวงกลม $x^2+y^2+ax+by+c=0$ มีจุดศูนย์กลางที่ $(2,1)$ และมีเส้นตรง $x-y+2=0$ "
pat1-2552-10-q33,pat1-2552-10,fill,,มี,8,"พาราโบลามีจุดยอดที่ $(-1,0)$ และมีจุดกำเนิดเป็นโฟกัส ถ้าเส้นตรง $y=x$ ตัดพาราโบลาที่จุด $P$ และจุด $Q$ แล้ว ระ"
pat1-2552-10-q39,pat1-2552-10,fill,,มี,70,"กำหนดให้ $a$ และ $b$ เป็นจำนวนจริงบวกซึ่ง $a < b$ ถ้าค่ามากสุดและค่าน้อยสุดของ $P=2x+y$ เมื่อ $x,y$ เป็นไปตามเ"
pat1-2553-03-q04,pat1-2553-03,mc,,มี,0,กำหนดให้ $A = \{x \in R \mid \sqrt{x^2 - 6x + 9} \le 4\}$ เมื่อ $R$ แทนเซตของจำนวนจริง ข้อใดต่อไปนี้ถูกต้อง
pat1-2553-03-q06,pat1-2553-03,mc,,มี,3,ให้ $f$ และ $g$ เป็นฟังก์ชันจากเซตของจำนวนจริงไปยังเซตของจำนวนจริง โดยที่ $f(x) = \dfrac{x-1}{x^2-4}$ และ $g(x
pat1-2553-03-q08,pat1-2553-03,mc,,มี,2,กำหนดให้วงรีรูปหนึ่งมีสมการเป็น $25x^2 + 21y^2 + 100x - 42y - 404 = 0$ แล้วไฮเพอร์โบลาที่มีจุดยอดอยู่ที่จุดโฟก
pat1-2553-03-q09,pat1-2553-03,mc,,มี,3,"จุด $A(-3, 1)$ , $B(1, 5)$ , $C(8, 3)$ และ $D(2, -3)$ เป็นจุดยอดของรูปสี่เหลี่ยม $ABCD$ ข้อใดต่อไปนี้ผิด"
pat1-2553-03-q11,pat1-2553-03,mc,,มี,1,เซตคำตอบของอสมการ $72^x + 72 < 2^{3x+3} + 3^{2x+2}$ เป็นสับเซตของช่วงใดต่อไปนี้
pat1-2553-03-q15,pat1-2553-03,mc,,มี,0,"กำหนดให้ $ABC$ เป็นรูปสามเหลี่ยมที่มี $A(0,0)$ และ $B(2,2)$ เป็นจุดยอด และ $C(x,y)$ เป็นจุดยอดในจตุภาค (quadra"
pat1-2553-03-q26,pat1-2553-03,fill,,มี,18,"กำหนดให้ $A$, $B$ และ $C$ เป็นเซตใดๆ ถ้า $n(A \cup B \cup C) = 91$, $n(A \cap B' \cap C') = 11$, $n\big((B - A"
pat1-2553-03-q29,pat1-2553-03,fill,,มี,0.5,ให้ $\alpha$ และ $\beta$ เป็นมุมแหลมของรูปสามเหลี่ยมมุมฉาก โดยที่ $\tan \alpha = \dfrac{a}{b}$ ถ้า $\cos\!\lef
pat1-2553-03-q49,pat1-2553-03,fill,,มี,5,พิจารณารูปตัว L (ดูรูปประกอบ) ซึ่งมีช่องสี่เหลี่ยมแนวตั้ง $6$ ช่อง และแนวนอน $6$ ช่อง โดยช่องมุมล่างซ้าย (ใส่ต
pat1-2553-03-q50,pat1-2553-03,fill,มี,,2,"พิจารณาการจัดเรียงลำดับของจำนวน $2, 3, 4, 5, 6, \ldots$ ในตาราง (ดูตารางประกอบ) ซึ่งมี $5$ แถว และเติมจำนวนทีล"
pat1-2553-07-q04,pat1-2553-07,mc,,มี,2,ให้ $R$ แทนเซตของจำนวนจริง ถ้า $A = \left\{ x \in R \ \middle|\ \dfrac{|1-x| - 2}{x + |x| - 3} > 1 \right\}$ แ
pat1-2553-07-q07,pat1-2553-07,mc,,มี,0,"ในรูปสามเหลี่ยม $ABC$ ใดๆ ถ้า $a$, $b$ และ $c$ เป็นความยาวของด้านตรงข้ามมุม A มุม B และ มุม C ตามลำดับ แล้ว $\"
pat1-2553-07-q25,pat1-2553-07,mc,มี,,1,"พิจารณาการจัดเรียงลำดับของจำนวนคี่ $1, 3, 5, 7, 9, \ldots$ ในตารางสามเหลี่ยม โดยแถวที่ $1$ มี $1$ จำนวน, แถวที"
pat1-2553-07-q26,pat1-2553-07,fill,,มี,26,ในการสอบวิชาภาษาไทย วิชาภาษาอังกฤษและวิชาคณิตศาสตร์ ของโรงเรียนแห่งหนึ่ง มีนักเรียนเข้าสอบทั้งหมด $66$ คน ปราก
pat1-2553-07-q27,pat1-2553-07,fill,,มี,2,ให้ $R$ แทนเซตของจำนวนจริง ถ้า $S = \left\{ x \in R \ \middle|\ \sqrt{x + 1} + \sqrt{3x - 1} = \sqrt{7x - 1} \
pat1-2553-07-q45,pat1-2553-07,fill,,มี,4,"กำหนดจุด 10 จุด โดยที่ระยะห่างระหว่างจุดเท่า ๆ กัน ดังรูป (จุดเรียงเป็นสามเหลี่ยม: แถวบนสุด 1 จุด ถัดลงมา 2, 3"
pat1-2553-07-q46,pat1-2553-07,fill,มี,,3,ให้เติมจำนวนเต็มบวกลงในช่องสี่เหลี่ยมโดยให้ผลรวมของจำนวนในช่องสี่เหลี่ยมสามช่องที่ติดกัน เท่ากับ 18 ในแถบช่อง:
pat1-2553-07-q47,pat1-2553-07,fill,มี,,9,"จากตารางที่กำหนดให้ มีช่องว่างทั้งหมด 16 ช่อง ดังรูป ให้เติมจำนวนเต็มบวก $1, 2, 3, \ldots, 16$ ลงในช่องสี่เหลี"
pat1-2553-07-q48,pat1-2553-07,fill,มี,,3,"ให้เติมจำนวนเต็มบวก 1, 2, 3, 4, 5 ลงในช่องว่างในตาราง 5×5 ต่อไปนี้ โดยที่แต่ละแถวต้องมีจำนวนเต็มบวก 1, 2, 3, 4"
pat1-2553-07-q50,pat1-2553-07,fill,มี,,2,"พิจารณาการจัดเรียงลำดับของจำนวน $2, 5, 8, 11, 14, \ldots$ ในตารางแบบงูเลื้อย (สลับทิศ) ดังรูป จำนวน 2012 อยู่ใ"
pat1-2553-10-q03,pat1-2553-10,mc,,มี,3,กำหนดให้ $I$ แทนเซตของจำนวนเต็ม และ $P(S)$ แทนเพาเวอร์เซตของเซต $S$ ให้ $A = \{x \in I \mid |x^2 - 1| < 8\}$ แ
pat1-2553-10-q07,pat1-2553-10,mc,,มี,0,ให้ $ABC$ เป็นรูปสามเหลี่ยม ดังรูป ถ้ามุม $A\hat{B}C = 30°$ มุม $B\hat{A}C = 135°$ และ $AD$ และ $AE$ แบ่งมุม $
pat1-2553-10-q09,pat1-2553-10,mc,,มี,1,"กำหนดให้ $ABCD$ เป็นรูปสี่เหลี่ยมที่มีจุดยอดเป็น $A(-2, 3)$, $B(2, 8)$, $C(4, 4)$ และ $D(0, -3)$ พื้นที่ของรูป"
pat1-2553-10-q21,pat1-2553-10,mc,มี,,1,นักเรียนกลุ่มหนึ่ง จำนวน 50 คน มีส่วนสูงแสดงดังตารางต่อไปนี้ ให้ $a$ เป็นค่าเฉลี่ยเลขคณิตของส่วนสูง และ $b$ เป
pat1-2553-10-q22,pat1-2553-10,mc,,มี,3,ในการสอบถามนักเรียน จำนวน 100 คน ปรากฏว่า มี 50 คน ชอบวิชาคณิตศาสตร์ มี 40 คน ชอบวิชาฟิสิกส์ มี 33 คน ชอบวิชาภ
pat1-2553-10-q24,pat1-2553-10,mc,มี,,2,"พิจารณาการบวกของจำนวนต่อไปนี้ $\begin{array}{r} AB \\ {}+\ CD \\ \hline EFG \end{array}$ เมื่อ $A, B, C, D, E,"
pat1-2553-10-q34,pat1-2553-10,fill,,มี,17,"จุด $A(1, 0)$ และจุด $B(b, 0)$ เมื่อ $b > 1$ เป็นจุดปลายของเส้นผ่านศูนย์กลางของวงกลมวงหนึ่ง ถ้าเส้นตรง $\ell$ "
pat1-2553-10-q50,pat1-2553-10,fill,มี,,4,จากตารางที่กำหนดให้ มีช่องว่างทั้งหมด $9$ ช่อง ดังรูป ให้เติมจำนวนเต็มบวกลงในช่องสี่เหลี่ยมช่องละ $1$ จำนวน โด
pat1-2554-03-q06,pat1-2554-03,mc,,มี,0,ให้ $ABC$ เป็นรูปสามเหลี่ยม โดยที่ $\sin A = \dfrac{3}{5}$ และ $\cos B = \dfrac{5}{13}$ ค่าของ $\cos C$ เท่ากั
pat1-2554-03-q08,pat1-2554-03,mc,,มี,3,"ให้เส้นตรง $x - y + 2 = 0$ ตัดกับวงกลม $x^2 + y^2 + 6x - 4y + 4 = 0$ ที่จุด $A$ และจุด $B$ ถ้า $(a, b)$ เป็นจุ"
pat1-2554-03-q10,pat1-2554-03,mc,,มี,3,ถ้า $A$ แทนเซตคำตอบของ $2(\log_3 x - 1)^{\frac{1}{2}} + \log_{\frac{1}{3}} x^3 + 4 > 0$ แล้วเซต $A$ เป็นสับเซต
pat1-2554-03-q24,pat1-2554-03,mc,มี,,0,กำหนดตารางแสดงพื้นที่ใต้โค้งปกติมาตรฐาน ที่อยู่ระหว่าง 0 ถึง $z$ (ตามตารางที่ให้) ความสูงของนักเรียน 2 กลุ่ม ม
pat1-2554-03-q25,pat1-2554-03,mc,มี,,3,บริษัทผลิตหลอดไฟต้องการรับประกันคุณภาพผลิตภัณฑ์ของบริษัท โดยจะเปลี่ยนเป็นหลอดใหม่ถ้าหลอดเดิมชำรุด บริษัทจะรับป
pat1-2554-03-q26,pat1-2554-03,fill,,มี,415,โรงเรียนแห่งหนึ่งมีนักเรียนจำนวน 750 คน พบว่ามีนักเรียนจำนวน 30 คน ไม่เล่นกีฬาเลย นอกนั้นเล่นกีฬาอย่างน้อยหนึ่
pat1-2554-03-q38,pat1-2554-03,fill,,มี,157.5,"จงหาผลคูณของค่าสูงสุดและค่าต่ำสุดของฟังก์ชัน $f(x, y) = x + y + 2$ ภายใต้เงื่อนไขข้อจำกัดต่อไปนี้ (1) $x + 2y "
pat1-2554-03-q47,pat1-2554-03,fill,มี,,48.8,"ข้อมูลความสูง (เซนติเมตร) และน้ำหนัก (กิโลกรัม) ของนักเรียนหญิง 4 คน เป็นดังตาราง (คนที่ 1–4 ความสูง 150, 152,"
pat1-2554-12-q04,pat1-2554-12,mc,,มี,1,"กำหนดให้ $A = \{\, x \in \mathbb{R} \mid 2^{2x} - 2^{x+2} > 2^{\,x+\frac{1}{2}} - \sqrt{32} \,\}$ เมื่อ $\math"
pat1-2554-12-q05,pat1-2554-12,mc,,มี,0,"กำหนดให้ $r = \left\{\, (x, y) \in \mathbb{R} \times \mathbb{R} \;\middle|\; y = \dfrac{1}{\sqrt{5 - |3 - x|}}"
pat1-2554-12-q06,pat1-2554-12,mc,,มี,0,"ให้ $P$ เป็นจุดบนวงกลม $x^2 + y^2 + 2x - 4y - 15 = 0$ ที่อยู่ใกล้จุด $A(1, 3)$ มากที่สุด จงหาระยะระหว่างจุด $P"
pat1-2554-12-q09,pat1-2554-12,mc,,มี,3,"กำหนดให้พาราโบลามีจุดยอดที่ $(-3, -2)$ ผ่านจุดโฟกัสของไฮเพอร์โบลา $5x^2 - 4y^2 - 16y + 4 = 0$ จงหาสมการไดเรคตร"
pat1-2554-12-q11,pat1-2554-12,fill,,มี,1.25,ร้านค้าผลิตถุงแบบ A วันละ $x$ ชิ้น และแบบ B วันละ $y$ ชิ้น โดยที่ $40 \le 2x + y \le 60$ $105 \le 2x + 3y \le 
pat1-2554-12-q12,pat1-2554-12,mc,,มี,3,จากรูป $\vec{a} + \vec{b} + \vec{c} = \vec{0}$ (ดูรูปประกอบ) ข้อใดต่อไปนี้ถูก
pat1-2554-12-q13,pat1-2554-12,mc,,มี,2,"กำหนดให้ $A, B, C$ เป็นจุดยอดของสามเหลี่ยม $P$ เป็นจุดกึ่งกลางของ $AC$ , $Q$ อยู่บน $AB$ ทำให้ $AQ : QB = 1 : "
pat1-2554-12-q14,pat1-2554-12,mc,,มี,1,"กำหนดให้ $z_1, z_2, z_3$ เป็นรากของสมการ $(z + 2i)^3 = 8i$ จงหาค่าของ $|z_1| + |z_2| + |z_3|$"
pat1-2554-12-q16,pat1-2554-12,mc,,มี,3,กำหนดให้ $c = \arcsin\dfrac{3}{5} + \text{arccot}\dfrac{5}{3} - \arctan\dfrac{8}{19}$ ถ้า $A$ เป็นเซตคำตอบของส
pat1-2554-12-q20,pat1-2554-12,mc,,มี,3,"กำหนดให้ $A$ และ $B$ เป็นเหตุการณ์ในปริภูมิตัวอย่าง ถ้า $P(B - A) = 0.2$ , $P(B) = 0.6$ และ $P(A' \cup B) = 0."
pat1-2554-12-q21,pat1-2554-12,mc,มี,,1,จากตารางแจกแจงความถี่ต่อไปนี้ (ดูตารางประกอบ) ถ้า $a$ เป็นค่าเฉลี่ยเลขคณิตของคะแนนสอบ และ $b$ เป็น $P_{88}$ (เ
pat1-2554-12-q22,pat1-2554-12,mc,,มี,2,"กำหนด $\sum_{i=1}^{N} x_i = 1125$ , $N = 45$ , $\bar{x}$ เป็นค่าเฉลี่ยเลขคณิต และความแปรปรวนเท่ากับ $6.25$ ถ้า"
pat1-2554-12-q26,pat1-2554-12,fill,,มี,16,"กำหนดให้ $A, B, C \neq \varnothing$ $n(\mathcal{U}) = 44$ , $n(B) = 19$ , $n(A \cap B \cap C) = 2$ , $n[(A \ca"
pat1-2554-12-q30,pat1-2554-12,fill,,มี,2,"กำหนดให้ $M(a, b)$ เป็นจุดกึ่งกลางของเส้นตรงที่เชื่อมจุดตัดไฮเพอร์โบลา $xy = 6$ กับเส้นตรง $x - y - 1 = 0$ จงห"
pat1-2554-12-q33,pat1-2554-12,fill,,มี,93,"กำหนดจุด $A(3, 0)$ , $B(3 + \sqrt{3}, 1)$ และ $C(a, b)$ โดยที่ $C$ อยู่ในจตุภาคที่ 4 $\overrightarrow{AB}$ กับ"
pat1-2554-12-q47,pat1-2554-12,fill,,มี,387,คะแนนสอบของนักเรียน $500$ คน กลุ่มหนึ่ง มีการแจกแจงปกติ โดยมีค่าเฉลี่ยเลขคณิตและส่วนเบี่ยงเบนมาตรฐานเท่ากับ $6
pat1-2554-12-q48,pat1-2554-12,fill,,มี,80,ข้อมูลชุดหนึ่งมีการแจกแจงปกติ โดยมีมัธยฐานเท่ากับ $12$ ส่วนเบี่ยงเบนมาตรฐานเท่ากับ $8$ และ $\displaystyle\sum_
pat1-2555-03-q03,pat1-2555-03,mc,,มี,0,ถ้า $A$ แทนเซตของจำนวนเต็มทั้งหมด ที่สอดคล้องกับอสมการ $3|x - 1| - 2x > 2|3x + 1|$ และ $B$ แทนเซตคำตอบของอสมกา
pat1-2555-03-q08,pat1-2555-03,mc,,มี,2,พาราโบลาที่มีจุดโฟกัส $F$ อยู่ที่จุดศูนย์กลางของวงกลม $x^2 + y^2 - 6x + 4y + 4 = 0$ และมีจุดยอด $V$ อยู่ที่จุด
pat1-2555-03-q09,pat1-2555-03,mc,,มี,1,ให้ $R$ แทนเซตของจำนวนจริง ถ้า $A$ เป็นเซตคำตอบของอสมการ $\left(\dfrac{3}{5}\right)^{5x^2 - 23x + 3} > \left(\
pat1-2555-03-q12,pat1-2555-03,mc,,มี,2,"กำหนดให้ จุด $A(-1, 1), B(2, 5)$ และ $C(2, -3)$ เป็นจุดยอดของรูปสามเหลี่ยม $ABC$ ให้ $L$ เป็นเส้นตรงที่ผ่านจุด"
pat1-2555-03-q19,pat1-2555-03,mc,,มี,2,"กำหนดสมการจุดประสงค์ คือ $P = 3x + 2y$ โดยมีอสมการข้อจำกัด ดังนี้ $x + 2y \le 6$ , $2x + y \le 8$ , $-x + y \l"
pat1-2555-03-q22,pat1-2555-03,mc,,มี,0,ตารางต่อไปนี้เป็นข้อมูลเกี่ยวกับอายุของพนักงานจำนวน 50 คน  อายุไม่เกิน (ปี) : จำนวน (คน) 25 : 9 30 : 17 35 : 2
pat1-2555-03-q23,pat1-2555-03,mc,,มี,3,นักเรียนชั้นมัธยมศึกษาปีที่ 6 จำนวน 20 คน แบ่งเป็น 2 กลุ่มๆ ละ 10 คน ทำแบบทดสอบวัดความถนัดฉบับหนึ่งมีคะแนนเต็ม
pat1-2555-03-q26,pat1-2555-03,fill,,มี,25,ในการสำรวจสโมสรแห่งหนึ่งมีสมาชิกจำนวน 100 คน พบว่าชอบอ่านนวนิยายหรือหนังสือพิมพ์หรือนิตยสาร อย่างน้อย 1 รายการ
pat1-2555-03-q44,pat1-2555-03,fill,,มี,43.5,ในการสอบวิชาคณิตศาสตร์ของนักเรียนห้องหนึ่ง มีนักเรียนจำนวน $30$ คน ปรากฏว่ามีนักเรียน $17$ คน สอบได้คะแนนในช่ว
pat1-2555-03-q45,pat1-2555-03,fill,,มี,33,ในการสอบวิชาคณิตศาสตร์ของนักเรียนห้องหนึ่ง มีนักเรียนจำนวน $30$ คน ปรากฏว่ามีนักเรียน $17$ คน สอบได้คะแนนในช่ว
pat1-2555-03-q48,pat1-2555-03,fill,,มี,15,"กำหนดให้ $a, b, c$ และ $d$ เป็นจำนวนจริง ถ้ากราฟ $y = -|x - 1 - a| + b$ และกราฟ $y = |x - c| - d$ ตัดกันที่จุด"
pat1-2555-10-q04,pat1-2555-10,mc,,มี,1,กำหนดให้ $I$ แทนเซตของจำนวนเต็ม ให้ $A = \{x \in I \mid |2x + 7| \le 9\}$ และ $B = \{x \in I \mid |x^2 - x - 1
pat1-2555-10-q05,pat1-2555-10,mc,,มี,2,ถ้า $A$ เป็นเซตคำตอบของอสมการ $(x-2)^{x^2+2} < (x-2)^{2x+10}$ เมื่อ $x > 2$ แล้ว $A$ เป็นสับเซตของช่วงในข้อใดต
pat1-2555-10-q07,pat1-2555-10,mc,,มี,1,"กำหนดให้ $r = \left\{ (x, y) \in I \times I \;\middle|\; y = \dfrac{2x^2 - 8}{x^2 + 1} \right\}$ เมื่อ $I$ แทน"
pat1-2555-10-q11,pat1-2555-10,mc,,มี,1,แกนเอกของวงรีเป็นส่วนของเส้นตรงที่เชื่อมระหว่างจุดตัดของวงกลม $x^2 + y^2 = 25$ กับวงกลม $x^2 + y^2 + 6y - 7 = 
pat1-2555-10-q12,pat1-2555-10,mc,,มี,0,กำหนดให้ $A$ แทนเซตคำตอบของสมการ $3^{(1+2x)} + 9^{(2-x)} = 244$ แล้วเซต $A$ เป็นสับเซตของช่วงใดต่อไปนี้
pat1-2555-10-q14,pat1-2555-10,mc,,มี,1,กำหนดให้ $P = 3x + 4y$ เป็นฟังก์ชันจุดประสงค์ โดยมีอสมการข้อจำกัดดังนี้ $2x + 3y \ge 6$ $2x - y \le 10$ $0 \le
pat1-2555-10-q24,pat1-2555-10,mc,,มี,0,จากการสอบวิชาคณิตศาสตร์ของนักเรียนห้องหนึ่ง ปรากฏว่าคะแนนสอบของนักเรียนมีการแจกแจงปกติ และกำหนดพื้นที่ใต้เส้นโ
pat1-2555-10-q25,pat1-2555-10,mc,มี,,2,"ให้เติมจำนวน $0, 1, 2, 3$ ลงในตาราง $4\times 4$ ต่อไปนี้ (ช่องละ 1 จำนวน) โดยที่ แต่ละแถวต้องมีจำนวนเต็ม $0, 1"
pat1-2555-10-q26,pat1-2555-10,fill,,มี,128,กำหนดให้ $U$ เป็นเอกภพสัมพัทธ์และให้ $A$ และ $B$ เป็นสับเซตของ $U$ ถ้า $20\%$ ของสมาชิกในเซต $A$ เป็นสมาชิกในเ
pat1-2555-10-q31,pat1-2555-10,fill,,มี,14.5,"ถ้าวงกลมวงหนึ่งมีจุดศูนย์กลางคือ $C(h,k)$ อยู่บนเส้นตรง $x+y+4=0$ และวงกลมนี้ผ่านจุด $A(-5,-2)$ และจุด $B(-2,5"
pat1-2555-10-q32,pat1-2555-10,fill,,มี,3,"พาราโบลารูปหนึ่งมีจุดยอดอยู่ที่ $A(-3,2)$ มีแกนสมมาตรขนานแกน $x$ และโฟกัส F อยู่บนเส้นตรง L ซึ่งมีสมการเป็น $4"
pat1-2555-10-q35,pat1-2555-10,fill,,มี,2,กำหนดให้ $z$ เป็นจำนวนเชิงซ้อนที่สอดคล้องกับสมการ $2|z+1|=|z+4|$ ค่าของ $|\bar{z}|$ เท่ากับเท่าใด (เมื่อ $\bar
pat1-2555-10-q40,pat1-2555-10,fill,,มี,8.2,"ให้ L เป็นเส้นตรงที่ผ่านจุด $(0,1)$ และตั้งฉากกับเส้นตรง $x+2y=6$ พื้นที่ของบริเวณในควอดรันต์ (quadrant) ที่ 1"
pat1-2555-10-q44,pat1-2555-10,fill,,มี,6,นักเรียนกลุ่มหนึ่งมี $16$ คน ซึ่งแต่ละคนเป็นสมาชิกของชมรมวิชาการ หรือชมรมกีฬา หรือชมรมดนตรี อย่างน้อย $1$ ชมรม
pat1-2555-10-q45,pat1-2555-10,fill,,มี,0.14,กำหนด $A$ และ $B$ เป็นเหตุการณ์ใดๆ ในแซมเปิลสเปซ และกำหนดให้ $P(E)$ แทนความน่าจะเป็นของเหตุการณ์ $E$ ถ้า $P(B)
pat1-2555-10-q48,pat1-2555-10,fill,มี,,28,ในการสอบวิชาคณิตศาสตร์ของนักเรียนชั้นมัธยมศึกษาปีที่ $6$ มีการแจกแจงดังนี้ (ตารางอันตรภาคชั้น: คะแนน $5$–$9$ จ
pat1-2556-03-q03,pat1-2556-03,mc,,มี,1,กำหนดให้ $P(x)$ แทน $\left|\dfrac{x-2}{x+2}\right| < 2$ และให้ $Q(x)$ แทน $|2x + 1| > x - 1$ เอกภพสัมพัทธ์ในข้
pat1-2556-03-q04,pat1-2556-03,mc,,มี,2,"กำหนดให้ $\mathbb{R}$ แทนเซตของจำนวนจริง ให้ $A = \{\, x \in \mathbb{R} \mid |2x - 5| + |x| \le 7 \,\}$ และ $B"
pat1-2556-03-q05,pat1-2556-03,mc,,มี,3,"ให้ $\mathbb{R}$ แทนเซตของจำนวนจริง กำหนดให้ $r = \left\{\, (x, y) \in \mathbb{R} \times \mathbb{R} \mid \sqrt"
pat1-2556-03-q07,pat1-2556-03,mc,,มี,0,"ให้ $\mathbb{R}$ แทนเซตของจำนวนจริง พิจารณาข้อความต่อไปนี้ (ก) ความสัมพันธ์ $\{\, (x, y) \in \mathbb{R} \times"
pat1-2556-03-q08,pat1-2556-03,mc,,มี,3,ให้พาราโบลา $P$ มีสมการเป็น $y^2 - 2y + 6x + 4 = 0$ ถ้าวงกลมวงหนึ่งผ่านจุดโฟกัสของพาราโบลา $P$ และสัมผัสกับเส้
pat1-2556-03-q12,pat1-2556-03,mc,,มี,2,ให้ $\mathbb{R}$ แทนเซตของจำนวนจริง ถ้า $A$ เป็นเซตคำตอบของอสมการ $\log_x\left(\dfrac{2}{x-1}\right) \ge 1$ แล
pat1-2556-03-q14,pat1-2556-03,mc,,มี,1,"กำหนดให้ $P = a(x + y) + 6y$ เป็นฟังก์ชันจุดประสงค์ โดยมีอสมการข้อจำกัดดังนี้ $3x + 4y \le 48 ,\ x + 2y \le 22"
pat1-2556-03-q15,pat1-2556-03,mc,,มี,3,"พิจารณาข้อความต่อไปนี้ (ก) ให้เวกเตอร์ $\bar{w} = a\bar{i} + b\bar{j} + c\bar{k}$ เมื่อ $a, b$ และ $c$ เป็นจำน"
pat1-2556-03-q16,pat1-2556-03,mc,,มี,1,กำหนดให้ $ABC$ เป็นรูปสามเหลี่ยมใด ๆ ถ้าด้านตรงข้ามมุม $A$ ยาว $14$ หน่วย ความยาวของเส้นรอบรูปสามเหลี่ยมเท่ากั
pat1-2556-03-q17,pat1-2556-03,mc,,มี,3,กำหนดให้ $9x^2 - 16y^2 - 18x + 64y - 199 = 0$ เป็นสมการของไฮเพอร์โบลา ถ้าพาราโบลารูปหนึ่งมีแกนสมมาตรขนานแกน $y
pat1-2556-03-q20,pat1-2556-03,mc,,มี,1,กำหนดให้ $C$ เป็นเส้นโค้ง $y = \dfrac{3x^4 - 2}{x^3}$ เมื่อ $x > 0$ และให้ $L$ เป็นเส้นตรงที่สัมผัสกับเส้นโค้ง
pat1-2556-03-q21,pat1-2556-03,mc,,มี,0,กำหนดให้ $P(E)$ แทนความน่าจะเป็นของเหตุการณ์ $E$ ถ้า $A$ และ $B$ เป็นเหตุการณ์ใด ๆ ในแซมเปิลสเปซ โดยที่ $P(A)=
pat1-2556-03-q31,pat1-2556-03,fill,,มี,162,"กำหนดให้วงรีมีจุดศูนย์กลางอยู่ที่ $(0,0)$ และมีโฟกัส $F_1$ และ $F_2$ อยู่บนแกน $x$ จุด $A(4,1)$ เป็นจุดบนวงรีโ"
pat1-2556-03-q35,pat1-2556-03,fill,,มี,11,ถ้า $z$ เป็นจำนวนเชิงซ้อนที่อยู่ในควอดรันต์ (quadrant) ที่หนึ่งบนระนาบเชิงซ้อน โดยที่ $\left|\dfrac{(z+1)(1+i)
pat1-2556-03-q38,pat1-2556-03,fill,,มี,24,"กำหนดให้ $f(x)=\begin{cases} \dfrac{2x-8}{2x-\sqrt{4x^2-3x+12}}, & x < 4 \\[2mm] \dfrac{kx}{3}, & x \geq 4 \en"
pat1-2556-03-q45,pat1-2556-03,fill,,มี,200,"กำหนดให้ $\vec{a},\vec{b}$ และ $\vec{c}$ เป็นเวกเตอร์บนระนาบซึ่งกำหนดโดย $\vec{a}=x\,\vec{i}+\dfrac{12}{5}\,\v"
pat1-2556-03-q46,pat1-2556-03,fill,,มี,20,ถ้าคะแนนสอบวิชาคณิตศาสตร์ของนักเรียนห้องหนึ่งมีการแจกแจงปกติ นาย ก. และนาย ข. เป็นนักเรียนในห้องนี้ ถ้ามีนักเร
pat1-2556-03-q47,pat1-2556-03,fill,,มี,12,จากการสำรวจคะแนนสอบของนักเรียน $6$ คน ที่มีคะแนนสอบวิชาฟิสิกส์ $(x_i)$ และคะแนนสอบวิชาคณิตศาสตร์ $(y_i)$ ปรากฏ
pat1-2557-03-q01,pat1-2557-03,mc,,มี,2,ให้ $A'$ แทนคอมพลีเมนต์ของเซต $A$ และ $n(A)$ แทนจำนวนสมาชิกของเซต $A$ กำหนดให้ $\mathcal{U}$ แทนเอกภพสัมพัทธ์ 
pat1-2557-03-q04,pat1-2557-03,mc,,มี,1,"ให้ $\mathbb{R}$ แทนเซตของจำนวนจริง ถ้า $A = \{\, x \in \mathbb{R} \mid x^2 + \sqrt{x^2 - 3x + 4} > 3x + 2 \,\"
pat1-2557-03-q05,pat1-2557-03,mc,,มี,2,กำหนดให้ $a$ และ $b$ เป็นจำนวนจริงบวก และ $a < b$ เซตคำตอบของสมการ $|x - a| - |x - b| = b - a$ เท่ากับข้อใดต่อ
pat1-2557-03-q06,pat1-2557-03,mc,,มี,2,ให้ $\mathbb{R}$ แทนเซตของจำนวนจริง ถ้า $f$ เป็นฟังก์ชัน ซึ่งมีโดเมนและเรนจ์เป็นสับเซตของเซตจำนวนจริง โดยที่ $
pat1-2557-03-q08,pat1-2557-03,mc,,มี,1,"กำหนดให้ $L$ เป็นเส้นตรงมีสมการเป็น $\dfrac{x}{a} + \dfrac{y}{b} = 1$ เมื่อ $a, b > 0$ และให้ $C_1$ และ $C_2$ "
pat1-2557-03-q09,pat1-2557-03,mc,,มี,3,กำหนดให้ไฮเพอร์โบลารูปหนึ่งมีสมการเป็น $x^2 - y^2 - 2x = 0$ ถ้าพาราโบลามีโฟกัสเป็นจุดกึ่งกลางของส่วนของเส้นตรง
pat1-2557-03-q10,pat1-2557-03,mc,,มี,2,"พิจารณาข้อความต่อไปนี้ (ก) ให้ $P(x, y)$ เป็นจุดใด ๆ ในระนาบ ถ้าผลบวกของระยะทางจากจุด $P(x, y)$ ไปยังจุด $(0, "
pat1-2557-03-q17,pat1-2557-03,mc,,มี,1,"ให้ $a$ และ $b$ เป็นจำนวนจริง และให้ $f(x) = \begin{cases} x^2 + ax + b, & x < 2 \\ \sqrt{x - 1}, & 2 \le x \l"
pat1-2557-03-q18,pat1-2557-03,mc,,มี,3,"ถ้า $\displaystyle\int_{-2}^{2} |x^2 - 7x + 6|\,dx = \dfrac{a}{b}$ เมื่อ $a$ และ $b$ เป็นจำนวนเต็มที่ $b \ne 0"
pat1-2557-03-q19,pat1-2557-03,mc,,มี,2,กำหนดให้ $f(x) = \dfrac{4x^3}{x^6 - 3x^3 + 64}$ เมื่อ $x$ เป็นจำนวนจริงบวกใด ๆ พิจารณาข้อความต่อไปนี้ (ก) $f$ 
pat1-2557-03-q22,pat1-2557-03,mc,,มี,2,จำนวนประชากรในจังหวัดหนึ่ง ตั้งแต่ พ.ศ. 2550 ถึง พ.ศ. 2554 มีดังนี้  <table style='margin:8px 0; border-collap
pat1-2557-03-q24,pat1-2557-03,mc,,มี,1,พิจารณาข้อความต่อไปนี้ (ก) ถ้าข้อมูลชุดหนึ่งมีส่วนเบี่ยงเบนควอไทล์เท่ากับ $20$ และสัมประสิทธิ์ของส่วนเบี่ยงเบน
pat1-2557-03-q25,pat1-2557-03,mc,,มี,0,เงินเดือนของพนักงานจำนวน $50$ คนของบริษัทแห่งหนึ่งมีการแจกแจงความถี่ ดังนี้  <table style='margin:8px 0; borde
pat1-2557-03-q28,pat1-2557-03,mc,,มี,0,กำหนดให้ $P = Ax + By$ เป็นฟังก์ชันจุดประสงค์ เมื่อ $A$ และ $B$ เป็นจำนวนจริงบวกที่สอดคล้องกับ $3A = 2B$ โดยมี
pat1-2557-03-q33,pat1-2557-03,fill,,มี,2,กำหนดให้ ABC เป็นรูปสามเหลี่ยมใดๆ โดยที่มีความยาวของด้านตรงข้ามมุม A มุม B และมุม C เท่ากับ $a$ หน่วย $b$ หน่ว
pat1-2557-03-q41,pat1-2557-03,fill,,มี,15.87,คะแนนสอบวิชาคณิตศาสตร์และวิชาภาษาอังกฤษของนักเรียนกลุ่มหนึ่งมีการแจกแจงปกติ ค่าเฉลี่ยเลขคณิตและความแปรปรวนของค
pat1-2557-03-q42,pat1-2557-03,fill,,มี,100,ให้ $\mathbb{R}$ แทนเซตของจำนวนจริง ถ้า $f : \mathbb{R} \to \mathbb{R}$ เป็นฟังก์ชันซึ่ง $f''(x) = 3 + 6x$ สำห
pat1-2557-04-q01,pat1-2557-04,mc,,มี,2,"สำหรับเซต $S$ ใดๆ ให้ $n(S)$ แทนจำนวนสมาชิกของเซต $S$ กำหนดให้ $\mathcal{U}$ แทนเอกภพสัมพัทธ์ ถ้า $A, B$ และ $"
pat1-2557-04-q04,pat1-2557-04,mc,,มี,3,ถ้า $A$ แทนเซตคำตอบของสมการ $|2-2x| + |x+2| = 4-x$ แล้ว เซต $A$ เป็นสับเซตของข้อใดต่อไปนี้
pat1-2557-04-q08,pat1-2557-04,mc,,มี,0,ให้ $F$ เป็นโฟกัสของพาราโบลา $4y = x^2 - 6x + 13$ ถ้าไฮเพอร์โบลารูปหนึ่งมีสมบัติดังนี้ (ก) แกนตามขวางขนานแกน $
pat1-2557-04-q09,pat1-2557-04,mc,,มี,3,"กำหนดให้วงรีรูปหนึ่งมีสมการเป็น $x^2 + Ay^2 + Bx + Cy - 92 = 0$ โดยที่มีจุดศูนย์กลางอยู่ที่ $(2,1)$ และแกนเอกย"
pat1-2557-04-q10,pat1-2557-04,mc,,มี,0,ให้ $A$ เป็นจุดตัดของเส้นตรง $x - 3y + 1 = 0$ และ $2x + 5y - 9 = 0$ ถ้าเส้นตรง $L$ มีความชันเท่ากับ $m$ เมื่อ 
pat1-2557-04-q11,pat1-2557-04,mc,,มี,2,กำหนดให้ $ABC$ เป็นรูปสามเหลี่ยม โดยที่มีความยาวของด้านตรงข้ามมุม $A$ มุม $B$ มุม $C$ เท่ากับ $a$ หน่วย $b$ หน
pat1-2557-04-q14,pat1-2557-04,mc,,มี,0,"กำหนดให้ $\bar{a}, \bar{b}$ และ $\bar{c}$ เป็นเวกเตอร์ ซึ่ง $\bar{a} + \bar{b} + \bar{c} = \bar{0}$ , $|\bar{a"
pat1-2557-04-q17,pat1-2557-04,mc,,มี,1,"กำหนดให้ $f$ เป็นฟังก์ชัน นิยามโดย $f(x) = \begin{cases} -x + a & , \ x \le -2 \\ -\dfrac{2}{5}x + b & , \ -2 "
pat1-2557-04-q19,pat1-2557-04,mc,,มี,1,"กำหนดให้ $f(x) = ax^2 + bx + c$ เป็นพหุนามกำลังสอง เมื่อ $a, b, c$ เป็นจำนวนจริง และ $a \ne 0$ โดยที่ $f(1) = "
pat1-2557-04-q21,pat1-2557-04,mc,,มี,3,กำหนดให้ $z$ เป็นจำนวนเชิงซ้อนที่สอดคล้องกับสมการ $\bar{z} - 1 - 4i = 3i(z - i)$ ข้อใดต่อไปนี้<u>ไม่ถูกต้อง</u
pat1-2557-04-q22,pat1-2557-04,mc,,มี,0,"ตารางต่อไปนี้เป็นความสัมพันธ์ระหว่าง $x$ กับ $y$ &nbsp;($x = 0,1,2,3$ มี $y = 1, 0.8, 0.8, 0.6$ ตามลำดับ) ให้ "
pat1-2557-04-q24,pat1-2557-04,mc,,มี,2,คะแนนสอบของนักเรียนห้องหนึ่งมีการแจกแจงปกติ คะแนนเต็ม $100$ คะแนน มัธยฐานเท่ากับ $45$ คะแนน และมีนักเรียนร้อยล
pat1-2557-04-q25,pat1-2557-04,mc,,มี,3,"กำหนดข้อมูล $10$ จำนวน ดังนี้ $30, 32, 28, 35, 42, 45, 40, 48, 50, 65$ พิจารณาข้อความต่อไปนี้ (ก) ถ้า $D_7$ แท"
pat1-2557-04-q28,pat1-2557-04,mc,,มี,1,มีปุ๋ยอยู่ $2$ ชนิด คือชนิด A และชนิด B แต่ละชนิดบรรจุถุงละ $100$ กรัม ส่วนประกอบและราคา: ชนิด A มีสารอาหาร N 
pat1-2557-04-q32,pat1-2557-04,fill,,มี,54,"กำหนดให้ $ABC$ เป็นรูปสามเหลี่ยมที่มีมุม $B$ และมุม $C$ เป็นมุมแหลม โดยที่ $25\cos B - 13\cos C = 15$ , $65(\c"
pat1-2557-04-q41,pat1-2557-04,fill,,มี,38,"กำหนดให้ $\mathbb{R}$ แทนเซตของจำนวนจริง และ $a, b$ เป็นจำนวนจริง และให้ $f:\mathbb{R}\to\mathbb{R}$ เป็นฟังก์"
pat1-2557-11-q09,pat1-2557-11,mc,,มี,1,กำหนดให้ $z$ เป็นจำนวนเชิงซ้อน ที่สอดคล้องกับสมการ $|z| + 2\bar{z} - 3z = 3 - 45i$ เมื่อ $|z|$ แทนค่าสัมบูรณ์ 
pat1-2557-11-q10,pat1-2557-11,mc,,มี,2,กำหนดให้ $y^2 - 2x^2 + 8x - 6 = 0$ เป็นสมการของไฮเพอร์โบลา ให้เส้นตรง $y = \sqrt{2}$ ตัดกับเส้นกำกับของไฮเพอร์
pat1-2557-11-q11,pat1-2557-11,mc,,มี,0,ให้ $C$ เป็นวงกลมมีสมการ $x^2 + y^2 + Dx + Ey + F = 0$ มีจุดศูนย์กลางอยู่ในควอดรันต์ (quadrant) ที่ 1 และวงกลม
pat1-2557-11-q12,pat1-2557-11,mc,,มี,3,กำหนดให้ $ABC$ เป็นรูปสามเหลี่ยม โดยที่ด้าน $AB$ ยาว 5 หน่วย ด้าน $BC$ ยาว 12 หน่วย และมุม $A\hat{B}C$ เท่ากับ
pat1-2557-11-q13,pat1-2557-11,mc,,มี,1,"ให้ $A$ เป็นเอกภพสัมพัทธ์ที่ทำให้ประพจน์ $\forall x[\, 2x^2 + x - 3 \le 0$ และ $|x - 2| \le 3 \,]$ มีค่าความจร"
pat1-2557-11-q17,pat1-2557-11,mc,,มี,0,"กำหนดให้ $L_1$ เป็นเส้นตรงผ่านจุด $(-2, -4)$ มีความชันเป็นจำนวนเต็มบวก และตัดแกน $X$ และแกน $Y$ ที่จุด $A$ และ"
pat1-2557-11-q18,pat1-2557-11,mc,,มี,0,"กำหนดให้ฟังก์ชันจุดประสงค์ $P_1 = 5x + 2y$ และ $P_2 = 4x + 3y$ โดยมีอสมการข้อจำกัดดังนี้ $2x + 3y \ge 6$, $\;3"
pat1-2557-11-q24,pat1-2557-11,mc,,มี,2,กำหนดให้เส้นตรง $L$ เป็นความสัมพันธ์เชิงฟังก์ชันระหว่าง $x$ และ $y$ ที่กำหนดในตารางต่อไปนี้ โดยที่ $x$ เป็นตัว
pat1-2557-11-q27,pat1-2557-11,mc,,มี,2,คะแนนสอบของนักเรียน $160$ คน มีการแจกแจงปกติ โดยมีค่าเฉลี่ยเลขคณิตเท่ากับ $60$ คะแนน มีนักเรียนเพียง $4$ คนที่
pat1-2557-11-q31,pat1-2557-11,fill,,มี,7,"ให้ $S'$ แทนคอมพลีเมนต์ของเซต $S$ และ $n(S)$ แทนจำนวนสมาชิกของเซต $S$ ให้ $A, B$ และ $C$ เป็นสับเซตของเอกภพสัม"
pat1-2557-11-q32,pat1-2557-11,fill,,มี,169,ให้ $A = \cos 15° + \cos 87° + \cos 159° + \cos 231° + \cos 303°$ และ $B = \sin\left(\arctan\left(\dfrac{15}{8
pat1-2557-11-q41,pat1-2557-11,fill,,มี,34.5,ให้ $f$ เป็นฟังก์ชันซึ่งมีโดเมนและเรนจ์เป็นสับเซตของเซตของจำนวนจริง โดยที่ $f(2x - 1) = 4x^2 - 10x + a$ เมื่อ 
pat1-2558-03-q01,pat1-2558-03,mc,,มี,1,ให้ $R$ แทนเซตของจำนวนจริง กำหนดเอกภพสัมพัทธ์คือ $\{ x \in R \mid 1 < x < 2 \}$ ให้ $P(x)$ แทน $3x^2 - 4x - 4 
pat1-2558-03-q03,pat1-2558-03,mc,,มี,1,ถ้า $A$ เป็นเซตของจำนวนจริง $x$ ทั้งหมดที่สอดคล้องกับอสมการ $x < \sqrt{6 + x - x^2} + 1 < x + 3$ แล้วเซต $A$ เ
pat1-2558-03-q04,pat1-2558-03,mc,,มี,2,"ให้ $R$ แทนเซตของจำนวนจริง และให้ $S'$ แทนคอมพลีเมนต์ของเซต $S$ ให้ $f = \{ (x, y) \in R \times R \mid y^2 + |"
pat1-2558-03-q06,pat1-2558-03,mc,,มี,3,กำหนด $0 \le \theta \le 90°$ และ $f(x) = 12x - 9x^2$ เมื่อ $0 < x < 1$ ถ้า $\sin\theta = a$ เมื่อ $a$ เป็นจำนว
pat1-2558-03-q10,pat1-2558-03,mc,,มี,0,"กำหนดให้ $16y^2 - 9x^2 + 36x + 32y + 124 = 0$ เป็นสมการของไฮเพอร์โบลา ให้ $L$ เป็นเส้นตรงผ่านจุด $(0, 0)$ และจ"
pat1-2558-03-q11,pat1-2558-03,mc,,มี,0,"ถ้าจุด $(a, b)$ เป็นจุดบนเส้นตรง $2y - x + 6 = 0$ ที่อยู่ใกล้จุด $(3, 1)$ มากที่สุด วงกลมที่มีจุด $(a, b)$ เป็"
pat1-2558-03-q12,pat1-2558-03,mc,,มี,3,"ให้ $\bar{a}, \bar{b}$ และ $\bar{c}$ เป็นเวกเตอร์บนระนาบ โดยที่ $\bar{a} + \bar{b} + \bar{c} = \bar{0}$ เวกเตอ"
pat1-2558-03-q19,pat1-2558-03,mc,,มี,3,"กำหนดให้วงรีรูปหนึ่ง ผ่านจุด $(8, 0)$ มีจุดศูนย์กลางอยู่ที่ $(4, -1)$ และโฟกัสจุดหนึ่งอยู่ที่ $(1, -1)$ ถ้าพาร"
pat1-2558-03-q22,pat1-2558-03,mc,,มี,2,นาย ก. วางแผนจะปลูกมันหรือสับปะรดบนที่ดิน $150$ ไร่ โดยมีข้อมูลในการลงทุนดังนี้ ในการปลูกมัน จะต้องลงทุนค่าต้น
pat1-2558-03-q27,pat1-2558-03,mc,,มี,0,คะแนนสอบวิชาคณิตศาสตร์ของนักเรียนห้องหนึ่ง มีการแจกแจงปกติ โดยมีค่ามัธยฐานเท่ากับ $60$ คะแนน ถ้านักเรียนที่สอบ
pat1-2558-03-q29,pat1-2558-03,mc,,มี,3,กำหนดให้ $z = a + bi$ โดยที่ $a$ และ $b$ เป็นจำนวนจริงที่ $ab > 0$ และ $i = \sqrt{-1}$ ถ้า $z^3 = i$ แล้วค่าขอ
pat1-2558-03-q31,pat1-2558-03,fill,,มี,8,"ให้ $P(S)$ แทนเพาเวอร์เซตของเซต $S$ ถ้า $A, B, C, D$ และ $E$ เป็นเซตจำกัด โดยที่ $P(D) = \{\, \emptyset, \{1\}"
pat1-2558-10-q02,pat1-2558-10,mc,,มี,4,"ให้ $S'$ แทนคอมพลีเมนต์ของ $S$ และ $n(S)$ แทนจำนวนสมาชิกของเซต $S$ ให้ $A, B$ และ $C$ เป็นเซตใด ๆ โดยที่ $A \c"
pat1-2558-10-q03,pat1-2558-10,mc,,มี,2,ให้ $A$ เป็นเซตคำตอบของอสมการ $\bigl| |x-1| - 1 \bigr| < 1$ และ $B$ เป็นเซตคำตอบของอสมการ $\dfrac{1}{x+1} \ge 
pat1-2558-10-q10,pat1-2558-10,mc,,มี,4,ให้วงกลม $C$ มีสมการเป็น $x^2 + y^2 + ax - 6y - 12 = 0$ เมื่อ $a > 0$ โดยระยะทางจากจุดศูนย์กลางของวงกลม $C$ ไป
pat1-2558-10-q11,pat1-2558-10,mc,,มี,2,ให้พาราโบลารูปหนึ่ง มีสมการเป็น $y^2 - 4y + 40x - 236 = 0$ โดยมี $V$ และ $F$ เป็นจุดยอด และโฟกัสของพาราโบลาตาม
pat1-2558-10-q14,pat1-2558-10,mc,,มี,0,กำหนดให้ $C$ เป็นเส้นโค้ง $y = 2 + x|x-1|$ เมื่อ $x$ เป็นจำนวนจริง ถ้า $L$ เป็นเส้นตรงที่สัมผัสกับเส้นโค้ง $C$
pat1-2558-10-q16,pat1-2558-10,mc,,มี,3,กำหนดให้ $\vec{A}$ และ $\vec{B}$ เป็นเวกเตอร์ในระนาบ โดยที่ $\vec{A} = 16\bar{i} + a\bar{j}$ และ $\vec{B} = 8\
pat1-2558-10-q19,pat1-2558-10,mc,,มี,1,กำหนดให้ $z$ เป็นจำนวนเชิงซ้อนที่สอดคล้องกับสมการ $(1+i)\bar{z} - \dfrac{(9-7i)(\bar{z}-z)}{3+i} = 6 - 2i$ เมื
pat1-2558-10-q22,pat1-2558-10,mc,,มี,3,คะแนนสอบวิชาคณิตศาสตร์ของนักเรียนห้องหนึ่ง มีการแจกแจงปกติ โดยมีสัมประสิทธิ์ของการแปรผันของคะแนนสอบวิชานี้เท่า
pat1-2558-10-q25,pat1-2558-10,mc,,มี,4,"ภายใต้อสมการข้อจำกัดต่อไปนี้ $x + 2y \le 4$, $x - y \le 1$, $x + y \ge 1$, $x \ge 0$ และ $y \ge 0$ สมการจุดประ"
pat1-2558-10-q29,pat1-2558-10,mc,มี,,1,"กำหนดข้อมูลชุดหนึ่ง ดังตารางแจกแจงความถี่ (อันตรภาคชั้น คะแนน : ความถี่) ได้แก่ ช่วง 0–2 ความถี่ 3, ช่วง 3–5 ค"
pat1-2558-10-q31,pat1-2558-10,fill,,มี,230,ในการสำรวจความชอบเรียนวิชาคณิตศาสตร์ วิชาภาษาไทย และวิชาภาษาอังกฤษ ของนักเรียนกลุ่มหนึ่ง พบว่า มีนักเรียนชอบเร
pat1-2558-10-q42,pat1-2558-10,fill,,มี,1.5,"ให้ $A$ เป็นเซตของจำนวนจริง $x$ ทั้งหมด ที่สอดคล้องกับอสมการ $\dfrac{\sqrt{2}\,x}{\sqrt{1+x} + \sqrt{1-x}} < \"
pat1-2559-03-q02,pat1-2559-03,mc,,มี,2,ในการสำรวจนักเรียนห้องหนึ่ง เกี่ยวกับความชอบเรียนวิชาคณิตศาสตร์ วิชาภาษาอังกฤษ และวิชาภาษาไทย พบว่านักเรียนในห
pat1-2559-03-q07,pat1-2559-03,mc,,มี,1,กำหนดเอกภพสัมพัทธ์คือ $\{ x \in \mathbb{R} \mid 0 < |x| < 2 \}$ เมื่อ $\mathbb{R}$ แทนเซตของจำนวนจริง ให้ $P(x
pat1-2559-03-q11,pat1-2559-03,mc,,มี,4,"ให้ $C$ เป็นวงกลมมีจุดศูนย์กลางอยู่ที่จุด $A$ เส้นตรง $3x + 4y = 35$ สัมผัสวงกลมที่จุด $(5, 5)$ ถ้าไฮเพอร์โบลา"
pat1-2559-03-q12,pat1-2559-03,mc,,มี,2,ให้ $\mathbb{R}$ แทนเซตของจำนวนจริง ถ้า $A$ เป็นเซตคำตอบของอสมการ $\sqrt{x+2} < \sqrt{3-x} + \sqrt{2x-1}$ แล้ว
pat1-2559-03-q13,pat1-2559-03,mc,,มี,2,กำหนดให้ $P$ เป็นพาราโบลารูปหนึ่งมีสมการเป็น $x^2 + 4x + 3y - 5 = 0$ และพาราโบลา $P$ ตัดแกน $x$ ที่จุด $A$ และ
pat1-2559-03-q15,pat1-2559-03,mc,,มี,0,"กำหนดให้ $A$ และ $B$ เป็นจุดสองจุดบนเส้นตรง $y = 2x + 1$ ถ้าจุด $C(-2, 2)$ เป็นจุดที่ทำให้ $|\overline{CA}| = "
pat1-2559-03-q16,pat1-2559-03,mc,,มี,2,ถ้าพาราโบลารูปหนึ่ง มีแกนสมมาตรทับกับแกน $y$ และผ่านจุดปลายของส่วนของเส้นตรง $2x + 3y - 6 = 0$ เมื่อ $x$ สอดคล
pat1-2559-03-q17,pat1-2559-03,mc,,มี,0,"ให้ $f$ เป็นฟังก์ชัน โดยที่ $f(x) = \begin{cases} x + b - 4 , & x \le a \\ x^2 + bx + a , & a < x \le b \\ 2bx"
pat1-2559-03-q19,pat1-2559-03,mc,,มี,1,กำหนดให้ $\mathbb{R}$ แทนเซตของจำนวนจริง ถ้า $A = \{ x \in \mathbb{R} \mid 3^{2x+10} - 4(3^{x+6}) + 27 \le 0 \
pat1-2559-03-q27,pat1-2559-03,mc,,มี,1,กำหนดข้อมูล $x$ และ $y$ มีความสัมพันธ์ ดังตาราง (ดูรูปประกอบ) โดยที่ $x$ และ $y$ มีความสัมพันธ์เชิงฟังก์ชันแบบ
pat1-2559-03-q32,pat1-2559-03,fill,,มี,45,ให้ $A$ แทนเซตของจำนวนเต็มทั้งหมดที่สอดคล้องกับสมการ $|\sqrt{x-1} - 2| + |\sqrt{x-1} - 3| = 1$ ผลบวกของสมาชิกท
pat1-2559-03-q33,pat1-2559-03,fill,,มี,5,กำหนดให้ $z$ เป็นจำนวนเชิงซ้อน โดยที่ $|z| = |z - 1 + i|$ และ $\operatorname{Re}\!\left(\dfrac{(1-2i)z}{3-i}\r
pat1-2559-03-q37,pat1-2559-03,fill,,มี,61,คะแนนสอบวิชาคณิตศาสตร์ของนักเรียนห้องหนึ่ง จำนวน 30 คน มีการแจกแจงปกติ และมีค่าเฉลี่ยเลขคณิตเท่ากับ 64 คะแนน น
pat1-2559-03-q41,pat1-2559-03,fill,,มี,20,"ให้ $\mathbb{R}$ แทนเซตของจำนวนจริง ให้ $r_1 = \{\,(x,y) \in \mathbb{R} \times \mathbb{R} \mid y \ge 0 \text{ "
pat1-2559-10-q06,pat1-2559-10,mc,,มี,2,ถ้า $A$ เป็นเซตคำตอบของอสมการ $\log_3(4^x + 137) < 2 + \log_3(1 + 2^{x+2})$ แล้ว $A$ เป็นสับเซตของช่วงในข้อใดต
pat1-2559-10-q08,pat1-2559-10,mc,,มี,3,ให้ $f$ เป็นฟังก์ชัน โดยที่ $f(x) = x^3 - 3x^2 + 4$ สำหรับทุกจำนวนจริง $x$ พิจารณาข้อความต่อไปนี้ (ก) ถ้า $0 <
pat1-2559-10-q10,pat1-2559-10,mc,,มี,2,กำหนดให้ $x$ และ $y$ เป็นจำนวนจริงที่สอดคล้องกับสมการ $|(1+i)(x+yi) - 3| = |3(1-i) - x - yi|$ เมื่อ $i^2 = -1$
pat1-2559-10-q11,pat1-2559-10,mc,,มี,3,ถ้า $\cos\theta = \dfrac{3}{5}$ และ $\pi < \theta < 2\pi$ แล้ว $100 \cot\dfrac{\theta}{2} \csc\dfrac{\theta}{2
pat1-2559-10-q12,pat1-2559-10,mc,,มี,2,"ให้ $f = \left\{ (x,y) \in \mathbb{R} \times \mathbb{R} \;\middle|\; y = \dfrac{x-1}{\sqrt{2-x-x^2}} \right\}$"
pat1-2559-10-q14,pat1-2559-10,mc,,มี,2,"กำหนดให้ $P = 4x + 5y$ เป็นฟังก์ชันจุดประสงค์ โดยมีอสมการข้อจำกัด ดังนี้ $x + 2y \geq 10$ , $3x + y \geq 8$ , "
pat1-2559-10-q17,pat1-2559-10,mc,,มี,3,ให้ $P$ เป็นพาราโบลาซึ่งมีสมการเป็น $x^2 + 8x + 4y + 12 = 0$ ถ้า $H$ เป็นไฮเพอร์โบลาที่มีแกนตามขวางขนานกับแกน 
pat1-2559-10-q18,pat1-2559-10,mc,,มี,0,กำหนดให้ $ABC$ เป็นสามเหลี่ยมโดยที่มีความยาวด้านตรงข้ามมุม $A$ มุม $B$ และมุม $C$ เท่ากับ $a$ หน่วย $b$ หน่วย 
pat1-2559-10-q19,pat1-2559-10,mc,,มี,3,กำหนดให้ $P$ เป็นพาราโบลามีสมการเป็น $y = ax^2 + bx + 5$ เมื่อ $a > 0$ และ $b < 0$ ถ้าระยะทางระหว่างโฟกัสกับจุ
pat1-2559-10-q22,pat1-2559-10,mc,,มี,0,กำหนดให้เส้นตรง $3x - 4y - 6 = 0$ ตั้งฉากกับเส้นตรง $x + ay + 3 = 0$ เมื่อ $a$ เป็นจำนวนจริง ถ้าเส้นตรงทั้งสอง
pat1-2559-10-q26,pat1-2559-10,mc,,มี,4,"ถ้า $a$ เป็นจำนวนจริงที่สอดคล้องกับ $\displaystyle\int_{-1}^{1} a(1 - x^2)\,dx = \int_{-1}^{1} \sqrt{1 - x^2}\"
pat1-2559-10-q27,pat1-2559-10,mc,,มี,1,"ให้ $A$ เป็นเซตคำตอบของอสมการ $(\log_9 4)^{x^2 + 2x} < \left(2^{\,2\log_2(\log_3 2)}\right)^{16 - x}$ แล้ว $A$"
pat1-2559-10-q31,pat1-2559-10,fill,,มี,4,ให้ $S'$ แทนคอมพลีเมนต์ของเซต $S$ และ $n(S)$ แทนจำนวนสมาชิกของเซต $S$ กำหนดให้ $\mathcal{U}$ แทนเอกภพสัมพัทธ์ 
pat1-2559-10-q34,pat1-2559-10,fill,,มี,1.5,"ให้ $A$ เป็นเซตของจำนวนจริง $x \in (0, 2\pi)$ ทั้งหมดที่สอดคล้องกับสมการ $\cos 2x + \sin x = \tan 225°$ ถ้า $\"
pat1-2559-10-q35,pat1-2559-10,fill,,มี,23,"กำหนดให้ $f(x) = |x - 1| + |x + 2|$ เมื่อ $-3 \le x \le 3$ ค่าของ $\displaystyle\int_{-3}^{3} f(x)\,dx$ เท่ากั"
pat1-2559-10-q37,pat1-2559-10,fill,,มี,4,ให้ $A$ แทนเซตของจำนวนจริงทั้งหมดที่สอดคล้องกับสมการ $\sqrt{3x - 5} + \sqrt{4x + 3} = \sqrt{2x - 3} + \sqrt{5x
pat1-2559-10-q40,pat1-2559-10,fill,,มี,64.25,ในการสอบวิชาคณิตศาสตร์ของนักเรียนห้องหนึ่ง คะแนนสอบมีค่าเฉลี่ยเลขคณิตและส่วนเบี่ยงเบนมาตรฐานเท่ากับ $a$ และ $b
pat1-2559-10-q45,pat1-2559-10,fill,,มี,20,กำหนดให้ $x \ge 0$ และ $y \ge 0$ ถ้า $\left(\dfrac{1}{\sqrt{2} - 1}\right)^{2x + 3y} \le (\sqrt{2} + 1)^{12}$ 
pat1-2560-03-q02,pat1-2560-03,mc,,มี,3,จากการสำรวจนักเรียนกลุ่มหนึ่งจำนวน $80$ คน เกี่ยวกับการเป็นสมาชิกของชมรม $3$ ชมรม คือ ชมรมคณิตศาสตร์ ชมรมการแส
pat1-2560-03-q10,pat1-2560-03,mc,,มี,0,"ให้ $C$ เป็นจุดศูนย์กลางของวงกลม $x^2 + y^2 - 2ky = 0$ เมื่อ $k > 0$ ให้ $T$ เป็นเส้นตรงที่ผ่านจุด $A(-5, 4)$ "
pat1-2560-03-q16,pat1-2560-03,mc,,มี,4,ให้ $P$ เป็นพาราโบลารูปหนึ่ง มีโฟกัสอยู่บนเส้นตรง $x + 2y = 4$ และสมการของแกนสมมาตรคือ $y = 3$ ถ้า $P$ มีเส้นไ
pat1-2560-03-q17,pat1-2560-03,mc,,มี,2,"ให้ $a, b$ และ $c$ เป็นจำนวนจริง ถ้ากราฟของ $f(x) = ax^2 + bx + c$ ผ่านจุด $(0, 1)$, $(1, 3)$ และจุด $(2, 2)$ "
pat1-2560-03-q18,pat1-2560-03,mc,,มี,3,ถ้า $A$ เป็นเซตคำตอบของอสมการ $x^2 + 2|x - 3| - 9 > 0$ และ $B$ เป็นเซตคำตอบของอสมการ $|x - 3| < 2$ แล้ว $A \ca
pat1-2560-03-q20,pat1-2560-03,mc,,มี,3,ถ้าคะแนนสอบวิชาหนึ่งของนักเรียนจำนวน $80$ คน มีการแจกแจงปกติและมีสัมประสิทธิ์ของส่วนเบี่ยงเบนควอไทล์เท่ากับ $\
pat1-2560-03-q21,pat1-2560-03,mc,,มี,3,"กำหนดให้ $R$ แทนเซตของจำนวนจริง ให้ $r = \{(x, y) \in R \times R \mid y = \sqrt{32x - 16x^2}\}$ ถ้า $A$ และ $B"
pat1-2560-03-q22,pat1-2560-03,mc,,มี,0,ถ้า $A$ เป็นเซตคำตอบของอสมการ $(x^2 - 2x - 16)\log_2(2 - \sqrt{3}) < \log_2(2 + \sqrt{3})$ แล้ว $A$ เป็นสับเซต
pat1-2560-03-q27,pat1-2560-03,mc,มี,,0,"ให้ $R_1, R_2, R_3, R_4, R_5$ เป็นรูปสี่เหลี่ยมมุมฉาก $5$ รูป มีข้อมูลดังตารางด้านล่าง โดยที่ $0 < x_i \le 10$"
pat1-2560-03-q30,pat1-2560-03,mc,,มี,1,"กำหนดให้เส้นตรง $L$ ผ่านจุด $A(2, 0)$ และจุด $B(-4, 8)$ ให้เส้นตรง $M$ ผ่านจุด $B$ และจุด $C(-a, 0)$ เมื่อ $a "
pat1-2560-03-q31,pat1-2560-03,fill,,มี,7,ให้ $A$ เป็นเซตของจำนวนจริง $x$ ทั้งหมดที่สอดคล้องกับอสมการ $\log_2 x + \log_3 x \ge (\log_2 x)(\log_3 x)$ และ
pat1-2560-03-q34,pat1-2560-03,fill,มี,,24,คะแนนสอบของนักเรียนกลุ่มหนึ่งมีการแจกแจงความถี่ ดังตารางข้างล่าง เมื่อ $a$ และ $b$ เป็นจำนวนเต็มบวก<br>ถ้าเปอร
pat1-2560-03-q35,pat1-2560-03,fill,มี,มี,62,คะแนนสอบวิชาคณิตศาสตร์ของนักเรียนกลุ่มหนึ่งมีการแจกแจงปกติ ถ้านักเรียนที่สอบได้คะแนนน้อยกว่า $74$ คะแนน มีจำนว
pat1-2560-03-q39,pat1-2560-03,fill,,มี,4,กำหนดให้ $z$ เป็นจำนวนเชิงซ้อนที่สอดคล้องกับสมการ $(1+i)\bar{z} + (3-i)z = 6 + 2i$<br>เมื่อ $i^2 = -1$ และ $\b
pat1-2560-03-q45,pat1-2560-03,fill,,มี,109,ให้ $a$ และ $b$ เป็นจำนวนจริงบวก กำหนดให้ $P = ax - 15y$ เป็นฟังก์ชันจุดประสงค์ โดยมีอสมการข้อจำกัด ดังนี้<br>
pat1-2561-02-q02,pat1-2561-02,mc,,มี,2,กำหนดเอกภพสัมพัทธ์ คือเซตคำตอบของอสมการ $x^2(x^2 - 1) \ge 0$ และให้ $P(x)$ แทน $|x| > 1$ $Q(x)$ แทน $x^2 - x \
pat1-2561-02-q03,pat1-2561-02,mc,,มี,3,เซตคำตอบของอสมการ $(\sqrt{1+x} + 1)(\sqrt{1+x} + x^2 + x - 13) < x$ เป็นสับเซตของช่วงในข้อใดต่อไปนี้
pat1-2561-02-q05,pat1-2561-02,mc,,มี,2,"ให้ $R$ แทนเซตของจำนวนจริง และให้ $r_1 = \{ (x, y) \in R \times R \mid y = \sqrt{3 - x} + \sqrt{2 + x} \}$ $r_"
pat1-2561-02-q08,pat1-2561-02,mc,,มี,3,"ให้ $E$ เป็นวงรีรูปหนึ่งมีจุดศูนย์กลางอยู่ที่จุด $(1, -2)$ และโฟกัสทั้งสองอยู่บนเส้นตรงที่ขนานกับแกน $x$ ถ้า $"
pat1-2561-02-q09,pat1-2561-02,mc,,มี,3,ให้ $a$ เป็นจำนวนจริงที่สอดคล้องกับอสมการ $\log_3(5(6^a) - 2^{2a+1}) > 2a + 1$ ข้อใดต่อไปนี้ถูกต้อง
pat1-2561-02-q12,pat1-2561-02,mc,,มี,1,กำหนดให้ $a$ และ $b$ เป็นจำนวนจริงบวก และให้ $P = ax + by$ เป็นฟังก์ชันจุดประสงค์ ภายใต้อสมการข้อจำกัดต่อไปนี้
pat1-2561-02-q17,pat1-2561-02,mc,,มี,3,"ให้จุด $A$ เป็นจุดบนเส้นตรง $3x + y + 4 = 0$ โดยที่จุด $A$ ห่างจากจุด $(-5, 6)$ และจุด $(3, 2)$ เป็นระยะเท่ากั"
pat1-2561-02-q20,pat1-2561-02,mc,,มี,0,"กำหนดตารางแสดงพื้นที่ใต้เส้นโค้งปกติมาตรฐานระหว่าง 0 ถึง $z$ ดังนี้ เมื่อ $z = 0.35,\ 0.5,\ 0.85,\ 1.00,\ 1.20"
pat1-2561-02-q21,pat1-2561-02,mc,,มี,4,"กำหนดข้อมูล $x_1, x_2, x_3, x_4$ โดยที่ $0 < x_1 \le x_2 \le x_3 \le x_4$ ถ้าข้อมูลชุดนี้มีค่าเฉลี่ยเลขคณิตเท่"
pat1-2561-02-q23,pat1-2561-02,mc,,มี,0,"ให้ $H$ เป็นไฮเพอร์โบลาที่มีแกนสังยุคอยู่บนเส้นตรง $x = 1$ และมีจุดยอดจุดหนึ่งอยู่ที่ $(0, 2)$ ถ้า $H$ ผ่านจุด"
pat1-2561-02-q25,pat1-2561-02,mc,,มี,2,"กำหนดให้ $\mathcal{U} = \{ -5, -4, 0, 1, 2, 3, 4 \}$ $A = \{\, x \in \mathcal{U} \mid 2x - 1 \notin \mathcal{U"
pat1-2561-02-q30,pat1-2561-02,mc,,มี,0,"ให้ $R$ แทนเซตของจำนวนจริง และให้ $r = \{\, (x, y) \in R \times R \mid y < x - 2 \,\}$ พิจารณาข้อความต่อไปนี้ "
pat1-2562-02-q03,pat1-2562-02,mc,,มี,4,ให้ $A$ เป็นเซตของจำนวนเต็มทั้งหมดที่สอดคล้องกับอสมการ $|x^2 - 2x| - x \le 4$ จำนวนสมาชิกของเพาเวอร์เซตของ $A$
pat1-2562-02-q04,pat1-2562-02,mc,,มี,4,เซตคำตอบของอสมการ $2^{2x+1} + 3^{2x+1} \le 5(6^x)$ เป็นสับเซตของช่วงในข้อใดต่อไปนี้
pat1-2562-02-q08,pat1-2562-02,mc,,มี,1,ให้พาราโบลารูปหนึ่งมีสมการ $y = x^2 + 1$ สร้างรูปสามเหลี่ยม $ABC$ โดยที่จุด $A$ เป็นจุดยอดของพาราโบลา จุด $B(x
pat1-2562-02-q10,pat1-2562-02,mc,,มี,2,"ให้ $y = f(x)$ เป็นเส้นโค้งผ่านจุด $(0, 1)$ และจุด $(1, 1)$ และเส้นสัมผัสของเส้นโค้งที่จุด $(x, y)$ ใดๆ มีความ"
pat1-2562-02-q14,pat1-2562-02,mc,,มี,2,วงกลมวงหนึ่งมีสมการเป็น $x^2 + y^2 - 4x - 2y + 1 = 0$ และสัมผัสกับแกน $y$ ที่จุด $P$ ให้ $L$ เป็นเส้นตรงผ่านจุ
pat1-2562-02-q15,pat1-2562-02,mc,,มี,3,กำหนดให้ $ABC$ เป็นรูปสามเหลี่ยม โดยที่มีความยาวของด้านตรงข้ามมุม $A$ มุม $B$ และมุม $C$ เท่ากับ $a$ หน่วย $b$
pat1-2562-02-q16,pat1-2562-02,mc,,มี,4,กำหนดให้ $H$ เป็นไฮเพอร์โบลา ซึ่งมีสมการเป็น $x^2 - 3y^2 - 3 = 0$ และให้ $F$ เป็นโฟกัสของไฮเพอร์โบลา $H$ ที่อย
pat1-2562-02-q18,pat1-2562-02,mc,,มี,4,"ให้ $n(S)$ แทนจำนวนสมาชิกของเซต $S$ ถ้า $A, B$ และ $C$ เป็นเซต โดยที่ $n(A) = 10$, $n(A \cap B) = 4$, $n(A \ca"
pat1-2562-02-q19,pat1-2562-02,mc,,มี,1,"ให้ $\vec{a}, \vec{b}$ และ $\vec{c}$ เป็นเวกเตอร์บนระนาบ โดยที่ $\vec{a} + \vec{b} + \vec{c} = \vec{0}$ และมุม"
pat1-2562-02-q20,pat1-2562-02,mc,,มี,3,ให้ $z$ เป็นจำนวนเชิงซ้อน โดยที่ $|z - 2 + i| = |z + 2 - 2i|$ และ $|z + 1| = |z + i|$ เมื่อ $|z|$ แทนค่าสัมบูร
pat1-2562-02-q22,pat1-2562-02,mc,,มี,1,"กำหนดให้ $f(x)$ เป็นพหุนามกำลังสองซึ่งมีสัมประสิทธิ์เป็นจำนวนจริง ถ้าเส้นโค้ง $y = f(x)$ ผ่านจุด $(2, 2)$ และม"
pat1-2562-02-q23,pat1-2562-02,mc,,มี,3,ให้ $\bar{a}$ และ $\bar{b}$ เป็นเวกเตอร์หนึ่งหน่วย ถ้า $\bar{a} + \bar{b}$ เป็นเวกเตอร์หนึ่งหน่วย แล้วขนาดของเ
pat1-2562-02-q26,pat1-2562-02,mc,,มี,0,ให้ $\mathbb{R}$ แทนเซตของจำนวนจริง ให้ $f : \mathbb{R} \to \mathbb{R}$ เป็นฟังก์ชันที่มีอนุพันธ์และสอดคล้องกั
pat1-2562-02-q28,pat1-2562-02,mc,,มี,3,กำหนดตารางแสดงพื้นที่ใต้เส้นโค้งปกติมาตรฐานระหว่าง $0$ ถึง $z$ ดังนี้ $\begin{array}{|c|c|c|c|c|c|} \hline z &
pat1-2562-02-q29,pat1-2562-02,mc,,มี,2,กำหนดให้สมการจุดประสงค์ $P = ax + by$ เมื่อ $0 < a < b \le 2a$ และมีอสมการข้อจำกัดดังนี้ $x + 3y \le 12$ $x + 
pat1-2562-02-q34,pat1-2562-02,fill,,มี,20,กำหนดให้ $ABC$ เป็นรูปสามเหลี่ยมมุมฉาก โดยที่มุม $C$ เป็นมุมฉาก และมุม $A$ สอดคล้องกับสมการ $2\cos 2A - 8\sin 
pat1-2562-02-q35,pat1-2562-02,fill,,มี,24,"กำหนดให้ $U = \{1, 2, 3, \ldots, 10\}$ และให้ $A$ และ $B$ เป็นสับเซตของ $U$ โดยที่ $A \cap B = \{1, 9\}$, $(A "
pat1-2563-02-q03,pat1-2563-02,mc,,มี,4,"ให้ $A, B$ และ $C$ เป็นเซตใด ๆ พิจารณาข้อความต่อไปนี้ (ก) ถ้า $B \cap C = \varnothing$ และ $A \subset (B \cup "
pat1-2563-02-q04,pat1-2563-02,mc,,มี,1,"ให้ $A = \{-3, -2, -1, 0, 1, 2, 3\}$ และ $r = \{ (x, y) \in A \times A \mid y = |x| - 2 \}$ ให้ $D_r$ และ $R_r"
pat1-2563-02-q05,pat1-2563-02,mc,,มี,1,"ให้ $n(S)$ แทนจำนวนสมาชิกของเซต $S$ ถ้า $A, B$ และ $C$ เป็นเซต โดยที่ $n(A) + n(B) + n(C) = 199$, $n(A \cup B "
pat1-2563-02-q10,pat1-2563-02,mc,,มี,3,กำหนดให้ฟังก์ชันจุดประสงค์ $P = 4x + y$ และอสมการข้อจำกัดดังนี้ $x + ay \le 3$ เมื่อ $a$ เป็นจำนวนจริงบวก $3x 
pat1-2563-02-q13,pat1-2563-02,mc,,มี,2,"ข้อมูลชุดหนึ่งมี 6 จำนวน จัดเรียงข้อมูลจากน้อยไปมากดังนี้ $a, 5, 7, b, 11, c$ เมื่อ $a, b$ และ $c$ เป็นจำนวนจร"
pat1-2563-02-q17,pat1-2563-02,mc,,มี,3,ให้ $a$ และ $b$ เป็นจำนวนจริงที่ไม่เท่ากับศูนย์ และให้ $f(x) = ax^2 + bx + 1$ สำหรับทุกจำนวนจริง $x$ และ $f(-1
pat1-2563-02-q20,pat1-2563-02,mc,,มี,0,"ให้ $L$ เป็นเส้นตรงซึ่งจุดทุกจุดบนเส้นตรง $L$ อยู่ห่างจากจุด $(-1, -1)$ และจุด $(7, 5)$ เป็นระยะทางเท่ากัน ระย"
pat1-2563-02-q23,pat1-2563-02,mc,,มี,2,ถ้า $A$ เป็นเซตคำตอบของอสมการ $x + \dfrac{1}{x} \ge 0$ และ $B$ เป็นเซตคำตอบของอสมการ $2x^2 - 3x \ge 7x - 12$ แ
pat1-2563-02-q24,pat1-2563-02,mc,,มี,3,ถ้า $A$ เป็นเซตคำตอบของ $|3 - 2x - x^2| = x^2 + 2x - 3$ และ $B$ เป็นเซตคำตอบของ $|x^2 + x| \le 12$ แล้วเซต $A 
pat1-2563-02-q25,pat1-2563-02,mc,,มี,3,ให้ $\bar{z}$ แทนสังยุค (conjugate) ของจำนวนเชิงซ้อน $z$ และ $i^2 = -1$ ถ้า $z - (1 + i)$ เป็นจำนวนจินตภาพแท้ 
pat1-2563-02-q33,pat1-2563-02,mc,,มี,0,กำหนดให้ $f$ เป็นฟังก์ชันต่อเนื่องบนเซตของจำนวนจริง โดยที่ $f'(x) = \begin{cases} x & \text{เมื่อ } x < 1 \\ x
pat1-2563-02-q35,pat1-2563-02,mc,,มี,1,โรงงานผลิตสินค้าแห่งหนึ่งสำรวจยอดขายสินค้าและจำนวนสินค้าที่ผลิตในแต่ละเดือนของปีหนึ่ง (12 เดือน) โดยให้ $x$ คื
pat1-2563-02-q37,pat1-2563-02,fill,,มี,,ให้ $\sec A = -\dfrac{5}{3}$ และ $\sin A > 0$ เมื่อ $0 < A < 2\pi$ ค่าของ $\dfrac{5\sin A + \cot A}{1 + \cot A
pat1-2563-02-q41,pat1-2563-02,fill,,มี,,ให้ $c$ เป็นจำนวนจริง และให้ $f(x) = -x^3 - 12x^2 - 45x + c$ สำหรับทุกจำนวนจริง $x$ ถ้าค่าสูงสุดสัมพัทธ์ของ $f
pat1-2563-02-q42,pat1-2563-02,fill,,มี,,กำหนดให้ $F_1$ และ $F_2$ เป็นโฟกัสของไฮเพอร์โบลารูปหนึ่ง ซึ่งมีสมการเป็น $5x^2 - 4y^2 - 10x - 16y = 31$ ถ้า $a
pat1-2563-02-q45,pat1-2563-02,fill,,มี,,"กำหนดตารางแสดงพื้นที่ใต้เส้นโค้งปกติมาตรฐานระหว่าง $0$ ถึง $z$ ดังนี้ ที่ $z = 0.7$ พื้นที่ $= 0.2580$, ที่ $z"
pat1-2564-03-q02,pat1-2564-03,mc,,มี,0,กำหนดให้ $n$ เป็นจำนวนเต็มบวก เซตของจำนวนจริง $x$ ทั้งหมดที่ทำให้ $(x+3)^2+(x+3)^4+(x+3)^6+\cdots+(x+3)^{2n}+\
pat1-2564-03-q09,pat1-2564-03,mc,,มี,3,"กำหนดพาราโบลามีโฟกัสอยู่ที่จุด $(8,1)$ และ $x=10$ เป็นเส้นไดเรกตริกซ์ ให้ $P_1$ และ $P_2$ เป็นจุดตัดของพาราโบล"
pat1-2564-03-q10,pat1-2564-03,mc,,มี,4,เทศบาลแห่งหนึ่งออกแบบสะพานข้ามแม่น้ำให้มีราวเหล็กโค้งเป็นรูปพาราโบลา เชื่อมต่อระหว่างเสาของสะพานสองต้น เสาแต่ล
pat1-2564-03-q16,pat1-2564-03,mc,,มี,1,กำหนดให้ $f(x)=\dfrac{1}{2}\cos\left(\dfrac{\pi x}{2}\right)$ และ $g(x)=2\sin(2x)$ พิจารณาข้อความต่อไปนี้ ก) ฟ
pat1-2564-03-q17,pat1-2564-03,mc,,มี,4,เครื่องเล่นชิ้นหนึ่งประกอบด้วยกระดานลื่นและตาข่ายปีนป่าย โดยกระดานลื่น $\overline{AB}$ ยาว 1.5 เมตร ทำมุม 15 อ
pat1-2564-03-q21,pat1-2564-03,mc,,มี,1,กำหนดให้รูปสามเหลี่ยม $ABC$ มีมุม $B$ เป็นมุมฉาก และ $\overline{BD}$ ตั้งฉากกับ $\overline{AC}$ (จุด $D$ อยู่บ
pat1-2564-03-q22,pat1-2564-03,mc,,มี,1,ตึกหนึ่งและตึกสองตั้งอยู่บนพื้นราบในแนวเส้นตรงเดียวกัน โดยตึกสองสูงกว่าตึกหนึ่ง และมีแนวรั้วกั้นระหว่างตึกทั้ง
pat1-2564-03-q24,pat1-2564-03,mc,,มี,4,"กำหนดให้ $f$ เป็นฟังก์ชันต่อเนื่องบนช่วงเปิด $(0,6)$ และกราฟของ $f'$ (อนุพันธ์ของ $f$) มีลักษณะดังนี้: บนช่วง "
pat1-2564-03-q25,pat1-2564-03,mc,,มี,2,"กำหนดให้ $f(x)=\dfrac{1}{60}x(x^2-49)$ เมื่อ $x$ เป็นจำนวนจริง และให้ $A$, $B$ และ $C$ เป็นพื้นที่ของบริเวณที่"
pat1-2564-03-q30,pat1-2564-03,mc,,มี,1,ร้านขายขนมปังแห่งหนึ่ง สามารถผลิตขนมปังได้ไม่เกินวันละ 60 ก้อน โดยมีต้นทุนการผลิตขนมปังก้อนละ 20 บาท และมีค่าใ
pat1-2564-03-q32,pat1-2564-03,mc,,มี,2,"(สถานการณ์ข้อ 32–33) กำหนดทรงกลมรัศมียาว 9 หน่วย มีจุดศูนย์กลางอยู่ที่จุด $O(0,0,0)$ จุด $P_1, P_2$ และ $P_3$ "
pat1-2564-03-q33,pat1-2564-03,mc,,มี,3,"(สถานการณ์ข้อ 32–33 ใช้เวกเตอร์บนทรงกลมรัศมี 9 หน่วยที่มีจุดศูนย์กลาง $O(0,0,0)$ โดย $\overline{OP_1}=\begin{b"
pat1-2564-03-q36,pat1-2564-03,fill,,มี,,โรงเรียนแห่งหนึ่งสำรวจความชอบของนักเรียนที่เข้าร่วมกิจกรรมค่าย ซึ่งประกอบด้วยฐานวิทยาศาสตร์และฐานคณิตศาสตร์ พบ
pat1-2564-03-q39,pat1-2564-03,fill,,มี,,"กำหนดให้ $P(8,-7)$ เป็นจุดบนเส้นตรง $l_1$ ซึ่งมีสมการเป็น $x+y=1$ $l_2$ เป็นเส้นตรงซึ่งมีสมการเป็น $-x+y=1$ แล"
pat1-2564-03-q40,pat1-2564-03,fill,,มี,,"จากการสำรวจความสูงของนักเรียน 1,000 คน พบว่า ความสูงของนักเรียนมีการแจกแจงปกติที่มีค่าเฉลี่ยเท่ากับ 160 เซนติเ"
pat1-2564-03-q41,pat1-2564-03,fill,,มี,,ในช่วงเทศกาลวันปีใหม่ ร้านเบเกอรีแห่งหนึ่งผลิตเค้กสูตรพิเศษที่มีข้อจำกัดในการผลิต จึงจะผลิตตามสั่งได้ไม่เกิน 1
pat1-2564-03-q44,pat1-2564-03,fill,,มี,,"กำหนดให้ $A$ เป็นเซตของจำนวนเชิงซ้อนทั้งหมดที่สอดคล้องกับ $|z-2+i|=|3-4i|$ และ $B=\{\,|z-8-7i|\ :\ z\in A\,\}$"
pat1-2564-03-q45,pat1-2564-03,fill,,มี,,กำหนดให้ $f$ เป็นฟังก์ชัน โดยที่ $f(x)=\begin{cases}x+5 & \text{เมื่อ } x > a\\x+1 & \text{เมื่อ } x\le a\end{
pat1-2565-03-q01,pat1-2565-03,mc,,มี,1,"ให้ $A = \{\, x \in \mathbb{R} \mid \dfrac{1}{5}|x-3| < 1 \,\}$ และ $B = \{\, x \in \mathbb{R} \mid -3 < x \le"
pat1-2565-03-q06,pat1-2565-03,mc,,มี,1,"ถ้า $A = \{\, x \in \mathbb{R} \mid \left| \dfrac{2-x}{x+3} \right| < 3 \,\}$ แล้วเซต $\mathbb{Z} - A$ มีสมาชิ"
pat1-2565-03-q07,pat1-2565-03,mc,,มี,1,ให้ $f$ และ $g$ เป็นฟังก์ชันที่มีโดเมนเป็นสับเซตของจำนวนจริง โดยที่ $f(x) = \sqrt{1 + x^2}$ และ $g(x) = \sqrt{
pat1-2565-03-q08,pat1-2565-03,mc,,มี,4,ให้ $f(t) = c\left(\dfrac{1}{2}\right)^{\frac{t}{4}}$ แทนปริมาณคาเฟอีนในเลือดของคน (มิลลิกรัมต่อลิตร) เมื่อดื่
pat1-2565-03-q09,pat1-2565-03,mc,,มี,2,"ถ้า $a$ เป็นจำนวนจุดตัดของกราฟ $y = 3\cos x + 3$ กับกราฟ $y = 1$ บนช่วง $[0, 2\pi)$ $b$ เป็นจำนวนจุดตัดของกราฟ"
pat1-2565-03-q10,pat1-2565-03,mc,,มี,0,"ให้จุด $P_1$ และ $P_2$ เป็นจุดบนวงกลมหนึ่งหน่วย โดยที่จุด $P_1$ มีพิกัดเป็น $(1, 0)$ และส่วนโค้ง $P_1 P_2$ ยาว"
pat1-2565-03-q11,pat1-2565-03,mc,,มี,4,เจตออกแบบการติดตั้งแผงโซลาร์เซลล์รูปสี่เหลี่ยมจัตุรัสที่แต่ละด้านยาว 1 เมตร บนหลังคาบ้าน โดยมีขาตั้งที่ปลายด้า
pat1-2565-03-q16,pat1-2565-03,mc,มี,,3,"ในวันที่ 1 มกราคม 2565 ต้นน้ำฝากเงิน 10,000 บาท เข้าบัญชีธนาคารได้รับอัตราดอกเบี้ย 4% ต่อปี โดยคิดดอกเบี้ยแบบท"
pat1-2565-03-q17,pat1-2565-03,mc,มี,มี,2,สนามแห่งหนึ่งวางหมุดเป็นตารางจุด 100 จุด แต่ละหมุดที่ติดกันแนวตั้งและแนวนอนห่างกัน 1 เมตร ดังรูป แก้มปักเสา 3 
pat1-2565-03-q18,pat1-2565-03,mc,,มี,4,กราฟแสดงจำนวนเชิงซ้อน $z$ ทั้งหมดที่ส่วนจริงของ $(\bar{z} + 6i)(\bar{z} - 4)$ เท่ากับ 0 เป็นกราฟชนิดใดในระนาบเ
pat1-2565-03-q19,pat1-2565-03,mc,,มี,4,"วางหุ่นยนต์จิ๋วไว้ที่จุด $A(4, 5)$ สร้างรูปสี่เหลี่ยม $B$ ที่มีจุดยอด $(1,5), (5,6), (5,8), (3,9)$ และรูปสามเห"
pat1-2565-03-q22,pat1-2565-03,mc,มี,มี,0,จากการสำรวจนักเรียน ม.6 จำนวน 27 คน ที่สมัครสอบ PAT ปีการศึกษา 2564 มีรายละเอียดจำนวนวิชาที่สมัครสอบดังตาราง แ
pat1-2565-03-q24,pat1-2565-03,mc,,มี,1,กำหนดกราฟของฟังก์ชัน $f$ ดังรูป ข้อใด<b>ไม่</b>ถูกต้อง
pat1-2565-03-q25,pat1-2565-03,mc,,มี,4,ให้ $f(x) = 8 - x^2$ และ $g(x) = x^2$ สำหรับทุกจำนวนจริง $x$ กราฟของ $f$ และ $g$ ตัดกันดังรูป ส่วนที่แรเงา (ใน
pat1-2565-03-q27,pat1-2565-03,mc,,มี,0,ร้านอิ่มใจและร้านพอใจซื้อปากกาแพ็กสุดคุ้ม (ราคาแพ็กละ 60 บาท) มาขายต่อ โดยแต่ละร้านซื้ออย่างน้อย 10 แพ็ก แต่ไม
pat1-2565-03-q28,pat1-2565-03,mc,มี,มี,2,ในเมืองหนึ่งมีบริษัทแท็กซี่ 2 บริษัท เก็บค่าโดยสารตามตาราง พิจารณาข้อความ ก) ให้ $x$ เป็นระยะทาง (กม.) ฟังก์ชั
pat1-2565-03-q30,pat1-2565-03,mc,,มี,0,"ให้วงรี $E$ มี $F_1$ และ $F_2$ เป็นจุดโฟกัส, วงกลม $C$ มีจุดศูนย์กลางที่ $F_1$, และวงกลม $D$ มีจุดศูนย์กลางบนว"
pat1-2565-03-q31,pat1-2565-03,mc,,มี,2,สร้างระบบพิกัดฉากสองมิติให้จุดศูนย์กลางของวงกลม $C$ อยู่ที่จุดกำเนิด และโฟกัสทั้งสองของวงรี $E$ อยู่บนแกน $X$ 
pat1-2565-03-q34,pat1-2565-03,mc,มี,มี,0,ความสูงของต้นมะค่าโมงมีการแจกแจงปกติ ค่าเฉลี่ย 15 เมตร ส่วนเบี่ยงเบนมาตรฐาน 5 เมตร (ใช้ตารางพื้นที่ใต้เส้นโค้ง
pat1-2565-03-q35,pat1-2565-03,mc,มี,มี,3,ความยาวเส้นผ่านศูนย์กลางของต้นมะค่าโมงมีการแจกแจงปกติ ส่วนเบี่ยงเบนมาตรฐาน 5 เซนติเมตร (ใช้ตารางพื้นที่ใต้เส้น
pat1-2565-03-q36,pat1-2565-03,fill,,มี,51,"สำรวจการลงทะเบียนเรียนวิชาภาษาต่างประเทศของนักศึกษา 180 คน ได้จำนวนผู้ลงแต่ละวิชาตามแผนภูมิแท่ง (จีน 56, อังกฤ"
pat1-2565-03-q37,pat1-2565-03,fill,,มี,5,"กำหนดกราฟของ $f(x) = \log_2 x + \log_{\frac{1}{5}} a$ เมื่อ $a$ เป็นจำนวนจริงบวก ดังรูป (กราฟผ่านจุด $(2, 0)$)"
pat1-2565-03-q38,pat1-2565-03,fill,,มี,17,ติดตั้งกล้องวงจรปิดที่บันทึกภาพได้ไม่เกิน 60 องศากับเส้นที่ตั้งฉากกับพื้นที่จุด $P$ (กล้องอยู่สูงจาก $P$ 5 เมต
pat1-2565-03-q42,pat1-2565-03,fill,,มี,0.1,จากข้อมูลผู้ป่วยไข้หวัดใหญ่ของโรงพยาบาลแห่งหนึ่งในเดือนตุลาคม พ.ศ. 2564 พบว่า • ความน่าจะเป็นที่ผู้ป่วยไม่มีโร
pat1-2565-03-q43,pat1-2565-03,fill,,มี,36,"ร้านหนึ่งทำซาลาเปาไส้ใหม่ 3 ไส้ (ไข่เค็มลาวา, ช็อกโกแลตลาวา, ผักรวมมิตร) สำรวจความชอบของลูกค้า 3 วัน โดยให้เลื"
pat1-2565-03-q44,pat1-2565-03,fill,,มี,2,ให้จุด $A$ และ $B$ เป็นจุดบนพาราโบลา $9x^2 + 10y = 81$ ถ้าเส้นสัมผัสพาราโบลาที่จุด $A$ และเส้นสัมผัสที่จุด $B$
pat1-2565-03-q45,pat1-2565-03,fill,,มี,18,"ให้ $a$ เป็นจำนวนจริงบวก ถ้าบริเวณที่ปิดล้อมด้วยเส้นโค้ง $y = ax^2 + 2$, แกน $X$, เส้นตรง $x = 0$ และเส้นตรง $"
samn-2555-01-q01,samn-2555-01,fill,,มี,6,"ถ้าเซตคำตอบของอสมการ $|3 - 2x| - |3x - 7| \ge 0$ คือช่วง $[a, b]$ แล้ว $a + b$ มีค่าเท่ากับเท่าใด"
samn-2555-01-q03,samn-2555-01,fill,,มี,9,$\sec^2\!\left(2\tan^{-1}\sqrt{2}\right)$ มีค่าเท่ากับเท่าใด
samn-2555-01-q04,samn-2555-01,fill,,มี,3,"กำหนดให้ $O$ เป็นจุดกำเนิด $A = (1, -4, -3)$ และ $B = (3, -6, 2)$ ถ้า $C$ เป็นจุดบน $\overline{OB}$ ซึ่งทำให้ "
samn-2555-01-q09,samn-2555-01,fill,,มี,3,กำหนดให้ $L_1$ เป็นเส้นตรงซึ่งมีสมการเป็น $4x - 3y + 10 = 0$ และ $L_2$ เป็นเส้นสัมผัสของเส้นโค้ง $y = x^2 - \d
samn-2555-01-q10,samn-2555-01,fill,,มี,8,"$\displaystyle\int_0^2 6x|x - 2|\,dx$ มีค่าเท่ากับเท่าใด"
samn-2555-01-q12,samn-2555-01,mc,,มี,4,ถ้า $z$ เป็นจำนวนเชิงซ้อนซึ่งมี $\operatorname{Im}(z) > 0$ และสอดคล้องกับสมการ $\left(z + \dfrac{\sqrt{3}}{2}\
samn-2555-01-q15,samn-2555-01,mc,,มี,2,กำหนดให้ $H$ เป็นไฮเพอร์โบลาซึ่งมีสมการเป็น $9x^2 - 72x - 16y^2 - 32y = 16$ ถ้า $E$ เป็นวงรีซึ่งมีจุดยอดอยู่ที
samn-2555-01-q19,samn-2555-01,mc,,มี,2,"ถ้า $S_1 = \left\{\,x \;\middle|\; \log_{1/2}(x+1) + 2\log_{1/4}(x+2) - \log_{1/2}(9x - 3) \le 0\,\right\}$ แล"
samn-2555-01-q22,samn-2555-01,mc,มี,มี,0,น้ำหนักของถุงซึ่งบรรจุอาหารขายส่งของบริษัทแห่งหนึ่งมีการแจกแจงปกติ ถ้าถุงที่มีน้ำหนักเกิน $117.8$ กรัม มีอยู่ 
samn-2555-01-q23,samn-2555-01,mc,,มี,3,"พาราโบลารูปหนึ่งมีแกนสมมาตรขนานกับแกน $Y$ มีจุดยอดอยู่ที่จุด $(3, 9)$ และผ่านจุด $(1, 5)$ บริเวณที่ปิดล้อมด้วย"
samn-2556-01-q01,samn-2556-01,fill,,มี,4,จำนวนเต็มที่สอดคล้องกับอสมการ $\dfrac{(x+1)(x-3)}{x(2x+1)} \le 0$ มีทั้งหมดกี่จำนวน
samn-2556-01-q07,samn-2556-01,fill,มี,,0.2,ตารางแจกแจงความถี่สะสมของคะแนนสอบวิชาคณิตศาสตร์ของนักเรียนกลุ่มหนึ่งเป็นดังตาราง ถ้าสุ่มนักเรียนมาหนึ่งคนจากกล
samn-2556-01-q10,samn-2556-01,fill,,มี,12,"ค่าสูงสุดสัมบูรณ์ของฟังก์ชัน $f(x) = x^3 + 3x^2 - 9x + 1$ บนช่วง $[-1, 2]$ มีค่าเท่ากับเท่าใด"
samn-2556-01-q11,samn-2556-01,mc,,มี,0,"ถ้า $S = \{\,x \mid x \text{ เป็นจำนวนเต็มที่สอดคล้องกับอสมการ } \log[\,x(x - 15)\,] \le 2\,\}$ แล้วจำนวนสมาชิ"
samn-2556-01-q14,samn-2556-01,mc,,มี,4,ในระบบพิกัดฉากที่มี $O$ เป็นจุดกำเนิด วงรีรูปหนึ่งมีสมการเป็น $\dfrac{(x-3)^2}{9} + \dfrac{(y-5)^2}{25} = 1$ ถ
samn-2556-01-q21,samn-2556-01,mc,มี,มี,1,อายุการใช้งานของถ่านไฟฉายชนิดหนึ่งมีการแจกแจงปกติ มีค่าเฉลี่ยเลขคณิตเท่ากับ $\mu$ นาที และส่วนเบี่ยงเบนมาตรฐาน
samn-2556-01-q27,samn-2556-01,mc,,มี,3,"ถ้า $A$ และ $B$ เป็นเซตของจำนวนเชิงซ้อน โดยที่ $A = \{\,z \mid |z - 1| + |z - 5| = 6\,\}$ และ $B = \{\,z \mid "
samn-2556-01-q30,samn-2556-01,mc,,มี,2,กำหนดให้กราฟของ อนุพันธ์ของฟังก์ชัน $f$ เป็นดังรูป  นักเรียนคนหนึ่งได้สรุปว่า $f$ ต้องเป็นดังข้อความต่อไปนี้  
samn-2557-01-q07,samn-2557-01,fill,มี,,15.42,โรงเรียนอนุบาลแห่งหนึ่งมีนักเรียนอยู่ $4$ ห้อง ครูบันทึกค่าเฉลี่ยของน้ำหนักของนักเรียนแต่ละห้องไว้ตามตารางต่อไ
samn-2557-01-q12,samn-2557-01,mc,,มี,4,"กำหนดให้ $z_1, z_2$ และ $z_3$ เป็นรากที่ $3$ ของจำนวนเชิงซ้อนจำนวนหนึ่ง ถ้า $z_1 = \sqrt{2}(\cos 15^\circ + i\"
samn-2557-01-q16,samn-2557-01,mc,,มี,1,ถ้า $F$ เป็นโฟกัสที่อยู่ในควอดรันต์ที่ $1$ ของไฮเพอร์โบลา $\dfrac{x^2}{9} - \dfrac{(y-2)^2}{16} = 1$ แล้ว วงกล
samn-2557-01-q20,samn-2557-01,mc,มี,,3,ในการสอบวิชาคณิตศาสตร์ ณ โรงเรียนแห่งหนึ่ง ครูได้กำหนดไว้ว่า ผู้ที่จะได้เกรด $A$ จะต้องสอบให้ได้คะแนนอยู่ในกลุ
samn-2557-01-q21,samn-2557-01,mc,,มี,0,"กำหนดให้ $S = \{1, 2, 3, \dots, 10\}$ และ $M = \{\,(x, y) \mid x, y \in S\,\}$ ถ้าสุ่มหยิบ $(x, y)$ จาก $M$ มา"
samn-2557-01-q22,samn-2557-01,mc,มี,มี,0,ในการสอบครั้งหนึ่ง คะแนนสอบมีการแจกแจงปกติ ถ้าจำนวนนักเรียนที่สอบได้มากกว่า $80$ คะแนน มี $10\%$ ของจำนวนนักเร
samn-2557-01-q24,samn-2557-01,mc,,มี,1,"กำหนดให้เส้นโค้ง $y = f(x)$ ผ่านจุด $(1, 0)$ และมีความชันของเส้นโค้งที่จุด $(x, y)$ ใด ๆ เท่ากับ $4x + 1$ ถ้า "
samn-2557-01-q30,samn-2557-01,mc,,มี,3,กำหนดให้ฟังก์ชัน $f(x) = \begin{vmatrix}x & x & x\\ 0 & x - 3 & x\\ 0 & 0 & x + 3\end{vmatrix}$ ถ้า $m$ และ $M
samn-2558-01-q03,samn-2558-01,fill,,มี,0.8,"วงรีรูปหนึ่งมีโฟกัสอยู่ที่ $F_1(2, 1)$ และ $F_2(2, 9)$ ถ้า $P$ เป็นจุดบนวงรีโดยที่ $PF_1 + PF_2 = 10$ แล้วความ"
samn-2558-01-q12,samn-2558-01,mc,,มี,3,จำนวนเต็ม $x$ ที่สอดคล้องกับอสมการ $\big||100 + x| - |100 - x|\big| < 100$ มีจำนวนทั้งหมดเท่ากับข้อใดต่อไปนี้
samn-2558-01-q13,samn-2558-01,mc,,มี,2,ถ้า $A$ และ $B$ เป็นเซตของจำนวนเชิงซ้อน โดยที่ $A = \{z \mid z^{12} = 1\}$ และ $B = \{z \mid z^{18} - z^9 - 2 
samn-2558-01-q15,samn-2558-01,mc,,มี,4,กำหนดให้ $H$ เป็นไฮเพอร์โบลา $\dfrac{x^2}{8} - \dfrac{y^2}{2} = 1$ และ $P$ เป็นจุดบน $H$ พิจารณาข้อความต่อไปนี
samn-2558-01-q16,samn-2558-01,mc,,มี,0,กำหนดให้ $ABC$ เป็นรูปสามเหลี่ยมซึ่งมีด้าน $AB$ และ $AC$ ยาวเท่ากับ $3$ หน่วย และ $5$ หน่วยตามลำดับ ถ้า $\arcc
samn-2558-01-q21,samn-2558-01,mc,มี,มี,1,คะแนนสอบของนักเรียนกลุ่มหนึ่ง มีการแจกแจงปกติ โดยมีส่วนเบี่ยงเบนมาตรฐานเท่ากับ $10$ คะแนน ถ้านักเรียนที่สอบได้
samn-2558-01-q22,samn-2558-01,mc,,มี,0,"ข้อมูลชุดหนึ่งประกอบด้วย $x, 3.5, 12, 7, 8.5, 8, 5$ โดยที่ค่าเฉลี่ยเลขคณิตของข้อมูลชุดนี้เท่ากับมัธยฐาน และไม่"
samn-2558-01-q27,samn-2558-01,mc,,มี,0,กำหนดให้ $A$ และ $B$ เป็นเซตของจำนวนเชิงซ้อน โดยที่ $A = \{z \mid \operatorname{Im}(z - 2i) + [\operatorname{R
samn-2558-12-q01,samn-2558-12,mc,,มี,2,ให้ $S = \{x \mid x$ เป็นจำนวนเต็มที่สอดคล้องกับอสมการ $6|x - 3| < 5x\}$ จำนวนสมาชิกของ $S$ เท่ากับข้อใดต่อไปน
samn-2558-12-q05,samn-2558-12,mc,,มี,2,ถ้า $S$ เป็นเซตของจำนวนจริง $a$ ซึ่งทำให้ระบบสมการ $\begin{cases} ax + 2y - 2z = -1 \\ x + y - z = 0 \\ 2x + y
samn-2558-12-q06,samn-2558-12,mc,,มี,3,$\tan\left[\dfrac{\pi}{4} + \arcsin\left(-\dfrac{3}{5}\right)\right]$ มีค่าเท่ากับข้อใดต่อไปนี้
samn-2558-12-q07,samn-2558-12,mc,มี,,0,ตารางแจกแจงความถี่สัมพัทธ์ของคะแนนสอบวิชาคณิตศาสตร์ของนักเรียนกลุ่มหนึ่งเป็นดังนี้ ค่าเฉลี่ยเลขคณิตของคะแนนสอบ
samn-2558-12-q10,samn-2558-12,mc,,มี,0,ถ้า $f(x) = \begin{cases} (x+1)^2 - 5 & \text{เมื่อ } x < -1 \\ -5 & \text{เมื่อ } -1 \le x \le 1 \\ (x-1)^2 -
samn-2558-12-q11,samn-2558-12,mc,,มี,1,"กำหนดให้ $z_1, z_2$ และ $z_3$ เป็นรากที่ $3$ ของจำนวนเชิงซ้อนจำนวนหนึ่ง ถ้า $z_1$ อยู่ในควอดรันต์ที่ $1$ โดยที"
samn-2558-12-q13,samn-2558-12,mc,,มี,0,"ถ้า $a$ และ $b$ เป็นค่าคงตัว ซึ่งอสมการ $\dfrac{x + a}{(x+b)^2} \ge 0$ มีเซตคำตอบคือช่วง $(1, \infty)$ แล้ว $a"
samn-2558-12-q14,samn-2558-12,mc,,มี,1,กำหนดให้ $ABC$ เป็นสามเหลี่ยมหน้าจั่วซึ่งมีด้าน $AB = AC$ ถ้ามุม $A = 150°$ และด้าน $BC$ ยาวเท่ากับ $16$ หน่วย
samn-2558-12-q16,samn-2558-12,mc,,มี,0,ให้ $s$ เป็นวงกลมที่อยู่ในควอดรันต์ที่ $1$ ซึ่งสัมผัสแกน $X$ และแกน $Y$ และเส้นตรง $\ell$ ซึ่งมีสมการเป็น $3x 
samn-2558-12-q22,samn-2558-12,mc,มี,มี,2,คะแนนสอบวิชาคณิตศาสตร์ของนักเรียนห้องหนึ่งมีการแจกแจงปกติ ถ้าผลต่างของคะแนนที่เปอร์เซนไทล์ $67$ และเปอร์เซนไทล
samn-2558-12-q25,samn-2558-12,mc,,มี,4,กำหนดให้ $f(x)$ เป็นฟังก์ชันพหุนาม ซึ่ง $f'(x) = 3x^2 - 6x$ และ $G(x) = \begin{cases} x + 5 & \text{เมื่อ } x 
samn-2559-12-q05,samn-2559-12,mc,,มี,3,"กำหนดให้จุด $(6, 4)$ อยู่บนวงกลม $C$ ถ้าเส้นผ่านศูนย์กลางสองเส้นของวงกลม $C$ คือส่วนของเส้นตรง $2x + y = 5$ แล"
samn-2559-12-q07,samn-2559-12,mc,มี,,1,ถ้าผลการเรียนคณิตศาสตร์ของ ด.ช. จ้อย เป็นดังตารางต่อไปนี้ แล้วจำนวนเปอร์เซ็นต์ของผลการเรียนวิชาคณิตศาสตร์ของ ด
samn-2559-12-q12,samn-2559-12,mc,,มี,1,"ให้ $A = \{x \mid x$ เป็นจำนวนเต็มที่อยู่ในช่วง $[-10, 10]\}$ และ $B = \{x \mid (x + 5)(|x| - 5) \ge -9\}$ จำน"
samn-2559-12-q14,samn-2559-12,mc,,มี,1,"ไฮเพอร์โบลารูปหนึ่งมีโฟกัสอยู่ที่จุด $(-7, 1)$ และ $(5, 1)$ ถ้าเส้นกำกับเส้นหนึ่งของไฮเพอร์โบลานี้ขนานกับเส้นต"
samn-2559-12-q15,samn-2559-12,mc,,มี,0,"กำหนดรูปสี่เหลี่ยม $ABCD$ ดังรูป โดยมีด้าน $BC, AC$ และ $AD$ ยาวเท่ากับ $5, 7$ และ $8$ หน่วยตามลำดับ มี $\angl"
samn-2559-12-q21,samn-2559-12,mc,,มี,0,คะแนนสอบวิชาคณิตศาสตร์ของนักเรียนห้องหนึ่งมีการแจกแจงปกติ โดยมีค่าเฉลี่ยเลขคณิตและส่วนเบี่ยงเบนมาตรฐานเท่ากับ 
samn-2559-12-q22,samn-2559-12,mc,มี,,0,ตารางแจกแจงความถี่ของคะแนนสอบวิชาคณิตศาสตร์ของนักเรียน $40$ คนเป็นดังนี้ ถ้าข้อมูลชุดนี้มีมัธยฐานเท่ากับ $17.5
samn-2559-12-q23,samn-2559-12,mc,,มี,2,"ถ้า $f$ เป็นฟังก์ชันซึ่งมีกราฟดังรูป แล้ว $\displaystyle\int_0^3 (|f(x)| - f(x))\,dx$ มีค่าเท่ากับข้อใดต่อไปนี"
samn-2561-03-q07,samn-2561-03,mc,มี,,0,ในกลุ่มคน $10$ คน มีอยู่ $60\%$ ที่มีเลือดกรุ๊ป A ถ้าสุ่มมา $2$ คนพร้อมกันจากกลุ่ม แล้วความน่าจะเป็นที่ทั้งสอง
samn-2561-03-q08,samn-2561-03,mc,มี,มี,3,กำหนดแผนภาพต้นใบของข้อมูลชุดหนึ่ง ดังตารางด้านล่าง ถ้าเปอร์เซ็นไทล์ที่ $70$ มีค่าเท่ากับ $69$ แล้ว $x$ มีค่าเท
samn-2561-03-q09,samn-2561-03,mc,,มี,2,"สมการของเส้นสัมผัสเส้นโค้ง $y = \dfrac{6}{x+1}$ ที่จุด $(1, 3)$ ตรงกับข้อใดต่อไปนี้"
samn-2561-03-q11,samn-2561-03,mc,,มี,1,จำนวนเต็ม $x$ ที่สอดคล้องกับอสมการ $|2x^2 + 1| - |-x^2 + 2x - 1| \le 15$ มีทั้งหมดกี่จำนวน
samn-2561-03-q14,samn-2561-03,mc,,มี,4,"ให้ $r$ และ $s$ เป็นจำนวนจริงบวก ถ้า $P(2, 2)$ เป็นจุดบนวงรีที่มีสมการเป็น $\dfrac{(x+2)^2}{r^2} + \dfrac{(y-2"
samn-2561-03-q22,samn-2561-03,mc,,มี,4,"ให้ $f(x)$ เป็นฟังก์ชันกำลังสอง โดยที่กราฟของ $y = f(x)$ มีจุดต่ำสุดที่ $(0, -9)$ และตัดแกน $x$ ที่จุด $(x_1, "
samn-2561-03-q28,samn-2561-03,mc,,มี,1,"ถ้าสมการ $y = f(x)$ มีกราฟเป็นพาราโบลาซึ่งผ่านจุด $\left(0, \dfrac{1}{2}\right)$ และ $-(x-1)^2 + 1 \le f(x) \l"
samn-2562-03-q04,samn-2562-03,mc,,มี,0,"ให้ $P$ เป็นจุดบนวงรี ซึ่งมีโฟกัสอยู่ที่ $F_1(0, -2)$ และ $F_2(0, 2)$ ถ้า $PF_1 = 7$ และ $PF_2 = 3$ แล้วสมการว"
samn-2562-03-q14,samn-2562-03,mc,,มี,2,"ในรูปสามเหลี่ยม $ABC$ ถ้า $AC = 2\sqrt{3}$, $BC = 5$ และ $\hat{A} = 120°$ แล้ว $\cos C$ มีค่าเท่ากับข้อใดต่อไป"
samn-2562-03-q15,samn-2562-03,mc,,มี,1,"วงกลมที่อยู่เหนือแกน $X$ ซึ่งสัมผัสกับเส้นตรง $4y = 3x$ ที่จุด $(4, 3)$ และสัมผัสกับแกน $Y$ มีรัศมีเท่ากับข้อใ"
samn-2562-03-q22,samn-2562-03,mc,,มี,1,"กำหนดให้ $y = f(x)$ เป็นพาราโบลามีจุดยอดอยู่ที่ $(0, 0)$ และ $y = g(x)$ เป็นพาราโบลามีจุดยอดอยู่ที่ $(1, 4)$ ซ"
samn-2562-03-q24,samn-2562-03,mc,มี,มี,2,น้ำหนักของเด็กกลุ่มหนึ่ง มีการแจกแจงปกติ ถ้าเด็กที่มีน้ำหนักน้อยกว่า $30$ กิโลกรัม มีอยู่ $15.87\%$ และเด็กที่
samn-2562-03-q26,samn-2562-03,mc,,มี,2,ให้ $x$ เป็นจำนวนจริงใดๆ ค่าต่ำสุดของ $|2 - x| + 2|3 - x| + 2|5 - \sqrt{2} - x| + 2|3 + \sqrt{2} - x| + 2|5 - 
samn-2562-03-q27,samn-2562-03,mc,,มี,4,"กำหนดให้ $i^2 = -1$ และ $A = \{1, 2, 3, 4\}$ ถ้า $S = \{(a, b, c) \mid i^a + i^b + i^c = 1$ และ $a, b, c \in A"
samn-2562-03-q29,samn-2562-03,mc,,มี,0,ถ้า $z_1 = \sqrt{2}\!\left(\cos\dfrac{\pi}{8} + i\sin\dfrac{\pi}{8}\right)$ และ $z_2 = 3\!\left(\cos\dfrac{3\p
samn-2563-03-q03,samn-2563-03,mc,,มี,1,จุดบนเส้นตรง $2x - y + 5 = 0$ ซึ่งมีระยะห่างจากจุดกำเนิดสั้นที่สุด คือจุดในข้อใดต่อไปนี้
samn-2563-03-q09,samn-2563-03,mc,มี,,3,ตารางต่อไปนี้เป็นตารางแจกแจงความถี่ของความสูงของนักเรียน $40$ คน เปอร์เซ็นไทล์ที่ $65$ ของความสูงของนักเรียน เ
samn-2563-03-q11,samn-2563-03,mc,,มี,4,เซตของคำตอบทั้งหมดของอสมการ $x|x| < -|5x - 14|$ คือเซตในข้อใดต่อไปนี้
samn-2563-03-q15,samn-2563-03,mc,,มี,1,"กำหนดให้ วงรี $E$ และไฮเพอร์โบลา $H$ มีโฟกัสร่วมกันคือ $(0, 0)$ และ $(6, 0)$ และระยะทางระหว่างจุดตัดใดๆ ของ $E"
samn-2563-03-q16,samn-2563-03,mc,,มี,3,กำหนดให้เวกเตอร์ $\bar{u} = \begin{pmatrix} 1 \\ \cos 75° \\ \cos 15° \end{pmatrix}$ และ $\bar{v} = \begin{pma
samn-2563-03-q21,samn-2563-03,mc,,มี,2,"กำหนดให้ $f(x) = x^3 + ax^2 + bx + c$ เมื่อ $a, b, c$ เป็นจำนวนจริง ถ้า $f$ มีค่าวิกฤตที่ $x = -1$ และ $x = 2$"
samn-2563-03-q22,samn-2563-03,mc,,มี,4,"ถ้าพื้นที่ที่ปิดล้อมด้วยกราฟของพาราโบลาซึ่งมีจุดยอดอยู่ที่ $(0, -9)$ และแกน $X$ มีค่าเท่ากับ $9$ ตารางหน่วย แล"
samn-2563-03-q24,samn-2563-03,mc,,มี,2,ถ้าคะแนนสอบวิชาคณิตศาสตร์ของนักเรียนชั้น ม.3 ของโรงเรียนแห่งหนึ่ง มีการแจกแจงปกติ มีค่าเฉลี่ยเลขคณิตเท่ากับ $5
samn-2563-03-q26,samn-2563-03,mc,,มี,4,"กำหนดให้ $P(x) = x^4 + ax^3 + bx^2 + cx - 5$ เมื่อ $a, b, c$ เป็นจำนวนเต็ม ถ้าสมการ $P(x) = 0$ มีคำตอบเป็นจำนว"
samn-2564-04-q03,samn-2564-04,mc,,มี,2,ให้ $\mathbb{Z}$ แทนเซตของจำนวนเต็ม ผลบวกของสมาชิกทั้งหมดในเซต $\left\{x \in \mathbb{Z} \;\middle|\; \left|\df
samn-2564-04-q04,samn-2564-04,mc,มี,มี,1,ในการสอบชิงทุนการศึกษาของมหาวิทยาลัยแห่งหนึ่ง ผู้ที่สอบผ่านข้อเขียนต้องมีคะแนนสอบตั้งแต่เปอร์เซ็นไทล์ที่ $85$ 
samn-2564-04-q06,samn-2564-04,mc,,มี,4,เซตคำตอบของอสมการ $\dfrac{4^x + 69}{1 + 2^{x+2}} \le 5$ เป็นสับเซตของเซตใด
samn-2564-04-q08,samn-2564-04,mc,,มี,0,"ให้ $U$ เป็นเอกภพสัมพัทธ์ และ $A, B, C$ เป็นสับเซตของ $U$ ถ้า $A \cap B = B \cap C = A \cap C = A \cap B \cap "
samn-2564-04-q11,samn-2564-04,mc,,มี,4,"ให้ $z_1, z_2, z_3, z_4$ เป็นรากที่ $4$ ที่แตกต่างกันของจำนวนเชิงซ้อนจำนวนหนึ่ง โดยที่ $z_1 = 2\!\left(\cos\df"
samn-2564-04-q13,samn-2564-04,mc,,มี,1,"ถ้า $(a, b)$ เป็นจุดบนเส้นตรง $3x - y + 4 = 0$ และ $(a, b)$ อยู่ใกล้กับจุด $(-2, 3)$ ที่สุด แล้ว $a$ เท่ากับเท"
samn-2564-04-q14,samn-2564-04,mc,,มี,4,กำหนดไฮเพอร์โบลา $16x^2 - 9y^2 + 128x + 18y + 103 = 0$ ให้ $F$ เป็นโฟกัสที่อยู่ในจตุภาคที่ $2$ และให้ $C$ เป็น
samn-2564-04-q22,samn-2564-04,mc,,มี,3,"ให้ฟังก์ชัน $f: \mathbb{R} \to \mathbb{R}$ โดยที่ $f(x) = -x^3 + ax^2 + bx + c$ เมื่อ $a, b, c$ เป็นจำนวนจริง "
samn-2564-04-q23,samn-2564-04,mc,,มี,0,"ให้ $A$ แทนความยาวของส่วนโค้งของวงกลมที่วัดจากจุด $(2, 0)$ ไปยังจุด $(-\sqrt{3}, y)$ โดยที่ $y > 0$ และมุมที่จ"
samn-2564-04-q26,samn-2564-04,fill,,มี,81,ให้ $L$ เป็นเส้นตรงซึ่งมีความชันเท่ากับ $-2$ และสัมผัสพาราโบลา $y = 17 - x^2$ พื้นที่ที่ปิดล้อมด้วยแกน $X$ แกน
samn-2564-04-q27,samn-2564-04,fill,มี,,43,"ให้ $A = \{-2, -1, 0, 1, 2\}$ และ $f$ เป็นฟังก์ชันหนึ่งต่อหนึ่งจาก $A$ ไปทั่วถึง $A$ โดยกำหนดค่าของฟังก์ชันเพี"
samn-2565-03-q03,samn-2565-03,mc,มี,,4,ร้านอาหารแห่งหนึ่ง มีชุดอาหาร $5$ ชุด ดังนี้ โดยชุดอาหารแต่ละชุดให้เลือกอาหารจานหลัก $1$ อย่าง เครื่องดื่ม $1$
samn-2565-03-q06,samn-2565-03,mc,,มี,0,"ถ้า $r_1 = \{(x, y) \in \mathbb{R} \times \mathbb{R} \mid y = \sqrt{10 - \sqrt{x + 3}}\}$ และ $r_2 = \left\{(x"
samn-2565-03-q09,samn-2565-03,mc,,มี,4,"กำหนดวงกลมรัศมียาว $1$ หน่วย ให้มุม $AOB$ มีขนาด $\alpha$ เรเดียน โดยที่ $\alpha \in \left(0, \dfrac{\pi}{2}\r"
samn-2565-03-q15,samn-2565-03,mc,,มี,4,"วงกลม $x^2 - 70x + y^2 + 10y - 144 = 0$ มีจุดตัดแกน $X$ จุดหนึ่งที่ $A(a, 0)$ ซึ่ง $a < 0$ และมีจุดตัดแกน $Y$ "
samn-2565-03-q16,samn-2565-03,mc,,มี,3,"ให้จุด $A$ มีพิกัดเป็น $(-25, 0)$ และจุด $B$ มีพิกัดเป็น $(25, 0)$ ถ้า $S$ คือเซตของจุด $P$ ทั้งหมดในระบบพิกัด"
samn-2565-03-q20,samn-2565-03,mc,มี,,2,น้ำหนักของนักเรียนห้องหนึ่งมีการแจกแจงปกติ โดยมีค่าเฉลี่ยเป็น $5$ เท่าของส่วนเบี่ยงเบนมาตรฐาน และความน่าจะเป็น
samn-2565-03-q25,samn-2565-03,mc,,มี,1,ให้ $f$ เป็นฟังก์ชันจาก $\mathbb{R}$ ไป $\mathbb{R}$ โดยที่ $f(x)$ เท่ากับจำนวนเต็มที่น้อยที่สุดที่มากกว่าหรือ
samn-2565-03-q26,samn-2565-03,fill,,มี,16,"เซตคำตอบของสมการ $4 \sin 5\theta = 3$ เมื่อ $\theta \in [0, 3\pi]$ มีสมาชิกทั้งหมดกี่ตัว"
samn-2565-03-q29,samn-2565-03,fill,,มี,16,ให้ $f(x) = -x^2 + k$ เมื่อ $k$ เป็นจำนวนจริงบวก ถ้าพื้นที่ที่ปิดล้อมด้วยเส้นโค้ง $y = f(x)$ กับแกน $X$ เท่ากั
