id,setId,type,correct,คำตอบที่คาด,ผลตรวจ,จำนวนชิ้นเฉลย,หมายเหตุ
alvl1-2566-03-q02,alvl1-2566-03,mc,3,ข้อความ (ข) และ (ค) ถูกต้องเท่านั้น,ไม่เจอเลย,19,🔴 คำตอบไม่ปรากฏในเฉลยเลย
alvl1-2566-03-q04,alvl1-2566-03,mc,4,ข้อความ (ข) และ (ค) ถูกต้องเท่านั้น,ไม่เจอเลย,18,🔴 คำตอบไม่ปรากฏในเฉลยเลย
alvl1-2566-03-q08,alvl1-2566-03,mc,0,ข้อความ (ก) ถูกต้องเพียงข้อเดียวเท่านั้น,ไม่เจอเลย,16,🔴 คำตอบไม่ปรากฏในเฉลยเลย
alvl1-2566-03-q14,alvl1-2566-03,mc,4,ข้อความ (ก) (ข) และ (ค) ถูกต้อง,ไม่เจอเลย,26,🔴 คำตอบไม่ปรากฏในเฉลยเลย
alvl1-2566-03-q20,alvl1-2566-03,mc,0,ข้อความ (ก) ถูกต้องเพียงข้อเดียวเท่านั้น,ไม่เจอเลย,17,🔴 คำตอบไม่ปรากฏในเฉลยเลย
alvl1-2566-03-q21,alvl1-2566-03,mc,1,ข้อความ (ข) ถูกต้องเพียงข้อเดียวเท่านั้น,ไม่เจอเลย,25,🔴 คำตอบไม่ปรากฏในเฉลยเลย
alvl1-2566-03-q23,alvl1-2566-03,mc,0,"$f'(x) = h(x)$ และ $\displaystyle\int_0^2 h(x)\,dx = -4\int_2^4 g(x)\,dx$",ไม่เจอเลย,24,🔴 คำตอบไม่ปรากฏในเฉลยเลย
alvl1-2566-03-q24,alvl1-2566-03,mc,4,ข้อความ (ข) และ (ค) ถูกต้องเท่านั้น,ไม่เจอเลย,22,🔴 คำตอบไม่ปรากฏในเฉลยเลย
alvl1-2567-03-q01,alvl1-2567-03,mc,0,นักเรียนทุกคนสอบผ่าน และนักเรียนทุกคนไม่ได้รับรางวัล,เจอแต่ไม่อยู่ท้าย,28,🟡 อาจเป็นการเอ่ยกลางทาง ⛔ ไม่ใช่ผลสรุป
alvl1-2567-03-q04,alvl1-2567-03,mc,2,$z = \sqrt{3}(\cos\theta + i\sin\theta)$ เมื่อ $\dfrac{\pi}{3} < \theta < \dfrac,ไม่เจอเลย,28,🔴 คำตอบไม่ปรากฏในเฉลยเลย
alvl1-2567-03-q17,alvl1-2567-03,mc,1,มีเพียงข้อความ ก. และ ข. กล่าวถูกต้อง,ไม่เจอเลย,17,🔴 คำตอบไม่ปรากฏในเฉลยเลย
alvl1-2567-03-q19,alvl1-2567-03,mc,4,ข้อความ ก. และ ค. ถูกต้อง,ไม่เจอเลย,19,🔴 คำตอบไม่ปรากฏในเฉลยเลย
alvl1-2567-03-q20,alvl1-2567-03,mc,1,"ไฮเพอร์โบลา มีจุดยอด $(-1, 2)$ และ $(-1, 8)$",ไม่เจอเลย,29,🔴 คำตอบไม่ปรากฏในเฉลยเลย
alvl1-2568-03-v2-q02,alvl1-2568-03-v2,mc,3,$(p \vee r) \wedge (q \vee \sim r)$,เจอแต่ไม่อยู่ท้าย,44,🟡 อาจเป็นการเอ่ยกลางทาง ⛔ ไม่ใช่ผลสรุป
alvl1-2568-03-v2-q03,alvl1-2568-03-v2,mc,3,$p(x)q(x) + x^2$,เจอแต่ไม่อยู่ท้าย,23,🟡 อาจเป็นการเอ่ยกลางทาง ⛔ ไม่ใช่ผลสรุป
alvl1-2568-03-v2-q04,alvl1-2568-03-v2,mc,3,เป็นรูปพาราโบลาคว่ำที่มีจุดยอดที่ $x = 80$,ไม่เจอเลย,32,🔴 คำตอบไม่ปรากฏในเฉลยเลย
alvl1-2568-03-v2-q09,alvl1-2568-03-v2,mc,1,ข้อความ ค. ถูกต้องเพียงข้อเดียวเท่านั้น,ไม่เจอเลย,37,🔴 คำตอบไม่ปรากฏในเฉลยเลย
alvl1-2568-03-v2-q21,alvl1-2568-03-v2,mc,0,$(0.8)^{20}$,เจอแต่ไม่อยู่ท้าย,35,🟡 อาจเป็นการเอ่ยกลางทาง ⛔ ไม่ใช่ผลสรุป
alvl1-2568-03-v2-q22,alvl1-2568-03-v2,mc,4,$0.0668$,เจอแต่ไม่อยู่ท้าย,28,🟡 อาจเป็นการเอ่ยกลางทาง ⛔ ไม่ใช่ผลสรุป
alvl1-2568-03-v2-q23,alvl1-2568-03-v2,mc,1,$5$,เจอแต่ไม่อยู่ท้าย,47,🟡 อาจเป็นการเอ่ยกลางทาง ⛔ ไม่ใช่ผลสรุป
alvl1-2568-03-v2-q24,alvl1-2568-03-v2,mc,0,ข้อความ ก. ถูกต้องเพียงข้อเดียว,ไม่เจอเลย,42,🔴 คำตอบไม่ปรากฏในเฉลยเลย
alvl1-2568-03-v2-q29,alvl1-2568-03-v2,fill,'2',2,เจอแต่ไม่อยู่ท้าย,42,🟡 อาจเป็นการเอ่ยกลางทาง ⛔ ไม่ใช่ผลสรุป
alvl1-2568-03-v2-q30,alvl1-2568-03-v2,fill,'192',192,เจอแต่ไม่อยู่ท้าย,48,🟡 อาจเป็นการเอ่ยกลางทาง ⛔ ไม่ใช่ผลสรุป
alvl1-2569-03-q01,alvl1-2569-03,mc,0,0,เจอแต่ไม่อยู่ท้าย,37,🟡 อาจเป็นการเอ่ยกลางทาง ⛔ ไม่ใช่ผลสรุป
alvl1-2569-03-q02,alvl1-2569-03,mc,2,20,เจอแต่ไม่อยู่ท้าย,41,🟡 อาจเป็นการเอ่ยกลางทาง ⛔ ไม่ใช่ผลสรุป
alvl1-2569-03-q03,alvl1-2569-03,mc,4,$(p \vee r) \to \sim q$,เจอแต่ไม่อยู่ท้าย,36,🟡 อาจเป็นการเอ่ยกลางทาง ⛔ ไม่ใช่ผลสรุป
alvl1-2569-03-q04,alvl1-2569-03,mc,3,$5$,เจอแต่ไม่อยู่ท้าย,35,🟡 อาจเป็นการเอ่ยกลางทาง ⛔ ไม่ใช่ผลสรุป
alvl1-2569-03-q05,alvl1-2569-03,mc,4,$f(x) = 300x - 10x^2$,ไม่เจอเลย,21,🔴 คำตอบไม่ปรากฏในเฉลยเลย
alvl1-2569-03-q06,alvl1-2569-03,mc,4,โดเมนคือ $\mathbb{R}$ และเรนจ์คือ $\{y \in \mathbb{R} \mid y \ge 1\}$,ไม่เจอเลย,27,🔴 คำตอบไม่ปรากฏในเฉลยเลย
alvl1-2569-03-q07,alvl1-2569-03,mc,0,"$\left(\dfrac{3}{8},\ \dfrac{1}{2}\right)$",ไม่เจอเลย,42,🔴 คำตอบไม่ปรากฏในเฉลยเลย
alvl1-2569-03-q08,alvl1-2569-03,mc,3,$-2\log_2 5$,เจอแต่ไม่อยู่ท้าย,22,🟡 อาจเป็นการเอ่ยกลางทาง ⛔ ไม่ใช่ผลสรุป
alvl1-2569-03-q09,alvl1-2569-03,mc,0,$\sqrt{2} : 2 : \sqrt{3} + 1$,เจอแต่ไม่อยู่ท้าย,37,🟡 อาจเป็นการเอ่ยกลางทาง ⛔ ไม่ใช่ผลสรุป
alvl1-2569-03-q11,alvl1-2569-03,mc,0,"วงกลมจุดศูนย์กลาง $(-1, 3)$ รัศมี $4$ พร้อมเส้นตรงแนวตั้ง $x = 2$ (บริเวณ $\oper",ไม่เจอเลย,26,🔴 คำตอบไม่ปรากฏในเฉลยเลย
alvl1-2569-03-q12,alvl1-2569-03,mc,4,ข้อความ (ก) (ข) และ (ค) ถูกต้อง,ไม่เจอเลย,28,🔴 คำตอบไม่ปรากฏในเฉลยเลย
alvl1-2569-03-q13,alvl1-2569-03,mc,4,$-4$,เจอแต่ไม่อยู่ท้าย,27,🟡 อาจเป็นการเอ่ยกลางทาง ⛔ ไม่ใช่ผลสรุป
alvl1-2569-03-q14,alvl1-2569-03,mc,3,ไฮเพอร์โบลาที่มีแกนตามขวางขนานกับแกน $X$,ไม่เจอเลย,37,🔴 คำตอบไม่ปรากฏในเฉลยเลย
alvl1-2569-03-q15,alvl1-2569-03,mc,2,$15$,เจอแต่ไม่อยู่ท้าย,31,🟡 อาจเป็นการเอ่ยกลางทาง ⛔ ไม่ใช่ผลสรุป
alvl1-2569-03-q17,alvl1-2569-03,mc,1,$\dfrac{3}{10}$,เจอแต่ไม่อยู่ท้าย,24,🟡 อาจเป็นการเอ่ยกลางทาง ⛔ ไม่ใช่ผลสรุป
alvl1-2569-03-q18,alvl1-2569-03,mc,0,มีเพียงข้อความ (ก) เท่านั้นที่ถูกต้อง,ไม่เจอเลย,30,🔴 คำตอบไม่ปรากฏในเฉลยเลย
alvl1-2569-03-q20,alvl1-2569-03,mc,3,"$X \sim B\!\left(30,\ \dfrac{3}{16}\right)$",เจอแต่ไม่อยู่ท้าย,28,🟡 อาจเป็นการเอ่ยกลางทาง ⛔ ไม่ใช่ผลสรุป
alvl1-2569-03-q22,alvl1-2569-03,mc,3,$\dfrac{1}{6}$,เจอแต่ไม่อยู่ท้าย,28,🟡 อาจเป็นการเอ่ยกลางทาง ⛔ ไม่ใช่ผลสรุป
alvl1-2569-03-q23,alvl1-2569-03,mc,2,$32$,เจอแต่ไม่อยู่ท้าย,27,🟡 อาจเป็นการเอ่ยกลางทาง ⛔ ไม่ใช่ผลสรุป
alvl1-2569-03-q24,alvl1-2569-03,mc,2,"$330{,}000$ บาท",เจอแต่ไม่อยู่ท้าย,34,🟡 อาจเป็นการเอ่ยกลางทาง ⛔ ไม่ใช่ผลสรุป
alvl1-2569-03-q25,alvl1-2569-03,mc,1,$\displaystyle\lim_{x \to 2^+} f(x) < \lim_{x \to 2^-} f(x) = f(2)$,ไม่เจอเลย,30,🔴 คำตอบไม่ปรากฏในเฉลยเลย
pat1-2552-03-q02,pat1-2552-03,mc,0,$\forall x \forall y[x \cap y \neq \varnothing]$,เจอแต่ไม่อยู่ท้าย,20,🟡 อาจเป็นการเอ่ยกลางทาง ⛔ ไม่ใช่ผลสรุป
pat1-2552-03-q03,pat1-2552-03,mc,1,$\{\varnothing\} \not\subset X$,เจอแต่ไม่อยู่ท้าย,20,🟡 อาจเป็นการเอ่ยกลางทาง ⛔ ไม่ใช่ผลสรุป
pat1-2552-03-q05,pat1-2552-03,mc,1,$\{x \mid x^2 = 1\}$,เจอแต่ไม่อยู่ท้าย,23,🟡 อาจเป็นการเอ่ยกลางทาง ⛔ ไม่ใช่ผลสรุป
pat1-2552-03-q08,pat1-2552-03,mc,0,$\dfrac{1-\sqrt{2}}{3}$,เจอแต่ไม่อยู่ท้าย,36,🟡 อาจเป็นการเอ่ยกลางทาง ⛔ ไม่ใช่ผลสรุป
pat1-2552-03-q11,pat1-2552-03,mc,2,$\dfrac{4}{9}$,เจอแต่ไม่อยู่ท้าย,20,🟡 อาจเป็นการเอ่ยกลางทาง ⛔ ไม่ใช่ผลสรุป
pat1-2552-03-q12,pat1-2552-03,mc,3,$\dfrac{3}{4}$,เจอแต่ไม่อยู่ท้าย,21,🟡 อาจเป็นการเอ่ยกลางทาง ⛔ ไม่ใช่ผลสรุป
pat1-2552-03-q13,pat1-2552-03,mc,1,$1 - 2x^2$,เจอแต่ไม่อยู่ท้าย,37,🟡 อาจเป็นการเอ่ยกลางทาง ⛔ ไม่ใช่ผลสรุป
pat1-2552-03-q15,pat1-2552-03,mc,2,6,เจอแต่ไม่อยู่ท้าย,31,🟡 อาจเป็นการเอ่ยกลางทาง ⛔ ไม่ใช่ผลสรุป
pat1-2552-03-q26,pat1-2552-03,mc,3,"$\{\cos 120° + i\sin 120°, -\cos 60° - i\sin 60°\}$",เจอแต่ไม่อยู่ท้าย,18,🟡 อาจเป็นการเอ่ยกลางทาง ⛔ ไม่ใช่ผลสรุป
pat1-2552-03-q33,pat1-2552-03,mc,2,"$(-1, 0) \cup (2, 3)$",เจอแต่ไม่อยู่ท้าย,39,🟡 อาจเป็นการเอ่ยกลางทาง ⛔ ไม่ใช่ผลสรุป
pat1-2552-03-q36,pat1-2552-03,mc,0,96 วิธี,เจอแต่ไม่อยู่ท้าย,22,🟡 อาจเป็นการเอ่ยกลางทาง ⛔ ไม่ใช่ผลสรุป
pat1-2552-03-q40,pat1-2552-03,mc,2,$\displaystyle\sum_{i=1}^{49} |x_{50} - x_i| = \sum_{i=51}^{99} |x_{50} - x_i|$,เจอแต่ไม่อยู่ท้าย,26,🟡 อาจเป็นการเอ่ยกลางทาง ⛔ ไม่ใช่ผลสรุป
pat1-2552-03-q41,pat1-2552-03,mc,3,$\dfrac{11}{16}$,เจอแต่ไม่อยู่ท้าย,26,🟡 อาจเป็นการเอ่ยกลางทาง ⛔ ไม่ใช่ผลสรุป
pat1-2552-03-q42,pat1-2552-03,mc,3,$\bar{x} = 14.875$ และมัธยฐานมากกว่าฐานนิยม,เจอแต่ไม่อยู่ท้าย,29,🟡 อาจเป็นการเอ่ยกลางทาง ⛔ ไม่ใช่ผลสรุป
pat1-2552-03-q43,pat1-2552-03,mc,0,$-a + 2b + 2c - 3d = 0$,เจอแต่ไม่อยู่ท้าย,18,🟡 อาจเป็นการเอ่ยกลางทาง ⛔ ไม่ใช่ผลสรุป
pat1-2552-03-q44,pat1-2552-03,mc,3,13.59%,ไม่เจอเลย,29,🔴 คำตอบไม่ปรากฏในเฉลยเลย
pat1-2552-03-q45,pat1-2552-03,mc,1,16.67 คะแนน,เจอแต่ไม่อยู่ท้าย,36,🟡 อาจเป็นการเอ่ยกลางทาง ⛔ ไม่ใช่ผลสรุป
pat1-2552-03-q49,pat1-2552-03,mc,2,นาย ง,เจอแต่ไม่อยู่ท้าย,26,🟡 อาจเป็นการเอ่ยกลางทาง ⛔ ไม่ใช่ผลสรุป
pat1-2552-03-q50,pat1-2552-03,mc,2,นาย ง ยืนอยู่หลังนาย ข,เจอแต่ไม่อยู่ท้าย,18,🟡 อาจเป็นการเอ่ยกลางทาง ⛔ ไม่ใช่ผลสรุป
pat1-2552-07-q01,pat1-2552-07,mc,1,$\forall x[Q(x)] \to \exists x[\sim P(x)]$,เจอแต่ไม่อยู่ท้าย,17,🟡 อาจเป็นการเอ่ยกลางทาง ⛔ ไม่ใช่ผลสรุป
pat1-2552-07-q03,pat1-2552-07,mc,1,72 คน,เจอแต่ไม่อยู่ท้าย,16,🟡 อาจเป็นการเอ่ยกลางทาง ⛔ ไม่ใช่ผลสรุป
pat1-2552-07-q05,pat1-2552-07,mc,0,4,เจอแต่ไม่อยู่ท้าย,44,🟡 อาจเป็นการเอ่ยกลางทาง ⛔ ไม่ใช่ผลสรุป
pat1-2552-07-q07,pat1-2552-07,mc,2,5,เจอแต่ไม่อยู่ท้าย,51,🟡 อาจเป็นการเอ่ยกลางทาง ⛔ ไม่ใช่ผลสรุป
pat1-2552-07-q08,pat1-2552-07,mc,1,-18,เจอแต่ไม่อยู่ท้าย,21,🟡 อาจเป็นการเอ่ยกลางทาง ⛔ ไม่ใช่ผลสรุป
pat1-2552-07-q09,pat1-2552-07,mc,0,"$(0, 0.5)$",เจอแต่ไม่อยู่ท้าย,38,🟡 อาจเป็นการเอ่ยกลางทาง ⛔ ไม่ใช่ผลสรุป
pat1-2552-07-q10,pat1-2552-07,mc,0,ก. ถูก และ ข. ถูก,เจอแต่ไม่อยู่ท้าย,36,🟡 อาจเป็นการเอ่ยกลางทาง ⛔ ไม่ใช่ผลสรุป
pat1-2552-07-q14,pat1-2552-07,mc,3,"(15, 0)",เจอแต่ไม่อยู่ท้าย,38,🟡 อาจเป็นการเอ่ยกลางทาง ⛔ ไม่ใช่ผลสรุป
pat1-2552-07-q15,pat1-2552-07,mc,0,$3\sqrt{2} - 4$,เจอแต่ไม่อยู่ท้าย,40,🟡 อาจเป็นการเอ่ยกลางทาง ⛔ ไม่ใช่ผลสรุป
pat1-2552-07-q16,pat1-2552-07,mc,0,$2\sqrt{5}$ หน่วย,เจอแต่ไม่อยู่ท้าย,27,🟡 อาจเป็นการเอ่ยกลางทาง ⛔ ไม่ใช่ผลสรุป
pat1-2552-07-q17,pat1-2552-07,mc,3,"$\left(\dfrac{1}{3}, \dfrac{4}{3}\right)$",เจอแต่ไม่อยู่ท้าย,43,🟡 อาจเป็นการเอ่ยกลางทาง ⛔ ไม่ใช่ผลสรุป
pat1-2552-07-q18,pat1-2552-07,mc,2,"[-2, 2)",เจอแต่ไม่อยู่ท้าย,42,🟡 อาจเป็นการเอ่ยกลางทาง ⛔ ไม่ใช่ผลสรุป
pat1-2552-07-q19,pat1-2552-07,mc,1,"(1, 2)",เจอแต่ไม่อยู่ท้าย,30,🟡 อาจเป็นการเอ่ยกลางทาง ⛔ ไม่ใช่ผลสรุป
pat1-2552-07-q21,pat1-2552-07,mc,3,26,เจอแต่ไม่อยู่ท้าย,31,🟡 อาจเป็นการเอ่ยกลางทาง ⛔ ไม่ใช่ผลสรุป
pat1-2552-07-q23,pat1-2552-07,mc,3,$\begin{bmatrix} 1 & -1 \\ 0 & -\dfrac{1}{4} \end{bmatrix}$,เจอแต่ไม่อยู่ท้าย,18,🟡 อาจเป็นการเอ่ยกลางทาง ⛔ ไม่ใช่ผลสรุป
pat1-2552-07-q24,pat1-2552-07,mc,3,$4\sqrt{2}$ หน่วย,เจอแต่ไม่อยู่ท้าย,30,🟡 อาจเป็นการเอ่ยกลางทาง ⛔ ไม่ใช่ผลสรุป
pat1-2552-07-q25,pat1-2552-07,mc,1,"$\left[\dfrac{1}{2}, 1\right)$",เจอแต่ไม่อยู่ท้าย,32,🟡 อาจเป็นการเอ่ยกลางทาง ⛔ ไม่ใช่ผลสรุป
pat1-2552-07-q29,pat1-2552-07,mc,1,$515$,เจอแต่ไม่อยู่ท้าย,33,🟡 อาจเป็นการเอ่ยกลางทาง ⛔ ไม่ใช่ผลสรุป
pat1-2552-07-q31,pat1-2552-07,mc,2,$\dfrac{3}{4} - A$,เจอแต่ไม่อยู่ท้าย,28,🟡 อาจเป็นการเอ่ยกลางทาง ⛔ ไม่ใช่ผลสรุป
pat1-2552-07-q32,pat1-2552-07,mc,1,$\dfrac{7}{3}$,เจอแต่ไม่อยู่ท้าย,35,🟡 อาจเป็นการเอ่ยกลางทาง ⛔ ไม่ใช่ผลสรุป
pat1-2552-07-q34,pat1-2552-07,mc,3,$2x + 13y - 15 = 0$,เจอแต่ไม่อยู่ท้าย,34,🟡 อาจเป็นการเอ่ยกลางทาง ⛔ ไม่ใช่ผลสรุป
pat1-2552-07-q35,pat1-2552-07,mc,1,$156$,เจอแต่ไม่อยู่ท้าย,32,🟡 อาจเป็นการเอ่ยกลางทาง ⛔ ไม่ใช่ผลสรุป
pat1-2552-07-q36,pat1-2552-07,mc,2,$300$,เจอแต่ไม่อยู่ท้าย,32,🟡 อาจเป็นการเอ่ยกลางทาง ⛔ ไม่ใช่ผลสรุป
pat1-2552-07-q37,pat1-2552-07,mc,1,$\dfrac{58}{143}$,เจอแต่ไม่อยู่ท้าย,31,🟡 อาจเป็นการเอ่ยกลางทาง ⛔ ไม่ใช่ผลสรุป
pat1-2552-07-q38,pat1-2552-07,mc,0,$\dfrac{8}{45}$,เจอแต่ไม่อยู่ท้าย,32,🟡 อาจเป็นการเอ่ยกลางทาง ⛔ ไม่ใช่ผลสรุป
pat1-2552-07-q39,pat1-2552-07,mc,3,$\dfrac{49}{153}$,เจอแต่ไม่อยู่ท้าย,32,🟡 อาจเป็นการเอ่ยกลางทาง ⛔ ไม่ใช่ผลสรุป
pat1-2552-07-q40,pat1-2552-07,mc,2,$140\pi$,เจอแต่ไม่อยู่ท้าย,26,🟡 อาจเป็นการเอ่ยกลางทาง ⛔ ไม่ใช่ผลสรุป
pat1-2552-07-q41,pat1-2552-07,mc,2,ควอไทล์ที่ $3$ ของความสูงมีค่ามากกว่า $150$ เซนติเมตร,ไม่เจอเลย,49,🔴 คำตอบไม่ปรากฏในเฉลยเลย
pat1-2552-07-q42,pat1-2552-07,mc,1,$30\%$,เจอแต่ไม่อยู่ท้าย,24,🟡 อาจเป็นการเอ่ยกลางทาง ⛔ ไม่ใช่ผลสรุป
pat1-2552-07-q43,pat1-2552-07,mc,2,$86.43\%$,เจอแต่ไม่อยู่ท้าย,30,🟡 อาจเป็นการเอ่ยกลางทาง ⛔ ไม่ใช่ผลสรุป
pat1-2552-07-q44,pat1-2552-07,mc,0,$0.5$,เจอแต่ไม่อยู่ท้าย,24,🟡 อาจเป็นการเอ่ยกลางทาง ⛔ ไม่ใช่ผลสรุป
pat1-2552-07-q45,pat1-2552-07,mc,3,$2$ หน่วย,เจอแต่ไม่อยู่ท้าย,35,🟡 อาจเป็นการเอ่ยกลางทาง ⛔ ไม่ใช่ผลสรุป
pat1-2552-07-q47,pat1-2552-07,mc,2,$\dfrac{\sqrt{5}}{2}$,เจอแต่ไม่อยู่ท้าย,46,🟡 อาจเป็นการเอ่ยกลางทาง ⛔ ไม่ใช่ผลสรุป
pat1-2552-07-q48,pat1-2552-07,mc,0,"$[0, 40]$",เจอแต่ไม่อยู่ท้าย,32,🟡 อาจเป็นการเอ่ยกลางทาง ⛔ ไม่ใช่ผลสรุป
pat1-2552-07-q49,pat1-2552-07,mc,1,นาย ข เข้าเส้นชัยเป็นลำดับที่ $2$,เจอแต่ไม่อยู่ท้าย,34,🟡 อาจเป็นการเอ่ยกลางทาง ⛔ ไม่ใช่ผลสรุป
pat1-2552-07-q50,pat1-2552-07,mc,2,$44$ คะแนน,เจอแต่ไม่อยู่ท้าย,30,🟡 อาจเป็นการเอ่ยกลางทาง ⛔ ไม่ใช่ผลสรุป
pat1-2552-10-q01,pat1-2552-10,mc,3,"$\forall x \forall y[|x| < |y| \,\lor\, |x| > |y|]$",เจอแต่ไม่อยู่ท้าย,36,🟡 อาจเป็นการเอ่ยกลางทาง ⛔ ไม่ใช่ผลสรุป
pat1-2552-10-q02,pat1-2552-10,mc,0,ก. ถูก และ ข. ถูก,เจอแต่ไม่อยู่ท้าย,24,🟡 อาจเป็นการเอ่ยกลางทาง ⛔ ไม่ใช่ผลสรุป
pat1-2552-10-q03,pat1-2552-10,mc,2,ก. ผิด และ ข. ถูก,ไม่เจอเลย,27,🔴 คำตอบไม่ปรากฏในเฉลยเลย
pat1-2552-10-q04,pat1-2552-10,mc,0,"$[-3\sqrt{5},\, -0.9]$",เจอแต่ไม่อยู่ท้าย,40,🟡 อาจเป็นการเอ่ยกลางทาง ⛔ ไม่ใช่ผลสรุป
pat1-2552-10-q05,pat1-2552-10,mc,1,"$(-1,\, 0.5)$",เจอแต่ไม่อยู่ท้าย,52,🟡 อาจเป็นการเอ่ยกลางทาง ⛔ ไม่ใช่ผลสรุป
pat1-2552-10-q07,pat1-2552-10,mc,0,$\dfrac{1}{\sqrt{3}}$,เจอแต่ไม่อยู่ท้าย,38,🟡 อาจเป็นการเอ่ยกลางทาง ⛔ ไม่ใช่ผลสรุป
pat1-2552-10-q08,pat1-2552-10,mc,1,"$[1, 2)$",เจอแต่ไม่อยู่ท้าย,32,🟡 อาจเป็นการเอ่ยกลางทาง ⛔ ไม่ใช่ผลสรุป
pat1-2552-10-q09,pat1-2552-10,mc,1,$2 + 5\sqrt{2}$ หน่วย,ไม่เจอเลย,29,🔴 คำตอบไม่ปรากฏในเฉลยเลย
pat1-2552-10-q10,pat1-2552-10,mc,0,"$\left(1,\, -\dfrac{\sqrt{2}}{2}\right)$",เจอแต่ไม่อยู่ท้าย,44,🟡 อาจเป็นการเอ่ยกลางทาง ⛔ ไม่ใช่ผลสรุป
pat1-2552-10-q11,pat1-2552-10,mc,2,$9$,เจอแต่ไม่อยู่ท้าย,33,🟡 อาจเป็นการเอ่ยกลางทาง ⛔ ไม่ใช่ผลสรุป
pat1-2552-10-q12,pat1-2552-10,mc,3,$4$,เจอแต่ไม่อยู่ท้าย,27,🟡 อาจเป็นการเอ่ยกลางทาง ⛔ ไม่ใช่ผลสรุป
pat1-2552-10-q13,pat1-2552-10,mc,0,ก. ถูก และ ข. ถูก,ไม่เจอเลย,26,🔴 คำตอบไม่ปรากฏในเฉลยเลย
pat1-2552-10-q14,pat1-2552-10,mc,3,ก. ผิด และ ข. ผิด,ไม่เจอเลย,26,🔴 คำตอบไม่ปรากฏในเฉลยเลย
pat1-2552-10-q15,pat1-2552-10,mc,0,$-2i$,เจอแต่ไม่อยู่ท้าย,36,🟡 อาจเป็นการเอ่ยกลางทาง ⛔ ไม่ใช่ผลสรุป
pat1-2552-10-q16,pat1-2552-10,mc,1,$\dfrac{1}{22}$,เจอแต่ไม่อยู่ท้าย,27,🟡 อาจเป็นการเอ่ยกลางทาง ⛔ ไม่ใช่ผลสรุป
pat1-2552-10-q18,pat1-2552-10,mc,2,$\dfrac{1}{6}$,เจอแต่ไม่อยู่ท้าย,29,🟡 อาจเป็นการเอ่ยกลางทาง ⛔ ไม่ใช่ผลสรุป
pat1-2552-10-q19,pat1-2552-10,mc,1,$\dfrac{2}{31}$,เจอแต่ไม่อยู่ท้าย,36,🟡 อาจเป็นการเอ่ยกลางทาง ⛔ ไม่ใช่ผลสรุป
pat1-2552-10-q20,pat1-2552-10,mc,0,$x_1 + x_2 - x_3$,เจอแต่ไม่อยู่ท้าย,23,🟡 อาจเป็นการเอ่ยกลางทาง ⛔ ไม่ใช่ผลสรุป
pat1-2552-10-q21,pat1-2552-10,mc,2,$\dfrac{1}{16}$,เจอแต่ไม่อยู่ท้าย,31,🟡 อาจเป็นการเอ่ยกลางทาง ⛔ ไม่ใช่ผลสรุป
pat1-2552-10-q22,pat1-2552-10,mc,1,$\dfrac{2\theta}{11}$ นาที,เจอแต่ไม่อยู่ท้าย,25,🟡 อาจเป็นการเอ่ยกลางทาง ⛔ ไม่ใช่ผลสรุป
pat1-2552-10-q23,pat1-2552-10,mc,3,$1276$,เจอแต่ไม่อยู่ท้าย,35,🟡 อาจเป็นการเอ่ยกลางทาง ⛔ ไม่ใช่ผลสรุป
pat1-2552-10-q24,pat1-2552-10,mc,2,นาย ฉ นั่งเก้าอี้หมายเลข 2,ไม่เจอเลย,33,🔴 คำตอบไม่ปรากฏในเฉลยเลย
pat1-2552-10-q25,pat1-2552-10,mc,3,$4$ วิธี,เจอแต่ไม่อยู่ท้าย,28,🟡 อาจเป็นการเอ่ยกลางทาง ⛔ ไม่ใช่ผลสรุป
pat1-2552-10-q26,pat1-2552-10,fill,'33',33,เจอแต่ไม่อยู่ท้าย,45,🟡 อาจเป็นการเอ่ยกลางทาง ⛔ ไม่ใช่ผลสรุป
pat1-2552-10-q27,pat1-2552-10,fill,'30',30,เจอแต่ไม่อยู่ท้าย,40,🟡 อาจเป็นการเอ่ยกลางทาง ⛔ ไม่ใช่ผลสรุป
pat1-2552-10-q28,pat1-2552-10,fill,'7.5',7.5,เจอแต่ไม่อยู่ท้าย,40,🟡 อาจเป็นการเอ่ยกลางทาง ⛔ ไม่ใช่ผลสรุป
pat1-2552-10-q29,pat1-2552-10,fill,'6',6,เจอแต่ไม่อยู่ท้าย,37,🟡 อาจเป็นการเอ่ยกลางทาง ⛔ ไม่ใช่ผลสรุป
pat1-2552-10-q32,pat1-2552-10,fill,'5.5',5.5,เจอแต่ไม่อยู่ท้าย,46,🟡 อาจเป็นการเอ่ยกลางทาง ⛔ ไม่ใช่ผลสรุป
pat1-2552-10-q33,pat1-2552-10,fill,'8',8,เจอแต่ไม่อยู่ท้าย,41,🟡 อาจเป็นการเอ่ยกลางทาง ⛔ ไม่ใช่ผลสรุป
pat1-2552-10-q35,pat1-2552-10,fill,'4',4,เจอแต่ไม่อยู่ท้าย,35,🟡 อาจเป็นการเอ่ยกลางทาง ⛔ ไม่ใช่ผลสรุป
pat1-2552-10-q36,pat1-2552-10,fill,'0.2',0.2,เจอแต่ไม่อยู่ท้าย,26,🟡 อาจเป็นการเอ่ยกลางทาง ⛔ ไม่ใช่ผลสรุป
pat1-2552-10-q37,pat1-2552-10,fill,'9',9,เจอแต่ไม่อยู่ท้าย,40,🟡 อาจเป็นการเอ่ยกลางทาง ⛔ ไม่ใช่ผลสรุป
pat1-2552-10-q38,pat1-2552-10,fill,'4',4,เจอแต่ไม่อยู่ท้าย,36,🟡 อาจเป็นการเอ่ยกลางทาง ⛔ ไม่ใช่ผลสรุป
pat1-2552-10-q42,pat1-2552-10,fill,'0.25',0.25,เจอแต่ไม่อยู่ท้าย,29,🟡 อาจเป็นการเอ่ยกลางทาง ⛔ ไม่ใช่ผลสรุป
pat1-2552-10-q43,pat1-2552-10,fill,'12',12,เจอแต่ไม่อยู่ท้าย,32,🟡 อาจเป็นการเอ่ยกลางทาง ⛔ ไม่ใช่ผลสรุป
pat1-2552-10-q44,pat1-2552-10,fill,'8',8,เจอแต่ไม่อยู่ท้าย,44,🟡 อาจเป็นการเอ่ยกลางทาง ⛔ ไม่ใช่ผลสรุป
pat1-2552-10-q45,pat1-2552-10,fill,'56',56,เจอแต่ไม่อยู่ท้าย,32,🟡 อาจเป็นการเอ่ยกลางทาง ⛔ ไม่ใช่ผลสรุป
pat1-2552-10-q46,pat1-2552-10,fill,'21',21,เจอแต่ไม่อยู่ท้าย,22,🟡 อาจเป็นการเอ่ยกลางทาง ⛔ ไม่ใช่ผลสรุป
pat1-2552-10-q47,pat1-2552-10,fill,'2',2,เจอแต่ไม่อยู่ท้าย,42,🟡 อาจเป็นการเอ่ยกลางทาง ⛔ ไม่ใช่ผลสรุป
pat1-2552-10-q48,pat1-2552-10,fill,'10',10,เจอแต่ไม่อยู่ท้าย,31,🟡 อาจเป็นการเอ่ยกลางทาง ⛔ ไม่ใช่ผลสรุป
pat1-2552-10-q50,pat1-2552-10,fill,'19',19,เจอแต่ไม่อยู่ท้าย,45,🟡 อาจเป็นการเอ่ยกลางทาง ⛔ ไม่ใช่ผลสรุป
pat1-2553-03-q01,pat1-2553-03,mc,3,$(\sim p \Rightarrow q) \Leftrightarrow (\sim p \land \sim q)$,เจอแต่ไม่อยู่ท้าย,44,🟡 อาจเป็นการเอ่ยกลางทาง ⛔ ไม่ใช่ผลสรุป
pat1-2553-03-q02,pat1-2553-03,mc,2,ถ้าเอกภพสัมพัทธ์เป็นเซตของจำนวนจริง นิเสธของข้อความ $\forall x \exists y[(x > 0 ,ไม่เจอเลย,48,🔴 คำตอบไม่ปรากฏในเฉลยเลย
pat1-2553-03-q04,pat1-2553-03,mc,0,$A' = \{x \in R \mid |3-x| > 4\}$,ไม่เจอเลย,42,🔴 คำตอบไม่ปรากฏในเฉลยเลย
pat1-2553-03-q05,pat1-2553-03,mc,1,$\dfrac{x^2+1}{x-1}$,เจอแต่ไม่อยู่ท้าย,44,🟡 อาจเป็นการเอ่ยกลางทาง ⛔ ไม่ใช่ผลสรุป
pat1-2553-03-q06,pat1-2553-03,mc,3,ก. ผิด และ ข. ผิด,เจอแต่ไม่อยู่ท้าย,59,🟡 อาจเป็นการเอ่ยกลางทาง ⛔ ไม่ใช่ผลสรุป
pat1-2553-03-q07,pat1-2553-03,mc,2,$a b^3 - a^3 b$,เจอแต่ไม่อยู่ท้าย,51,🟡 อาจเป็นการเอ่ยกลางทาง ⛔ ไม่ใช่ผลสรุป
pat1-2553-03-q08,pat1-2553-03,mc,2,$y^2 - 4x^2 - 2y - 16x - 19 = 0$,เจอแต่ไม่อยู่ท้าย,45,🟡 อาจเป็นการเอ่ยกลางทาง ⛔ ไม่ใช่ผลสรุป
pat1-2553-03-q09,pat1-2553-03,mc,3,ระยะตั้งฉากจากจุด $B$ ไปยังเส้นตรงที่ผ่านจุด $C$ และจุด $D$ มีค่าเท่ากับ $\dfrac,ไม่เจอเลย,53,🔴 คำตอบไม่ปรากฏในเฉลยเลย
pat1-2553-03-q10,pat1-2553-03,mc,0,$\dfrac{1}{2}(\log_2 b)^a$,เจอแต่ไม่อยู่ท้าย,33,🟡 อาจเป็นการเอ่ยกลางทาง ⛔ ไม่ใช่ผลสรุป
pat1-2553-03-q11,pat1-2553-03,mc,1,"$(\log_9 8\,,\ \log_8 9)$",เจอแต่ไม่อยู่ท้าย,53,🟡 อาจเป็นการเอ่ยกลางทาง ⛔ ไม่ใช่ผลสรุป
pat1-2553-03-q12,pat1-2553-03,mc,1,"$(-3, 0)$",เจอแต่ไม่อยู่ท้าย,51,🟡 อาจเป็นการเอ่ยกลางทาง ⛔ ไม่ใช่ผลสรุป
pat1-2553-03-q14,pat1-2553-03,mc,1,"$\left(-\dfrac{3}{2}, 0\right)$",เจอแต่ไม่อยู่ท้าย,45,🟡 อาจเป็นการเอ่ยกลางทาง ⛔ ไม่ใช่ผลสรุป
pat1-2553-03-q15,pat1-2553-03,mc,0,$x - y + 4 = 0$,เจอแต่ไม่อยู่ท้าย,38,🟡 อาจเป็นการเอ่ยกลางทาง ⛔ ไม่ใช่ผลสรุป
pat1-2553-03-q16,pat1-2553-03,mc,1,$\sqrt{2}$,เจอแต่ไม่อยู่ท้าย,37,🟡 อาจเป็นการเอ่ยกลางทาง ⛔ ไม่ใช่ผลสรุป
pat1-2553-03-q17,pat1-2553-03,mc,3,$\dfrac{40}{3}$,เจอแต่ไม่อยู่ท้าย,34,🟡 อาจเป็นการเอ่ยกลางทาง ⛔ ไม่ใช่ผลสรุป
pat1-2553-03-q18,pat1-2553-03,mc,1,$\dfrac{2}{3}$,เจอแต่ไม่อยู่ท้าย,31,🟡 อาจเป็นการเอ่ยกลางทาง ⛔ ไม่ใช่ผลสรุป
pat1-2553-03-q19,pat1-2553-03,mc,0,$\dfrac{72}{425}$,เจอแต่ไม่อยู่ท้าย,34,🟡 อาจเป็นการเอ่ยกลางทาง ⛔ ไม่ใช่ผลสรุป
pat1-2553-03-q20,pat1-2553-03,mc,1,ก. ถูก แต่ ข. ผิด,เจอแต่ไม่อยู่ท้าย,31,🟡 อาจเป็นการเอ่ยกลางทาง ⛔ ไม่ใช่ผลสรุป
pat1-2553-03-q22,pat1-2553-03,mc,2,$C < B < D < A$,ไม่เจอเลย,37,🔴 คำตอบไม่ปรากฏในเฉลยเลย
pat1-2553-03-q23,pat1-2553-03,mc,2,$72341$,เจอแต่ไม่อยู่ท้าย,34,🟡 อาจเป็นการเอ่ยกลางทาง ⛔ ไม่ใช่ผลสรุป
pat1-2553-03-q24,pat1-2553-03,mc,3,ก. ข. ค. และ ง. ผิดทุกข้อ,ไม่เจอเลย,35,🔴 คำตอบไม่ปรากฏในเฉลยเลย
pat1-2553-03-q25,pat1-2553-03,mc,0,"A, B, D พูดเท็จ ; C และ E พูดจริง",ไม่เจอเลย,60,🔴 คำตอบไม่ปรากฏในเฉลยเลย
pat1-2553-03-q26,pat1-2553-03,fill,'18',18,เจอแต่ไม่อยู่ท้าย,34,🟡 อาจเป็นการเอ่ยกลางทาง ⛔ ไม่ใช่ผลสรุป
pat1-2553-03-q29,pat1-2553-03,fill,'0.5',0.5,เจอแต่ไม่อยู่ท้าย,47,🟡 อาจเป็นการเอ่ยกลางทาง ⛔ ไม่ใช่ผลสรุป
pat1-2553-03-q30,pat1-2553-03,fill,'0.5',0.5,เจอแต่ไม่อยู่ท้าย,47,🟡 อาจเป็นการเอ่ยกลางทาง ⛔ ไม่ใช่ผลสรุป
pat1-2553-03-q31,pat1-2553-03,fill,'32',32,เจอแต่ไม่อยู่ท้าย,32,🟡 อาจเป็นการเอ่ยกลางทาง ⛔ ไม่ใช่ผลสรุป
pat1-2553-03-q32,pat1-2553-03,fill,'6',6,เจอแต่ไม่อยู่ท้าย,42,🟡 อาจเป็นการเอ่ยกลางทาง ⛔ ไม่ใช่ผลสรุป
pat1-2553-03-q33,pat1-2553-03,fill,'3',3,เจอแต่ไม่อยู่ท้าย,50,🟡 อาจเป็นการเอ่ยกลางทาง ⛔ ไม่ใช่ผลสรุป
pat1-2553-03-q37,pat1-2553-03,fill,'53',53,เจอแต่ไม่อยู่ท้าย,45,🟡 อาจเป็นการเอ่ยกลางทาง ⛔ ไม่ใช่ผลสรุป
pat1-2553-03-q38,pat1-2553-03,fill,'6',6,เจอแต่ไม่อยู่ท้าย,40,🟡 อาจเป็นการเอ่ยกลางทาง ⛔ ไม่ใช่ผลสรุป
pat1-2553-03-q39,pat1-2553-03,fill,'7',7,เจอแต่ไม่อยู่ท้าย,37,🟡 อาจเป็นการเอ่ยกลางทาง ⛔ ไม่ใช่ผลสรุป
pat1-2553-03-q40,pat1-2553-03,fill,'44',44,เจอแต่ไม่อยู่ท้าย,39,🟡 อาจเป็นการเอ่ยกลางทาง ⛔ ไม่ใช่ผลสรุป
pat1-2553-03-q41,pat1-2553-03,fill,'192',192,เจอแต่ไม่อยู่ท้าย,52,🟡 อาจเป็นการเอ่ยกลางทาง ⛔ ไม่ใช่ผลสรุป
pat1-2553-03-q42,pat1-2553-03,fill,'520',520,เจอแต่ไม่อยู่ท้าย,44,🟡 อาจเป็นการเอ่ยกลางทาง ⛔ ไม่ใช่ผลสรุป
pat1-2553-03-q43,pat1-2553-03,fill,'6',6,เจอแต่ไม่อยู่ท้าย,42,🟡 อาจเป็นการเอ่ยกลางทาง ⛔ ไม่ใช่ผลสรุป
pat1-2553-03-q45,pat1-2553-03,fill,'7',7,เจอแต่ไม่อยู่ท้าย,31,🟡 อาจเป็นการเอ่ยกลางทาง ⛔ ไม่ใช่ผลสรุป
pat1-2553-03-q46,pat1-2553-03,fill,'37',37,เจอแต่ไม่อยู่ท้าย,36,🟡 อาจเป็นการเอ่ยกลางทาง ⛔ ไม่ใช่ผลสรุป
pat1-2553-03-q48,pat1-2553-03,fill,'0',0,เจอแต่ไม่อยู่ท้าย,50,🟡 อาจเป็นการเอ่ยกลางทาง ⛔ ไม่ใช่ผลสรุป
pat1-2553-03-q49,pat1-2553-03,fill,'5',5,เจอแต่ไม่อยู่ท้าย,27,🟡 อาจเป็นการเอ่ยกลางทาง ⛔ ไม่ใช่ผลสรุป
pat1-2553-07-q01,pat1-2553-07,mc,1,$q \Rightarrow [p \vee (q \wedge \sim r)]$,เจอแต่ไม่อยู่ท้าย,38,🟡 อาจเป็นการเอ่ยกลางทาง ⛔ ไม่ใช่ผลสรุป
pat1-2553-07-q02,pat1-2553-07,mc,2,$\exists x \forall y[x + y = 1]$ มีค่าความจริงเป็นเท็จ,ไม่เจอเลย,36,🔴 คำตอบไม่ปรากฏในเฉลยเลย
pat1-2553-07-q03,pat1-2553-07,mc,3,"$\big\{ \emptyset, \{\emptyset\}, \{\{\emptyset\}\} \big\} \subset P(A)$",ไม่เจอเลย,40,🔴 คำตอบไม่ปรากฏในเฉลยเลย
pat1-2553-07-q04,pat1-2553-07,mc,2,$\left\{ x \ \middle|\ \dfrac{2}{3} < x < 1 \right\}$,ไม่เจอเลย,50,🔴 คำตอบไม่ปรากฏในเฉลยเลย
pat1-2553-07-q05,pat1-2553-07,mc,2,"$[3, 5)$",เจอแต่ไม่อยู่ท้าย,60,🟡 อาจเป็นการเอ่ยกลางทาง ⛔ ไม่ใช่ผลสรุป
pat1-2553-07-q06,pat1-2553-07,mc,3,"$\left( \dfrac{\sqrt{3}}{2}, 1 \right)$",เจอแต่ไม่อยู่ท้าย,34,🟡 อาจเป็นการเอ่ยกลางทาง ⛔ ไม่ใช่ผลสรุป
pat1-2553-07-q07,pat1-2553-07,mc,0,$\dfrac{a^2 + b^2 + c^2}{2abc}$,เจอแต่ไม่อยู่ท้าย,48,🟡 อาจเป็นการเอ่ยกลางทาง ⛔ ไม่ใช่ผลสรุป
pat1-2553-07-q08,pat1-2553-07,mc,0,$\dfrac{25\pi}{4}$ ตารางหน่วย,เจอแต่ไม่อยู่ท้าย,38,🟡 อาจเป็นการเอ่ยกลางทาง ⛔ ไม่ใช่ผลสรุป
pat1-2553-07-q09,pat1-2553-07,mc,1,$8x + y - 27 = 0$,เจอแต่ไม่อยู่ท้าย,39,🟡 อาจเป็นการเอ่ยกลางทาง ⛔ ไม่ใช่ผลสรุป
pat1-2553-07-q10,pat1-2553-07,mc,0,ก. ถูก และ ข. ถูก,เจอแต่ไม่อยู่ท้าย,38,🟡 อาจเป็นการเอ่ยกลางทาง ⛔ ไม่ใช่ผลสรุป
pat1-2553-07-q14,pat1-2553-07,mc,1,$\dfrac{1}{8}$,เจอแต่ไม่อยู่ท้าย,36,🟡 อาจเป็นการเอ่ยกลางทาง ⛔ ไม่ใช่ผลสรุป
pat1-2553-07-q17,pat1-2553-07,mc,1,$\dfrac{1}{3}$,เจอแต่ไม่อยู่ท้าย,33,🟡 อาจเป็นการเอ่ยกลางทาง ⛔ ไม่ใช่ผลสรุป
pat1-2553-07-q18,pat1-2553-07,mc,0,$-11$,เจอแต่ไม่อยู่ท้าย,35,🟡 อาจเป็นการเอ่ยกลางทาง ⛔ ไม่ใช่ผลสรุป
pat1-2553-07-q19,pat1-2553-07,mc,3,$-10$,เจอแต่ไม่อยู่ท้าย,40,🟡 อาจเป็นการเอ่ยกลางทาง ⛔ ไม่ใช่ผลสรุป
pat1-2553-07-q20,pat1-2553-07,mc,0,$35$,เจอแต่ไม่อยู่ท้าย,31,🟡 อาจเป็นการเอ่ยกลางทาง ⛔ ไม่ใช่ผลสรุป
pat1-2553-07-q21,pat1-2553-07,mc,3,ลดลง $90$,เจอแต่ไม่อยู่ท้าย,45,🟡 อาจเป็นการเอ่ยกลางทาง ⛔ ไม่ใช่ผลสรุป
pat1-2553-07-q22,pat1-2553-07,mc,2,$\dfrac{2}{9}$,เจอแต่ไม่อยู่ท้าย,32,🟡 อาจเป็นการเอ่ยกลางทาง ⛔ ไม่ใช่ผลสรุป
pat1-2553-07-q23,pat1-2553-07,mc,0,$7917$,เจอแต่ไม่อยู่ท้าย,36,🟡 อาจเป็นการเอ่ยกลางทาง ⛔ ไม่ใช่ผลสรุป
pat1-2553-07-q24,pat1-2553-07,mc,3,$\dfrac{1}{a} > \dfrac{1}{c} > \dfrac{1}{b}$,เจอแต่ไม่อยู่ท้าย,41,🟡 อาจเป็นการเอ่ยกลางทาง ⛔ ไม่ใช่ผลสรุป
pat1-2553-07-q25,pat1-2553-07,mc,1,ตำแหน่งที่ $10$ (จากซ้าย) ของแถวที่ $19$,ไม่เจอเลย,32,🔴 คำตอบไม่ปรากฏในเฉลยเลย
pat1-2553-07-q26,pat1-2553-07,fill,'26',26,เจอแต่ไม่อยู่ท้าย,34,🟡 อาจเป็นการเอ่ยกลางทาง ⛔ ไม่ใช่ผลสรุป
pat1-2553-07-q30,pat1-2553-07,fill,'4',4,เจอแต่ไม่อยู่ท้าย,38,🟡 อาจเป็นการเอ่ยกลางทาง ⛔ ไม่ใช่ผลสรุป
pat1-2553-07-q31,pat1-2553-07,fill,'4',4,เจอแต่ไม่อยู่ท้าย,60,🟡 อาจเป็นการเอ่ยกลางทาง ⛔ ไม่ใช่ผลสรุป
pat1-2553-07-q37,pat1-2553-07,fill,'18',18,เจอแต่ไม่อยู่ท้าย,42,🟡 อาจเป็นการเอ่ยกลางทาง ⛔ ไม่ใช่ผลสรุป
pat1-2553-07-q38,pat1-2553-07,fill,'10',10,เจอแต่ไม่อยู่ท้าย,37,🟡 อาจเป็นการเอ่ยกลางทาง ⛔ ไม่ใช่ผลสรุป
pat1-2553-07-q39,pat1-2553-07,fill,'7',7,เจอแต่ไม่อยู่ท้าย,39,🟡 อาจเป็นการเอ่ยกลางทาง ⛔ ไม่ใช่ผลสรุป
pat1-2553-07-q41,pat1-2553-07,fill,'352',352,เจอแต่ไม่อยู่ท้าย,57,🟡 อาจเป็นการเอ่ยกลางทาง ⛔ ไม่ใช่ผลสรุป
pat1-2553-07-q42,pat1-2553-07,fill,'9',9,เจอแต่ไม่อยู่ท้าย,44,🟡 อาจเป็นการเอ่ยกลางทาง ⛔ ไม่ใช่ผลสรุป
pat1-2553-07-q43,pat1-2553-07,fill,'50',50,เจอแต่ไม่อยู่ท้าย,28,🟡 อาจเป็นการเอ่ยกลางทาง ⛔ ไม่ใช่ผลสรุป
pat1-2553-07-q44,pat1-2553-07,fill,'36',36,เจอแต่ไม่อยู่ท้าย,33,🟡 อาจเป็นการเอ่ยกลางทาง ⛔ ไม่ใช่ผลสรุป
pat1-2553-07-q45,pat1-2553-07,fill,'4',4,เจอแต่ไม่อยู่ท้าย,31,🟡 อาจเป็นการเอ่ยกลางทาง ⛔ ไม่ใช่ผลสรุป
pat1-2553-07-q47,pat1-2553-07,fill,'9',9,เจอแต่ไม่อยู่ท้าย,39,🟡 อาจเป็นการเอ่ยกลางทาง ⛔ ไม่ใช่ผลสรุป
pat1-2553-07-q48,pat1-2553-07,fill,'3',3,เจอแต่ไม่อยู่ท้าย,30,🟡 อาจเป็นการเอ่ยกลางทาง ⛔ ไม่ใช่ผลสรุป
pat1-2553-07-q49,pat1-2553-07,fill,'208',208,เจอแต่ไม่อยู่ท้าย,41,🟡 อาจเป็นการเอ่ยกลางทาง ⛔ ไม่ใช่ผลสรุป
pat1-2553-07-q50,pat1-2553-07,fill,'2',2,เจอแต่ไม่อยู่ท้าย,37,🟡 อาจเป็นการเอ่ยกลางทาง ⛔ ไม่ใช่ผลสรุป
pat1-2553-10-q01,pat1-2553-10,mc,2,ประพจน์ $[(A \wedge B) \Rightarrow C] \Rightarrow [(A \Rightarrow B) \Rightarrow,ไม่เจอเลย,47,🔴 คำตอบไม่ปรากฏในเฉลยเลย
pat1-2553-10-q02,pat1-2553-10,mc,1,$\exists x[P(x)] \Rightarrow \exists x[Q(x)]$,เจอแต่ไม่อยู่ท้าย,47,🟡 อาจเป็นการเอ่ยกลางทาง ⛔ ไม่ใช่ผลสรุป
pat1-2553-10-q03,pat1-2553-10,mc,3,$P(A - B) - P(A \cap B) = \{\{0\}\}$,ไม่เจอเลย,46,🔴 คำตอบไม่ปรากฏในเฉลยเลย
pat1-2553-10-q04,pat1-2553-10,mc,1,"ความสัมพันธ์ $r_2 = \{(x, y) \in R \times R \mid x^2 + y^2 = 4$ และ $xy > 0\}$",ไม่เจอเลย,48,🔴 คำตอบไม่ปรากฏในเฉลยเลย
pat1-2553-10-q05,pat1-2553-10,mc,3,ก. ผิด และ ข. ผิด,ไม่เจอเลย,28,🔴 คำตอบไม่ปรากฏในเฉลยเลย
pat1-2553-10-q06,pat1-2553-10,mc,2,$6\sqrt{3} - 1$,เจอแต่ไม่อยู่ท้าย,39,🟡 อาจเป็นการเอ่ยกลางทาง ⛔ ไม่ใช่ผลสรุป
pat1-2553-10-q07,pat1-2553-10,mc,0,$\dfrac{1}{\sqrt{3}}$,เจอแต่ไม่อยู่ท้าย,37,🟡 อาจเป็นการเอ่ยกลางทาง ⛔ ไม่ใช่ผลสรุป
pat1-2553-10-q08,pat1-2553-10,mc,3,ก. ผิด และ ข. ผิด,ไม่เจอเลย,46,🔴 คำตอบไม่ปรากฏในเฉลยเลย
pat1-2553-10-q09,pat1-2553-10,mc,1,32 ตารางหน่วย,เจอแต่ไม่อยู่ท้าย,45,🟡 อาจเป็นการเอ่ยกลางทาง ⛔ ไม่ใช่ผลสรุป
pat1-2553-10-q10,pat1-2553-10,mc,2,$\dfrac{2}{3}$,เจอแต่ไม่อยู่ท้าย,35,🟡 อาจเป็นการเอ่ยกลางทาง ⛔ ไม่ใช่ผลสรุป
pat1-2553-10-q11,pat1-2553-10,mc,0,$\log_{1/4}\log_{1/3}\log_{1/2}\sqrt[3]{\dfrac{1}{9x^2 - 244x + 29}} = 0$,ไม่เจอเลย,57,🔴 คำตอบไม่ปรากฏในเฉลยเลย
pat1-2553-10-q12,pat1-2553-10,mc,0,$-3$,เจอแต่ไม่อยู่ท้าย,40,🟡 อาจเป็นการเอ่ยกลางทาง ⛔ ไม่ใช่ผลสรุป
pat1-2553-10-q13,pat1-2553-10,mc,3,ก. ผิด และ ข. ผิด,ไม่เจอเลย,43,🔴 คำตอบไม่ปรากฏในเฉลยเลย
pat1-2553-10-q14,pat1-2553-10,mc,1,$6$,เจอแต่ไม่อยู่ท้าย,39,🟡 อาจเป็นการเอ่ยกลางทาง ⛔ ไม่ใช่ผลสรุป
pat1-2553-10-q15,pat1-2553-10,mc,2,"ถ้า $\bar{u} + \bar{v} + \bar{w} = \bar{0}$, $|\bar{u}| = 3$, $|\bar{v}| = 4$ แล",ไม่เจอเลย,36,🔴 คำตอบไม่ปรากฏในเฉลยเลย
pat1-2553-10-q16,pat1-2553-10,mc,0,$4$,เจอแต่ไม่อยู่ท้าย,56,🟡 อาจเป็นการเอ่ยกลางทาง ⛔ ไม่ใช่ผลสรุป
pat1-2553-10-q17,pat1-2553-10,mc,1,$\dfrac{121}{2}$,เจอแต่ไม่อยู่ท้าย,47,🟡 อาจเป็นการเอ่ยกลางทาง ⛔ ไม่ใช่ผลสรุป
pat1-2553-10-q18,pat1-2553-10,mc,3,$\sqrt{7} - 2$,เจอแต่ไม่อยู่ท้าย,45,🟡 อาจเป็นการเอ่ยกลางทาง ⛔ ไม่ใช่ผลสรุป
pat1-2553-10-q19,pat1-2553-10,mc,2,$\dfrac{11}{30}$,เจอแต่ไม่อยู่ท้าย,42,🟡 อาจเป็นการเอ่ยกลางทาง ⛔ ไม่ใช่ผลสรุป
pat1-2553-10-q20,pat1-2553-10,mc,3,ถูกทั้ง 3 ข้อ คือ ข้อ ก. ข. และ ค.,ไม่เจอเลย,37,🔴 คำตอบไม่ปรากฏในเฉลยเลย
pat1-2553-10-q21,pat1-2553-10,mc,1,$a = 166.1$ และ $b = 169.43$,ไม่เจอเลย,49,🔴 คำตอบไม่ปรากฏในเฉลยเลย
pat1-2553-10-q22,pat1-2553-10,mc,3,ก. ผิด และ ข. ผิด,ไม่เจอเลย,38,🔴 คำตอบไม่ปรากฏในเฉลยเลย
pat1-2553-10-q23,pat1-2553-10,mc,0,ก. ถูก และ ข. ถูก,ไม่เจอเลย,53,🔴 คำตอบไม่ปรากฏในเฉลยเลย
pat1-2553-10-q24,pat1-2553-10,mc,2,$7$,เจอแต่ไม่อยู่ท้าย,51,🟡 อาจเป็นการเอ่ยกลางทาง ⛔ ไม่ใช่ผลสรุป
pat1-2553-10-q25,pat1-2553-10,mc,0,ถ้า $x * y$ และ $y * z$ แล้ว $(x + y) * z$,ไม่เจอเลย,41,🔴 คำตอบไม่ปรากฏในเฉลยเลย
pat1-2553-10-q26,pat1-2553-10,fill,'97',97,เจอแต่ไม่อยู่ท้าย,47,🟡 อาจเป็นการเอ่ยกลางทาง ⛔ ไม่ใช่ผลสรุป
pat1-2553-10-q27,pat1-2553-10,fill,'13',13,เจอแต่ไม่อยู่ท้าย,36,🟡 อาจเป็นการเอ่ยกลางทาง ⛔ ไม่ใช่ผลสรุป
pat1-2553-10-q30,pat1-2553-10,fill,'50',50,เจอแต่ไม่อยู่ท้าย,43,🟡 อาจเป็นการเอ่ยกลางทาง ⛔ ไม่ใช่ผลสรุป
pat1-2553-10-q32,pat1-2553-10,fill,'178',178,เจอแต่ไม่อยู่ท้าย,39,🟡 อาจเป็นการเอ่ยกลางทาง ⛔ ไม่ใช่ผลสรุป
pat1-2553-10-q33,pat1-2553-10,fill,'1',1,เจอแต่ไม่อยู่ท้าย,56,🟡 อาจเป็นการเอ่ยกลางทาง ⛔ ไม่ใช่ผลสรุป
pat1-2553-10-q34,pat1-2553-10,fill,'17',17,เจอแต่ไม่อยู่ท้าย,45,🟡 อาจเป็นการเอ่ยกลางทาง ⛔ ไม่ใช่ผลสรุป
pat1-2553-10-q35,pat1-2553-10,fill,'1',1,เจอแต่ไม่อยู่ท้าย,62,🟡 อาจเป็นการเอ่ยกลางทาง ⛔ ไม่ใช่ผลสรุป
pat1-2553-10-q36,pat1-2553-10,fill,'396',396,เจอแต่ไม่อยู่ท้าย,51,🟡 อาจเป็นการเอ่ยกลางทาง ⛔ ไม่ใช่ผลสรุป
pat1-2553-10-q38,pat1-2553-10,fill,'20',20,เจอแต่ไม่อยู่ท้าย,44,🟡 อาจเป็นการเอ่ยกลางทาง ⛔ ไม่ใช่ผลสรุป
pat1-2553-10-q39,pat1-2553-10,fill,'2',2,เจอแต่ไม่อยู่ท้าย,31,🟡 อาจเป็นการเอ่ยกลางทาง ⛔ ไม่ใช่ผลสรุป
pat1-2553-10-q40,pat1-2553-10,fill,'9',9,เจอแต่ไม่อยู่ท้าย,40,🟡 อาจเป็นการเอ่ยกลางทาง ⛔ ไม่ใช่ผลสรุป
pat1-2553-10-q42,pat1-2553-10,fill,'262',262,เจอแต่ไม่อยู่ท้าย,48,🟡 อาจเป็นการเอ่ยกลางทาง ⛔ ไม่ใช่ผลสรุป
pat1-2553-10-q43,pat1-2553-10,fill,'102',102,เจอแต่ไม่อยู่ท้าย,35,🟡 อาจเป็นการเอ่ยกลางทาง ⛔ ไม่ใช่ผลสรุป
pat1-2553-10-q45,pat1-2553-10,fill,'56',56,เจอแต่ไม่อยู่ท้าย,33,🟡 อาจเป็นการเอ่ยกลางทาง ⛔ ไม่ใช่ผลสรุป
pat1-2553-10-q46,pat1-2553-10,fill,'10',10,เจอแต่ไม่อยู่ท้าย,38,🟡 อาจเป็นการเอ่ยกลางทาง ⛔ ไม่ใช่ผลสรุป
pat1-2553-10-q47,pat1-2553-10,fill,'120',120,เจอแต่ไม่อยู่ท้าย,43,🟡 อาจเป็นการเอ่ยกลางทาง ⛔ ไม่ใช่ผลสรุป
pat1-2553-10-q48,pat1-2553-10,fill,'198',198,เจอแต่ไม่อยู่ท้าย,53,🟡 อาจเป็นการเอ่ยกลางทาง ⛔ ไม่ใช่ผลสรุป
pat1-2553-10-q50,pat1-2553-10,fill,'4',4,เจอแต่ไม่อยู่ท้าย,49,🟡 อาจเป็นการเอ่ยกลางทาง ⛔ ไม่ใช่ผลสรุป
pat1-2554-03-q01,pat1-2554-03,mc,2,$[p \Rightarrow \sim(r \land q)] \Leftrightarrow [r \Rightarrow (p \land q)]$,เจอแต่ไม่อยู่ท้าย,46,🟡 อาจเป็นการเอ่ยกลางทาง ⛔ ไม่ใช่ผลสรุป
pat1-2554-03-q02,pat1-2554-03,mc,1,(ก) ถูก แต่ (ข) ผิด,เจอแต่ไม่อยู่ท้าย,27,🟡 อาจเป็นการเอ่ยกลางทาง ⛔ ไม่ใช่ผลสรุป
pat1-2554-03-q03,pat1-2554-03,mc,2,(ก) ผิด แต่ (ข) ถูก,เจอแต่ไม่อยู่ท้าย,40,🟡 อาจเป็นการเอ่ยกลางทาง ⛔ ไม่ใช่ผลสรุป
pat1-2554-03-q04,pat1-2554-03,mc,2,"4,951",เจอแต่ไม่อยู่ท้าย,50,🟡 อาจเป็นการเอ่ยกลางทาง ⛔ ไม่ใช่ผลสรุป
pat1-2554-03-q05,pat1-2554-03,mc,3,$f(-2 - x) = -2 - f(x)$ สำหรับทุกจำนวนจริง $x$,ไม่เจอเลย,37,🔴 คำตอบไม่ปรากฏในเฉลยเลย
pat1-2554-03-q06,pat1-2554-03,mc,0,$\dfrac{16}{65}$,เจอแต่ไม่อยู่ท้าย,49,🟡 อาจเป็นการเอ่ยกลางทาง ⛔ ไม่ใช่ผลสรุป
pat1-2554-03-q07,pat1-2554-03,mc,1,$\dfrac{13}{4}$,เจอแต่ไม่อยู่ท้าย,58,🟡 อาจเป็นการเอ่ยกลางทาง ⛔ ไม่ใช่ผลสรุป
pat1-2554-03-q08,pat1-2554-03,mc,3,$\dfrac{5}{4}$,เจอแต่ไม่อยู่ท้าย,41,🟡 อาจเป็นการเอ่ยกลางทาง ⛔ ไม่ใช่ผลสรุป
pat1-2554-03-q09,pat1-2554-03,mc,0,(ก) ถูก และ (ข) ถูก,เจอแต่ไม่อยู่ท้าย,37,🟡 อาจเป็นการเอ่ยกลางทาง ⛔ ไม่ใช่ผลสรุป
pat1-2554-03-q10,pat1-2554-03,mc,3,"$(2, 9)$",เจอแต่ไม่อยู่ท้าย,38,🟡 อาจเป็นการเอ่ยกลางทาง ⛔ ไม่ใช่ผลสรุป
pat1-2554-03-q11,pat1-2554-03,mc,1,$\{x \in R \mid -1 \le x < 2\}$,ไม่เจอเลย,50,🔴 คำตอบไม่ปรากฏในเฉลยเลย
pat1-2554-03-q12,pat1-2554-03,mc,2,"$[0, 1]$",เจอแต่ไม่อยู่ท้าย,39,🟡 อาจเป็นการเอ่ยกลางทาง ⛔ ไม่ใช่ผลสรุป
pat1-2554-03-q13,pat1-2554-03,mc,0,$1$,เจอแต่ไม่อยู่ท้าย,44,🟡 อาจเป็นการเอ่ยกลางทาง ⛔ ไม่ใช่ผลสรุป
pat1-2554-03-q14,pat1-2554-03,mc,1,$13$,เจอแต่ไม่อยู่ท้าย,43,🟡 อาจเป็นการเอ่ยกลางทาง ⛔ ไม่ใช่ผลสรุป
pat1-2554-03-q15,pat1-2554-03,mc,1,$\sqrt{\dfrac{13}{7}}$,เจอแต่ไม่อยู่ท้าย,39,🟡 อาจเป็นการเอ่ยกลางทาง ⛔ ไม่ใช่ผลสรุป
pat1-2554-03-q16,pat1-2554-03,mc,0,$50$,เจอแต่ไม่อยู่ท้าย,37,🟡 อาจเป็นการเอ่ยกลางทาง ⛔ ไม่ใช่ผลสรุป
pat1-2554-03-q17,pat1-2554-03,mc,2,"$4{,}001$",เจอแต่ไม่อยู่ท้าย,37,🟡 อาจเป็นการเอ่ยกลางทาง ⛔ ไม่ใช่ผลสรุป
pat1-2554-03-q19,pat1-2554-03,mc,2,$42$,เจอแต่ไม่อยู่ท้าย,38,🟡 อาจเป็นการเอ่ยกลางทาง ⛔ ไม่ใช่ผลสรุป
pat1-2554-03-q20,pat1-2554-03,mc,3,$8$,เจอแต่ไม่อยู่ท้าย,31,🟡 อาจเป็นการเอ่ยกลางทาง ⛔ ไม่ใช่ผลสรุป
pat1-2554-03-q21,pat1-2554-03,mc,3,$\dfrac{55}{64}$,เจอแต่ไม่อยู่ท้าย,47,🟡 อาจเป็นการเอ่ยกลางทาง ⛔ ไม่ใช่ผลสรุป
pat1-2554-03-q22,pat1-2554-03,mc,0,$0.15$,เจอแต่ไม่อยู่ท้าย,33,🟡 อาจเป็นการเอ่ยกลางทาง ⛔ ไม่ใช่ผลสรุป
pat1-2554-03-q23,pat1-2554-03,mc,1,$4$,เจอแต่ไม่อยู่ท้าย,28,🟡 อาจเป็นการเอ่ยกลางทาง ⛔ ไม่ใช่ผลสรุป
pat1-2554-03-q24,pat1-2554-03,mc,0,$12.7$,เจอแต่ไม่อยู่ท้าย,32,🟡 อาจเป็นการเอ่ยกลางทาง ⛔ ไม่ใช่ผลสรุป
pat1-2554-03-q25,pat1-2554-03,mc,3,$326$ วัน,เจอแต่ไม่อยู่ท้าย,35,🟡 อาจเป็นการเอ่ยกลางทาง ⛔ ไม่ใช่ผลสรุป
pat1-2554-03-q26,pat1-2554-03,fill,'415',415,เจอแต่ไม่อยู่ท้าย,37,🟡 อาจเป็นการเอ่ยกลางทาง ⛔ ไม่ใช่ผลสรุป
pat1-2554-03-q28,pat1-2554-03,fill,'8',8,เจอแต่ไม่อยู่ท้าย,41,🟡 อาจเป็นการเอ่ยกลางทาง ⛔ ไม่ใช่ผลสรุป
pat1-2554-03-q29,pat1-2554-03,fill,'4',4,เจอแต่ไม่อยู่ท้าย,44,🟡 อาจเป็นการเอ่ยกลางทาง ⛔ ไม่ใช่ผลสรุป
pat1-2554-03-q31,pat1-2554-03,fill,'234',234,เจอแต่ไม่อยู่ท้าย,37,🟡 อาจเป็นการเอ่ยกลางทาง ⛔ ไม่ใช่ผลสรุป
pat1-2554-03-q32,pat1-2554-03,fill,'0.2',0.2,เจอแต่ไม่อยู่ท้าย,45,🟡 อาจเป็นการเอ่ยกลางทาง ⛔ ไม่ใช่ผลสรุป
pat1-2554-03-q33,pat1-2554-03,fill,'20',20,เจอแต่ไม่อยู่ท้าย,69,🟡 อาจเป็นการเอ่ยกลางทาง ⛔ ไม่ใช่ผลสรุป
pat1-2554-03-q34,pat1-2554-03,fill,'4',4,เจอแต่ไม่อยู่ท้าย,46,🟡 อาจเป็นการเอ่ยกลางทาง ⛔ ไม่ใช่ผลสรุป
pat1-2554-03-q36,pat1-2554-03,fill,'3',3,เจอแต่ไม่อยู่ท้าย,34,🟡 อาจเป็นการเอ่ยกลางทาง ⛔ ไม่ใช่ผลสรุป
pat1-2554-03-q37,pat1-2554-03,fill,'3',3,เจอแต่ไม่อยู่ท้าย,54,🟡 อาจเป็นการเอ่ยกลางทาง ⛔ ไม่ใช่ผลสรุป
pat1-2554-03-q39,pat1-2554-03,fill,'2.5',2.5,เจอแต่ไม่อยู่ท้าย,47,🟡 อาจเป็นการเอ่ยกลางทาง ⛔ ไม่ใช่ผลสรุป
pat1-2554-03-q40,pat1-2554-03,fill,'6',6,เจอแต่ไม่อยู่ท้าย,35,🟡 อาจเป็นการเอ่ยกลางทาง ⛔ ไม่ใช่ผลสรุป
pat1-2554-03-q41,pat1-2554-03,fill,'30',30,เจอแต่ไม่อยู่ท้าย,42,🟡 อาจเป็นการเอ่ยกลางทาง ⛔ ไม่ใช่ผลสรุป
pat1-2554-03-q43,pat1-2554-03,fill,'8',8,เจอแต่ไม่อยู่ท้าย,39,🟡 อาจเป็นการเอ่ยกลางทาง ⛔ ไม่ใช่ผลสรุป
pat1-2554-03-q44,pat1-2554-03,fill,'8',8,เจอแต่ไม่อยู่ท้าย,39,🟡 อาจเป็นการเอ่ยกลางทาง ⛔ ไม่ใช่ผลสรุป
pat1-2554-03-q45,pat1-2554-03,fill,'120',120,เจอแต่ไม่อยู่ท้าย,45,🟡 อาจเป็นการเอ่ยกลางทาง ⛔ ไม่ใช่ผลสรุป
pat1-2554-03-q47,pat1-2554-03,fill,'48.8',48.8,เจอแต่ไม่อยู่ท้าย,38,🟡 อาจเป็นการเอ่ยกลางทาง ⛔ ไม่ใช่ผลสรุป
pat1-2554-03-q48,pat1-2554-03,fill,'911',911,เจอแต่ไม่อยู่ท้าย,53,🟡 อาจเป็นการเอ่ยกลางทาง ⛔ ไม่ใช่ผลสรุป
pat1-2554-03-q50,pat1-2554-03,fill,'11',11,เจอแต่ไม่อยู่ท้าย,28,🟡 อาจเป็นการเอ่ยกลางทาง ⛔ ไม่ใช่ผลสรุป
pat1-2554-12-q01,pat1-2554-12,mc,3,ก. ผิด ข. ผิด,เจอแต่ไม่อยู่ท้าย,44,🟡 อาจเป็นการเอ่ยกลางทาง ⛔ ไม่ใช่ผลสรุป
pat1-2554-12-q02,pat1-2554-12,mc,0,$\forall x[P(x) \to Q(x)]$,เจอแต่ไม่อยู่ท้าย,32,🟡 อาจเป็นการเอ่ยกลางทาง ⛔ ไม่ใช่ผลสรุป
pat1-2554-12-q03,pat1-2554-12,mc,2,8,เจอแต่ไม่อยู่ท้าย,31,🟡 อาจเป็นการเอ่ยกลางทาง ⛔ ไม่ใช่ผลสรุป
pat1-2554-12-q05,pat1-2554-12,mc,0,"$\{\, x \in \mathbb{R} \mid -2 < x < 8 \,\}$",ไม่เจอเลย,30,🔴 คำตอบไม่ปรากฏในเฉลยเลย
pat1-2554-12-q06,pat1-2554-12,mc,0,3,เจอแต่ไม่อยู่ท้าย,45,🟡 อาจเป็นการเอ่ยกลางทาง ⛔ ไม่ใช่ผลสรุป
pat1-2554-12-q07,pat1-2554-12,mc,1,"$A \cap (-4, -3)$",เจอแต่ไม่อยู่ท้าย,41,🟡 อาจเป็นการเอ่ยกลางทาง ⛔ ไม่ใช่ผลสรุป
pat1-2554-12-q09,pat1-2554-12,mc,3,$4x + 15 = 0$,เจอแต่ไม่อยู่ท้าย,37,🟡 อาจเป็นการเอ่ยกลางทาง ⛔ ไม่ใช่ผลสรุป
pat1-2554-12-q10,pat1-2554-12,mc,0,4,เจอแต่ไม่อยู่ท้าย,39,🟡 อาจเป็นการเอ่ยกลางทาง ⛔ ไม่ใช่ผลสรุป
pat1-2554-12-q12,pat1-2554-12,mc,3,"$|\vec{a}|\,\csc\,20^\circ = |\vec{c}|\left(1 + \dfrac{\tan 35^\circ}{\tan 20^\c",เจอแต่ไม่อยู่ท้าย,51,🟡 อาจเป็นการเอ่ยกลางทาง ⛔ ไม่ใช่ผลสรุป
pat1-2554-12-q13,pat1-2554-12,mc,2,$-2\vec{i} - \vec{j}$,เจอแต่ไม่อยู่ท้าย,35,🟡 อาจเป็นการเอ่ยกลางทาง ⛔ ไม่ใช่ผลสรุป
pat1-2554-12-q14,pat1-2554-12,mc,1,8,เจอแต่ไม่อยู่ท้าย,50,🟡 อาจเป็นการเอ่ยกลางทาง ⛔ ไม่ใช่ผลสรุป
pat1-2554-12-q15,pat1-2554-12,mc,3,300,เจอแต่ไม่อยู่ท้าย,43,🟡 อาจเป็นการเอ่ยกลางทาง ⛔ ไม่ใช่ผลสรุป
pat1-2554-12-q17,pat1-2554-12,mc,1,"$(-1, 4)$",เจอแต่ไม่อยู่ท้าย,40,🟡 อาจเป็นการเอ่ยกลางทาง ⛔ ไม่ใช่ผลสรุป
pat1-2554-12-q18,pat1-2554-12,mc,0,$\dfrac{\sqrt3}{6}$,เจอแต่ไม่อยู่ท้าย,42,🟡 อาจเป็นการเอ่ยกลางทาง ⛔ ไม่ใช่ผลสรุป
pat1-2554-12-q19,pat1-2554-12,mc,2,$\dfrac{9}{11}$,เจอแต่ไม่อยู่ท้าย,36,🟡 อาจเป็นการเอ่ยกลางทาง ⛔ ไม่ใช่ผลสรุป
pat1-2554-12-q20,pat1-2554-12,mc,3,0.8,เจอแต่ไม่อยู่ท้าย,39,🟡 อาจเป็นการเอ่ยกลางทาง ⛔ ไม่ใช่ผลสรุป
pat1-2554-12-q21,pat1-2554-12,mc,1,7.75,เจอแต่ไม่อยู่ท้าย,35,🟡 อาจเป็นการเอ่ยกลางทาง ⛔ ไม่ใช่ผลสรุป
pat1-2554-12-q22,pat1-2554-12,mc,2,28,เจอแต่ไม่อยู่ท้าย,43,🟡 อาจเป็นการเอ่ยกลางทาง ⛔ ไม่ใช่ผลสรุป
pat1-2554-12-q23,pat1-2554-12,mc,1,$x * (y + 2) = (x * y) + (x * 2)$,ไม่เจอเลย,53,🔴 คำตอบไม่ปรากฏในเฉลยเลย
pat1-2554-12-q24,pat1-2554-12,mc,0,24,เจอแต่ไม่อยู่ท้าย,41,🟡 อาจเป็นการเอ่ยกลางทาง ⛔ ไม่ใช่ผลสรุป
pat1-2554-12-q26,pat1-2554-12,fill,'16',16,เจอแต่ไม่อยู่ท้าย,36,🟡 อาจเป็นการเอ่ยกลางทาง ⛔ ไม่ใช่ผลสรุป
pat1-2554-12-q27,pat1-2554-12,fill,'4',4,เจอแต่ไม่อยู่ท้าย,51,🟡 อาจเป็นการเอ่ยกลางทาง ⛔ ไม่ใช่ผลสรุป
pat1-2554-12-q29,pat1-2554-12,fill,'1.35',1.35,เจอแต่ไม่อยู่ท้าย,64,🟡 อาจเป็นการเอ่ยกลางทาง ⛔ ไม่ใช่ผลสรุป
pat1-2554-12-q31,pat1-2554-12,fill,'8',8,เจอแต่ไม่อยู่ท้าย,55,🟡 อาจเป็นการเอ่ยกลางทาง ⛔ ไม่ใช่ผลสรุป
pat1-2554-12-q33,pat1-2554-12,fill,'93',93,เจอแต่ไม่อยู่ท้าย,69,🟡 อาจเป็นการเอ่ยกลางทาง ⛔ ไม่ใช่ผลสรุป
pat1-2554-12-q34,pat1-2554-12,fill,'5',5,เจอแต่ไม่อยู่ท้าย,54,🟡 อาจเป็นการเอ่ยกลางทาง ⛔ ไม่ใช่ผลสรุป
pat1-2554-12-q35,pat1-2554-12,fill,'5.6',5.6,เจอแต่ไม่อยู่ท้าย,47,🟡 อาจเป็นการเอ่ยกลางทาง ⛔ ไม่ใช่ผลสรุป
pat1-2554-12-q37,pat1-2554-12,fill,'10',10,เจอแต่ไม่อยู่ท้าย,45,🟡 อาจเป็นการเอ่ยกลางทาง ⛔ ไม่ใช่ผลสรุป
pat1-2554-12-q38,pat1-2554-12,fill,'63',63,เจอแต่ไม่อยู่ท้าย,34,🟡 อาจเป็นการเอ่ยกลางทาง ⛔ ไม่ใช่ผลสรุป
pat1-2554-12-q39,pat1-2554-12,fill,'27.75',27.75,เจอแต่ไม่อยู่ท้าย,37,🟡 อาจเป็นการเอ่ยกลางทาง ⛔ ไม่ใช่ผลสรุป
pat1-2554-12-q40,pat1-2554-12,fill,'6',6,เจอแต่ไม่อยู่ท้าย,42,🟡 อาจเป็นการเอ่ยกลางทาง ⛔ ไม่ใช่ผลสรุป
pat1-2554-12-q41,pat1-2554-12,fill,'27.25',27.25,เจอแต่ไม่อยู่ท้าย,49,🟡 อาจเป็นการเอ่ยกลางทาง ⛔ ไม่ใช่ผลสรุป
pat1-2554-12-q42,pat1-2554-12,fill,'115',115,เจอแต่ไม่อยู่ท้าย,48,🟡 อาจเป็นการเอ่ยกลางทาง ⛔ ไม่ใช่ผลสรุป
pat1-2554-12-q43,pat1-2554-12,fill,'4',4,เจอแต่ไม่อยู่ท้าย,38,🟡 อาจเป็นการเอ่ยกลางทาง ⛔ ไม่ใช่ผลสรุป
pat1-2554-12-q44,pat1-2554-12,fill,'1001',1001,เจอแต่ไม่อยู่ท้าย,54,🟡 อาจเป็นการเอ่ยกลางทาง ⛔ ไม่ใช่ผลสรุป
pat1-2554-12-q45,pat1-2554-12,fill,'204',204,เจอแต่ไม่อยู่ท้าย,38,🟡 อาจเป็นการเอ่ยกลางทาง ⛔ ไม่ใช่ผลสรุป
pat1-2554-12-q46,pat1-2554-12,fill,'1.5',1.5,เจอแต่ไม่อยู่ท้าย,47,🟡 อาจเป็นการเอ่ยกลางทาง ⛔ ไม่ใช่ผลสรุป
pat1-2554-12-q47,pat1-2554-12,fill,'387',387,เจอแต่ไม่อยู่ท้าย,33,🟡 อาจเป็นการเอ่ยกลางทาง ⛔ ไม่ใช่ผลสรุป
pat1-2554-12-q48,pat1-2554-12,fill,'80',80,เจอแต่ไม่อยู่ท้าย,44,🟡 อาจเป็นการเอ่ยกลางทาง ⛔ ไม่ใช่ผลสรุป
pat1-2554-12-q49,pat1-2554-12,fill,'840',840,เจอแต่ไม่อยู่ท้าย,43,🟡 อาจเป็นการเอ่ยกลางทาง ⛔ ไม่ใช่ผลสรุป
pat1-2554-12-q50,pat1-2554-12,fill,'7',7,เจอแต่ไม่อยู่ท้าย,36,🟡 อาจเป็นการเอ่ยกลางทาง ⛔ ไม่ใช่ผลสรุป
pat1-2555-03-q01,pat1-2555-03,mc,1,48 เซต,เจอแต่ไม่อยู่ท้าย,43,🟡 อาจเป็นการเอ่ยกลางทาง ⛔ ไม่ใช่ผลสรุป
pat1-2555-03-q02,pat1-2555-03,mc,2,$(p \lor r) \land (q \lor r)$,เจอแต่ไม่อยู่ท้าย,40,🟡 อาจเป็นการเอ่ยกลางทาง ⛔ ไม่ใช่ผลสรุป
pat1-2555-03-q03,pat1-2555-03,mc,0,เซต $A - B$ มีสมาชิก 5 ตัว,เจอแต่ไม่อยู่ท้าย,43,🟡 อาจเป็นการเอ่ยกลางทาง ⛔ ไม่ใช่ผลสรุป
pat1-2555-03-q04,pat1-2555-03,mc,3,ก. ผิด และ ข. ผิด,เจอแต่ไม่อยู่ท้าย,28,🟡 อาจเป็นการเอ่ยกลางทาง ⛔ ไม่ใช่ผลสรุป
pat1-2555-03-q05,pat1-2555-03,mc,1,$B < A < C < D$,ไม่เจอเลย,34,🔴 คำตอบไม่ปรากฏในเฉลยเลย
pat1-2555-03-q06,pat1-2555-03,mc,3,45,เจอแต่ไม่อยู่ท้าย,29,🟡 อาจเป็นการเอ่ยกลางทาง ⛔ ไม่ใช่ผลสรุป
pat1-2555-03-q07,pat1-2555-03,mc,0,$5x^2 + 9y^2 = 405$,เจอแต่ไม่อยู่ท้าย,45,🟡 อาจเป็นการเอ่ยกลางทาง ⛔ ไม่ใช่ผลสรุป
pat1-2555-03-q08,pat1-2555-03,mc,2,18 ตารางหน่วย,เจอแต่ไม่อยู่ท้าย,44,🟡 อาจเป็นการเอ่ยกลางทาง ⛔ ไม่ใช่ผลสรุป
pat1-2555-03-q09,pat1-2555-03,mc,1,$\{ x \in R \mid (4x - 1)(x - 4) < 0 \}$,ไม่เจอเลย,39,🔴 คำตอบไม่ปรากฏในเฉลยเลย
pat1-2555-03-q10,pat1-2555-03,mc,0,ก. ถูก และ ข. ถูก,เจอแต่ไม่อยู่ท้าย,36,🟡 อาจเป็นการเอ่ยกลางทาง ⛔ ไม่ใช่ผลสรุป
pat1-2555-03-q11,pat1-2555-03,mc,2,$\dfrac{32}{9}$,เจอแต่ไม่อยู่ท้าย,44,🟡 อาจเป็นการเอ่ยกลางทาง ⛔ ไม่ใช่ผลสรุป
pat1-2555-03-q12,pat1-2555-03,mc,2,$-\dfrac{7}{25}(3\bar{i} + 4\bar{j})$,เจอแต่ไม่อยู่ท้าย,30,🟡 อาจเป็นการเอ่ยกลางทาง ⛔ ไม่ใช่ผลสรุป
pat1-2555-03-q13,pat1-2555-03,mc,0,0.25,เจอแต่ไม่อยู่ท้าย,36,🟡 อาจเป็นการเอ่ยกลางทาง ⛔ ไม่ใช่ผลสรุป
pat1-2555-03-q14,pat1-2555-03,mc,2,ก. ผิด แต่ ข. ถูก,เจอแต่ไม่อยู่ท้าย,29,🟡 อาจเป็นการเอ่ยกลางทาง ⛔ ไม่ใช่ผลสรุป
pat1-2555-03-q15,pat1-2555-03,mc,0,ก. ถูก และ ข. ถูก,เจอแต่ไม่อยู่ท้าย,36,🟡 อาจเป็นการเอ่ยกลางทาง ⛔ ไม่ใช่ผลสรุป
pat1-2555-03-q16,pat1-2555-03,mc,1,$y = \dfrac{1}{2}x + \dfrac{5}{2}$,เจอแต่ไม่อยู่ท้าย,39,🟡 อาจเป็นการเอ่ยกลางทาง ⛔ ไม่ใช่ผลสรุป
pat1-2555-03-q18,pat1-2555-03,mc,1,1.5,เจอแต่ไม่อยู่ท้าย,26,🟡 อาจเป็นการเอ่ยกลางทาง ⛔ ไม่ใช่ผลสรุป
pat1-2555-03-q20,pat1-2555-03,mc,1,5,เจอแต่ไม่อยู่ท้าย,40,🟡 อาจเป็นการเอ่ยกลางทาง ⛔ ไม่ใช่ผลสรุป
pat1-2555-03-q21,pat1-2555-03,mc,3,$\dfrac{9}{35}$,เจอแต่ไม่อยู่ท้าย,40,🟡 อาจเป็นการเอ่ยกลางทาง ⛔ ไม่ใช่ผลสรุป
pat1-2555-03-q22,pat1-2555-03,mc,0,35,เจอแต่ไม่อยู่ท้าย,44,🟡 อาจเป็นการเอ่ยกลางทาง ⛔ ไม่ใช่ผลสรุป
pat1-2555-03-q23,pat1-2555-03,mc,3,ก. ผิด และ ข. ผิด,เจอแต่ไม่อยู่ท้าย,48,🟡 อาจเป็นการเอ่ยกลางทาง ⛔ ไม่ใช่ผลสรุป
pat1-2555-03-q24,pat1-2555-03,mc,1,$(a * b) * c = a * (bc)$,เจอแต่ไม่อยู่ท้าย,40,🟡 อาจเป็นการเอ่ยกลางทาง ⛔ ไม่ใช่ผลสรุป
pat1-2555-03-q25,pat1-2555-03,mc,3,$\dfrac{1}{b} > \dfrac{1}{c} > \dfrac{1}{a}$,เจอแต่ไม่อยู่ท้าย,44,🟡 อาจเป็นการเอ่ยกลางทาง ⛔ ไม่ใช่ผลสรุป
pat1-2555-03-q26,pat1-2555-03,fill,'25',25,เจอแต่ไม่อยู่ท้าย,44,🟡 อาจเป็นการเอ่ยกลางทาง ⛔ ไม่ใช่ผลสรุป
pat1-2555-03-q27,pat1-2555-03,fill,'6',6,เจอแต่ไม่อยู่ท้าย,44,🟡 อาจเป็นการเอ่ยกลางทาง ⛔ ไม่ใช่ผลสรุป
pat1-2555-03-q28,pat1-2555-03,fill,'6',6,เจอแต่ไม่อยู่ท้าย,34,🟡 อาจเป็นการเอ่ยกลางทาง ⛔ ไม่ใช่ผลสรุป
pat1-2555-03-q30,pat1-2555-03,fill,'48',48,เจอแต่ไม่อยู่ท้าย,38,🟡 อาจเป็นการเอ่ยกลางทาง ⛔ ไม่ใช่ผลสรุป
pat1-2555-03-q31,pat1-2555-03,fill,'135',135,เจอแต่ไม่อยู่ท้าย,35,🟡 อาจเป็นการเอ่ยกลางทาง ⛔ ไม่ใช่ผลสรุป
pat1-2555-03-q33,pat1-2555-03,fill,'10',10,เจอแต่ไม่อยู่ท้าย,43,🟡 อาจเป็นการเอ่ยกลางทาง ⛔ ไม่ใช่ผลสรุป
pat1-2555-03-q34,pat1-2555-03,fill,'166.25',166.25,เจอแต่ไม่อยู่ท้าย,36,🟡 อาจเป็นการเอ่ยกลางทาง ⛔ ไม่ใช่ผลสรุป
pat1-2555-03-q36,pat1-2555-03,fill,'24.96',24.96,เจอแต่ไม่อยู่ท้าย,33,🟡 อาจเป็นการเอ่ยกลางทาง ⛔ ไม่ใช่ผลสรุป
pat1-2555-03-q37,pat1-2555-03,fill,'990',990,เจอแต่ไม่อยู่ท้าย,38,🟡 อาจเป็นการเอ่ยกลางทาง ⛔ ไม่ใช่ผลสรุป
pat1-2555-03-q38,pat1-2555-03,fill,'763',763,เจอแต่ไม่อยู่ท้าย,43,🟡 อาจเป็นการเอ่ยกลางทาง ⛔ ไม่ใช่ผลสรุป
pat1-2555-03-q39,pat1-2555-03,fill,'4',4,เจอแต่ไม่อยู่ท้าย,40,🟡 อาจเป็นการเอ่ยกลางทาง ⛔ ไม่ใช่ผลสรุป
pat1-2555-03-q41,pat1-2555-03,fill,'22',22,เจอแต่ไม่อยู่ท้าย,44,🟡 อาจเป็นการเอ่ยกลางทาง ⛔ ไม่ใช่ผลสรุป
pat1-2555-03-q42,pat1-2555-03,fill,'22',22,เจอแต่ไม่อยู่ท้าย,49,🟡 อาจเป็นการเอ่ยกลางทาง ⛔ ไม่ใช่ผลสรุป
pat1-2555-03-q43,pat1-2555-03,fill,'0.9',0.9,เจอแต่ไม่อยู่ท้าย,34,🟡 อาจเป็นการเอ่ยกลางทาง ⛔ ไม่ใช่ผลสรุป
pat1-2555-03-q44,pat1-2555-03,fill,'43.5',43.5,เจอแต่ไม่อยู่ท้าย,35,🟡 อาจเป็นการเอ่ยกลางทาง ⛔ ไม่ใช่ผลสรุป
pat1-2555-03-q45,pat1-2555-03,fill,'33',33,เจอแต่ไม่อยู่ท้าย,38,🟡 อาจเป็นการเอ่ยกลางทาง ⛔ ไม่ใช่ผลสรุป
pat1-2555-03-q46,pat1-2555-03,fill,'528',528,เจอแต่ไม่อยู่ท้าย,30,🟡 อาจเป็นการเอ่ยกลางทาง ⛔ ไม่ใช่ผลสรุป
pat1-2555-03-q47,pat1-2555-03,fill,'343',343,เจอแต่ไม่อยู่ท้าย,31,🟡 อาจเป็นการเอ่ยกลางทาง ⛔ ไม่ใช่ผลสรุป
pat1-2555-03-q48,pat1-2555-03,fill,'15',15,เจอแต่ไม่อยู่ท้าย,66,🟡 อาจเป็นการเอ่ยกลางทาง ⛔ ไม่ใช่ผลสรุป
pat1-2555-10-q01,pat1-2555-10,mc,1,$(A \cap B) - C = (A - C) \cap (B - C)$,เจอแต่ไม่อยู่ท้าย,45,🟡 อาจเป็นการเอ่ยกลางทาง ⛔ ไม่ใช่ผลสรุป
pat1-2555-10-q02,pat1-2555-10,mc,2,$[(p \wedge \sim q) \Rightarrow \sim p] \Rightarrow (p \Rightarrow q)$,เจอแต่ไม่อยู่ท้าย,27,🟡 อาจเป็นการเอ่ยกลางทาง ⛔ ไม่ใช่ผลสรุป
pat1-2555-10-q03,pat1-2555-10,mc,0,(ก) ถูก และ (ข) ถูก,เจอแต่ไม่อยู่ท้าย,46,🟡 อาจเป็นการเอ่ยกลางทาง ⛔ ไม่ใช่ผลสรุป
pat1-2555-10-q04,pat1-2555-10,mc,1,(ก) ถูก แต่ (ข) ผิด,เจอแต่ไม่อยู่ท้าย,46,🟡 อาจเป็นการเอ่ยกลางทาง ⛔ ไม่ใช่ผลสรุป
pat1-2555-10-q05,pat1-2555-10,mc,2,"$(2.5, 4)$",เจอแต่ไม่อยู่ท้าย,48,🟡 อาจเป็นการเอ่ยกลางทาง ⛔ ไม่ใช่ผลสรุป
pat1-2555-10-q06,pat1-2555-10,mc,3,(ก) ผิด และ (ข) ผิด,เจอแต่ไม่อยู่ท้าย,46,🟡 อาจเป็นการเอ่ยกลางทาง ⛔ ไม่ใช่ผลสรุป
pat1-2555-10-q08,pat1-2555-10,mc,2,(ก) ผิด แต่ (ข) ถูก,เจอแต่ไม่อยู่ท้าย,30,🟡 อาจเป็นการเอ่ยกลางทาง ⛔ ไม่ใช่ผลสรุป
pat1-2555-10-q09,pat1-2555-10,mc,0,$\cos 75° = \left(2 - \sqrt{3}\right)\cos 15°$,เจอแต่ไม่อยู่ท้าย,40,🟡 อาจเป็นการเอ่ยกลางทาง ⛔ ไม่ใช่ผลสรุป
pat1-2555-10-q11,pat1-2555-10,mc,1,$x^2 + 4y^2 + 24y + 20 = 0$,เจอแต่ไม่อยู่ท้าย,50,🟡 อาจเป็นการเอ่ยกลางทาง ⛔ ไม่ใช่ผลสรุป
pat1-2555-10-q12,pat1-2555-10,mc,0,"$(-1, 4)$",เจอแต่ไม่อยู่ท้าย,46,🟡 อาจเป็นการเอ่ยกลางทาง ⛔ ไม่ใช่ผลสรุป
pat1-2555-10-q13,pat1-2555-10,mc,3,(ก) ผิด และ (ข) ผิด,เจอแต่ไม่อยู่ท้าย,29,🟡 อาจเป็นการเอ่ยกลางทาง ⛔ ไม่ใช่ผลสรุป
pat1-2555-10-q16,pat1-2555-10,mc,2,$\dfrac{\sqrt{3}}{2}$,เจอแต่ไม่อยู่ท้าย,41,🟡 อาจเป็นการเอ่ยกลางทาง ⛔ ไม่ใช่ผลสรุป
pat1-2555-10-q17,pat1-2555-10,mc,3,6,เจอแต่ไม่อยู่ท้าย,43,🟡 อาจเป็นการเอ่ยกลางทาง ⛔ ไม่ใช่ผลสรุป
pat1-2555-10-q19,pat1-2555-10,mc,1,107,เจอแต่ไม่อยู่ท้าย,44,🟡 อาจเป็นการเอ่ยกลางทาง ⛔ ไม่ใช่ผลสรุป
pat1-2555-10-q22,pat1-2555-10,mc,3,$\dfrac{1}{12}$,เจอแต่ไม่อยู่ท้าย,38,🟡 อาจเป็นการเอ่ยกลางทาง ⛔ ไม่ใช่ผลสรุป
pat1-2555-10-q23,pat1-2555-10,mc,0,(ก) ถูก และ (ข) ถูก,เจอแต่ไม่อยู่ท้าย,49,🟡 อาจเป็นการเอ่ยกลางทาง ⛔ ไม่ใช่ผลสรุป
pat1-2555-10-q24,pat1-2555-10,mc,0,(ก) ถูก และ (ข) ถูก,เจอแต่ไม่อยู่ท้าย,41,🟡 อาจเป็นการเอ่ยกลางทาง ⛔ ไม่ใช่ผลสรุป
pat1-2555-10-q25,pat1-2555-10,mc,2,(ก) – (ง) ถูกเพียง 3 ข้อ,ไม่เจอเลย,54,🔴 คำตอบไม่ปรากฏในเฉลยเลย
pat1-2555-10-q26,pat1-2555-10,fill,'128',128,เจอแต่ไม่อยู่ท้าย,38,🟡 อาจเป็นการเอ่ยกลางทาง ⛔ ไม่ใช่ผลสรุป
pat1-2555-10-q27,pat1-2555-10,fill,'11',11,เจอแต่ไม่อยู่ท้าย,51,🟡 อาจเป็นการเอ่ยกลางทาง ⛔ ไม่ใช่ผลสรุป
pat1-2555-10-q29,pat1-2555-10,fill,'6',6,เจอแต่ไม่อยู่ท้าย,32,🟡 อาจเป็นการเอ่ยกลางทาง ⛔ ไม่ใช่ผลสรุป
pat1-2555-10-q30,pat1-2555-10,fill,'10.5',10.5,เจอแต่ไม่อยู่ท้าย,46,🟡 อาจเป็นการเอ่ยกลางทาง ⛔ ไม่ใช่ผลสรุป
pat1-2555-10-q31,pat1-2555-10,fill,'14.5',14.5,เจอแต่ไม่อยู่ท้าย,39,🟡 อาจเป็นการเอ่ยกลางทาง ⛔ ไม่ใช่ผลสรุป
pat1-2555-10-q32,pat1-2555-10,fill,'3',3,เจอแต่ไม่อยู่ท้าย,44,🟡 อาจเป็นการเอ่ยกลางทาง ⛔ ไม่ใช่ผลสรุป
pat1-2555-10-q33,pat1-2555-10,fill,'320',320,เจอแต่ไม่อยู่ท้าย,29,🟡 อาจเป็นการเอ่ยกลางทาง ⛔ ไม่ใช่ผลสรุป
pat1-2555-10-q34,pat1-2555-10,fill,'2.25',2.25,เจอแต่ไม่อยู่ท้าย,39,🟡 อาจเป็นการเอ่ยกลางทาง ⛔ ไม่ใช่ผลสรุป
pat1-2555-10-q36,pat1-2555-10,fill,'4840',4840,เจอแต่ไม่อยู่ท้าย,41,🟡 อาจเป็นการเอ่ยกลางทาง ⛔ ไม่ใช่ผลสรุป
pat1-2555-10-q37,pat1-2555-10,fill,'2.25',2.25,เจอแต่ไม่อยู่ท้าย,48,🟡 อาจเป็นการเอ่ยกลางทาง ⛔ ไม่ใช่ผลสรุป
pat1-2555-10-q39,pat1-2555-10,fill,'157',157,เจอแต่ไม่อยู่ท้าย,44,🟡 อาจเป็นการเอ่ยกลางทาง ⛔ ไม่ใช่ผลสรุป
pat1-2555-10-q40,pat1-2555-10,fill,'8.2',8.2,เจอแต่ไม่อยู่ท้าย,55,🟡 อาจเป็นการเอ่ยกลางทาง ⛔ ไม่ใช่ผลสรุป
pat1-2555-10-q41,pat1-2555-10,fill,'106',106,เจอแต่ไม่อยู่ท้าย,41,🟡 อาจเป็นการเอ่ยกลางทาง ⛔ ไม่ใช่ผลสรุป
pat1-2555-10-q42,pat1-2555-10,fill,'6657',6657,เจอแต่ไม่อยู่ท้าย,37,🟡 อาจเป็นการเอ่ยกลางทาง ⛔ ไม่ใช่ผลสรุป
pat1-2555-10-q43,pat1-2555-10,fill,'108',108,เจอแต่ไม่อยู่ท้าย,46,🟡 อาจเป็นการเอ่ยกลางทาง ⛔ ไม่ใช่ผลสรุป
pat1-2555-10-q44,pat1-2555-10,fill,'6',6,เจอแต่ไม่อยู่ท้าย,51,🟡 อาจเป็นการเอ่ยกลางทาง ⛔ ไม่ใช่ผลสรุป
pat1-2555-10-q45,pat1-2555-10,fill,'0.14',0.14,เจอแต่ไม่อยู่ท้าย,35,🟡 อาจเป็นการเอ่ยกลางทาง ⛔ ไม่ใช่ผลสรุป
pat1-2555-10-q46,pat1-2555-10,fill,'134',134,เจอแต่ไม่อยู่ท้าย,42,🟡 อาจเป็นการเอ่ยกลางทาง ⛔ ไม่ใช่ผลสรุป
pat1-2555-10-q47,pat1-2555-10,fill,'61',61,เจอแต่ไม่อยู่ท้าย,33,🟡 อาจเป็นการเอ่ยกลางทาง ⛔ ไม่ใช่ผลสรุป
pat1-2555-10-q48,pat1-2555-10,fill,'28',28,เจอแต่ไม่อยู่ท้าย,50,🟡 อาจเป็นการเอ่ยกลางทาง ⛔ ไม่ใช่ผลสรุป
pat1-2555-10-q49,pat1-2555-10,fill,'36',36,เจอแต่ไม่อยู่ท้าย,47,🟡 อาจเป็นการเอ่ยกลางทาง ⛔ ไม่ใช่ผลสรุป
pat1-2555-10-q50,pat1-2555-10,fill,'13',13,เจอแต่ไม่อยู่ท้าย,46,🟡 อาจเป็นการเอ่ยกลางทาง ⛔ ไม่ใช่ผลสรุป
pat1-2556-03-q01,pat1-2556-03,mc,1,(ก) ถูก แต่ (ข) ผิด,เจอแต่ไม่อยู่ท้าย,58,🟡 อาจเป็นการเอ่ยกลางทาง ⛔ ไม่ใช่ผลสรุป
pat1-2556-03-q02,pat1-2556-03,mc,0,(ก) ถูก และ (ข) ถูก,เจอแต่ไม่อยู่ท้าย,37,🟡 อาจเป็นการเอ่ยกลางทาง ⛔ ไม่ใช่ผลสรุป
pat1-2556-03-q03,pat1-2556-03,mc,1,"$(-5, -1)$",เจอแต่ไม่อยู่ท้าย,61,🟡 อาจเป็นการเอ่ยกลางทาง ⛔ ไม่ใช่ผลสรุป
pat1-2556-03-q04,pat1-2556-03,mc,2,(ก) ผิด แต่ (ข) ถูก,เจอแต่ไม่อยู่ท้าย,54,🟡 อาจเป็นการเอ่ยกลางทาง ⛔ ไม่ใช่ผลสรุป
pat1-2556-03-q05,pat1-2556-03,mc,3,(ก) ผิด และ (ข) ผิด,เจอแต่ไม่อยู่ท้าย,58,🟡 อาจเป็นการเอ่ยกลางทาง ⛔ ไม่ใช่ผลสรุป
pat1-2556-03-q06,pat1-2556-03,mc,2,(ก) ผิด แต่ (ข) ถูก,เจอแต่ไม่อยู่ท้าย,36,🟡 อาจเป็นการเอ่ยกลางทาง ⛔ ไม่ใช่ผลสรุป
pat1-2556-03-q07,pat1-2556-03,mc,0,(ก) ถูก และ (ข) ถูก,เจอแต่ไม่อยู่ท้าย,44,🟡 อาจเป็นการเอ่ยกลางทาง ⛔ ไม่ใช่ผลสรุป
pat1-2556-03-q08,pat1-2556-03,mc,3,$7x^2 + 7y^2 + 4x - 82y + 55 = 0$,เจอแต่ไม่อยู่ท้าย,52,🟡 อาจเป็นการเอ่ยกลางทาง ⛔ ไม่ใช่ผลสรุป
pat1-2556-03-q09,pat1-2556-03,mc,0,(ก) ถูก และ (ข) ถูก,เจอแต่ไม่อยู่ท้าย,46,🟡 อาจเป็นการเอ่ยกลางทาง ⛔ ไม่ใช่ผลสรุป
pat1-2556-03-q10,pat1-2556-03,mc,2,$\dfrac{1}{2}$,เจอแต่ไม่อยู่ท้าย,51,🟡 อาจเป็นการเอ่ยกลางทาง ⛔ ไม่ใช่ผลสรุป
pat1-2556-03-q12,pat1-2556-03,mc,2,"$\{\, x \in \mathbb{R} \mid 0 \le |x + 3| \le 5 \,\}$",ไม่เจอเลย,46,🔴 คำตอบไม่ปรากฏในเฉลยเลย
pat1-2556-03-q13,pat1-2556-03,mc,3,$-2.5$,เจอแต่ไม่อยู่ท้าย,41,🟡 อาจเป็นการเอ่ยกลางทาง ⛔ ไม่ใช่ผลสรุป
pat1-2556-03-q15,pat1-2556-03,mc,3,(ก) ผิด และ (ข) ผิด,เจอแต่ไม่อยู่ท้าย,47,🟡 อาจเป็นการเอ่ยกลางทาง ⛔ ไม่ใช่ผลสรุป
pat1-2556-03-q16,pat1-2556-03,mc,1,$-\dfrac{\sqrt{3}}{2}$,เจอแต่ไม่อยู่ท้าย,46,🟡 อาจเป็นการเอ่ยกลางทาง ⛔ ไม่ใช่ผลสรุป
pat1-2556-03-q17,pat1-2556-03,mc,3,"$\left(4, \dfrac{1}{4}\right)$",เจอแต่ไม่อยู่ท้าย,54,🟡 อาจเป็นการเอ่ยกลางทาง ⛔ ไม่ใช่ผลสรุป
pat1-2556-03-q19,pat1-2556-03,mc,3,$\dfrac{3}{2}$,เจอแต่ไม่อยู่ท้าย,44,🟡 อาจเป็นการเอ่ยกลางทาง ⛔ ไม่ใช่ผลสรุป
pat1-2556-03-q21,pat1-2556-03,mc,0,(ก) ถูก และ (ข) ถูก,เจอแต่ไม่อยู่ท้าย,51,🟡 อาจเป็นการเอ่ยกลางทาง ⛔ ไม่ใช่ผลสรุป
pat1-2556-03-q22,pat1-2556-03,mc,2,$\dfrac{15}{36}$,เจอแต่ไม่อยู่ท้าย,49,🟡 อาจเป็นการเอ่ยกลางทาง ⛔ ไม่ใช่ผลสรุป
pat1-2556-03-q23,pat1-2556-03,mc,0,$\dfrac{\sqrt{3}}{10}$,เจอแต่ไม่อยู่ท้าย,36,🟡 อาจเป็นการเอ่ยกลางทาง ⛔ ไม่ใช่ผลสรุป
pat1-2556-03-q24,pat1-2556-03,mc,1,ค่าเฉลี่ยเลขคณิตมากกว่ามัธยฐาน,เจอแต่ไม่อยู่ท้าย,39,🟡 อาจเป็นการเอ่ยกลางทาง ⛔ ไม่ใช่ผลสรุป
pat1-2556-03-q25,pat1-2556-03,mc,2,$A > B > D > C$,เจอแต่ไม่อยู่ท้าย,39,🟡 อาจเป็นการเอ่ยกลางทาง ⛔ ไม่ใช่ผลสรุป
pat1-2556-03-q26,pat1-2556-03,fill,'7',7,เจอแต่ไม่อยู่ท้าย,35,🟡 อาจเป็นการเอ่ยกลางทาง ⛔ ไม่ใช่ผลสรุป
pat1-2556-03-q27,pat1-2556-03,fill,'20',20,เจอแต่ไม่อยู่ท้าย,45,🟡 อาจเป็นการเอ่ยกลางทาง ⛔ ไม่ใช่ผลสรุป
pat1-2556-03-q28,pat1-2556-03,fill,'373',373,เจอแต่ไม่อยู่ท้าย,32,🟡 อาจเป็นการเอ่ยกลางทาง ⛔ ไม่ใช่ผลสรุป
pat1-2556-03-q29,pat1-2556-03,fill,'5',5,เจอแต่ไม่อยู่ท้าย,42,🟡 อาจเป็นการเอ่ยกลางทาง ⛔ ไม่ใช่ผลสรุป
pat1-2556-03-q31,pat1-2556-03,fill,'162',162,เจอแต่ไม่อยู่ท้าย,48,🟡 อาจเป็นการเอ่ยกลางทาง ⛔ ไม่ใช่ผลสรุป
pat1-2556-03-q32,pat1-2556-03,fill,'2',2,เจอแต่ไม่อยู่ท้าย,39,🟡 อาจเป็นการเอ่ยกลางทาง ⛔ ไม่ใช่ผลสรุป
pat1-2556-03-q34,pat1-2556-03,fill,'16',16,เจอแต่ไม่อยู่ท้าย,45,🟡 อาจเป็นการเอ่ยกลางทาง ⛔ ไม่ใช่ผลสรุป
pat1-2556-03-q35,pat1-2556-03,fill,'11',11,เจอแต่ไม่อยู่ท้าย,57,🟡 อาจเป็นการเอ่ยกลางทาง ⛔ ไม่ใช่ผลสรุป
pat1-2556-03-q36,pat1-2556-03,fill,'205',205,เจอแต่ไม่อยู่ท้าย,42,🟡 อาจเป็นการเอ่ยกลางทาง ⛔ ไม่ใช่ผลสรุป
pat1-2556-03-q37,pat1-2556-03,fill,'3',3,เจอแต่ไม่อยู่ท้าย,37,🟡 อาจเป็นการเอ่ยกลางทาง ⛔ ไม่ใช่ผลสรุป
pat1-2556-03-q38,pat1-2556-03,fill,'24',24,เจอแต่ไม่อยู่ท้าย,52,🟡 อาจเป็นการเอ่ยกลางทาง ⛔ ไม่ใช่ผลสรุป
pat1-2556-03-q39,pat1-2556-03,fill,'354',354,เจอแต่ไม่อยู่ท้าย,46,🟡 อาจเป็นการเอ่ยกลางทาง ⛔ ไม่ใช่ผลสรุป
pat1-2556-03-q40,pat1-2556-03,fill,'168',168,เจอแต่ไม่อยู่ท้าย,46,🟡 อาจเป็นการเอ่ยกลางทาง ⛔ ไม่ใช่ผลสรุป
pat1-2556-03-q41,pat1-2556-03,fill,'42',42,เจอแต่ไม่อยู่ท้าย,35,🟡 อาจเป็นการเอ่ยกลางทาง ⛔ ไม่ใช่ผลสรุป
pat1-2556-03-q42,pat1-2556-03,fill,'5927',5927,เจอแต่ไม่อยู่ท้าย,28,🟡 อาจเป็นการเอ่ยกลางทาง ⛔ ไม่ใช่ผลสรุป
pat1-2556-03-q43,pat1-2556-03,fill,'396',396,เจอแต่ไม่อยู่ท้าย,55,🟡 อาจเป็นการเอ่ยกลางทาง ⛔ ไม่ใช่ผลสรุป
pat1-2556-03-q44,pat1-2556-03,fill,'135',135,เจอแต่ไม่อยู่ท้าย,39,🟡 อาจเป็นการเอ่ยกลางทาง ⛔ ไม่ใช่ผลสรุป
pat1-2556-03-q45,pat1-2556-03,fill,'200',200,เจอแต่ไม่อยู่ท้าย,43,🟡 อาจเป็นการเอ่ยกลางทาง ⛔ ไม่ใช่ผลสรุป
pat1-2556-03-q46,pat1-2556-03,fill,'20',20,เจอแต่ไม่อยู่ท้าย,36,🟡 อาจเป็นการเอ่ยกลางทาง ⛔ ไม่ใช่ผลสรุป
pat1-2556-03-q47,pat1-2556-03,fill,'12',12,เจอแต่ไม่อยู่ท้าย,51,🟡 อาจเป็นการเอ่ยกลางทาง ⛔ ไม่ใช่ผลสรุป
pat1-2556-03-q48,pat1-2556-03,fill,'10',10,เจอแต่ไม่อยู่ท้าย,38,🟡 อาจเป็นการเอ่ยกลางทาง ⛔ ไม่ใช่ผลสรุป
pat1-2557-03-q01,pat1-2557-03,mc,2,$37$,เจอแต่ไม่อยู่ท้าย,43,🟡 อาจเป็นการเอ่ยกลางทาง ⛔ ไม่ใช่ผลสรุป
pat1-2557-03-q02,pat1-2557-03,mc,2,$(p \wedge {\sim}q) \wedge (q \Rightarrow p)$,เจอแต่ไม่อยู่ท้าย,41,🟡 อาจเป็นการเอ่ยกลางทาง ⛔ ไม่ใช่ผลสรุป
pat1-2557-03-q03,pat1-2557-03,mc,0,(ก) ถูก และ (ข) ถูก,เจอแต่ไม่อยู่ท้าย,39,🟡 อาจเป็นการเอ่ยกลางทาง ⛔ ไม่ใช่ผลสรุป
pat1-2557-03-q04,pat1-2557-03,mc,1,"$(-\infty, 0) \cup (3, \infty)$",เจอแต่ไม่อยู่ท้าย,47,🟡 อาจเป็นการเอ่ยกลางทาง ⛔ ไม่ใช่ผลสรุป
pat1-2557-03-q05,pat1-2557-03,mc,2,"$[b, \infty)$",เจอแต่ไม่อยู่ท้าย,62,🟡 อาจเป็นการเอ่ยกลางทาง ⛔ ไม่ใช่ผลสรุป
pat1-2557-03-q06,pat1-2557-03,mc,2,"$\{\, x \in \mathbb{R} \mid x^2 + x - 12 \ge 0 \,\}$",ไม่เจอเลย,53,🔴 คำตอบไม่ปรากฏในเฉลยเลย
pat1-2557-03-q07,pat1-2557-03,mc,0,(ก) ถูก และ (ข) ถูก,เจอแต่ไม่อยู่ท้าย,35,🟡 อาจเป็นการเอ่ยกลางทาง ⛔ ไม่ใช่ผลสรุป
pat1-2557-03-q08,pat1-2557-03,mc,1,$(a^2 + b^2)(x^2 + y^2) - 4ab(bx + ay) + 3a^2 b^2 = 0$,เจอแต่ไม่อยู่ท้าย,47,🟡 อาจเป็นการเอ่ยกลางทาง ⛔ ไม่ใช่ผลสรุป
pat1-2557-03-q09,pat1-2557-03,mc,3,$9x^2 + 6x + 12y + 5 = 0$,เจอแต่ไม่อยู่ท้าย,68,🟡 อาจเป็นการเอ่ยกลางทาง ⛔ ไม่ใช่ผลสรุป
pat1-2557-03-q10,pat1-2557-03,mc,2,(ก) ผิด แต่ (ข) ถูก,เจอแต่ไม่อยู่ท้าย,35,🟡 อาจเป็นการเอ่ยกลางทาง ⛔ ไม่ใช่ผลสรุป
pat1-2557-03-q11,pat1-2557-03,mc,0,(ก) ถูก และ (ข) ถูก,เจอแต่ไม่อยู่ท้าย,38,🟡 อาจเป็นการเอ่ยกลางทาง ⛔ ไม่ใช่ผลสรุป
pat1-2557-03-q13,pat1-2557-03,mc,0,(ก) ถูก และ (ข) ถูก,เจอแต่ไม่อยู่ท้าย,37,🟡 อาจเป็นการเอ่ยกลางทาง ⛔ ไม่ใช่ผลสรุป
pat1-2557-03-q14,pat1-2557-03,mc,3,(ก) ผิด และ (ข) ผิด,เจอแต่ไม่อยู่ท้าย,44,🟡 อาจเป็นการเอ่ยกลางทาง ⛔ ไม่ใช่ผลสรุป
pat1-2557-03-q15,pat1-2557-03,mc,1,$\dfrac{22}{91}$,เจอแต่ไม่อยู่ท้าย,49,🟡 อาจเป็นการเอ่ยกลางทาง ⛔ ไม่ใช่ผลสรุป
pat1-2557-03-q16,pat1-2557-03,mc,3,$200$,เจอแต่ไม่อยู่ท้าย,43,🟡 อาจเป็นการเอ่ยกลางทาง ⛔ ไม่ใช่ผลสรุป
pat1-2557-03-q17,pat1-2557-03,mc,1,$8$,เจอแต่ไม่อยู่ท้าย,48,🟡 อาจเป็นการเอ่ยกลางทาง ⛔ ไม่ใช่ผลสรุป
pat1-2557-03-q18,pat1-2557-03,mc,3,$104$,เจอแต่ไม่อยู่ท้าย,44,🟡 อาจเป็นการเอ่ยกลางทาง ⛔ ไม่ใช่ผลสรุป
pat1-2557-03-q19,pat1-2557-03,mc,2,(ก) ผิด แต่ (ข) ถูก,เจอแต่ไม่อยู่ท้าย,49,🟡 อาจเป็นการเอ่ยกลางทาง ⛔ ไม่ใช่ผลสรุป
pat1-2557-03-q22,pat1-2557-03,mc,2,"$340{,}000$ คน",เจอแต่ไม่อยู่ท้าย,48,🟡 อาจเป็นการเอ่ยกลางทาง ⛔ ไม่ใช่ผลสรุป
pat1-2557-03-q24,pat1-2557-03,mc,1,(ก) ถูก แต่ (ข) ผิด,เจอแต่ไม่อยู่ท้าย,57,🟡 อาจเป็นการเอ่ยกลางทาง ⛔ ไม่ใช่ผลสรุป
pat1-2557-03-q25,pat1-2557-03,mc,0,(ก) ถูก และ (ข) ถูก,เจอแต่ไม่อยู่ท้าย,40,🟡 อาจเป็นการเอ่ยกลางทาง ⛔ ไม่ใช่ผลสรุป
pat1-2557-03-q26,pat1-2557-03,mc,3,$4S_n = 5(3^n) - 2n - 5$,เจอแต่ไม่อยู่ท้าย,63,🟡 อาจเป็นการเอ่ยกลางทาง ⛔ ไม่ใช่ผลสรุป
pat1-2557-03-q27,pat1-2557-03,mc,1,$B^{-1}(A^{-1} + B^{-1})^{-1}A^{-1}$,เจอแต่ไม่อยู่ท้าย,43,🟡 อาจเป็นการเอ่ยกลางทาง ⛔ ไม่ใช่ผลสรุป
pat1-2557-03-q29,pat1-2557-03,mc,3,$312$,เจอแต่ไม่อยู่ท้าย,44,🟡 อาจเป็นการเอ่ยกลางทาง ⛔ ไม่ใช่ผลสรุป
pat1-2557-03-q31,pat1-2557-03,fill,'4',4,เจอแต่ไม่อยู่ท้าย,76,🟡 อาจเป็นการเอ่ยกลางทาง ⛔ ไม่ใช่ผลสรุป
pat1-2557-03-q32,pat1-2557-03,fill,'5',5,เจอแต่ไม่อยู่ท้าย,45,🟡 อาจเป็นการเอ่ยกลางทาง ⛔ ไม่ใช่ผลสรุป
pat1-2557-03-q33,pat1-2557-03,fill,'2',2,เจอแต่ไม่อยู่ท้าย,71,🟡 อาจเป็นการเอ่ยกลางทาง ⛔ ไม่ใช่ผลสรุป
pat1-2557-03-q35,pat1-2557-03,fill,'3',3,เจอแต่ไม่อยู่ท้าย,53,🟡 อาจเป็นการเอ่ยกลางทาง ⛔ ไม่ใช่ผลสรุป
pat1-2557-03-q36,pat1-2557-03,fill,'153',153,เจอแต่ไม่อยู่ท้าย,61,🟡 อาจเป็นการเอ่ยกลางทาง ⛔ ไม่ใช่ผลสรุป
pat1-2557-03-q37,pat1-2557-03,fill,'3',3,เจอแต่ไม่อยู่ท้าย,47,🟡 อาจเป็นการเอ่ยกลางทาง ⛔ ไม่ใช่ผลสรุป
pat1-2557-03-q38,pat1-2557-03,fill,'12',12,เจอแต่ไม่อยู่ท้าย,49,🟡 อาจเป็นการเอ่ยกลางทาง ⛔ ไม่ใช่ผลสรุป
pat1-2557-03-q40,pat1-2557-03,fill,'21',21,เจอแต่ไม่อยู่ท้าย,60,🟡 อาจเป็นการเอ่ยกลางทาง ⛔ ไม่ใช่ผลสรุป
pat1-2557-03-q41,pat1-2557-03,fill,'15.87',15.87,เจอแต่ไม่อยู่ท้าย,52,🟡 อาจเป็นการเอ่ยกลางทาง ⛔ ไม่ใช่ผลสรุป
pat1-2557-03-q42,pat1-2557-03,fill,'100',100,เจอแต่ไม่อยู่ท้าย,65,🟡 อาจเป็นการเอ่ยกลางทาง ⛔ ไม่ใช่ผลสรุป
pat1-2557-03-q43,pat1-2557-03,fill,'721',721,เจอแต่ไม่อยู่ท้าย,50,🟡 อาจเป็นการเอ่ยกลางทาง ⛔ ไม่ใช่ผลสรุป
pat1-2557-04-q01,pat1-2557-04,mc,2,$11$,เจอแต่ไม่อยู่ท้าย,42,🟡 อาจเป็นการเอ่ยกลางทาง ⛔ ไม่ใช่ผลสรุป
pat1-2557-04-q02,pat1-2557-04,mc,1,(ก) ถูก แต่ (ข) ผิด,เจอแต่ไม่อยู่ท้าย,33,🟡 อาจเป็นการเอ่ยกลางทาง ⛔ ไม่ใช่ผลสรุป
pat1-2557-04-q03,pat1-2557-04,mc,0,$(q \wedge s) \rightarrow (p \wedge q)$,เจอแต่ไม่อยู่ท้าย,29,🟡 อาจเป็นการเอ่ยกลางทาง ⛔ ไม่ใช่ผลสรุป
pat1-2557-04-q04,pat1-2557-04,mc,3,"$(-3, 2)$",เจอแต่ไม่อยู่ท้าย,53,🟡 อาจเป็นการเอ่ยกลางทาง ⛔ ไม่ใช่ผลสรุป
pat1-2557-04-q05,pat1-2557-04,mc,2,(ก) ผิด แต่ (ข) ถูก,เจอแต่ไม่อยู่ท้าย,47,🟡 อาจเป็นการเอ่ยกลางทาง ⛔ ไม่ใช่ผลสรุป
pat1-2557-04-q06,pat1-2557-04,mc,0,(ก) ถูก และ (ข) ถูก,เจอแต่ไม่อยู่ท้าย,31,🟡 อาจเป็นการเอ่ยกลางทาง ⛔ ไม่ใช่ผลสรุป
pat1-2557-04-q07,pat1-2557-04,mc,2,(ก) ผิด แต่ (ข) ถูก,เจอแต่ไม่อยู่ท้าย,48,🟡 อาจเป็นการเอ่ยกลางทาง ⛔ ไม่ใช่ผลสรุป
pat1-2557-04-q08,pat1-2557-04,mc,0,$4x^2 - 9y^2 - 24x + 36y + 144 = 0$,เจอแต่ไม่อยู่ท้าย,47,🟡 อาจเป็นการเอ่ยกลางทาง ⛔ ไม่ใช่ผลสรุป
pat1-2557-04-q09,pat1-2557-04,mc,3,"ผลบวกของระยะทางจากจุด $(2,6)$ ไปยังโฟกัสทั้งสองของวงรีเท่ากับ $20$ หน่วย",ไม่เจอเลย,62,🔴 คำตอบไม่ปรากฏในเฉลยเลย
pat1-2557-04-q10,pat1-2557-04,mc,0,$2x + y - 5 = 0$,เจอแต่ไม่อยู่ท้าย,57,🟡 อาจเป็นการเอ่ยกลางทาง ⛔ ไม่ใช่ผลสรุป
pat1-2557-04-q11,pat1-2557-04,mc,2,$a^2 = b^2 + bc$,เจอแต่ไม่อยู่ท้าย,64,🟡 อาจเป็นการเอ่ยกลางทาง ⛔ ไม่ใช่ผลสรุป
pat1-2557-04-q13,pat1-2557-04,mc,1,(ก) ถูก แต่ (ข) ผิด,เจอแต่ไม่อยู่ท้าย,46,🟡 อาจเป็นการเอ่ยกลางทาง ⛔ ไม่ใช่ผลสรุป
pat1-2557-04-q14,pat1-2557-04,mc,0,(ก) ถูก และ (ข) ถูก,เจอแต่ไม่อยู่ท้าย,42,🟡 อาจเป็นการเอ่ยกลางทาง ⛔ ไม่ใช่ผลสรุป
pat1-2557-04-q15,pat1-2557-04,mc,2,$\dfrac{1400}{6561}$,เจอแต่ไม่อยู่ท้าย,46,🟡 อาจเป็นการเอ่ยกลางทาง ⛔ ไม่ใช่ผลสรุป
pat1-2557-04-q16,pat1-2557-04,mc,0,$4$ วิธี,เจอแต่ไม่อยู่ท้าย,35,🟡 อาจเป็นการเอ่ยกลางทาง ⛔ ไม่ใช่ผลสรุป
pat1-2557-04-q17,pat1-2557-04,mc,1,$18$,เจอแต่ไม่อยู่ท้าย,35,🟡 อาจเป็นการเอ่ยกลางทาง ⛔ ไม่ใช่ผลสรุป
pat1-2557-04-q18,pat1-2557-04,mc,2,$91$,เจอแต่ไม่อยู่ท้าย,38,🟡 อาจเป็นการเอ่ยกลางทาง ⛔ ไม่ใช่ผลสรุป
pat1-2557-04-q19,pat1-2557-04,mc,1,(ก) ถูก แต่ (ข) ผิด,เจอแต่ไม่อยู่ท้าย,61,🟡 อาจเป็นการเอ่ยกลางทาง ⛔ ไม่ใช่ผลสรุป
pat1-2557-04-q20,pat1-2557-04,mc,3,$257$,เจอแต่ไม่อยู่ท้าย,38,🟡 อาจเป็นการเอ่ยกลางทาง ⛔ ไม่ใช่ผลสรุป
pat1-2557-04-q21,pat1-2557-04,mc,3,$z(1-i)^3 - 8i = 0$,เจอแต่ไม่อยู่ท้าย,56,🟡 อาจเป็นการเอ่ยกลางทาง ⛔ ไม่ใช่ผลสรุป
pat1-2557-04-q22,pat1-2557-04,mc,0,(ก) ถูก และ (ข) ถูก,เจอแต่ไม่อยู่ท้าย,48,🟡 อาจเป็นการเอ่ยกลางทาง ⛔ ไม่ใช่ผลสรุป
pat1-2557-04-q23,pat1-2557-04,mc,0,(ก) ถูก และ (ข) ถูก,เจอแต่ไม่อยู่ท้าย,46,🟡 อาจเป็นการเอ่ยกลางทาง ⛔ ไม่ใช่ผลสรุป
pat1-2557-04-q24,pat1-2557-04,mc,2,$68.40\%$,เจอแต่ไม่อยู่ท้าย,38,🟡 อาจเป็นการเอ่ยกลางทาง ⛔ ไม่ใช่ผลสรุป
pat1-2557-04-q25,pat1-2557-04,mc,3,(ก) ผิด และ (ข) ผิด,เจอแต่ไม่อยู่ท้าย,43,🟡 อาจเป็นการเอ่ยกลางทาง ⛔ ไม่ใช่ผลสรุป
pat1-2557-04-q26,pat1-2557-04,mc,3,$8$,เจอแต่ไม่อยู่ท้าย,28,🟡 อาจเป็นการเอ่ยกลางทาง ⛔ ไม่ใช่ผลสรุป
pat1-2557-04-q27,pat1-2557-04,mc,1,(ก) ถูก แต่ (ข) ผิด,เจอแต่ไม่อยู่ท้าย,42,🟡 อาจเป็นการเอ่ยกลางทาง ⛔ ไม่ใช่ผลสรุป
pat1-2557-04-q29,pat1-2557-04,mc,2,(ก) ผิด แต่ (ข) ถูก,เจอแต่ไม่อยู่ท้าย,40,🟡 อาจเป็นการเอ่ยกลางทาง ⛔ ไม่ใช่ผลสรุป
pat1-2557-04-q30,pat1-2557-04,mc,3,(ก) ผิด และ (ข) ผิด,เจอแต่ไม่อยู่ท้าย,40,🟡 อาจเป็นการเอ่ยกลางทาง ⛔ ไม่ใช่ผลสรุป
pat1-2557-04-q31,pat1-2557-04,fill,'5',5,เจอแต่ไม่อยู่ท้าย,62,🟡 อาจเป็นการเอ่ยกลางทาง ⛔ ไม่ใช่ผลสรุป
pat1-2557-04-q32,pat1-2557-04,fill,'54',54,เจอแต่ไม่อยู่ท้าย,51,🟡 อาจเป็นการเอ่ยกลางทาง ⛔ ไม่ใช่ผลสรุป
pat1-2557-04-q33,pat1-2557-04,fill,'681',681,เจอแต่ไม่อยู่ท้าย,56,🟡 อาจเป็นการเอ่ยกลางทาง ⛔ ไม่ใช่ผลสรุป
pat1-2557-04-q35,pat1-2557-04,fill,'9',9,เจอแต่ไม่อยู่ท้าย,47,🟡 อาจเป็นการเอ่ยกลางทาง ⛔ ไม่ใช่ผลสรุป
pat1-2557-04-q36,pat1-2557-04,fill,'500',500,เจอแต่ไม่อยู่ท้าย,36,🟡 อาจเป็นการเอ่ยกลางทาง ⛔ ไม่ใช่ผลสรุป
pat1-2557-04-q37,pat1-2557-04,fill,'1704',1704,เจอแต่ไม่อยู่ท้าย,42,🟡 อาจเป็นการเอ่ยกลางทาง ⛔ ไม่ใช่ผลสรุป
pat1-2557-04-q38,pat1-2557-04,fill,'340',340,เจอแต่ไม่อยู่ท้าย,37,🟡 อาจเป็นการเอ่ยกลางทาง ⛔ ไม่ใช่ผลสรุป
pat1-2557-04-q39,pat1-2557-04,fill,'109',109,เจอแต่ไม่อยู่ท้าย,43,🟡 อาจเป็นการเอ่ยกลางทาง ⛔ ไม่ใช่ผลสรุป
pat1-2557-04-q40,pat1-2557-04,fill,'7',7,เจอแต่ไม่อยู่ท้าย,29,🟡 อาจเป็นการเอ่ยกลางทาง ⛔ ไม่ใช่ผลสรุป
pat1-2557-04-q41,pat1-2557-04,fill,'38',38,เจอแต่ไม่อยู่ท้าย,36,🟡 อาจเป็นการเอ่ยกลางทาง ⛔ ไม่ใช่ผลสรุป
pat1-2557-04-q42,pat1-2557-04,fill,'634',634,เจอแต่ไม่อยู่ท้าย,32,🟡 อาจเป็นการเอ่ยกลางทาง ⛔ ไม่ใช่ผลสรุป
pat1-2557-04-q43,pat1-2557-04,fill,'35',35,เจอแต่ไม่อยู่ท้าย,30,🟡 อาจเป็นการเอ่ยกลางทาง ⛔ ไม่ใช่ผลสรุป
pat1-2557-04-q44,pat1-2557-04,fill,'2750',2750,เจอแต่ไม่อยู่ท้าย,45,🟡 อาจเป็นการเอ่ยกลางทาง ⛔ ไม่ใช่ผลสรุป
pat1-2557-04-q45,pat1-2557-04,fill,'384',384,เจอแต่ไม่อยู่ท้าย,49,🟡 อาจเป็นการเอ่ยกลางทาง ⛔ ไม่ใช่ผลสรุป
pat1-2557-11-q01,pat1-2557-11,mc,2,$(p \land {\sim}q) \to (q \land r)$,เจอแต่ไม่อยู่ท้าย,42,🟡 อาจเป็นการเอ่ยกลางทาง ⛔ ไม่ใช่ผลสรุป
pat1-2557-11-q02,pat1-2557-11,mc,2,(ก) ผิด แต่ (ข) ถูก,เจอแต่ไม่อยู่ท้าย,43,🟡 อาจเป็นการเอ่ยกลางทาง ⛔ ไม่ใช่ผลสรุป
pat1-2557-11-q03,pat1-2557-11,mc,1,(ก) ถูก แต่ (ข) ผิด,เจอแต่ไม่อยู่ท้าย,54,🟡 อาจเป็นการเอ่ยกลางทาง ⛔ ไม่ใช่ผลสรุป
pat1-2557-11-q04,pat1-2557-11,mc,2,(ก) ผิด แต่ (ข) ถูก,เจอแต่ไม่อยู่ท้าย,34,🟡 อาจเป็นการเอ่ยกลางทาง ⛔ ไม่ใช่ผลสรุป
pat1-2557-11-q05,pat1-2557-11,mc,1,$11.5$,เจอแต่ไม่อยู่ท้าย,48,🟡 อาจเป็นการเอ่ยกลางทาง ⛔ ไม่ใช่ผลสรุป
pat1-2557-11-q06,pat1-2557-11,mc,1,$\sin 15° \sin 75°$,เจอแต่ไม่อยู่ท้าย,56,🟡 อาจเป็นการเอ่ยกลางทาง ⛔ ไม่ใช่ผลสรุป
pat1-2557-11-q07,pat1-2557-11,mc,0,(ก) ถูก และ (ข) ถูก,เจอแต่ไม่อยู่ท้าย,41,🟡 อาจเป็นการเอ่ยกลางทาง ⛔ ไม่ใช่ผลสรุป
pat1-2557-11-q08,pat1-2557-11,mc,3,$\dfrac{2}{91}$,เจอแต่ไม่อยู่ท้าย,45,🟡 อาจเป็นการเอ่ยกลางทาง ⛔ ไม่ใช่ผลสรุป
pat1-2557-11-q09,pat1-2557-11,mc,1,$225$,เจอแต่ไม่อยู่ท้าย,49,🟡 อาจเป็นการเอ่ยกลางทาง ⛔ ไม่ใช่ผลสรุป
pat1-2557-11-q10,pat1-2557-11,mc,2,$x^2 + 2y^2 - 4x - 4\sqrt{2}y + 6 = 0$,เจอแต่ไม่อยู่ท้าย,60,🟡 อาจเป็นการเอ่ยกลางทาง ⛔ ไม่ใช่ผลสรุป
pat1-2557-11-q11,pat1-2557-11,mc,0,(ก) ถูก และ (ข) ถูก,เจอแต่ไม่อยู่ท้าย,55,🟡 อาจเป็นการเอ่ยกลางทาง ⛔ ไม่ใช่ผลสรุป
pat1-2557-11-q12,pat1-2557-11,mc,3,$124$,เจอแต่ไม่อยู่ท้าย,44,🟡 อาจเป็นการเอ่ยกลางทาง ⛔ ไม่ใช่ผลสรุป
pat1-2557-11-q13,pat1-2557-11,mc,1,$A - B$ มีสมาชิก 2 ตัว,เจอแต่ไม่อยู่ท้าย,41,🟡 อาจเป็นการเอ่ยกลางทาง ⛔ ไม่ใช่ผลสรุป
pat1-2557-11-q14,pat1-2557-11,mc,3,$17$,เจอแต่ไม่อยู่ท้าย,52,🟡 อาจเป็นการเอ่ยกลางทาง ⛔ ไม่ใช่ผลสรุป
pat1-2557-11-q15,pat1-2557-11,mc,3,(ก) ผิด และ (ข) ผิด,เจอแต่ไม่อยู่ท้าย,41,🟡 อาจเป็นการเอ่ยกลางทาง ⛔ ไม่ใช่ผลสรุป
pat1-2557-11-q16,pat1-2557-11,mc,2,$3x + y - 5 = 0$,เจอแต่ไม่อยู่ท้าย,43,🟡 อาจเป็นการเอ่ยกลางทาง ⛔ ไม่ใช่ผลสรุป
pat1-2557-11-q17,pat1-2557-11,mc,0,$8.5$ ตารางหน่วย,เจอแต่ไม่อยู่ท้าย,56,🟡 อาจเป็นการเอ่ยกลางทาง ⛔ ไม่ใช่ผลสรุป
pat1-2557-11-q19,pat1-2557-11,mc,3,$3x^4 + 8x^3 - 48x^2 + 24x = 0$,เจอแต่ไม่อยู่ท้าย,48,🟡 อาจเป็นการเอ่ยกลางทาง ⛔ ไม่ใช่ผลสรุป
pat1-2557-11-q20,pat1-2557-11,mc,1,(ก) ถูก แต่ (ข) ผิด,เจอแต่ไม่อยู่ท้าย,31,🟡 อาจเป็นการเอ่ยกลางทาง ⛔ ไม่ใช่ผลสรุป
pat1-2557-11-q21,pat1-2557-11,mc,2,(ก) ผิด แต่ (ข) ถูก,เจอแต่ไม่อยู่ท้าย,38,🟡 อาจเป็นการเอ่ยกลางทาง ⛔ ไม่ใช่ผลสรุป
pat1-2557-11-q22,pat1-2557-11,mc,3,$110$,เจอแต่ไม่อยู่ท้าย,31,🟡 อาจเป็นการเอ่ยกลางทาง ⛔ ไม่ใช่ผลสรุป
pat1-2557-11-q23,pat1-2557-11,mc,3,(ก) ผิด และ (ข) ผิด,เจอแต่ไม่อยู่ท้าย,42,🟡 อาจเป็นการเอ่ยกลางทาง ⛔ ไม่ใช่ผลสรุป
pat1-2557-11-q25,pat1-2557-11,mc,3,(ก) ผิด และ (ข) ผิด,เจอแต่ไม่อยู่ท้าย,37,🟡 อาจเป็นการเอ่ยกลางทาง ⛔ ไม่ใช่ผลสรุป
pat1-2557-11-q26,pat1-2557-11,mc,3,(ก) ผิด และ (ข) ผิด,เจอแต่ไม่อยู่ท้าย,29,🟡 อาจเป็นการเอ่ยกลางทาง ⛔ ไม่ใช่ผลสรุป
pat1-2557-11-q27,pat1-2557-11,mc,2,$34.46$,เจอแต่ไม่อยู่ท้าย,34,🟡 อาจเป็นการเอ่ยกลางทาง ⛔ ไม่ใช่ผลสรุป
pat1-2557-11-q28,pat1-2557-11,mc,0,$3.5$,เจอแต่ไม่อยู่ท้าย,40,🟡 อาจเป็นการเอ่ยกลางทาง ⛔ ไม่ใช่ผลสรุป
pat1-2557-11-q29,pat1-2557-11,mc,1,$\dfrac{25}{126}$,เจอแต่ไม่อยู่ท้าย,38,🟡 อาจเป็นการเอ่ยกลางทาง ⛔ ไม่ใช่ผลสรุป
pat1-2557-11-q30,pat1-2557-11,mc,0,$D < A < C < B$,ไม่เจอเลย,54,🔴 คำตอบไม่ปรากฏในเฉลยเลย
pat1-2557-11-q31,pat1-2557-11,fill,'7',7,เจอแต่ไม่อยู่ท้าย,43,🟡 อาจเป็นการเอ่ยกลางทาง ⛔ ไม่ใช่ผลสรุป
pat1-2557-11-q32,pat1-2557-11,fill,'169',169,เจอแต่ไม่อยู่ท้าย,39,🟡 อาจเป็นการเอ่ยกลางทาง ⛔ ไม่ใช่ผลสรุป
pat1-2557-11-q33,pat1-2557-11,fill,'3',3,เจอแต่ไม่อยู่ท้าย,29,🟡 อาจเป็นการเอ่ยกลางทาง ⛔ ไม่ใช่ผลสรุป
pat1-2557-11-q34,pat1-2557-11,fill,'66',66,เจอแต่ไม่อยู่ท้าย,52,🟡 อาจเป็นการเอ่ยกลางทาง ⛔ ไม่ใช่ผลสรุป
pat1-2557-11-q35,pat1-2557-11,fill,'201',201,เจอแต่ไม่อยู่ท้าย,48,🟡 อาจเป็นการเอ่ยกลางทาง ⛔ ไม่ใช่ผลสรุป
pat1-2557-11-q36,pat1-2557-11,fill,'3',3,เจอแต่ไม่อยู่ท้าย,50,🟡 อาจเป็นการเอ่ยกลางทาง ⛔ ไม่ใช่ผลสรุป
pat1-2557-11-q37,pat1-2557-11,fill,'270',270,เจอแต่ไม่อยู่ท้าย,30,🟡 อาจเป็นการเอ่ยกลางทาง ⛔ ไม่ใช่ผลสรุป
pat1-2557-11-q38,pat1-2557-11,fill,'14',14,เจอแต่ไม่อยู่ท้าย,50,🟡 อาจเป็นการเอ่ยกลางทาง ⛔ ไม่ใช่ผลสรุป
pat1-2557-11-q39,pat1-2557-11,fill,'11',11,เจอแต่ไม่อยู่ท้าย,43,🟡 อาจเป็นการเอ่ยกลางทาง ⛔ ไม่ใช่ผลสรุป
pat1-2557-11-q40,pat1-2557-11,fill,'55',55,เจอแต่ไม่อยู่ท้าย,51,🟡 อาจเป็นการเอ่ยกลางทาง ⛔ ไม่ใช่ผลสรุป
pat1-2557-11-q41,pat1-2557-11,fill,'34.5',34.5,เจอแต่ไม่อยู่ท้าย,33,🟡 อาจเป็นการเอ่ยกลางทาง ⛔ ไม่ใช่ผลสรุป
pat1-2557-11-q43,pat1-2557-11,fill,'3.5',3.5,เจอแต่ไม่อยู่ท้าย,42,🟡 อาจเป็นการเอ่ยกลางทาง ⛔ ไม่ใช่ผลสรุป
pat1-2557-11-q44,pat1-2557-11,fill,'4',4,เจอแต่ไม่อยู่ท้าย,33,🟡 อาจเป็นการเอ่ยกลางทาง ⛔ ไม่ใช่ผลสรุป
pat1-2557-11-q45,pat1-2557-11,fill,'1277',1277,เจอแต่ไม่อยู่ท้าย,44,🟡 อาจเป็นการเอ่ยกลางทาง ⛔ ไม่ใช่ผลสรุป
pat1-2558-03-q01,pat1-2558-03,mc,1,(ก) ถูก แต่ (ข) ผิด,เจอแต่ไม่อยู่ท้าย,51,🟡 อาจเป็นการเอ่ยกลางทาง ⛔ ไม่ใช่ผลสรุป
pat1-2558-03-q02,pat1-2558-03,mc,0,(ก) ถูก และ (ข) ถูก,เจอแต่ไม่อยู่ท้าย,30,🟡 อาจเป็นการเอ่ยกลางทาง ⛔ ไม่ใช่ผลสรุป
pat1-2558-03-q03,pat1-2558-03,mc,1,"$(0, 3)$",เจอแต่ไม่อยู่ท้าย,51,🟡 อาจเป็นการเอ่ยกลางทาง ⛔ ไม่ใช่ผลสรุป
pat1-2558-03-q04,pat1-2558-03,mc,2,(ก) ผิด แต่ (ข) ถูก,เจอแต่ไม่อยู่ท้าย,45,🟡 อาจเป็นการเอ่ยกลางทาง ⛔ ไม่ใช่ผลสรุป
pat1-2558-03-q05,pat1-2558-03,mc,1,"$\left(-1,\ \dfrac{1}{1-a}\right)$",ไม่เจอเลย,48,🔴 คำตอบไม่ปรากฏในเฉลยเลย
pat1-2558-03-q07,pat1-2558-03,mc,0,$R$,เจอแต่ไม่อยู่ท้าย,52,🟡 อาจเป็นการเอ่ยกลางทาง ⛔ ไม่ใช่ผลสรุป
pat1-2558-03-q08,pat1-2558-03,mc,3,$60°$,เจอแต่ไม่อยู่ท้าย,34,🟡 อาจเป็นการเอ่ยกลางทาง ⛔ ไม่ใช่ผลสรุป
pat1-2558-03-q09,pat1-2558-03,mc,2,(ก) ผิด แต่ (ข) ถูก,เจอแต่ไม่อยู่ท้าย,42,🟡 อาจเป็นการเอ่ยกลางทาง ⛔ ไม่ใช่ผลสรุป
pat1-2558-03-q10,pat1-2558-03,mc,0,$2\sqrt{5}$,เจอแต่ไม่อยู่ท้าย,37,🟡 อาจเป็นการเอ่ยกลางทาง ⛔ ไม่ใช่ผลสรุป
pat1-2558-03-q11,pat1-2558-03,mc,0,$x^2 + y^2 - 8x + 2y + 16 = 0$,เจอแต่ไม่อยู่ท้าย,54,🟡 อาจเป็นการเอ่ยกลางทาง ⛔ ไม่ใช่ผลสรุป
pat1-2558-03-q12,pat1-2558-03,mc,3,$\dfrac{10 + 5\sqrt{6}}{1 + \sqrt{3}}$,เจอแต่ไม่อยู่ท้าย,71,🟡 อาจเป็นการเอ่ยกลางทาง ⛔ ไม่ใช่ผลสรุป
pat1-2558-03-q13,pat1-2558-03,mc,0,(ก) ถูก และ (ข) ถูก,เจอแต่ไม่อยู่ท้าย,53,🟡 อาจเป็นการเอ่ยกลางทาง ⛔ ไม่ใช่ผลสรุป
pat1-2558-03-q14,pat1-2558-03,mc,3,$\dfrac{2}{3}$,เจอแต่ไม่อยู่ท้าย,46,🟡 อาจเป็นการเอ่ยกลางทาง ⛔ ไม่ใช่ผลสรุป
pat1-2558-03-q15,pat1-2558-03,mc,2,$24$ คน,เจอแต่ไม่อยู่ท้าย,39,🟡 อาจเป็นการเอ่ยกลางทาง ⛔ ไม่ใช่ผลสรุป
pat1-2558-03-q16,pat1-2558-03,mc,2,$2A$,เจอแต่ไม่อยู่ท้าย,42,🟡 อาจเป็นการเอ่ยกลางทาง ⛔ ไม่ใช่ผลสรุป
pat1-2558-03-q17,pat1-2558-03,mc,3,$330$,เจอแต่ไม่อยู่ท้าย,47,🟡 อาจเป็นการเอ่ยกลางทาง ⛔ ไม่ใช่ผลสรุป
pat1-2558-03-q18,pat1-2558-03,mc,0,(ก) ถูก และ (ข) ถูก,เจอแต่ไม่อยู่ท้าย,33,🟡 อาจเป็นการเอ่ยกลางทาง ⛔ ไม่ใช่ผลสรุป
pat1-2558-03-q19,pat1-2558-03,mc,3,$x^2 - 8x - 6y + 19 = 0$,เจอแต่ไม่อยู่ท้าย,53,🟡 อาจเป็นการเอ่ยกลางทาง ⛔ ไม่ใช่ผลสรุป
pat1-2558-03-q20,pat1-2558-03,mc,1,(ก) ถูก แต่ (ข) ผิด,เจอแต่ไม่อยู่ท้าย,48,🟡 อาจเป็นการเอ่ยกลางทาง ⛔ ไม่ใช่ผลสรุป
pat1-2558-03-q21,pat1-2558-03,mc,1,(ก) ถูก แต่ (ข) ผิด,เจอแต่ไม่อยู่ท้าย,44,🟡 อาจเป็นการเอ่ยกลางทาง ⛔ ไม่ใช่ผลสรุป
pat1-2558-03-q23,pat1-2558-03,mc,2,(ก) ผิด แต่ (ข) ถูก,เจอแต่ไม่อยู่ท้าย,50,🟡 อาจเป็นการเอ่ยกลางทาง ⛔ ไม่ใช่ผลสรุป
pat1-2558-03-q24,pat1-2558-03,mc,0,(ก) ถูก และ (ข) ถูก,เจอแต่ไม่อยู่ท้าย,40,🟡 อาจเป็นการเอ่ยกลางทาง ⛔ ไม่ใช่ผลสรุป
pat1-2558-03-q25,pat1-2558-03,mc,2,$37$,เจอแต่ไม่อยู่ท้าย,53,🟡 อาจเป็นการเอ่ยกลางทาง ⛔ ไม่ใช่ผลสรุป
pat1-2558-03-q26,pat1-2558-03,mc,1,(ก) ถูก แต่ (ข) ผิด,เจอแต่ไม่อยู่ท้าย,40,🟡 อาจเป็นการเอ่ยกลางทาง ⛔ ไม่ใช่ผลสรุป
pat1-2558-03-q27,pat1-2558-03,mc,0,$21.19$,เจอแต่ไม่อยู่ท้าย,47,🟡 อาจเป็นการเอ่ยกลางทาง ⛔ ไม่ใช่ผลสรุป
pat1-2558-03-q28,pat1-2558-03,mc,1,$90.4$,เจอแต่ไม่อยู่ท้าย,37,🟡 อาจเป็นการเอ่ยกลางทาง ⛔ ไม่ใช่ผลสรุป
pat1-2558-03-q29,pat1-2558-03,mc,3,$3$,เจอแต่ไม่อยู่ท้าย,57,🟡 อาจเป็นการเอ่ยกลางทาง ⛔ ไม่ใช่ผลสรุป
pat1-2558-03-q30,pat1-2558-03,mc,2,(ก) ผิด แต่ (ข) ถูก,เจอแต่ไม่อยู่ท้าย,39,🟡 อาจเป็นการเอ่ยกลางทาง ⛔ ไม่ใช่ผลสรุป
pat1-2558-03-q31,pat1-2558-03,fill,8,8,เจอแต่ไม่อยู่ท้าย,61,🟡 อาจเป็นการเอ่ยกลางทาง ⛔ ไม่ใช่ผลสรุป
pat1-2558-03-q32,pat1-2558-03,fill,181,181,เจอแต่ไม่อยู่ท้าย,47,🟡 อาจเป็นการเอ่ยกลางทาง ⛔ ไม่ใช่ผลสรุป
pat1-2558-03-q33,pat1-2558-03,fill,4.5,4.5,เจอแต่ไม่อยู่ท้าย,58,🟡 อาจเป็นการเอ่ยกลางทาง ⛔ ไม่ใช่ผลสรุป
pat1-2558-03-q34,pat1-2558-03,fill,16,16,เจอแต่ไม่อยู่ท้าย,49,🟡 อาจเป็นการเอ่ยกลางทาง ⛔ ไม่ใช่ผลสรุป
pat1-2558-03-q35,pat1-2558-03,fill,35,35,เจอแต่ไม่อยู่ท้าย,44,🟡 อาจเป็นการเอ่ยกลางทาง ⛔ ไม่ใช่ผลสรุป
pat1-2558-03-q38,pat1-2558-03,fill,3.97,3.97,เจอแต่ไม่อยู่ท้าย,40,🟡 อาจเป็นการเอ่ยกลางทาง ⛔ ไม่ใช่ผลสรุป
pat1-2558-03-q39,pat1-2558-03,fill,112,112,เจอแต่ไม่อยู่ท้าย,64,🟡 อาจเป็นการเอ่ยกลางทาง ⛔ ไม่ใช่ผลสรุป
pat1-2558-03-q40,pat1-2558-03,fill,132,132,เจอแต่ไม่อยู่ท้าย,64,🟡 อาจเป็นการเอ่ยกลางทาง ⛔ ไม่ใช่ผลสรุป
pat1-2558-03-q41,pat1-2558-03,fill,15,15,เจอแต่ไม่อยู่ท้าย,48,🟡 อาจเป็นการเอ่ยกลางทาง ⛔ ไม่ใช่ผลสรุป
pat1-2558-03-q42,pat1-2558-03,fill,8,8,เจอแต่ไม่อยู่ท้าย,39,🟡 อาจเป็นการเอ่ยกลางทาง ⛔ ไม่ใช่ผลสรุป
pat1-2558-03-q43,pat1-2558-03,fill,1806,1806,เจอแต่ไม่อยู่ท้าย,38,🟡 อาจเป็นการเอ่ยกลางทาง ⛔ ไม่ใช่ผลสรุป
pat1-2558-03-q44,pat1-2558-03,fill,0.5,0.5,เจอแต่ไม่อยู่ท้าย,41,🟡 อาจเป็นการเอ่ยกลางทาง ⛔ ไม่ใช่ผลสรุป
pat1-2558-03-q45,pat1-2558-03,fill,60,60,เจอแต่ไม่อยู่ท้าย,56,🟡 อาจเป็นการเอ่ยกลางทาง ⛔ ไม่ใช่ผลสรุป
pat1-2558-10-q01,pat1-2558-10,mc,1,$(p \to q) \vee (r \to p)$ มีค่าความจริงเป็น จริง,ไม่เจอเลย,42,🔴 คำตอบไม่ปรากฏในเฉลยเลย
pat1-2558-10-q02,pat1-2558-10,mc,4,$n((A \cup B)' \cap C) = 5$,ไม่เจอเลย,71,🔴 คำตอบไม่ปรากฏในเฉลยเลย
pat1-2558-10-q03,pat1-2558-10,mc,2,"$(-1, 3)$",เจอแต่ไม่อยู่ท้าย,46,🟡 อาจเป็นการเอ่ยกลางทาง ⛔ ไม่ใช่ผลสรุป
pat1-2558-10-q05,pat1-2558-10,mc,4,$4$,เจอแต่ไม่อยู่ท้าย,34,🟡 อาจเป็นการเอ่ยกลางทาง ⛔ ไม่ใช่ผลสรุป
pat1-2558-10-q06,pat1-2558-10,mc,3,$\dfrac{385}{24}$,เจอแต่ไม่อยู่ท้าย,49,🟡 อาจเป็นการเอ่ยกลางทาง ⛔ ไม่ใช่ผลสรุป
pat1-2558-10-q07,pat1-2558-10,mc,3,$\dfrac{3}{2} - \cos 2B$,เจอแต่ไม่อยู่ท้าย,57,🟡 อาจเป็นการเอ่ยกลางทาง ⛔ ไม่ใช่ผลสรุป
pat1-2558-10-q08,pat1-2558-10,mc,1,$210$,เจอแต่ไม่อยู่ท้าย,53,🟡 อาจเป็นการเอ่ยกลางทาง ⛔ ไม่ใช่ผลสรุป
pat1-2558-10-q09,pat1-2558-10,mc,2,"ความสัมพันธ์ $r_3 = \{ (x,y) \in \mathbb{R} \times \mathbb{R} \mid x^2 = \sqrt{y",ไม่เจอเลย,33,🔴 คำตอบไม่ปรากฏในเฉลยเลย
pat1-2558-10-q10,pat1-2558-10,mc,4,$x^2 + 4x + 8y - 36 = 0$,เจอแต่ไม่อยู่ท้าย,40,🟡 อาจเป็นการเอ่ยกลางทาง ⛔ ไม่ใช่ผลสรุป
pat1-2558-10-q11,pat1-2558-10,mc,2,$4x^2 + 9y^2 - 8x - 36y - 140 = 0$,ไม่เจอเลย,43,🔴 คำตอบไม่ปรากฏในเฉลยเลย
pat1-2558-10-q12,pat1-2558-10,mc,2,ข้อ (ค) ถูกเพียงข้อเดียว,เจอแต่ไม่อยู่ท้าย,50,🟡 อาจเป็นการเอ่ยกลางทาง ⛔ ไม่ใช่ผลสรุป
pat1-2558-10-q14,pat1-2558-10,mc,0,"$(-1, 3)$",เจอแต่ไม่อยู่ท้าย,39,🟡 อาจเป็นการเอ่ยกลางทาง ⛔ ไม่ใช่ผลสรุป
pat1-2558-10-q15,pat1-2558-10,mc,1,ข้อ (ก) และ ข้อ (ค) ถูก แต่ ข้อ (ข) ผิด,ไม่เจอเลย,45,🔴 คำตอบไม่ปรากฏในเฉลยเลย
pat1-2558-10-q17,pat1-2558-10,mc,2,$\dfrac{4}{35}$,เจอแต่ไม่อยู่ท้าย,40,🟡 อาจเป็นการเอ่ยกลางทาง ⛔ ไม่ใช่ผลสรุป
pat1-2558-10-q18,pat1-2558-10,mc,3,ข้อ (ก) ข้อ (ข) และ ข้อ (ค) ถูกทั้งสามข้อ,ไม่เจอเลย,39,🔴 คำตอบไม่ปรากฏในเฉลยเลย
pat1-2558-10-q19,pat1-2558-10,mc,1,ข้อ (ก) และ ข้อ (ค) ถูก แต่ ข้อ (ข) ผิด,ไม่เจอเลย,48,🔴 คำตอบไม่ปรากฏในเฉลยเลย
pat1-2558-10-q20,pat1-2558-10,mc,2,อนุกรมลู่เข้า มีผลบวกเท่ากับ $24$,ไม่เจอเลย,38,🔴 คำตอบไม่ปรากฏในเฉลยเลย
pat1-2558-10-q21,pat1-2558-10,mc,0,ค่าเฉลี่ยเลขคณิตเท่ากับ 96 และความแปรปรวนเท่ากับ 400,เจอแต่ไม่อยู่ท้าย,45,🟡 อาจเป็นการเอ่ยกลางทาง ⛔ ไม่ใช่ผลสรุป
pat1-2558-10-q22,pat1-2558-10,mc,3,11.51,เจอแต่ไม่อยู่ท้าย,38,🟡 อาจเป็นการเอ่ยกลางทาง ⛔ ไม่ใช่ผลสรุป
pat1-2558-10-q23,pat1-2558-10,mc,4,$\dfrac{25}{56}$,เจอแต่ไม่อยู่ท้าย,34,🟡 อาจเป็นการเอ่ยกลางทาง ⛔ ไม่ใช่ผลสรุป
pat1-2558-10-q24,pat1-2558-10,mc,3,29,เจอแต่ไม่อยู่ท้าย,35,🟡 อาจเป็นการเอ่ยกลางทาง ⛔ ไม่ใช่ผลสรุป
pat1-2558-10-q26,pat1-2558-10,mc,3,8,เจอแต่ไม่อยู่ท้าย,48,🟡 อาจเป็นการเอ่ยกลางทาง ⛔ ไม่ใช่ผลสรุป
pat1-2558-10-q27,pat1-2558-10,mc,2,ข้อ (ข) และ ข้อ (ค) ถูก แต่ ข้อ (ก) ผิด,เจอแต่ไม่อยู่ท้าย,37,🟡 อาจเป็นการเอ่ยกลางทาง ⛔ ไม่ใช่ผลสรุป
pat1-2558-10-q28,pat1-2558-10,mc,0,ข้อ (ก) ถูกเพียงข้อเดียว,เจอแต่ไม่อยู่ท้าย,51,🟡 อาจเป็นการเอ่ยกลางทาง ⛔ ไม่ใช่ผลสรุป
pat1-2558-10-q29,pat1-2558-10,mc,1,4.3,เจอแต่ไม่อยู่ท้าย,36,🟡 อาจเป็นการเอ่ยกลางทาง ⛔ ไม่ใช่ผลสรุป
pat1-2558-10-q30,pat1-2558-10,mc,0,ข้อ (ก) ถูกเพียงข้อเดียว,เจอแต่ไม่อยู่ท้าย,44,🟡 อาจเป็นการเอ่ยกลางทาง ⛔ ไม่ใช่ผลสรุป
pat1-2558-10-q32,pat1-2558-10,fill,'126',126,เจอแต่ไม่อยู่ท้าย,37,🟡 อาจเป็นการเอ่ยกลางทาง ⛔ ไม่ใช่ผลสรุป
pat1-2558-10-q33,pat1-2558-10,fill,'5',5,เจอแต่ไม่อยู่ท้าย,42,🟡 อาจเป็นการเอ่ยกลางทาง ⛔ ไม่ใช่ผลสรุป
pat1-2558-10-q34,pat1-2558-10,fill,'9.25',9.25,เจอแต่ไม่อยู่ท้าย,40,🟡 อาจเป็นการเอ่ยกลางทาง ⛔ ไม่ใช่ผลสรุป
pat1-2558-10-q36,pat1-2558-10,fill,'68',68,เจอแต่ไม่อยู่ท้าย,44,🟡 อาจเป็นการเอ่ยกลางทาง ⛔ ไม่ใช่ผลสรุป
pat1-2558-10-q38,pat1-2558-10,fill,'160',160,เจอแต่ไม่อยู่ท้าย,49,🟡 อาจเป็นการเอ่ยกลางทาง ⛔ ไม่ใช่ผลสรุป
pat1-2558-10-q40,pat1-2558-10,fill,'117',117,เจอแต่ไม่อยู่ท้าย,44,🟡 อาจเป็นการเอ่ยกลางทาง ⛔ ไม่ใช่ผลสรุป
pat1-2558-10-q41,pat1-2558-10,fill,'4',4,เจอแต่ไม่อยู่ท้าย,37,🟡 อาจเป็นการเอ่ยกลางทาง ⛔ ไม่ใช่ผลสรุป
pat1-2558-10-q42,pat1-2558-10,fill,'1.5',1.5,เจอแต่ไม่อยู่ท้าย,58,🟡 อาจเป็นการเอ่ยกลางทาง ⛔ ไม่ใช่ผลสรุป
pat1-2558-10-q44,pat1-2558-10,fill,'78.7',78.7,เจอแต่ไม่อยู่ท้าย,43,🟡 อาจเป็นการเอ่ยกลางทาง ⛔ ไม่ใช่ผลสรุป
pat1-2558-10-q45,pat1-2558-10,fill,'429',429,เจอแต่ไม่อยู่ท้าย,30,🟡 อาจเป็นการเอ่ยกลางทาง ⛔ ไม่ใช่ผลสรุป
pat1-2559-03-q01,pat1-2559-03,mc,0,ข้อ (ก) และ ข้อ (ข) ถูก แต่ ข้อ (ค) ผิด,ไม่เจอเลย,50,🔴 คำตอบไม่ปรากฏในเฉลยเลย
pat1-2559-03-q02,pat1-2559-03,mc,2,18 คน,เจอแต่ไม่อยู่ท้าย,35,🟡 อาจเป็นการเอ่ยกลางทาง ⛔ ไม่ใช่ผลสรุป
pat1-2559-03-q03,pat1-2559-03,mc,3,ข้อ (ก) ข้อ (ข) และ ข้อ (ค) ถูกทั้งสามข้อ,ไม่เจอเลย,43,🔴 คำตอบไม่ปรากฏในเฉลยเลย
pat1-2559-03-q04,pat1-2559-03,mc,0,$b^2 - 4a = 0$,เจอแต่ไม่อยู่ท้าย,49,🟡 อาจเป็นการเอ่ยกลางทาง ⛔ ไม่ใช่ผลสรุป
pat1-2559-03-q05,pat1-2559-03,mc,1,$2\tan C = \csc^2 C$,เจอแต่ไม่อยู่ท้าย,57,🟡 อาจเป็นการเอ่ยกลางทาง ⛔ ไม่ใช่ผลสรุป
pat1-2559-03-q06,pat1-2559-03,mc,4,ข้อ (ก) ข้อ (ข) และ ข้อ (ค) ผิดทั้งสามข้อ,ไม่เจอเลย,44,🔴 คำตอบไม่ปรากฏในเฉลยเลย
pat1-2559-03-q07,pat1-2559-03,mc,1,ข้อ (ก) และ ข้อ (ค) ถูก แต่ ข้อ (ข) ผิด,ไม่เจอเลย,52,🔴 คำตอบไม่ปรากฏในเฉลยเลย
pat1-2559-03-q08,pat1-2559-03,mc,0,$x^2 + y^2 = 17$,เจอแต่ไม่อยู่ท้าย,45,🟡 อาจเป็นการเอ่ยกลางทาง ⛔ ไม่ใช่ผลสรุป
pat1-2559-03-q10,pat1-2559-03,mc,1,ข้อ (ข) ถูกเพียงข้อเดียว,เจอแต่ไม่อยู่ท้าย,51,🟡 อาจเป็นการเอ่ยกลางทาง ⛔ ไม่ใช่ผลสรุป
pat1-2559-03-q11,pat1-2559-03,mc,4,$9x^2 - 16y^2 - 36x + 32y + 596 = 0$,เจอแต่ไม่อยู่ท้าย,58,🟡 อาจเป็นการเอ่ยกลางทาง ⛔ ไม่ใช่ผลสรุป
pat1-2559-03-q12,pat1-2559-03,mc,2,$\{ x \in \mathbb{R} \mid |x-1| < 2 \}$,ไม่เจอเลย,51,🔴 คำตอบไม่ปรากฏในเฉลยเลย
pat1-2559-03-q13,pat1-2559-03,mc,2,$5x^2 + 20x + 9y^2 = 25$,เจอแต่ไม่อยู่ท้าย,56,🟡 อาจเป็นการเอ่ยกลางทาง ⛔ ไม่ใช่ผลสรุป
pat1-2559-03-q15,pat1-2559-03,mc,0,$x^2 + y^2 - 2y - 4 = 0$,เจอแต่ไม่อยู่ท้าย,44,🟡 อาจเป็นการเอ่ยกลางทาง ⛔ ไม่ใช่ผลสรุป
pat1-2559-03-q16,pat1-2559-03,mc,2,$\dfrac{9}{2}$,เจอแต่ไม่อยู่ท้าย,51,🟡 อาจเป็นการเอ่ยกลางทาง ⛔ ไม่ใช่ผลสรุป
pat1-2559-03-q17,pat1-2559-03,mc,0,ข้อ (ก) และ ข้อ (ข) ถูก แต่ ข้อ (ค) ผิด,ไม่เจอเลย,51,🔴 คำตอบไม่ปรากฏในเฉลยเลย
pat1-2559-03-q20,pat1-2559-03,mc,4,$598$,เจอแต่ไม่อยู่ท้าย,52,🟡 อาจเป็นการเอ่ยกลางทาง ⛔ ไม่ใช่ผลสรุป
pat1-2559-03-q21,pat1-2559-03,mc,3,$54$,เจอแต่ไม่อยู่ท้าย,38,🟡 อาจเป็นการเอ่ยกลางทาง ⛔ ไม่ใช่ผลสรุป
pat1-2559-03-q22,pat1-2559-03,mc,2,$10.50$,เจอแต่ไม่อยู่ท้าย,50,🟡 อาจเป็นการเอ่ยกลางทาง ⛔ ไม่ใช่ผลสรุป
pat1-2559-03-q23,pat1-2559-03,mc,4,$144$ วิธี,เจอแต่ไม่อยู่ท้าย,35,🟡 อาจเป็นการเอ่ยกลางทาง ⛔ ไม่ใช่ผลสรุป
pat1-2559-03-q24,pat1-2559-03,mc,0,อนุกรมลู่เข้าและมีผลบวกเท่ากับ $\dfrac{5}{4}$,เจอแต่ไม่อยู่ท้าย,35,🟡 อาจเป็นการเอ่ยกลางทาง ⛔ ไม่ใช่ผลสรุป
pat1-2559-03-q25,pat1-2559-03,mc,4,$c < a < b$,ไม่เจอเลย,41,🔴 คำตอบไม่ปรากฏในเฉลยเลย
pat1-2559-03-q26,pat1-2559-03,mc,1,$6$,เจอแต่ไม่อยู่ท้าย,42,🟡 อาจเป็นการเอ่ยกลางทาง ⛔ ไม่ใช่ผลสรุป
pat1-2559-03-q27,pat1-2559-03,mc,1,$5.86$,เจอแต่ไม่อยู่ท้าย,44,🟡 อาจเป็นการเอ่ยกลางทาง ⛔ ไม่ใช่ผลสรุป
pat1-2559-03-q28,pat1-2559-03,mc,0,ข้อ (ก) และ ข้อ (ข) ถูก แต่ ข้อ (ค) ผิด,ไม่เจอเลย,42,🔴 คำตอบไม่ปรากฏในเฉลยเลย
pat1-2559-03-q29,pat1-2559-03,mc,4,$\dfrac{6}{7}$,เจอแต่ไม่อยู่ท้าย,54,🟡 อาจเป็นการเอ่ยกลางทาง ⛔ ไม่ใช่ผลสรุป
pat1-2559-03-q31,pat1-2559-03,fill,34,34,เจอแต่ไม่อยู่ท้าย,54,🟡 อาจเป็นการเอ่ยกลางทาง ⛔ ไม่ใช่ผลสรุป
pat1-2559-03-q32,pat1-2559-03,fill,45,45,เจอแต่ไม่อยู่ท้าย,55,🟡 อาจเป็นการเอ่ยกลางทาง ⛔ ไม่ใช่ผลสรุป
pat1-2559-03-q33,pat1-2559-03,fill,5,5,เจอแต่ไม่อยู่ท้าย,45,🟡 อาจเป็นการเอ่ยกลางทาง ⛔ ไม่ใช่ผลสรุป
pat1-2559-03-q34,pat1-2559-03,fill,3,3,เจอแต่ไม่อยู่ท้าย,35,🟡 อาจเป็นการเอ่ยกลางทาง ⛔ ไม่ใช่ผลสรุป
pat1-2559-03-q35,pat1-2559-03,fill,97.2,97.2,เจอแต่ไม่อยู่ท้าย,38,🟡 อาจเป็นการเอ่ยกลางทาง ⛔ ไม่ใช่ผลสรุป
pat1-2559-03-q36,pat1-2559-03,fill,641,641,เจอแต่ไม่อยู่ท้าย,40,🟡 อาจเป็นการเอ่ยกลางทาง ⛔ ไม่ใช่ผลสรุป
pat1-2559-03-q37,pat1-2559-03,fill,61,61,เจอแต่ไม่อยู่ท้าย,45,🟡 อาจเป็นการเอ่ยกลางทาง ⛔ ไม่ใช่ผลสรุป
pat1-2559-03-q38,pat1-2559-03,fill,0.75,0.75,เจอแต่ไม่อยู่ท้าย,47,🟡 อาจเป็นการเอ่ยกลางทาง ⛔ ไม่ใช่ผลสรุป
pat1-2559-03-q39,pat1-2559-03,fill,3,3,เจอแต่ไม่อยู่ท้าย,42,🟡 อาจเป็นการเอ่ยกลางทาง ⛔ ไม่ใช่ผลสรุป
pat1-2559-03-q40,pat1-2559-03,fill,48,48,เจอแต่ไม่อยู่ท้าย,40,🟡 อาจเป็นการเอ่ยกลางทาง ⛔ ไม่ใช่ผลสรุป
pat1-2559-03-q41,pat1-2559-03,fill,20,20,เจอแต่ไม่อยู่ท้าย,43,🟡 อาจเป็นการเอ่ยกลางทาง ⛔ ไม่ใช่ผลสรุป
pat1-2559-03-q42,pat1-2559-03,fill,9,9,เจอแต่ไม่อยู่ท้าย,36,🟡 อาจเป็นการเอ่ยกลางทาง ⛔ ไม่ใช่ผลสรุป
pat1-2559-03-q43,pat1-2559-03,fill,396,396,เจอแต่ไม่อยู่ท้าย,37,🟡 อาจเป็นการเอ่ยกลางทาง ⛔ ไม่ใช่ผลสรุป
pat1-2559-03-q44,pat1-2559-03,fill,3,3,เจอแต่ไม่อยู่ท้าย,42,🟡 อาจเป็นการเอ่ยกลางทาง ⛔ ไม่ใช่ผลสรุป
pat1-2559-03-q45,pat1-2559-03,fill,70,70,เจอแต่ไม่อยู่ท้าย,43,🟡 อาจเป็นการเอ่ยกลางทาง ⛔ ไม่ใช่ผลสรุป
pat1-2559-10-q01,pat1-2559-10,mc,0,ข้อ (ก) และ ข้อ (ข) ถูก แต่ ข้อ (ค) ผิด,ไม่เจอเลย,49,🔴 คำตอบไม่ปรากฏในเฉลยเลย
pat1-2559-10-q02,pat1-2559-10,mc,1,$\forall x[P(x) \to Q(x)] \to \exists x[R(x)]$,เจอแต่ไม่อยู่ท้าย,58,🟡 อาจเป็นการเอ่ยกลางทาง ⛔ ไม่ใช่ผลสรุป
pat1-2559-10-q03,pat1-2559-10,mc,2,ข้อ (ค) ถูกเพียงข้อเดียว,ไม่เจอเลย,46,🔴 คำตอบไม่ปรากฏในเฉลยเลย
pat1-2559-10-q04,pat1-2559-10,mc,4,ข้อ (ก) ข้อ (ข) และ ข้อ (ค) ผิดทั้งสามข้อ,ไม่เจอเลย,51,🔴 คำตอบไม่ปรากฏในเฉลยเลย
pat1-2559-10-q05,pat1-2559-10,mc,0,$\{ x \in \mathbb{R} \mid |x+2| \geq 2|x-3| \}$,ไม่เจอเลย,52,🔴 คำตอบไม่ปรากฏในเฉลยเลย
pat1-2559-10-q07,pat1-2559-10,mc,1,ข้อ (ก) และ ข้อ (ค) ถูก แต่ ข้อ (ข) ผิด,ไม่เจอเลย,46,🔴 คำตอบไม่ปรากฏในเฉลยเลย
pat1-2559-10-q08,pat1-2559-10,mc,3,ข้อ (ก) ข้อ (ข) และ ข้อ (ค) ถูกทั้งสามข้อ,ไม่เจอเลย,64,🔴 คำตอบไม่ปรากฏในเฉลยเลย
pat1-2559-10-q09,pat1-2559-10,mc,4,$C < B < A$,ไม่เจอเลย,39,🔴 คำตอบไม่ปรากฏในเฉลยเลย
pat1-2559-10-q10,pat1-2559-10,mc,2,$9$,เจอแต่ไม่อยู่ท้าย,49,🟡 อาจเป็นการเอ่ยกลางทาง ⛔ ไม่ใช่ผลสรุป
pat1-2559-10-q11,pat1-2559-10,mc,3,$-328$,เจอแต่ไม่อยู่ท้าย,44,🟡 อาจเป็นการเอ่ยกลางทาง ⛔ ไม่ใช่ผลสรุป
pat1-2559-10-q12,pat1-2559-10,mc,2,"$(-2, 1)$",เจอแต่ไม่อยู่ท้าย,33,🟡 อาจเป็นการเอ่ยกลางทาง ⛔ ไม่ใช่ผลสรุป
pat1-2559-10-q13,pat1-2559-10,mc,3,$f(-2)$,เจอแต่ไม่อยู่ท้าย,47,🟡 อาจเป็นการเอ่ยกลางทาง ⛔ ไม่ใช่ผลสรุป
pat1-2559-10-q15,pat1-2559-10,mc,4,$\dfrac{17}{33}$,เจอแต่ไม่อยู่ท้าย,33,🟡 อาจเป็นการเอ่ยกลางทาง ⛔ ไม่ใช่ผลสรุป
pat1-2559-10-q16,pat1-2559-10,mc,0,$\det A$,เจอแต่ไม่อยู่ท้าย,43,🟡 อาจเป็นการเอ่ยกลางทาง ⛔ ไม่ใช่ผลสรุป
pat1-2559-10-q17,pat1-2559-10,mc,3,$9y^2 - 4x^2 - 32x - 18y - 199 = 0$,เจอแต่ไม่อยู่ท้าย,58,🟡 อาจเป็นการเอ่ยกลางทาง ⛔ ไม่ใช่ผลสรุป
pat1-2559-10-q18,pat1-2559-10,mc,0,ข้อ (ก) และ ข้อ (ข) ถูก แต่ ข้อ (ค) ผิด,ไม่เจอเลย,41,🔴 คำตอบไม่ปรากฏในเฉลยเลย
pat1-2559-10-q19,pat1-2559-10,mc,3,$\sqrt{8}$,เจอแต่ไม่อยู่ท้าย,52,🟡 อาจเป็นการเอ่ยกลางทาง ⛔ ไม่ใช่ผลสรุป
pat1-2559-10-q20,pat1-2559-10,mc,4,$a + b + c - d = 0$,เจอแต่ไม่อยู่ท้าย,43,🟡 อาจเป็นการเอ่ยกลางทาง ⛔ ไม่ใช่ผลสรุป
pat1-2559-10-q21,pat1-2559-10,mc,3,$\dfrac{19}{59}$,เจอแต่ไม่อยู่ท้าย,40,🟡 อาจเป็นการเอ่ยกลางทาง ⛔ ไม่ใช่ผลสรุป
pat1-2559-10-q22,pat1-2559-10,mc,0,$6$ ตารางหน่วย,เจอแต่ไม่อยู่ท้าย,48,🟡 อาจเป็นการเอ่ยกลางทาง ⛔ ไม่ใช่ผลสรุป
pat1-2559-10-q23,pat1-2559-10,mc,0,ข้อ (ก) และ ข้อ (ข) ถูก แต่ ข้อ (ค) ผิด,ไม่เจอเลย,39,🔴 คำตอบไม่ปรากฏในเฉลยเลย
pat1-2559-10-q24,pat1-2559-10,mc,1,$\sqrt{76}$,เจอแต่ไม่อยู่ท้าย,28,🟡 อาจเป็นการเอ่ยกลางทาง ⛔ ไม่ใช่ผลสรุป
pat1-2559-10-q25,pat1-2559-10,mc,1,$0.5$,เจอแต่ไม่อยู่ท้าย,44,🟡 อาจเป็นการเอ่ยกลางทาง ⛔ ไม่ใช่ผลสรุป
pat1-2559-10-q26,pat1-2559-10,mc,4,$\dfrac{3\pi}{8}$,เจอแต่ไม่อยู่ท้าย,29,🟡 อาจเป็นการเอ่ยกลางทาง ⛔ ไม่ใช่ผลสรุป
pat1-2559-10-q27,pat1-2559-10,mc,1,"$(-\infty, -7) \cup (4, \infty)$",เจอแต่ไม่อยู่ท้าย,39,🟡 อาจเป็นการเอ่ยกลางทาง ⛔ ไม่ใช่ผลสรุป
pat1-2559-10-q28,pat1-2559-10,mc,3,ข้อ (ก) ข้อ (ข) และ ข้อ (ค) ถูกทั้งสามข้อ,ไม่เจอเลย,51,🔴 คำตอบไม่ปรากฏในเฉลยเลย
pat1-2559-10-q29,pat1-2559-10,mc,2,$660$ วิธี,เจอแต่ไม่อยู่ท้าย,51,🟡 อาจเป็นการเอ่ยกลางทาง ⛔ ไม่ใช่ผลสรุป
pat1-2559-10-q30,pat1-2559-10,mc,2,$9$,เจอแต่ไม่อยู่ท้าย,37,🟡 อาจเป็นการเอ่ยกลางทาง ⛔ ไม่ใช่ผลสรุป
pat1-2559-10-q32,pat1-2559-10,fill,'12',12,เจอแต่ไม่อยู่ท้าย,30,🟡 อาจเป็นการเอ่ยกลางทาง ⛔ ไม่ใช่ผลสรุป
pat1-2559-10-q33,pat1-2559-10,fill,'4',4,เจอแต่ไม่อยู่ท้าย,44,🟡 อาจเป็นการเอ่ยกลางทาง ⛔ ไม่ใช่ผลสรุป
pat1-2559-10-q34,pat1-2559-10,fill,'1.5',1.5,เจอแต่ไม่อยู่ท้าย,36,🟡 อาจเป็นการเอ่ยกลางทาง ⛔ ไม่ใช่ผลสรุป
pat1-2559-10-q35,pat1-2559-10,fill,'23',23,เจอแต่ไม่อยู่ท้าย,42,🟡 อาจเป็นการเอ่ยกลางทาง ⛔ ไม่ใช่ผลสรุป
pat1-2559-10-q36,pat1-2559-10,fill,'17',17,เจอแต่ไม่อยู่ท้าย,41,🟡 อาจเป็นการเอ่ยกลางทาง ⛔ ไม่ใช่ผลสรุป
pat1-2559-10-q37,pat1-2559-10,fill,'4',4,เจอแต่ไม่อยู่ท้าย,48,🟡 อาจเป็นการเอ่ยกลางทาง ⛔ ไม่ใช่ผลสรุป
pat1-2559-10-q38,pat1-2559-10,fill,'174.5',174.5,เจอแต่ไม่อยู่ท้าย,32,🟡 อาจเป็นการเอ่ยกลางทาง ⛔ ไม่ใช่ผลสรุป
pat1-2559-10-q39,pat1-2559-10,fill,'43.5',43.5,เจอแต่ไม่อยู่ท้าย,42,🟡 อาจเป็นการเอ่ยกลางทาง ⛔ ไม่ใช่ผลสรุป
pat1-2559-10-q40,pat1-2559-10,fill,'64.25',64.25,เจอแต่ไม่อยู่ท้าย,44,🟡 อาจเป็นการเอ่ยกลางทาง ⛔ ไม่ใช่ผลสรุป
pat1-2559-10-q41,pat1-2559-10,fill,'5610',5610,เจอแต่ไม่อยู่ท้าย,44,🟡 อาจเป็นการเอ่ยกลางทาง ⛔ ไม่ใช่ผลสรุป
pat1-2559-10-q42,pat1-2559-10,fill,'12',12,เจอแต่ไม่อยู่ท้าย,44,🟡 อาจเป็นการเอ่ยกลางทาง ⛔ ไม่ใช่ผลสรุป
pat1-2559-10-q43,pat1-2559-10,fill,'30',30,เจอแต่ไม่อยู่ท้าย,44,🟡 อาจเป็นการเอ่ยกลางทาง ⛔ ไม่ใช่ผลสรุป
pat1-2559-10-q44,pat1-2559-10,fill,'37',37,เจอแต่ไม่อยู่ท้าย,44,🟡 อาจเป็นการเอ่ยกลางทาง ⛔ ไม่ใช่ผลสรุป
pat1-2560-03-q01,pat1-2560-03,mc,4,ข้อ (ก) ข้อ (ข) และ ข้อ (ค) ผิดทั้งสามข้อ,เจอแต่ไม่อยู่ท้าย,41,🟡 อาจเป็นการเอ่ยกลางทาง ⛔ ไม่ใช่ผลสรุป
pat1-2560-03-q02,pat1-2560-03,mc,3,ข้อ (ก) ข้อ (ข) และ ข้อ (ค) ถูกทั้งสามข้อ,เจอแต่ไม่อยู่ท้าย,34,🟡 อาจเป็นการเอ่ยกลางทาง ⛔ ไม่ใช่ผลสรุป
pat1-2560-03-q03,pat1-2560-03,mc,1,$(p \vee q) \leftrightarrow (p \wedge r)$,เจอแต่ไม่อยู่ท้าย,39,🟡 อาจเป็นการเอ่ยกลางทาง ⛔ ไม่ใช่ผลสรุป
pat1-2560-03-q05,pat1-2560-03,mc,2,$\cos^2 35^\circ = ab$,เจอแต่ไม่อยู่ท้าย,56,🟡 อาจเป็นการเอ่ยกลางทาง ⛔ ไม่ใช่ผลสรุป
pat1-2560-03-q06,pat1-2560-03,mc,2,$\dfrac{\sqrt{3}}{3}$,เจอแต่ไม่อยู่ท้าย,36,🟡 อาจเป็นการเอ่ยกลางทาง ⛔ ไม่ใช่ผลสรุป
pat1-2560-03-q07,pat1-2560-03,mc,0,ข้อ (ก) และ ข้อ (ข) ถูก แต่ ข้อ (ค) ผิด,เจอแต่ไม่อยู่ท้าย,44,🟡 อาจเป็นการเอ่ยกลางทาง ⛔ ไม่ใช่ผลสรุป
pat1-2560-03-q08,pat1-2560-03,mc,0,$23.5$,เจอแต่ไม่อยู่ท้าย,37,🟡 อาจเป็นการเอ่ยกลางทาง ⛔ ไม่ใช่ผลสรุป
pat1-2560-03-q09,pat1-2560-03,mc,3,$\displaystyle\sum_{n=7}^{12} a_n = \dfrac{16}{81}L$,ไม่เจอเลย,55,🔴 คำตอบไม่ปรากฏในเฉลยเลย
pat1-2560-03-q10,pat1-2560-03,mc,0,$x^2 - 25y^2 + 250y - 600 = 0$,เจอแต่ไม่อยู่ท้าย,47,🟡 อาจเป็นการเอ่ยกลางทาง ⛔ ไม่ใช่ผลสรุป
pat1-2560-03-q11,pat1-2560-03,mc,2,ข้อ (ข) และ ข้อ (ค) ถูก แต่ ข้อ (ก) ผิด,ไม่เจอเลย,41,🔴 คำตอบไม่ปรากฏในเฉลยเลย
pat1-2560-03-q12,pat1-2560-03,mc,3,$\dfrac{5}{7}$,เจอแต่ไม่อยู่ท้าย,48,🟡 อาจเป็นการเอ่ยกลางทาง ⛔ ไม่ใช่ผลสรุป
pat1-2560-03-q13,pat1-2560-03,mc,4,$\dfrac{15\sqrt{3}}{2}$ ตารางหน่วย,เจอแต่ไม่อยู่ท้าย,46,🟡 อาจเป็นการเอ่ยกลางทาง ⛔ ไม่ใช่ผลสรุป
pat1-2560-03-q14,pat1-2560-03,mc,4,ข้อ (ก) ข้อ (ข) และ ข้อ (ค) ผิดทั้งสามข้อ,ไม่เจอเลย,38,🔴 คำตอบไม่ปรากฏในเฉลยเลย
pat1-2560-03-q15,pat1-2560-03,mc,4,ข้อ (ก) ข้อ (ข) และ ข้อ (ค) ผิดทั้งสามข้อ,ไม่เจอเลย,39,🔴 คำตอบไม่ปรากฏในเฉลยเลย
pat1-2560-03-q16,pat1-2560-03,mc,4,"$(4, -5)$",เจอแต่ไม่อยู่ท้าย,70,🟡 อาจเป็นการเอ่ยกลางทาง ⛔ ไม่ใช่ผลสรุป
pat1-2560-03-q17,pat1-2560-03,mc,2,$3$ ตารางหน่วย,เจอแต่ไม่อยู่ท้าย,40,🟡 อาจเป็นการเอ่ยกลางทาง ⛔ ไม่ใช่ผลสรุป
pat1-2560-03-q19,pat1-2560-03,mc,2,ข้อ (ข) และ ข้อ (ค) ถูก แต่ ข้อ (ก) ผิด,ไม่เจอเลย,43,🔴 คำตอบไม่ปรากฏในเฉลยเลย
pat1-2560-03-q20,pat1-2560-03,mc,3,$11$ คะแนน,เจอแต่ไม่อยู่ท้าย,33,🟡 อาจเป็นการเอ่ยกลางทาง ⛔ ไม่ใช่ผลสรุป
pat1-2560-03-q21,pat1-2560-03,mc,3,"$(2, 6)$",เจอแต่ไม่อยู่ท้าย,43,🟡 อาจเป็นการเอ่ยกลางทาง ⛔ ไม่ใช่ผลสรุป
pat1-2560-03-q22,pat1-2560-03,mc,0,"$(-\infty, -3) \cup (4, \infty)$",เจอแต่ไม่อยู่ท้าย,38,🟡 อาจเป็นการเอ่ยกลางทาง ⛔ ไม่ใช่ผลสรุป
pat1-2560-03-q23,pat1-2560-03,mc,2,$2.4$,เจอแต่ไม่อยู่ท้าย,35,🟡 อาจเป็นการเอ่ยกลางทาง ⛔ ไม่ใช่ผลสรุป
pat1-2560-03-q26,pat1-2560-03,mc,2,$20.25$,เจอแต่ไม่อยู่ท้าย,57,🟡 อาจเป็นการเอ่ยกลางทาง ⛔ ไม่ใช่ผลสรุป
pat1-2560-03-q27,pat1-2560-03,mc,0,$5.05$ หน่วย,เจอแต่ไม่อยู่ท้าย,47,🟡 อาจเป็นการเอ่ยกลางทาง ⛔ ไม่ใช่ผลสรุป
pat1-2560-03-q28,pat1-2560-03,mc,1,ข้อ (ก) และ ข้อ (ค) ถูก แต่ ข้อ (ข) ผิด,ไม่เจอเลย,41,🔴 คำตอบไม่ปรากฏในเฉลยเลย
pat1-2560-03-q29,pat1-2560-03,mc,1,$y < x < z$,ไม่เจอเลย,33,🔴 คำตอบไม่ปรากฏในเฉลยเลย
pat1-2560-03-q30,pat1-2560-03,mc,1,$8$ หน่วย,เจอแต่ไม่อยู่ท้าย,45,🟡 อาจเป็นการเอ่ยกลางทาง ⛔ ไม่ใช่ผลสรุป
pat1-2560-03-q31,pat1-2560-03,fill,'7',7,เจอแต่ไม่อยู่ท้าย,53,🟡 อาจเป็นการเอ่ยกลางทาง ⛔ ไม่ใช่ผลสรุป
pat1-2560-03-q32,pat1-2560-03,fill,'38',38,เจอแต่ไม่อยู่ท้าย,37,🟡 อาจเป็นการเอ่ยกลางทาง ⛔ ไม่ใช่ผลสรุป
pat1-2560-03-q33,pat1-2560-03,fill,'6',6,เจอแต่ไม่อยู่ท้าย,42,🟡 อาจเป็นการเอ่ยกลางทาง ⛔ ไม่ใช่ผลสรุป
pat1-2560-03-q35,pat1-2560-03,fill,'62',62,เจอแต่ไม่อยู่ท้าย,48,🟡 อาจเป็นการเอ่ยกลางทาง ⛔ ไม่ใช่ผลสรุป
pat1-2560-03-q36,pat1-2560-03,fill,'63',63,เจอแต่ไม่อยู่ท้าย,41,🟡 อาจเป็นการเอ่ยกลางทาง ⛔ ไม่ใช่ผลสรุป
pat1-2560-03-q37,pat1-2560-03,fill,'9',9,เจอแต่ไม่อยู่ท้าย,53,🟡 อาจเป็นการเอ่ยกลางทาง ⛔ ไม่ใช่ผลสรุป
pat1-2560-03-q38,pat1-2560-03,fill,'81',81,เจอแต่ไม่อยู่ท้าย,42,🟡 อาจเป็นการเอ่ยกลางทาง ⛔ ไม่ใช่ผลสรุป
pat1-2560-03-q39,pat1-2560-03,fill,'4',4,เจอแต่ไม่อยู่ท้าย,59,🟡 อาจเป็นการเอ่ยกลางทาง ⛔ ไม่ใช่ผลสรุป
pat1-2560-03-q40,pat1-2560-03,fill,'52',52,เจอแต่ไม่อยู่ท้าย,34,🟡 อาจเป็นการเอ่ยกลางทาง ⛔ ไม่ใช่ผลสรุป
pat1-2560-03-q41,pat1-2560-03,fill,'10',10,เจอแต่ไม่อยู่ท้าย,52,🟡 อาจเป็นการเอ่ยกลางทาง ⛔ ไม่ใช่ผลสรุป
pat1-2560-03-q42,pat1-2560-03,fill,'2.5',2.5,เจอแต่ไม่อยู่ท้าย,56,🟡 อาจเป็นการเอ่ยกลางทาง ⛔ ไม่ใช่ผลสรุป
pat1-2561-02-q01,pat1-2561-02,mc,2,$\sim(p \rightarrow \sim q) \rightarrow q$,ไม่เจอเลย,52,🔴 คำตอบไม่ปรากฏในเฉลยเลย
pat1-2561-02-q02,pat1-2561-02,mc,2,$\forall x[Q(x) \rightarrow P(x)]$,เจอแต่ไม่อยู่ท้าย,42,🟡 อาจเป็นการเอ่ยกลางทาง ⛔ ไม่ใช่ผลสรุป
pat1-2561-02-q03,pat1-2561-02,mc,3,"$(-2, 4)$",เจอแต่ไม่อยู่ท้าย,36,🟡 อาจเป็นการเอ่ยกลางทาง ⛔ ไม่ใช่ผลสรุป
pat1-2561-02-q04,pat1-2561-02,mc,1,$\dfrac{7}{25}$,เจอแต่ไม่อยู่ท้าย,45,🟡 อาจเป็นการเอ่ยกลางทาง ⛔ ไม่ใช่ผลสรุป
pat1-2561-02-q05,pat1-2561-02,mc,2,"$(-1, 1]$",เจอแต่ไม่อยู่ท้าย,35,🟡 อาจเป็นการเอ่ยกลางทาง ⛔ ไม่ใช่ผลสรุป
pat1-2561-02-q06,pat1-2561-02,mc,4,$\dfrac{\sqrt{3}}{2}$,เจอแต่ไม่อยู่ท้าย,34,🟡 อาจเป็นการเอ่ยกลางทาง ⛔ ไม่ใช่ผลสรุป
pat1-2561-02-q07,pat1-2561-02,mc,0,$3 - 2\sqrt{2}$,เจอแต่ไม่อยู่ท้าย,46,🟡 อาจเป็นการเอ่ยกลางทาง ⛔ ไม่ใช่ผลสรุป
pat1-2561-02-q08,pat1-2561-02,mc,3,"$(-2, -4)$",เจอแต่ไม่อยู่ท้าย,42,🟡 อาจเป็นการเอ่ยกลางทาง ⛔ ไม่ใช่ผลสรุป
pat1-2561-02-q09,pat1-2561-02,mc,3,$1 < |a - 1| < 2$,ไม่เจอเลย,53,🔴 คำตอบไม่ปรากฏในเฉลยเลย
pat1-2561-02-q10,pat1-2561-02,mc,2,$\dfrac{5}{2}$,เจอแต่ไม่อยู่ท้าย,33,🟡 อาจเป็นการเอ่ยกลางทาง ⛔ ไม่ใช่ผลสรุป
pat1-2561-02-q11,pat1-2561-02,mc,4,"$(8, 10]$",เจอแต่ไม่อยู่ท้าย,43,🟡 อาจเป็นการเอ่ยกลางทาง ⛔ ไม่ใช่ผลสรุป
pat1-2561-02-q13,pat1-2561-02,mc,2,$0.8$,เจอแต่ไม่อยู่ท้าย,40,🟡 อาจเป็นการเอ่ยกลางทาง ⛔ ไม่ใช่ผลสรุป
pat1-2561-02-q14,pat1-2561-02,mc,3,$96$,เจอแต่ไม่อยู่ท้าย,33,🟡 อาจเป็นการเอ่ยกลางทาง ⛔ ไม่ใช่ผลสรุป
pat1-2561-02-q15,pat1-2561-02,mc,0,$1.25$,เจอแต่ไม่อยู่ท้าย,41,🟡 อาจเป็นการเอ่ยกลางทาง ⛔ ไม่ใช่ผลสรุป
pat1-2561-02-q16,pat1-2561-02,mc,0,$30$,เจอแต่ไม่อยู่ท้าย,37,🟡 อาจเป็นการเอ่ยกลางทาง ⛔ ไม่ใช่ผลสรุป
pat1-2561-02-q17,pat1-2561-02,mc,3,$5.6$,เจอแต่ไม่อยู่ท้าย,41,🟡 อาจเป็นการเอ่ยกลางทาง ⛔ ไม่ใช่ผลสรุป
pat1-2561-02-q19,pat1-2561-02,mc,1,$7.5$,เจอแต่ไม่อยู่ท้าย,32,🟡 อาจเป็นการเอ่ยกลางทาง ⛔ ไม่ใช่ผลสรุป
pat1-2561-02-q20,pat1-2561-02,mc,0,$0.125$,เจอแต่ไม่อยู่ท้าย,46,🟡 อาจเป็นการเอ่ยกลางทาง ⛔ ไม่ใช่ผลสรุป
pat1-2561-02-q21,pat1-2561-02,mc,4,$\dfrac{9}{20}$,เจอแต่ไม่อยู่ท้าย,41,🟡 อาจเป็นการเอ่ยกลางทาง ⛔ ไม่ใช่ผลสรุป
pat1-2561-02-q23,pat1-2561-02,mc,0,$4x^2 - 3y^2 - 8x + 12y - 12 = 0$,เจอแต่ไม่อยู่ท้าย,48,🟡 อาจเป็นการเอ่ยกลางทาง ⛔ ไม่ใช่ผลสรุป
pat1-2561-02-q24,pat1-2561-02,mc,4,$92$,เจอแต่ไม่อยู่ท้าย,51,🟡 อาจเป็นการเอ่ยกลางทาง ⛔ ไม่ใช่ผลสรุป
pat1-2561-02-q25,pat1-2561-02,mc,2,$12$,เจอแต่ไม่อยู่ท้าย,43,🟡 อาจเป็นการเอ่ยกลางทาง ⛔ ไม่ใช่ผลสรุป
pat1-2561-02-q26,pat1-2561-02,mc,3,$-\dfrac{17}{2}$,เจอแต่ไม่อยู่ท้าย,37,🟡 อาจเป็นการเอ่ยกลางทาง ⛔ ไม่ใช่ผลสรุป
pat1-2561-02-q27,pat1-2561-02,mc,0,$\dfrac{31}{22}$,เจอแต่ไม่อยู่ท้าย,38,🟡 อาจเป็นการเอ่ยกลางทาง ⛔ ไม่ใช่ผลสรุป
pat1-2561-02-q28,pat1-2561-02,mc,3,ข้อ (ก) ข้อ (ข) และ ข้อ (ค) ถูกทั้งสามข้อ,ไม่เจอเลย,39,🔴 คำตอบไม่ปรากฏในเฉลยเลย
pat1-2561-02-q29,pat1-2561-02,mc,1,ข้อ (ก) และ ข้อ (ค) ถูก แต่ ข้อ (ข) ผิด,ไม่เจอเลย,52,🔴 คำตอบไม่ปรากฏในเฉลยเลย
pat1-2561-02-q30,pat1-2561-02,mc,0,ข้อ (ก) และ ข้อ (ข) ถูก แต่ ข้อ (ค) ผิด,ไม่เจอเลย,51,🔴 คำตอบไม่ปรากฏในเฉลยเลย
pat1-2561-02-q31,pat1-2561-02,fill,'32',32,เจอแต่ไม่อยู่ท้าย,38,🟡 อาจเป็นการเอ่ยกลางทาง ⛔ ไม่ใช่ผลสรุป
pat1-2561-02-q32,pat1-2561-02,fill,'2.5',2.5,เจอแต่ไม่อยู่ท้าย,42,🟡 อาจเป็นการเอ่ยกลางทาง ⛔ ไม่ใช่ผลสรุป
pat1-2561-02-q34,pat1-2561-02,fill,'125',125,เจอแต่ไม่อยู่ท้าย,48,🟡 อาจเป็นการเอ่ยกลางทาง ⛔ ไม่ใช่ผลสรุป
pat1-2561-02-q35,pat1-2561-02,fill,'0.5',0.5,เจอแต่ไม่อยู่ท้าย,32,🟡 อาจเป็นการเอ่ยกลางทาง ⛔ ไม่ใช่ผลสรุป
pat1-2561-02-q36,pat1-2561-02,fill,'11',11,เจอแต่ไม่อยู่ท้าย,49,🟡 อาจเป็นการเอ่ยกลางทาง ⛔ ไม่ใช่ผลสรุป
pat1-2561-02-q37,pat1-2561-02,fill,'18',18,เจอแต่ไม่อยู่ท้าย,37,🟡 อาจเป็นการเอ่ยกลางทาง ⛔ ไม่ใช่ผลสรุป
pat1-2561-02-q38,pat1-2561-02,fill,'7',7,เจอแต่ไม่อยู่ท้าย,41,🟡 อาจเป็นการเอ่ยกลางทาง ⛔ ไม่ใช่ผลสรุป
pat1-2561-02-q39,pat1-2561-02,fill,'36',36,เจอแต่ไม่อยู่ท้าย,40,🟡 อาจเป็นการเอ่ยกลางทาง ⛔ ไม่ใช่ผลสรุป
pat1-2561-02-q41,pat1-2561-02,fill,'86',86,เจอแต่ไม่อยู่ท้าย,40,🟡 อาจเป็นการเอ่ยกลางทาง ⛔ ไม่ใช่ผลสรุป
pat1-2561-02-q42,pat1-2561-02,fill,'11.5',11.5,เจอแต่ไม่อยู่ท้าย,41,🟡 อาจเป็นการเอ่ยกลางทาง ⛔ ไม่ใช่ผลสรุป
pat1-2561-02-q43,pat1-2561-02,fill,'3',3,เจอแต่ไม่อยู่ท้าย,47,🟡 อาจเป็นการเอ่ยกลางทาง ⛔ ไม่ใช่ผลสรุป
pat1-2561-02-q44,pat1-2561-02,fill,'3.5',3.5,เจอแต่ไม่อยู่ท้าย,43,🟡 อาจเป็นการเอ่ยกลางทาง ⛔ ไม่ใช่ผลสรุป
pat1-2561-02-q45,pat1-2561-02,fill,'6',6,เจอแต่ไม่อยู่ท้าย,42,🟡 อาจเป็นการเอ่ยกลางทาง ⛔ ไม่ใช่ผลสรุป
pat1-2562-02-q01,pat1-2562-02,mc,2,$(\sim Q \to P) \to Q$,เจอแต่ไม่อยู่ท้าย,80,🟡 อาจเป็นการเอ่ยกลางทาง ⛔ ไม่ใช่ผลสรุป
pat1-2562-02-q02,pat1-2562-02,mc,0,"$\{\, x \in \mathbb{R} \mid |2x - 3| \le 7 \,\}$",ไม่เจอเลย,50,🔴 คำตอบไม่ปรากฏในเฉลยเลย
pat1-2562-02-q03,pat1-2562-02,mc,4,$64$,เจอแต่ไม่อยู่ท้าย,58,🟡 อาจเป็นการเอ่ยกลางทาง ⛔ ไม่ใช่ผลสรุป
pat1-2562-02-q04,pat1-2562-02,mc,4,"$(-2, 1) \cup (3, \infty)$",เจอแต่ไม่อยู่ท้าย,51,🟡 อาจเป็นการเอ่ยกลางทาง ⛔ ไม่ใช่ผลสรุป
pat1-2562-02-q05,pat1-2562-02,mc,3,ข้อ (ก) ข้อ (ข) และ ข้อ (ค) ถูกทั้งสามข้อ,ไม่เจอเลย,50,🔴 คำตอบไม่ปรากฏในเฉลยเลย
pat1-2562-02-q06,pat1-2562-02,mc,3,$\dfrac{\pi}{2}$,เจอแต่ไม่อยู่ท้าย,43,🟡 อาจเป็นการเอ่ยกลางทาง ⛔ ไม่ใช่ผลสรุป
pat1-2562-02-q07,pat1-2562-02,mc,0,$4$,เจอแต่ไม่อยู่ท้าย,53,🟡 อาจเป็นการเอ่ยกลางทาง ⛔ ไม่ใช่ผลสรุป
pat1-2562-02-q08,pat1-2562-02,mc,1,$3$ ตารางหน่วย,เจอแต่ไม่อยู่ท้าย,50,🟡 อาจเป็นการเอ่ยกลางทาง ⛔ ไม่ใช่ผลสรุป
pat1-2562-02-q09,pat1-2562-02,mc,0,$1 + \cos 25°$,เจอแต่ไม่อยู่ท้าย,46,🟡 อาจเป็นการเอ่ยกลางทาง ⛔ ไม่ใช่ผลสรุป
pat1-2562-02-q10,pat1-2562-02,mc,2,$\dfrac{31}{27}$,เจอแต่ไม่อยู่ท้าย,49,🟡 อาจเป็นการเอ่ยกลางทาง ⛔ ไม่ใช่ผลสรุป
pat1-2562-02-q12,pat1-2562-02,mc,1,$b + d$,เจอแต่ไม่อยู่ท้าย,43,🟡 อาจเป็นการเอ่ยกลางทาง ⛔ ไม่ใช่ผลสรุป
pat1-2562-02-q13,pat1-2562-02,mc,2,ข้อ (ข) และ ข้อ (ค) ถูก แต่ ข้อ (ก) ผิด,ไม่เจอเลย,40,🔴 คำตอบไม่ปรากฏในเฉลยเลย
pat1-2562-02-q14,pat1-2562-02,mc,2,$\sqrt{2}$,เจอแต่ไม่อยู่ท้าย,39,🟡 อาจเป็นการเอ่ยกลางทาง ⛔ ไม่ใช่ผลสรุป
pat1-2562-02-q15,pat1-2562-02,mc,3,$\dfrac{\sqrt{2}}{2}$,เจอแต่ไม่อยู่ท้าย,45,🟡 อาจเป็นการเอ่ยกลางทาง ⛔ ไม่ใช่ผลสรุป
pat1-2562-02-q16,pat1-2562-02,mc,4,$0.6$,เจอแต่ไม่อยู่ท้าย,52,🟡 อาจเป็นการเอ่ยกลางทาง ⛔ ไม่ใช่ผลสรุป
pat1-2562-02-q17,pat1-2562-02,mc,2,$13$,เจอแต่ไม่อยู่ท้าย,44,🟡 อาจเป็นการเอ่ยกลางทาง ⛔ ไม่ใช่ผลสรุป
pat1-2562-02-q18,pat1-2562-02,mc,4,$15$,เจอแต่ไม่อยู่ท้าย,35,🟡 อาจเป็นการเอ่ยกลางทาง ⛔ ไม่ใช่ผลสรุป
pat1-2562-02-q19,pat1-2562-02,mc,1,$\pi - \arcsin\sqrt{\dfrac{3}{7}}$,เจอแต่ไม่อยู่ท้าย,46,🟡 อาจเป็นการเอ่ยกลางทาง ⛔ ไม่ใช่ผลสรุป
pat1-2562-02-q20,pat1-2562-02,mc,3,$18$,เจอแต่ไม่อยู่ท้าย,39,🟡 อาจเป็นการเอ่ยกลางทาง ⛔ ไม่ใช่ผลสรุป
pat1-2562-02-q21,pat1-2562-02,mc,3,$303.75$,เจอแต่ไม่อยู่ท้าย,43,🟡 อาจเป็นการเอ่ยกลางทาง ⛔ ไม่ใช่ผลสรุป
pat1-2562-02-q22,pat1-2562-02,mc,1,$6$,เจอแต่ไม่อยู่ท้าย,52,🟡 อาจเป็นการเอ่ยกลางทาง ⛔ ไม่ใช่ผลสรุป
pat1-2562-02-q23,pat1-2562-02,mc,3,$\dfrac{\sqrt{3}}{2}$,เจอแต่ไม่อยู่ท้าย,44,🟡 อาจเป็นการเอ่ยกลางทาง ⛔ ไม่ใช่ผลสรุป
pat1-2562-02-q24,pat1-2562-02,mc,2,$44$ คน,เจอแต่ไม่อยู่ท้าย,33,🟡 อาจเป็นการเอ่ยกลางทาง ⛔ ไม่ใช่ผลสรุป
pat1-2562-02-q26,pat1-2562-02,mc,0,$28$,เจอแต่ไม่อยู่ท้าย,41,🟡 อาจเป็นการเอ่ยกลางทาง ⛔ ไม่ใช่ผลสรุป
pat1-2562-02-q27,pat1-2562-02,mc,0,$8$,เจอแต่ไม่อยู่ท้าย,38,🟡 อาจเป็นการเอ่ยกลางทาง ⛔ ไม่ใช่ผลสรุป
pat1-2562-02-q28,pat1-2562-02,mc,3,$86.44$,เจอแต่ไม่อยู่ท้าย,40,🟡 อาจเป็นการเอ่ยกลางทาง ⛔ ไม่ใช่ผลสรุป
pat1-2562-02-q31,pat1-2562-02,fill,'34',34,เจอแต่ไม่อยู่ท้าย,41,🟡 อาจเป็นการเอ่ยกลางทาง ⛔ ไม่ใช่ผลสรุป
pat1-2562-02-q32,pat1-2562-02,fill,'5460',5460,เจอแต่ไม่อยู่ท้าย,46,🟡 อาจเป็นการเอ่ยกลางทาง ⛔ ไม่ใช่ผลสรุป
pat1-2562-02-q34,pat1-2562-02,fill,'20',20,เจอแต่ไม่อยู่ท้าย,56,🟡 อาจเป็นการเอ่ยกลางทาง ⛔ ไม่ใช่ผลสรุป
pat1-2562-02-q35,pat1-2562-02,fill,'24',24,เจอแต่ไม่อยู่ท้าย,41,🟡 อาจเป็นการเอ่ยกลางทาง ⛔ ไม่ใช่ผลสรุป
pat1-2562-02-q36,pat1-2562-02,fill,'4.5',4.5,เจอแต่ไม่อยู่ท้าย,29,🟡 อาจเป็นการเอ่ยกลางทาง ⛔ ไม่ใช่ผลสรุป
pat1-2562-02-q37,pat1-2562-02,fill,'9',9,เจอแต่ไม่อยู่ท้าย,45,🟡 อาจเป็นการเอ่ยกลางทาง ⛔ ไม่ใช่ผลสรุป
pat1-2562-02-q39,pat1-2562-02,fill,'12',12,เจอแต่ไม่อยู่ท้าย,38,🟡 อาจเป็นการเอ่ยกลางทาง ⛔ ไม่ใช่ผลสรุป
pat1-2562-02-q40,pat1-2562-02,fill,'84',84,เจอแต่ไม่อยู่ท้าย,51,🟡 อาจเป็นการเอ่ยกลางทาง ⛔ ไม่ใช่ผลสรุป
pat1-2562-02-q42,pat1-2562-02,fill,'76',76,เจอแต่ไม่อยู่ท้าย,46,🟡 อาจเป็นการเอ่ยกลางทาง ⛔ ไม่ใช่ผลสรุป
pat1-2562-02-q43,pat1-2562-02,fill,'2498',2498,เจอแต่ไม่อยู่ท้าย,35,🟡 อาจเป็นการเอ่ยกลางทาง ⛔ ไม่ใช่ผลสรุป
pat1-2562-02-q44,pat1-2562-02,fill,'24',24,เจอแต่ไม่อยู่ท้าย,46,🟡 อาจเป็นการเอ่ยกลางทาง ⛔ ไม่ใช่ผลสรุป
pat1-2562-02-q45,pat1-2562-02,fill,'23',23,เจอแต่ไม่อยู่ท้าย,39,🟡 อาจเป็นการเอ่ยกลางทาง ⛔ ไม่ใช่ผลสรุป
pat1-2563-02-q01,pat1-2563-02,mc,2,ข้อ (ข) และ ข้อ (ค) ถูก แต่ ข้อ (ก) ผิด,เจอแต่ไม่อยู่ท้าย,36,🟡 อาจเป็นการเอ่ยกลางทาง ⛔ ไม่ใช่ผลสรุป
pat1-2563-02-q02,pat1-2563-02,mc,1,ข้อ (ก) และ ข้อ (ค) ถูก แต่ ข้อ (ข) ผิด,เจอแต่ไม่อยู่ท้าย,33,🟡 อาจเป็นการเอ่ยกลางทาง ⛔ ไม่ใช่ผลสรุป
pat1-2563-02-q03,pat1-2563-02,mc,4,ข้อ (ก) ข้อ (ข) และ ข้อ (ค) ผิดทั้งสามข้อ,เจอแต่ไม่อยู่ท้าย,46,🟡 อาจเป็นการเอ่ยกลางทาง ⛔ ไม่ใช่ผลสรุป
pat1-2563-02-q04,pat1-2563-02,mc,1,ข้อ (ข) ถูกเพียงข้อเดียว,เจอแต่ไม่อยู่ท้าย,32,🟡 อาจเป็นการเอ่ยกลางทาง ⛔ ไม่ใช่ผลสรุป
pat1-2563-02-q05,pat1-2563-02,mc,1,43,เจอแต่ไม่อยู่ท้าย,46,🟡 อาจเป็นการเอ่ยกลางทาง ⛔ ไม่ใช่ผลสรุป
pat1-2563-02-q06,pat1-2563-02,mc,3,$5$,เจอแต่ไม่อยู่ท้าย,36,🟡 อาจเป็นการเอ่ยกลางทาง ⛔ ไม่ใช่ผลสรุป
pat1-2563-02-q07,pat1-2563-02,mc,2,$\dfrac{1}{7}$,เจอแต่ไม่อยู่ท้าย,35,🟡 อาจเป็นการเอ่ยกลางทาง ⛔ ไม่ใช่ผลสรุป
pat1-2563-02-q09,pat1-2563-02,mc,0,ข้อ (ก) และ ข้อ (ข) ถูก แต่ ข้อ (ค) ผิด,เจอแต่ไม่อยู่ท้าย,31,🟡 อาจเป็นการเอ่ยกลางทาง ⛔ ไม่ใช่ผลสรุป
pat1-2563-02-q12,pat1-2563-02,mc,0,$1250$,เจอแต่ไม่อยู่ท้าย,43,🟡 อาจเป็นการเอ่ยกลางทาง ⛔ ไม่ใช่ผลสรุป
pat1-2563-02-q13,pat1-2563-02,mc,2,$241$,เจอแต่ไม่อยู่ท้าย,35,🟡 อาจเป็นการเอ่ยกลางทาง ⛔ ไม่ใช่ผลสรุป
pat1-2563-02-q15,pat1-2563-02,mc,2,มี 24 ครัวเรือนที่มีจำนวนสมาชิกในครัวเรือน น้อยกว่า 4 คน,ไม่เจอเลย,32,🔴 คำตอบไม่ปรากฏในเฉลยเลย
pat1-2563-02-q17,pat1-2563-02,mc,3,$9$,เจอแต่ไม่อยู่ท้าย,44,🟡 อาจเป็นการเอ่ยกลางทาง ⛔ ไม่ใช่ผลสรุป
pat1-2563-02-q18,pat1-2563-02,mc,0,$y^2 - 4x - 6y + 17 = 0$,เจอแต่ไม่อยู่ท้าย,36,🟡 อาจเป็นการเอ่ยกลางทาง ⛔ ไม่ใช่ผลสรุป
pat1-2563-02-q19,pat1-2563-02,mc,4,$68$,เจอแต่ไม่อยู่ท้าย,40,🟡 อาจเป็นการเอ่ยกลางทาง ⛔ ไม่ใช่ผลสรุป
pat1-2563-02-q20,pat1-2563-02,mc,0,$2.0$ หน่วย,เจอแต่ไม่อยู่ท้าย,35,🟡 อาจเป็นการเอ่ยกลางทาง ⛔ ไม่ใช่ผลสรุป
pat1-2563-02-q21,pat1-2563-02,mc,3,$\bar{i} + \bar{j} - \bar{k}$,เจอแต่ไม่อยู่ท้าย,35,🟡 อาจเป็นการเอ่ยกลางทาง ⛔ ไม่ใช่ผลสรุป
pat1-2563-02-q22,pat1-2563-02,mc,1,$-9$,เจอแต่ไม่อยู่ท้าย,26,🟡 อาจเป็นการเอ่ยกลางทาง ⛔ ไม่ใช่ผลสรุป
pat1-2563-02-q23,pat1-2563-02,mc,2,"$(0, 5)$",เจอแต่ไม่อยู่ท้าย,36,🟡 อาจเป็นการเอ่ยกลางทาง ⛔ ไม่ใช่ผลสรุป
pat1-2563-02-q24,pat1-2563-02,mc,3,"$[-4, -3] \cup [1, 3]$",เจอแต่ไม่อยู่ท้าย,40,🟡 อาจเป็นการเอ่ยกลางทาง ⛔ ไม่ใช่ผลสรุป
pat1-2563-02-q25,pat1-2563-02,mc,3,$5$,เจอแต่ไม่อยู่ท้าย,33,🟡 อาจเป็นการเอ่ยกลางทาง ⛔ ไม่ใช่ผลสรุป
pat1-2563-02-q26,pat1-2563-02,mc,4,$\dfrac{16}{4845}$,เจอแต่ไม่อยู่ท้าย,46,🟡 อาจเป็นการเอ่ยกลางทาง ⛔ ไม่ใช่ผลสรุป
pat1-2563-02-q27,pat1-2563-02,mc,2,$360$,เจอแต่ไม่อยู่ท้าย,30,🟡 อาจเป็นการเอ่ยกลางทาง ⛔ ไม่ใช่ผลสรุป
pat1-2563-02-q28,pat1-2563-02,mc,2,$\dfrac{1}{10}$,เจอแต่ไม่อยู่ท้าย,30,🟡 อาจเป็นการเอ่ยกลางทาง ⛔ ไม่ใช่ผลสรุป
pat1-2563-02-q29,pat1-2563-02,mc,0,$c < a < b < d$,ไม่เจอเลย,29,🔴 คำตอบไม่ปรากฏในเฉลยเลย
pat1-2563-02-q30,pat1-2563-02,mc,1,$0.12$,เจอแต่ไม่อยู่ท้าย,33,🟡 อาจเป็นการเอ่ยกลางทาง ⛔ ไม่ใช่ผลสรุป
pat1-2563-02-q31,pat1-2563-02,mc,4,$\dfrac{6}{77}$,เจอแต่ไม่อยู่ท้าย,30,🟡 อาจเป็นการเอ่ยกลางทาง ⛔ ไม่ใช่ผลสรุป
pat1-2563-02-q32,pat1-2563-02,mc,4,$3$,เจอแต่ไม่อยู่ท้าย,28,🟡 อาจเป็นการเอ่ยกลางทาง ⛔ ไม่ใช่ผลสรุป
pat1-2563-02-q34,pat1-2563-02,mc,0,$25$,เจอแต่ไม่อยู่ท้าย,43,🟡 อาจเป็นการเอ่ยกลางทาง ⛔ ไม่ใช่ผลสรุป
pat1-2563-02-q35,pat1-2563-02,mc,1,"$620{,}000$ บาท",เจอแต่ไม่อยู่ท้าย,35,🟡 อาจเป็นการเอ่ยกลางทาง ⛔ ไม่ใช่ผลสรุป
pat1-2564-03-q01,pat1-2564-03,mc,2,"28,800",เจอแต่ไม่อยู่ท้าย,43,🟡 อาจเป็นการเอ่ยกลางทาง ⛔ ไม่ใช่ผลสรุป
pat1-2564-03-q02,pat1-2564-03,mc,0,"$(-4,-2)$",เจอแต่ไม่อยู่ท้าย,34,🟡 อาจเป็นการเอ่ยกลางทาง ⛔ ไม่ใช่ผลสรุป
pat1-2564-03-q03,pat1-2564-03,mc,0,$0 < a < 1$ และ $0 < ab < 1$,ไม่เจอเลย,36,🔴 คำตอบไม่ปรากฏในเฉลยเลย
pat1-2564-03-q04,pat1-2564-03,mc,3,ประเทศที่มีจำนวนผู้ติดเชื้อสะสมมากที่สุด มีอัตราส่วนของจำนวนผู้ติดเชื้อสะสมต่อจำ,ไม่เจอเลย,26,🔴 คำตอบไม่ปรากฏในเฉลยเลย
pat1-2564-03-q05,pat1-2564-03,mc,0,$\dfrac{200\left((1.005)^{13}-(1.005)^{7}\right)}{1.005-1}$,เจอแต่ไม่อยู่ท้าย,39,🟡 อาจเป็นการเอ่ยกลางทาง ⛔ ไม่ใช่ผลสรุป
pat1-2564-03-q07,pat1-2564-03,mc,4,$\left[\begin{array}{ccc|c}1 & 1 & 1 & 1500 \\ 800 & -600 & 0 & 0 \\ 400 & 600 &,เจอแต่ไม่อยู่ท้าย,40,🟡 อาจเป็นการเอ่ยกลางทาง ⛔ ไม่ใช่ผลสรุป
pat1-2564-03-q08,pat1-2564-03,mc,2,ข้อความ ก) และ ข) ถูกต้องเท่านั้น,ไม่เจอเลย,32,🔴 คำตอบไม่ปรากฏในเฉลยเลย
pat1-2564-03-q09,pat1-2564-03,mc,3,20,เจอแต่ไม่อยู่ท้าย,41,🟡 อาจเป็นการเอ่ยกลางทาง ⛔ ไม่ใช่ผลสรุป
pat1-2564-03-q11,pat1-2564-03,mc,3,ข้อความ ข) และ ค) ถูกต้องเท่านั้น,ไม่เจอเลย,39,🔴 คำตอบไม่ปรากฏในเฉลยเลย
pat1-2564-03-q12,pat1-2564-03,mc,4,$(q\to\sim p)\to(p\to q)$,เจอแต่ไม่อยู่ท้าย,34,🟡 อาจเป็นการเอ่ยกลางทาง ⛔ ไม่ใช่ผลสรุป
pat1-2564-03-q13,pat1-2564-03,mc,1,$\dfrac{29}{70}$,เจอแต่ไม่อยู่ท้าย,39,🟡 อาจเป็นการเอ่ยกลางทาง ⛔ ไม่ใช่ผลสรุป
pat1-2564-03-q14,pat1-2564-03,mc,0,30,เจอแต่ไม่อยู่ท้าย,31,🟡 อาจเป็นการเอ่ยกลางทาง ⛔ ไม่ใช่ผลสรุป
pat1-2564-03-q15,pat1-2564-03,mc,2,25,เจอแต่ไม่อยู่ท้าย,40,🟡 อาจเป็นการเอ่ยกลางทาง ⛔ ไม่ใช่ผลสรุป
pat1-2564-03-q16,pat1-2564-03,mc,1,ข้อความ ข) ถูกต้องเพียงข้อเดียวเท่านั้น,ไม่เจอเลย,26,🔴 คำตอบไม่ปรากฏในเฉลยเลย
pat1-2564-03-q17,pat1-2564-03,mc,4,$\dfrac{3\sqrt{6}}{4}$,เจอแต่ไม่อยู่ท้าย,40,🟡 อาจเป็นการเอ่ยกลางทาง ⛔ ไม่ใช่ผลสรุป
pat1-2564-03-q18,pat1-2564-03,mc,3,"$600{,}000-\dfrac{10{,}000\left((1.01)^{-1}-(1.01)^{-49}\right)}{1-(1.01)^{-1}}$",เจอแต่ไม่อยู่ท้าย,34,🟡 อาจเป็นการเอ่ยกลางทาง ⛔ ไม่ใช่ผลสรุป
pat1-2564-03-q19,pat1-2564-03,mc,2,10,เจอแต่ไม่อยู่ท้าย,34,🟡 อาจเป็นการเอ่ยกลางทาง ⛔ ไม่ใช่ผลสรุป
pat1-2564-03-q20,pat1-2564-03,mc,2,วันที่ 31 พฤษภาคม 2563,เจอแต่ไม่อยู่ท้าย,35,🟡 อาจเป็นการเอ่ยกลางทาง ⛔ ไม่ใช่ผลสรุป
pat1-2564-03-q22,pat1-2564-03,mc,1,19.8,เจอแต่ไม่อยู่ท้าย,38,🟡 อาจเป็นการเอ่ยกลางทาง ⛔ ไม่ใช่ผลสรุป
pat1-2564-03-q23,pat1-2564-03,mc,1,$\cos\left(\dfrac{\pi}{2}\right)+i\sin\left(\dfrac{\pi}{2}\right)$,ไม่เจอเลย,38,🔴 คำตอบไม่ปรากฏในเฉลยเลย
pat1-2564-03-q24,pat1-2564-03,mc,4,"$f$ เป็นฟังก์ชันค่าคงตัวบนช่วง $(0,1)$",ไม่เจอเลย,32,🔴 คำตอบไม่ปรากฏในเฉลยเลย
pat1-2564-03-q25,pat1-2564-03,mc,2,"$\displaystyle B=\int_{-7}^{0}\bigl(1-f(x)\bigr)\,dx$",ไม่เจอเลย,27,🔴 คำตอบไม่ปรากฏในเฉลยเลย
pat1-2564-03-q27,pat1-2564-03,mc,1,8,เจอแต่ไม่อยู่ท้าย,30,🟡 อาจเป็นการเอ่ยกลางทาง ⛔ ไม่ใช่ผลสรุป
pat1-2564-03-q28,pat1-2564-03,mc,0,$\dbinom{3}{2}\times\dbinom{12}{7}$,เจอแต่ไม่อยู่ท้าย,24,🟡 อาจเป็นการเอ่ยกลางทาง ⛔ ไม่ใช่ผลสรุป
pat1-2564-03-q29,pat1-2564-03,mc,4,$(15)(0.99)^{14}(0.01)$,เจอแต่ไม่อยู่ท้าย,23,🟡 อาจเป็นการเอ่ยกลางทาง ⛔ ไม่ใช่ผลสรุป
pat1-2564-03-q31,pat1-2564-03,mc,3,กำไรลดลง 50 บาท,เจอแต่ไม่อยู่ท้าย,28,🟡 อาจเป็นการเอ่ยกลางทาง ⛔ ไม่ใช่ผลสรุป
pat1-2564-03-q32,pat1-2564-03,mc,2,$\dfrac{1}{9}$,เจอแต่ไม่อยู่ท้าย,34,🟡 อาจเป็นการเอ่ยกลางทาง ⛔ ไม่ใช่ผลสรุป
pat1-2564-03-q33,pat1-2564-03,mc,3,$90° < \theta < 180°$,ไม่เจอเลย,29,🔴 คำตอบไม่ปรากฏในเฉลยเลย
pat1-2565-03-q01,pat1-2565-03,mc,1,ข้อความ ก) และ ข) ถูกต้องเท่านั้น,ไม่เจอเลย,40,🔴 คำตอบไม่ปรากฏในเฉลยเลย
pat1-2565-03-q02,pat1-2565-03,mc,2,$p \land (q \leftrightarrow r)$,เจอแต่ไม่อยู่ท้าย,36,🟡 อาจเป็นการเอ่ยกลางทาง ⛔ ไม่ใช่ผลสรุป
pat1-2565-03-q03,pat1-2565-03,mc,1,ข้อความ ก) และ ข) ถูกต้องเท่านั้น,ไม่เจอเลย,47,🔴 คำตอบไม่ปรากฏในเฉลยเลย
pat1-2565-03-q04,pat1-2565-03,mc,4,ข้อความ ก) ข) และ ค) ถูกต้อง,ไม่เจอเลย,41,🔴 คำตอบไม่ปรากฏในเฉลยเลย
pat1-2565-03-q05,pat1-2565-03,mc,3,$3$,เจอแต่ไม่อยู่ท้าย,40,🟡 อาจเป็นการเอ่ยกลางทาง ⛔ ไม่ใช่ผลสรุป
pat1-2565-03-q06,pat1-2565-03,mc,1,4,เจอแต่ไม่อยู่ท้าย,50,🟡 อาจเป็นการเอ่ยกลางทาง ⛔ ไม่ใช่ผลสรุป
pat1-2565-03-q07,pat1-2565-03,mc,1,ข้อความ ข) ถูกต้องเพียงข้อเดียวเท่านั้น,ไม่เจอเลย,42,🔴 คำตอบไม่ปรากฏในเฉลยเลย
pat1-2565-03-q08,pat1-2565-03,mc,4,20.00 น.,เจอแต่ไม่อยู่ท้าย,37,🟡 อาจเป็นการเอ่ยกลางทาง ⛔ ไม่ใช่ผลสรุป
pat1-2565-03-q09,pat1-2565-03,mc,2,5,เจอแต่ไม่อยู่ท้าย,38,🟡 อาจเป็นการเอ่ยกลางทาง ⛔ ไม่ใช่ผลสรุป
pat1-2565-03-q10,pat1-2565-03,mc,0,"$\left( \dfrac{\sqrt{3}}{2},\ -\dfrac{1}{2} \right)$",ไม่เจอเลย,42,🔴 คำตอบไม่ปรากฏในเฉลยเลย
pat1-2565-03-q11,pat1-2565-03,mc,4,$\dfrac{2\sqrt{3}}{3}\sin 20^\circ$,เจอแต่ไม่อยู่ท้าย,30,🟡 อาจเป็นการเอ่ยกลางทาง ⛔ ไม่ใช่ผลสรุป
pat1-2565-03-q13,pat1-2565-03,mc,0,ข้อความ ก) ถูกต้องเพียงข้อเดียวเท่านั้น,ไม่เจอเลย,31,🔴 คำตอบไม่ปรากฏในเฉลยเลย
pat1-2565-03-q14,pat1-2565-03,mc,0,ข้อความ ก) ถูกต้องเพียงข้อเดียวเท่านั้น,ไม่เจอเลย,29,🔴 คำตอบไม่ปรากฏในเฉลยเลย
pat1-2565-03-q15,pat1-2565-03,mc,2,$\dfrac{3}{5}$,เจอแต่ไม่อยู่ท้าย,43,🟡 อาจเป็นการเอ่ยกลางทาง ⛔ ไม่ใช่ผลสรุป
pat1-2565-03-q16,pat1-2565-03,mc,3,"$10{,}000(1.02)^4 - 4{,}000(1.02)^3 + 6{,}000(1.02)^2$",เจอแต่ไม่อยู่ท้าย,30,🟡 อาจเป็นการเอ่ยกลางทาง ⛔ ไม่ใช่ผลสรุป
pat1-2565-03-q17,pat1-2565-03,mc,2,เชือกสีแดง สีน้ำเงิน และ สีม่วง,เจอแต่ไม่อยู่ท้าย,33,🟡 อาจเป็นการเอ่ยกลางทาง ⛔ ไม่ใช่ผลสรุป
pat1-2565-03-q18,pat1-2565-03,mc,4,ไฮเพอร์โบลาที่มีแกนตามขวางอยู่ในแนวตั้ง,เจอแต่ไม่อยู่ท้าย,30,🟡 อาจเป็นการเอ่ยกลางทาง ⛔ ไม่ใช่ผลสรุป
pat1-2565-03-q19,pat1-2565-03,mc,4,ข้อความ ข) และ ค) ถูกต้องเท่านั้น,ไม่เจอเลย,30,🔴 คำตอบไม่ปรากฏในเฉลยเลย
pat1-2565-03-q20,pat1-2565-03,mc,4,$-5\bar{i} - 2\bar{j} + 2\bar{k} \in A$,เจอแต่ไม่อยู่ท้าย,45,🟡 อาจเป็นการเอ่ยกลางทาง ⛔ ไม่ใช่ผลสรุป
pat1-2565-03-q21,pat1-2565-03,mc,3,"$\dfrac{300}{1{,}711}$",เจอแต่ไม่อยู่ท้าย,38,🟡 อาจเป็นการเอ่ยกลางทาง ⛔ ไม่ใช่ผลสรุป
pat1-2565-03-q22,pat1-2565-03,mc,0,"แผนภาพกล่อง: ต่ำสุด 1, $Q_1=2$, มัธยฐาน 3, $Q_3=5$, สูงสุด 6",ไม่เจอเลย,29,🔴 คำตอบไม่ปรากฏในเฉลยเลย
pat1-2565-03-q23,pat1-2565-03,mc,1,ข้อความ ก) และ ข) ถูกต้องเท่านั้น,เจอแต่ไม่อยู่ท้าย,25,🟡 อาจเป็นการเอ่ยกลางทาง ⛔ ไม่ใช่ผลสรุป
pat1-2565-03-q24,pat1-2565-03,mc,1,$\displaystyle\lim_{x\to 2} f(x) = 2$,เจอแต่ไม่อยู่ท้าย,31,🟡 อาจเป็นการเอ่ยกลางทาง ⛔ ไม่ใช่ผลสรุป
pat1-2565-03-q25,pat1-2565-03,mc,4,$\dfrac{32}{3}\left(\sqrt{2}-1\right)$,เจอแต่ไม่อยู่ท้าย,47,🟡 อาจเป็นการเอ่ยกลางทาง ⛔ ไม่ใช่ผลสรุป
pat1-2565-03-q26,pat1-2565-03,mc,1,14,เจอแต่ไม่อยู่ท้าย,36,🟡 อาจเป็นการเอ่ยกลางทาง ⛔ ไม่ใช่ผลสรุป
pat1-2565-03-q28,pat1-2565-03,mc,2,ข้อความ ก) และ ค) ถูกต้องเท่านั้น,เจอแต่ไม่อยู่ท้าย,40,🟡 อาจเป็นการเอ่ยกลางทาง ⛔ ไม่ใช่ผลสรุป
pat1-2565-03-q29,pat1-2565-03,mc,3,175,เจอแต่ไม่อยู่ท้าย,44,🟡 อาจเป็นการเอ่ยกลางทาง ⛔ ไม่ใช่ผลสรุป
pat1-2565-03-q30,pat1-2565-03,mc,0,$32\sqrt{3}$,เจอแต่ไม่อยู่ท้าย,37,🟡 อาจเป็นการเอ่ยกลางทาง ⛔ ไม่ใช่ผลสรุป
pat1-2565-03-q31,pat1-2565-03,mc,2,$(x-32)^2 + (y-24)^2 = 24^2$,เจอแต่ไม่อยู่ท้าย,39,🟡 อาจเป็นการเอ่ยกลางทาง ⛔ ไม่ใช่ผลสรุป
pat1-2565-03-q32,pat1-2565-03,mc,1,13,เจอแต่ไม่อยู่ท้าย,32,🟡 อาจเป็นการเอ่ยกลางทาง ⛔ ไม่ใช่ผลสรุป
pat1-2565-03-q33,pat1-2565-03,mc,3,"$\dfrac{12!}{4!\,5!}$",เจอแต่ไม่อยู่ท้าย,24,🟡 อาจเป็นการเอ่ยกลางทาง ⛔ ไม่ใช่ผลสรุป
pat1-2565-03-q34,pat1-2565-03,mc,0,$1 - (0.66)^3$,เจอแต่ไม่อยู่ท้าย,31,🟡 อาจเป็นการเอ่ยกลางทาง ⛔ ไม่ใช่ผลสรุป
pat1-2565-03-q35,pat1-2565-03,mc,3,0.04,เจอแต่ไม่อยู่ท้าย,32,🟡 อาจเป็นการเอ่ยกลางทาง ⛔ ไม่ใช่ผลสรุป
pat1-2565-03-q36,pat1-2565-03,fill,'51',51,เจอแต่ไม่อยู่ท้าย,41,🟡 อาจเป็นการเอ่ยกลางทาง ⛔ ไม่ใช่ผลสรุป
pat1-2565-03-q38,pat1-2565-03,fill,'17',17,เจอแต่ไม่อยู่ท้าย,30,🟡 อาจเป็นการเอ่ยกลางทาง ⛔ ไม่ใช่ผลสรุป
pat1-2565-03-q39,pat1-2565-03,fill,'12',12,เจอแต่ไม่อยู่ท้าย,49,🟡 อาจเป็นการเอ่ยกลางทาง ⛔ ไม่ใช่ผลสรุป
pat1-2565-03-q40,pat1-2565-03,fill,'10',10,เจอแต่ไม่อยู่ท้าย,42,🟡 อาจเป็นการเอ่ยกลางทาง ⛔ ไม่ใช่ผลสรุป
pat1-2565-03-q41,pat1-2565-03,fill,'1728',1728,เจอแต่ไม่อยู่ท้าย,34,🟡 อาจเป็นการเอ่ยกลางทาง ⛔ ไม่ใช่ผลสรุป
pat1-2565-03-q42,pat1-2565-03,fill,'0.1',0.1,เจอแต่ไม่อยู่ท้าย,27,🟡 อาจเป็นการเอ่ยกลางทาง ⛔ ไม่ใช่ผลสรุป
pat1-2565-03-q43,pat1-2565-03,fill,'36',36,เจอแต่ไม่อยู่ท้าย,35,🟡 อาจเป็นการเอ่ยกลางทาง ⛔ ไม่ใช่ผลสรุป
pat1-2565-03-q45,pat1-2565-03,fill,'18',18,เจอแต่ไม่อยู่ท้าย,31,🟡 อาจเป็นการเอ่ยกลางทาง ⛔ ไม่ใช่ผลสรุป
samn-2555-01-q16,samn-2555-01,mc,2,$\dfrac{1}{5}\!\left(2\sqrt{3} - \sqrt{2}\right)$,ไม่เจอเลย,29,🔴 คำตอบไม่ปรากฏในเฉลยเลย
samn-2555-01-q21,samn-2555-01,mc,1,สัมประสิทธิ์ของพิสัยของคะแนน,ไม่เจอเลย,21,🔴 คำตอบไม่ปรากฏในเฉลยเลย
samn-2555-01-q28,samn-2555-01,mc,2,$f(x) = |x|(x + 1)$ มีอนุพันธ์ที่จุด $x = 0$,ไม่เจอเลย,20,🔴 คำตอบไม่ปรากฏในเฉลยเลย
samn-2556-01-q25,samn-2556-01,mc,2,มีผลบวกเท่ากับ $1$,ไม่เจอเลย,22,🔴 คำตอบไม่ปรากฏในเฉลยเลย
samn-2558-12-q19,samn-2558-12,mc,2,"$\left\{\dfrac{\pi}{4}, \dfrac{2\pi}{4}, \dfrac{3\pi}{4}, \dfrac{5\pi}{4}, \dfra",เจอแต่ไม่อยู่ท้าย,37,🟡 อาจเป็นการเอ่ยกลางทาง ⛔ ไม่ใช่ผลสรุป
samn-2558-12-q29,samn-2558-12,mc,1,$\dfrac{16}{100}$,เจอแต่ไม่อยู่ท้าย,25,🟡 อาจเป็นการเอ่ยกลางทาง ⛔ ไม่ใช่ผลสรุป
samn-2559-12-q12,samn-2559-12,mc,1,$14$,เจอแต่ไม่อยู่ท้าย,44,🟡 อาจเป็นการเอ่ยกลางทาง ⛔ ไม่ใช่ผลสรุป
samn-2559-12-q14,samn-2559-12,mc,1,$\dfrac{(x+1)^2}{12} - \dfrac{(y-1)^2}{24} = 1$,เจอแต่ไม่อยู่ท้าย,36,🟡 อาจเป็นการเอ่ยกลางทาง ⛔ ไม่ใช่ผลสรุป
samn-2559-12-q23,samn-2559-12,mc,2,$12$,เจอแต่ไม่อยู่ท้าย,21,🟡 อาจเป็นการเอ่ยกลางทาง ⛔ ไม่ใช่ผลสรุป
samn-2559-12-q30,samn-2559-12,mc,1,$\dfrac{19}{625}$,เจอแต่ไม่อยู่ท้าย,26,🟡 อาจเป็นการเอ่ยกลางทาง ⛔ ไม่ใช่ผลสรุป
samn-2561-03-q01,samn-2561-03,mc,4,$6$,เจอแต่ไม่อยู่ท้าย,31,🟡 อาจเป็นการเอ่ยกลางทาง ⛔ ไม่ใช่ผลสรุป
samn-2561-03-q02,samn-2561-03,mc,2,$1+i$,เจอแต่ไม่อยู่ท้าย,21,🟡 อาจเป็นการเอ่ยกลางทาง ⛔ ไม่ใช่ผลสรุป
samn-2561-03-q03,samn-2561-03,mc,2,$\vec{v} = -\vec{i} - \vec{j} - \vec{k}$,เจอแต่ไม่อยู่ท้าย,19,🟡 อาจเป็นการเอ่ยกลางทาง ⛔ ไม่ใช่ผลสรุป
samn-2561-03-q04,samn-2561-03,mc,4,$\dfrac{1}{3}$,เจอแต่ไม่อยู่ท้าย,30,🟡 อาจเป็นการเอ่ยกลางทาง ⛔ ไม่ใช่ผลสรุป
samn-2561-03-q05,samn-2561-03,mc,1,$\dfrac{1}{2}$,เจอแต่ไม่อยู่ท้าย,28,🟡 อาจเป็นการเอ่ยกลางทาง ⛔ ไม่ใช่ผลสรุป
samn-2561-03-q06,samn-2561-03,mc,4,$\dfrac{1}{2}$,เจอแต่ไม่อยู่ท้าย,29,🟡 อาจเป็นการเอ่ยกลางทาง ⛔ ไม่ใช่ผลสรุป
samn-2561-03-q07,samn-2561-03,mc,0,$\dfrac{2}{15}$,เจอแต่ไม่อยู่ท้าย,32,🟡 อาจเป็นการเอ่ยกลางทาง ⛔ ไม่ใช่ผลสรุป
samn-2561-03-q08,samn-2561-03,mc,3,$8$,เจอแต่ไม่อยู่ท้าย,24,🟡 อาจเป็นการเอ่ยกลางทาง ⛔ ไม่ใช่ผลสรุป
samn-2561-03-q09,samn-2561-03,mc,2,$3x + 2y = 9$,เจอแต่ไม่อยู่ท้าย,33,🟡 อาจเป็นการเอ่ยกลางทาง ⛔ ไม่ใช่ผลสรุป
samn-2561-03-q10,samn-2561-03,mc,1,$\dfrac{2}{3}$,เจอแต่ไม่อยู่ท้าย,18,🟡 อาจเป็นการเอ่ยกลางทาง ⛔ ไม่ใช่ผลสรุป
samn-2561-03-q11,samn-2561-03,mc,1,$9$,เจอแต่ไม่อยู่ท้าย,37,🟡 อาจเป็นการเอ่ยกลางทาง ⛔ ไม่ใช่ผลสรุป
samn-2561-03-q12,samn-2561-03,mc,2,$36$,เจอแต่ไม่อยู่ท้าย,22,🟡 อาจเป็นการเอ่ยกลางทาง ⛔ ไม่ใช่ผลสรุป
samn-2561-03-q13,samn-2561-03,mc,2,$-i$,เจอแต่ไม่อยู่ท้าย,32,🟡 อาจเป็นการเอ่ยกลางทาง ⛔ ไม่ใช่ผลสรุป
samn-2561-03-q14,samn-2561-03,mc,4,$4\sqrt{5}$ หน่วย,เจอแต่ไม่อยู่ท้าย,25,🟡 อาจเป็นการเอ่ยกลางทาง ⛔ ไม่ใช่ผลสรุป
samn-2561-03-q15,samn-2561-03,mc,0,$\dfrac{1}{3}$,เจอแต่ไม่อยู่ท้าย,28,🟡 อาจเป็นการเอ่ยกลางทาง ⛔ ไม่ใช่ผลสรุป
samn-2561-03-q16,samn-2561-03,mc,1,"$\{2, 3, 4\}$",เจอแต่ไม่อยู่ท้าย,32,🟡 อาจเป็นการเอ่ยกลางทาง ⛔ ไม่ใช่ผลสรุป
samn-2561-03-q17,samn-2561-03,mc,4,$4$,เจอแต่ไม่อยู่ท้าย,27,🟡 อาจเป็นการเอ่ยกลางทาง ⛔ ไม่ใช่ผลสรุป
samn-2561-03-q19,samn-2561-03,mc,0,$7$,เจอแต่ไม่อยู่ท้าย,39,🟡 อาจเป็นการเอ่ยกลางทาง ⛔ ไม่ใช่ผลสรุป
samn-2561-03-q20,samn-2561-03,mc,0,"$-5{,}400$",เจอแต่ไม่อยู่ท้าย,24,🟡 อาจเป็นการเอ่ยกลางทาง ⛔ ไม่ใช่ผลสรุป
samn-2561-03-q22,samn-2561-03,mc,4,$7$,เจอแต่ไม่อยู่ท้าย,35,🟡 อาจเป็นการเอ่ยกลางทาง ⛔ ไม่ใช่ผลสรุป
samn-2561-03-q23,samn-2561-03,mc,0,$72$ คะแนน,เจอแต่ไม่อยู่ท้าย,19,🟡 อาจเป็นการเอ่ยกลางทาง ⛔ ไม่ใช่ผลสรุป
samn-2561-03-q24,samn-2561-03,mc,3,$54.5$ คะแนน,เจอแต่ไม่อยู่ท้าย,21,🟡 อาจเป็นการเอ่ยกลางทาง ⛔ ไม่ใช่ผลสรุป
samn-2561-03-q25,samn-2561-03,mc,2,$\dfrac{1}{21}$,เจอแต่ไม่อยู่ท้าย,22,🟡 อาจเป็นการเอ่ยกลางทาง ⛔ ไม่ใช่ผลสรุป
samn-2561-03-q26,samn-2561-03,mc,3,$3$,เจอแต่ไม่อยู่ท้าย,22,🟡 อาจเป็นการเอ่ยกลางทาง ⛔ ไม่ใช่ผลสรุป
samn-2561-03-q28,samn-2561-03,mc,1,"$(-1, -1)$",เจอแต่ไม่อยู่ท้าย,40,🟡 อาจเป็นการเอ่ยกลางทาง ⛔ ไม่ใช่ผลสรุป
samn-2561-03-q29,samn-2561-03,mc,3,$\dfrac{1}{10}$,เจอแต่ไม่อยู่ท้าย,24,🟡 อาจเป็นการเอ่ยกลางทาง ⛔ ไม่ใช่ผลสรุป
samn-2561-03-q30,samn-2561-03,mc,3,$\dfrac{1}{\sqrt{2}}$,เจอแต่ไม่อยู่ท้าย,33,🟡 อาจเป็นการเอ่ยกลางทาง ⛔ ไม่ใช่ผลสรุป
samn-2562-03-q03,samn-2562-03,mc,0,$-\dfrac{\sqrt{3}}{2}$,เจอแต่ไม่อยู่ท้าย,30,🟡 อาจเป็นการเอ่ยกลางทาง ⛔ ไม่ใช่ผลสรุป
samn-2562-03-q14,samn-2562-03,mc,2,$\dfrac{4 + 3\sqrt{3}}{10}$,เจอแต่ไม่อยู่ท้าย,38,🟡 อาจเป็นการเอ่ยกลางทาง ⛔ ไม่ใช่ผลสรุป
samn-2562-03-q15,samn-2562-03,mc,1,$\dfrac{5}{2}$ หน่วย,ไม่เจอเลย,41,🔴 คำตอบไม่ปรากฏในเฉลยเลย
samn-2562-03-q24,samn-2562-03,mc,2,$35$ กิโลกรัม,เจอแต่ไม่อยู่ท้าย,36,🟡 อาจเป็นการเอ่ยกลางทาง ⛔ ไม่ใช่ผลสรุป
samn-2562-03-q26,samn-2562-03,mc,2,$4 + 4\sqrt{2}$,เจอแต่ไม่อยู่ท้าย,44,🟡 อาจเป็นการเอ่ยกลางทาง ⛔ ไม่ใช่ผลสรุป
samn-2562-03-q27,samn-2562-03,mc,4,$9$,เจอแต่ไม่อยู่ท้าย,34,🟡 อาจเป็นการเอ่ยกลางทาง ⛔ ไม่ใช่ผลสรุป
samn-2562-03-q28,samn-2562-03,mc,0,$3 + \sqrt{3}$,เจอแต่ไม่อยู่ท้าย,27,🟡 อาจเป็นการเอ่ยกลางทาง ⛔ ไม่ใช่ผลสรุป
samn-2562-03-q29,samn-2562-03,mc,0,$\sqrt{5}$,เจอแต่ไม่อยู่ท้าย,27,🟡 อาจเป็นการเอ่ยกลางทาง ⛔ ไม่ใช่ผลสรุป
samn-2562-03-q30,samn-2562-03,mc,3,$\dfrac{13}{15}$,เจอแต่ไม่อยู่ท้าย,33,🟡 อาจเป็นการเอ่ยกลางทาง ⛔ ไม่ใช่ผลสรุป
samn-2563-03-q06,samn-2563-03,mc,0,$-\dfrac{2}{25}$,เจอแต่ไม่อยู่ท้าย,17,🟡 อาจเป็นการเอ่ยกลางทาง ⛔ ไม่ใช่ผลสรุป
samn-2563-03-q09,samn-2563-03,mc,3,$158.00$ เซนติเมตร,เจอแต่ไม่อยู่ท้าย,20,🟡 อาจเป็นการเอ่ยกลางทาง ⛔ ไม่ใช่ผลสรุป
samn-2563-03-q10,samn-2563-03,mc,3,$72$,เจอแต่ไม่อยู่ท้าย,27,🟡 อาจเป็นการเอ่ยกลางทาง ⛔ ไม่ใช่ผลสรุป
samn-2563-03-q12,samn-2563-03,mc,2,$\dfrac{1}{2} + \dfrac{\sqrt{3}}{2}i$,เจอแต่ไม่อยู่ท้าย,30,🟡 อาจเป็นการเอ่ยกลางทาง ⛔ ไม่ใช่ผลสรุป
samn-2563-03-q15,samn-2563-03,mc,1,$\dfrac{(x-3)^2}{16} + \dfrac{y^2}{7} = 1$ และ $\dfrac{(x-3)^2}{4} - \dfrac{y^2},ไม่เจอเลย,37,🔴 คำตอบไม่ปรากฏในเฉลยเลย
samn-2563-03-q16,samn-2563-03,mc,3,$\dfrac{3}{2}$ หน่วย,เจอแต่ไม่อยู่ท้าย,25,🟡 อาจเป็นการเอ่ยกลางทาง ⛔ ไม่ใช่ผลสรุป
samn-2563-03-q17,samn-2563-03,mc,0,$-1$,เจอแต่ไม่อยู่ท้าย,33,🟡 อาจเป็นการเอ่ยกลางทาง ⛔ ไม่ใช่ผลสรุป
samn-2563-03-q18,samn-2563-03,mc,0,$\dfrac{\sqrt{5}}{25}$,เจอแต่ไม่อยู่ท้าย,26,🟡 อาจเป็นการเอ่ยกลางทาง ⛔ ไม่ใช่ผลสรุป
samn-2563-03-q19,samn-2563-03,mc,2,$\dfrac{1}{2}$,เจอแต่ไม่อยู่ท้าย,22,🟡 อาจเป็นการเอ่ยกลางทาง ⛔ ไม่ใช่ผลสรุป
samn-2563-03-q20,samn-2563-03,mc,4,"$99{,}270$",เจอแต่ไม่อยู่ท้าย,19,🟡 อาจเป็นการเอ่ยกลางทาง ⛔ ไม่ใช่ผลสรุป
samn-2563-03-q23,samn-2563-03,mc,2,$\dfrac{5}{18}$,เจอแต่ไม่อยู่ท้าย,20,🟡 อาจเป็นการเอ่ยกลางทาง ⛔ ไม่ใช่ผลสรุป
samn-2563-03-q24,samn-2563-03,mc,2,$77.45$,เจอแต่ไม่อยู่ท้าย,24,🟡 อาจเป็นการเอ่ยกลางทาง ⛔ ไม่ใช่ผลสรุป
samn-2563-03-q26,samn-2563-03,mc,4,$15$,เจอแต่ไม่อยู่ท้าย,29,🟡 อาจเป็นการเอ่ยกลางทาง ⛔ ไม่ใช่ผลสรุป
samn-2563-03-q28,samn-2563-03,mc,1,$\dfrac{1}{21}$,เจอแต่ไม่อยู่ท้าย,26,🟡 อาจเป็นการเอ่ยกลางทาง ⛔ ไม่ใช่ผลสรุป
samn-2563-03-q29,samn-2563-03,mc,0,$8$,เจอแต่ไม่อยู่ท้าย,33,🟡 อาจเป็นการเอ่ยกลางทาง ⛔ ไม่ใช่ผลสรุป
samn-2563-03-q30,samn-2563-03,mc,4,$12$,เจอแต่ไม่อยู่ท้าย,32,🟡 อาจเป็นการเอ่ยกลางทาง ⛔ ไม่ใช่ผลสรุป
samn-2564-04-q01,samn-2564-04,mc,3,พ.ศ. $2569$,เจอแต่ไม่อยู่ท้าย,45,🟡 อาจเป็นการเอ่ยกลางทาง ⛔ ไม่ใช่ผลสรุป
samn-2564-04-q02,samn-2564-04,mc,2,ข้อความ ก) และ ค) เท่านั้น,ไม่เจอเลย,33,🔴 คำตอบไม่ปรากฏในเฉลยเลย
samn-2564-04-q03,samn-2564-04,mc,2,$-2$,เจอแต่ไม่อยู่ท้าย,37,🟡 อาจเป็นการเอ่ยกลางทาง ⛔ ไม่ใช่ผลสรุป
samn-2564-04-q04,samn-2564-04,mc,1,$83.12$,เจอแต่ไม่อยู่ท้าย,31,🟡 อาจเป็นการเอ่ยกลางทาง ⛔ ไม่ใช่ผลสรุป
samn-2564-04-q05,samn-2564-04,mc,1,ข้อความ ข) ถูกต้องเพียงข้อเดียว,ไม่เจอเลย,31,🔴 คำตอบไม่ปรากฏในเฉลยเลย
samn-2564-04-q06,samn-2564-04,mc,4,"$(1, 5)$",เจอแต่ไม่อยู่ท้าย,45,🟡 อาจเป็นการเอ่ยกลางทาง ⛔ ไม่ใช่ผลสรุป
samn-2564-04-q07,samn-2564-04,mc,2,ก) และ ค) ถูกต้อง,ไม่เจอเลย,30,🔴 คำตอบไม่ปรากฏในเฉลยเลย
samn-2564-04-q08,samn-2564-04,mc,0,$14$,เจอแต่ไม่อยู่ท้าย,46,🟡 อาจเป็นการเอ่ยกลางทาง ⛔ ไม่ใช่ผลสรุป
samn-2564-04-q09,samn-2564-04,mc,2,$-17$,เจอแต่ไม่อยู่ท้าย,45,🟡 อาจเป็นการเอ่ยกลางทาง ⛔ ไม่ใช่ผลสรุป
samn-2564-04-q10,samn-2564-04,mc,1,$4$,เจอแต่ไม่อยู่ท้าย,43,🟡 อาจเป็นการเอ่ยกลางทาง ⛔ ไม่ใช่ผลสรุป
samn-2564-04-q11,samn-2564-04,mc,4,"$-4 - 4\sqrt{3}\,i$",เจอแต่ไม่อยู่ท้าย,42,🟡 อาจเป็นการเอ่ยกลางทาง ⛔ ไม่ใช่ผลสรุป
samn-2564-04-q12,samn-2564-04,mc,0,$-2$,เจอแต่ไม่อยู่ท้าย,31,🟡 อาจเป็นการเอ่ยกลางทาง ⛔ ไม่ใช่ผลสรุป
samn-2564-04-q13,samn-2564-04,mc,1,$-\dfrac{1}{2}$,เจอแต่ไม่อยู่ท้าย,44,🟡 อาจเป็นการเอ่ยกลางทาง ⛔ ไม่ใช่ผลสรุป
samn-2564-04-q14,samn-2564-04,mc,4,$(y - 1)^2 = -20(x + 4)$,เจอแต่ไม่อยู่ท้าย,37,🟡 อาจเป็นการเอ่ยกลางทาง ⛔ ไม่ใช่ผลสรุป
samn-2564-04-q15,samn-2564-04,mc,3,$2\sqrt{3}$,เจอแต่ไม่อยู่ท้าย,42,🟡 อาจเป็นการเอ่ยกลางทาง ⛔ ไม่ใช่ผลสรุป
samn-2564-04-q16,samn-2564-04,mc,0,ข้อความ ข) ถูกต้องเพียงข้อเดียว,ไม่เจอเลย,44,🔴 คำตอบไม่ปรากฏในเฉลยเลย
samn-2564-04-q17,samn-2564-04,mc,0,ก) ถูกต้องเพียงข้อเดียว,ไม่เจอเลย,31,🔴 คำตอบไม่ปรากฏในเฉลยเลย
samn-2564-04-q18,samn-2564-04,mc,3,$\dfrac{10}{11}$,เจอแต่ไม่อยู่ท้าย,34,🟡 อาจเป็นการเอ่ยกลางทาง ⛔ ไม่ใช่ผลสรุป
samn-2564-04-q19,samn-2564-04,mc,4,$\dfrac{4}{149}$,เจอแต่ไม่อยู่ท้าย,31,🟡 อาจเป็นการเอ่ยกลางทาง ⛔ ไม่ใช่ผลสรุป
samn-2564-04-q20,samn-2564-04,mc,2,$\dfrac{7!}{2!}$,เจอแต่ไม่อยู่ท้าย,28,🟡 อาจเป็นการเอ่ยกลางทาง ⛔ ไม่ใช่ผลสรุป
samn-2564-04-q21,samn-2564-04,mc,1,โดยเฉลี่ยแล้ว ได้กำไรครั้งละ $40$ บาท,ไม่เจอเลย,33,🔴 คำตอบไม่ปรากฏในเฉลยเลย
samn-2564-04-q22,samn-2564-04,mc,3,$5$,เจอแต่ไม่อยู่ท้าย,53,🟡 อาจเป็นการเอ่ยกลางทาง ⛔ ไม่ใช่ผลสรุป
samn-2564-04-q23,samn-2564-04,mc,0,$-\sqrt{3}$,เจอแต่ไม่อยู่ท้าย,40,🟡 อาจเป็นการเอ่ยกลางทาง ⛔ ไม่ใช่ผลสรุป
samn-2564-04-q24,samn-2564-04,mc,3,$\dfrac{4}{3}$,เจอแต่ไม่อยู่ท้าย,30,🟡 อาจเป็นการเอ่ยกลางทาง ⛔ ไม่ใช่ผลสรุป
samn-2564-04-q25,samn-2564-04,mc,4,$-4$,เจอแต่ไม่อยู่ท้าย,46,🟡 อาจเป็นการเอ่ยกลางทาง ⛔ ไม่ใช่ผลสรุป
samn-2564-04-q26,samn-2564-04,fill,'81',81,เจอแต่ไม่อยู่ท้าย,47,🟡 อาจเป็นการเอ่ยกลางทาง ⛔ ไม่ใช่ผลสรุป
samn-2564-04-q27,samn-2564-04,fill,'43',43,เจอแต่ไม่อยู่ท้าย,34,🟡 อาจเป็นการเอ่ยกลางทาง ⛔ ไม่ใช่ผลสรุป
samn-2564-04-q28,samn-2564-04,fill,'15',15,เจอแต่ไม่อยู่ท้าย,32,🟡 อาจเป็นการเอ่ยกลางทาง ⛔ ไม่ใช่ผลสรุป
samn-2564-04-q29,samn-2564-04,fill,'98',98,เจอแต่ไม่อยู่ท้าย,33,🟡 อาจเป็นการเอ่ยกลางทาง ⛔ ไม่ใช่ผลสรุป
samn-2564-04-q30,samn-2564-04,fill,'243',243,เจอแต่ไม่อยู่ท้าย,33,🟡 อาจเป็นการเอ่ยกลางทาง ⛔ ไม่ใช่ผลสรุป
samn-2565-03-q02,samn-2565-03,mc,1,ข้อความ (ก) และ (ข) ถูกต้องเท่านั้น,ไม่เจอเลย,25,🔴 คำตอบไม่ปรากฏในเฉลยเลย
samn-2565-03-q04,samn-2565-03,mc,0,$240$,เจอแต่ไม่อยู่ท้าย,31,🟡 อาจเป็นการเอ่ยกลางทาง ⛔ ไม่ใช่ผลสรุป
samn-2565-03-q05,samn-2565-03,mc,1,$-15$,เจอแต่ไม่อยู่ท้าย,29,🟡 อาจเป็นการเอ่ยกลางทาง ⛔ ไม่ใช่ผลสรุป
samn-2565-03-q06,samn-2565-03,mc,0,"$[-3, -1) \cup (4, 97]$",เจอแต่ไม่อยู่ท้าย,35,🟡 อาจเป็นการเอ่ยกลางทาง ⛔ ไม่ใช่ผลสรุป
samn-2565-03-q07,samn-2565-03,mc,1,$5$,เจอแต่ไม่อยู่ท้าย,29,🟡 อาจเป็นการเอ่ยกลางทาง ⛔ ไม่ใช่ผลสรุป
samn-2565-03-q08,samn-2565-03,mc,2,$1 + \sqrt{3}$,เจอแต่ไม่อยู่ท้าย,35,🟡 อาจเป็นการเอ่ยกลางทาง ⛔ ไม่ใช่ผลสรุป
samn-2565-03-q09,samn-2565-03,mc,4,ข้อความ (ก) (ข) และ (ค) ถูกต้อง,ไม่เจอเลย,25,🔴 คำตอบไม่ปรากฏในเฉลยเลย
samn-2565-03-q11,samn-2565-03,mc,0,ข้อความ (ก) ถูกต้องเพียงข้อเดียวเท่านั้น,ไม่เจอเลย,28,🔴 คำตอบไม่ปรากฏในเฉลยเลย
samn-2565-03-q13,samn-2565-03,mc,1,ข้อความ (ก) และ (ข) ถูกต้องเท่านั้น,ไม่เจอเลย,30,🔴 คำตอบไม่ปรากฏในเฉลยเลย
samn-2565-03-q16,samn-2565-03,mc,3,$124$,เจอแต่ไม่อยู่ท้าย,37,🟡 อาจเป็นการเอ่ยกลางทาง ⛔ ไม่ใช่ผลสรุป
samn-2565-03-q17,samn-2565-03,mc,3,$\sqrt{201}$,เจอแต่ไม่อยู่ท้าย,22,🟡 อาจเป็นการเอ่ยกลางทาง ⛔ ไม่ใช่ผลสรุป
samn-2565-03-q18,samn-2565-03,mc,1,ข้อความ (ข) ถูกต้องเพียงข้อเดียวเท่านั้น,ไม่เจอเลย,26,🔴 คำตอบไม่ปรากฏในเฉลยเลย
samn-2565-03-q19,samn-2565-03,mc,3,$36 \left(\dfrac{1}{12}\right)^2 \left(\dfrac{11}{12}\right)^7$,เจอแต่ไม่อยู่ท้าย,20,🟡 อาจเป็นการเอ่ยกลางทาง ⛔ ไม่ใช่ผลสรุป
samn-2565-03-q20,samn-2565-03,mc,2,$0.1553$,เจอแต่ไม่อยู่ท้าย,23,🟡 อาจเป็นการเอ่ยกลางทาง ⛔ ไม่ใช่ผลสรุป
samn-2565-03-q21,samn-2565-03,mc,2,$60$,เจอแต่ไม่อยู่ท้าย,15,🟡 อาจเป็นการเอ่ยกลางทาง ⛔ ไม่ใช่ผลสรุป
samn-2565-03-q22,samn-2565-03,mc,3,"$4(3!)^2(4!)^2\,5!\,8!$",เจอแต่ไม่อยู่ท้าย,31,🟡 อาจเป็นการเอ่ยกลางทาง ⛔ ไม่ใช่ผลสรุป
samn-2565-03-q23,samn-2565-03,mc,2,$\dfrac{104}{153}$,เจอแต่ไม่อยู่ท้าย,29,🟡 อาจเป็นการเอ่ยกลางทาง ⛔ ไม่ใช่ผลสรุป
samn-2565-03-q24,samn-2565-03,mc,3,$4x^3 + 2x$,เจอแต่ไม่อยู่ท้าย,27,🟡 อาจเป็นการเอ่ยกลางทาง ⛔ ไม่ใช่ผลสรุป
samn-2565-03-q25,samn-2565-03,mc,1,ข้อความ (ข) ถูกต้องเพียงข้อเดียวเท่านั้น,ไม่เจอเลย,26,🔴 คำตอบไม่ปรากฏในเฉลยเลย
samn-2565-03-q26,samn-2565-03,fill,'16',16,เจอแต่ไม่อยู่ท้าย,24,🟡 อาจเป็นการเอ่ยกลางทาง ⛔ ไม่ใช่ผลสรุป
samn-2565-03-q28,samn-2565-03,fill,'6',6,เจอแต่ไม่อยู่ท้าย,33,🟡 อาจเป็นการเอ่ยกลางทาง ⛔ ไม่ใช่ผลสรุป
samn-2565-03-q29,samn-2565-03,fill,'16',16,เจอแต่ไม่อยู่ท้าย,30,🟡 อาจเป็นการเอ่ยกลางทาง ⛔ ไม่ใช่ผลสรุป
samn-2565-03-q30,samn-2565-03,fill,'150',150,เจอแต่ไม่อยู่ท้าย,24,🟡 อาจเป็นการเอ่ยกลางทาง ⛔ ไม่ใช่ผลสรุป
chap-01-set-q01,chap-01-set,mc,2,"$A - B = \{\{1, 2, 3\}, 3\}$",เจอแต่ไม่อยู่ท้าย,39,🟡 อาจเป็นการเอ่ยกลางทาง ⛔ ไม่ใช่ผลสรุป
chap-01-set-q02,chap-01-set,fill,'7',7,เจอแต่ไม่อยู่ท้าย,34,🟡 อาจเป็นการเอ่ยกลางทาง ⛔ ไม่ใช่ผลสรุป
chap-01-set-q03,chap-01-set,mc,0,"$(A - \{b, c\}) \cup \{b\} = \{a, b, \{a\}, \{b\}, \{b, c\}\}$",ไม่เจอเลย,39,🔴 คำตอบไม่ปรากฏในเฉลยเลย
chap-01-set-q04,chap-01-set,mc,2,เป็นเซตที่มีสมาชิกตัวเดียว,เจอแต่ไม่อยู่ท้าย,36,🟡 อาจเป็นการเอ่ยกลางทาง ⛔ ไม่ใช่ผลสรุป
chap-01-set-q05,chap-01-set,mc,1,$(A - B) \cap (C - D)$,เจอแต่ไม่อยู่ท้าย,48,🟡 อาจเป็นการเอ่ยกลางทาง ⛔ ไม่ใช่ผลสรุป
chap-01-set-q06,chap-01-set,mc,1,ถ้า $a \notin B$ แล้ว $a \notin A$,เจอแต่ไม่อยู่ท้าย,43,🟡 อาจเป็นการเอ่ยกลางทาง ⛔ ไม่ใช่ผลสรุป
chap-01-set-q07,chap-01-set,mc,1,มีสมาชิก $x$ ซึ่ง $x \in A$ แต่ $x \notin B$ และ $x \notin C$,เจอแต่ไม่อยู่ท้าย,44,🟡 อาจเป็นการเอ่ยกลางทาง ⛔ ไม่ใช่ผลสรุป
chap-01-set-q08,chap-01-set,mc,2,$(D - B) \cap (D - C) \subset M$,เจอแต่ไม่อยู่ท้าย,41,🟡 อาจเป็นการเอ่ยกลางทาง ⛔ ไม่ใช่ผลสรุป
chap-01-set-q09,chap-01-set,mc,4,ข้อ ข. และข้อ ค. เท่านั้นที่ถูก,ไม่เจอเลย,47,🔴 คำตอบไม่ปรากฏในเฉลยเลย
chap-01-set-q10,chap-01-set,mc,1,"ถ้า $A \neq \varnothing$, $B \neq \varnothing$ และ $A \cap B = \varnothing$ แล้ว",ไม่เจอเลย,41,🔴 คำตอบไม่ปรากฏในเฉลยเลย
chap-01-set-q11,chap-01-set,mc,2,$(A \times (B \cap C)) \cap ((A \cup B) \times C) = A \times C$,ไม่เจอเลย,59,🔴 คำตอบไม่ปรากฏในเฉลยเลย
chap-01-set-q12,chap-01-set,mc,4,ไม่มีคำตอบที่ถูกต้องในข้อ 1. ถึงข้อ 4.,ไม่เจอเลย,35,🔴 คำตอบไม่ปรากฏในเฉลยเลย
chap-01-set-q13,chap-01-set,mc,1,ถ้า $A \cup B = B$ แล้ว $B' \subset A'$,เจอแต่ไม่อยู่ท้าย,49,🟡 อาจเป็นการเอ่ยกลางทาง ⛔ ไม่ใช่ผลสรุป
chap-01-set-q14,chap-01-set,mc,2,$16$,เจอแต่ไม่อยู่ท้าย,27,🟡 อาจเป็นการเอ่ยกลางทาง ⛔ ไม่ใช่ผลสรุป
chap-01-set-q15,chap-01-set,mc,0,$48$,เจอแต่ไม่อยู่ท้าย,37,🟡 อาจเป็นการเอ่ยกลางทาง ⛔ ไม่ใช่ผลสรุป
chap-01-set-q16,chap-01-set,mc,1,$31 \times 2^{11}$,เจอแต่ไม่อยู่ท้าย,45,🟡 อาจเป็นการเอ่ยกลางทาง ⛔ ไม่ใช่ผลสรุป
chap-01-set-q17,chap-01-set,fill,'128',128,เจอแต่ไม่อยู่ท้าย,32,🟡 อาจเป็นการเอ่ยกลางทาง ⛔ ไม่ใช่ผลสรุป
chap-01-set-q18,chap-01-set,fill,'384',384,เจอแต่ไม่อยู่ท้าย,37,🟡 อาจเป็นการเอ่ยกลางทาง ⛔ ไม่ใช่ผลสรุป
chap-01-set-q19,chap-01-set,fill,'56',56,เจอแต่ไม่อยู่ท้าย,38,🟡 อาจเป็นการเอ่ยกลางทาง ⛔ ไม่ใช่ผลสรุป
chap-01-set-q20,chap-01-set,mc,4,ไม่มีคำตอบที่ถูกต้องในข้อ 1. ถึงข้อ 4.,ไม่เจอเลย,37,🔴 คำตอบไม่ปรากฏในเฉลยเลย
chap-01-set-q21,chap-01-set,mc,2,จำนวนสมาชิกของ $P(A \cap B) = 2$,เจอแต่ไม่อยู่ท้าย,42,🟡 อาจเป็นการเอ่ยกลางทาง ⛔ ไม่ใช่ผลสรุป
chap-01-set-q22,chap-01-set,mc,3,ถ้าเพาเวอร์เซตของเซต $A$ และ $B$ มีจำนวนสมาชิกเท่ากัน แล้ว $A$ และ $B$ เทียบเท่า,ไม่เจอเลย,32,🔴 คำตอบไม่ปรากฏในเฉลยเลย
chap-01-set-q23,chap-01-set,mc,2,$P(\varnothing) \neq \{P(\varnothing)\}$ และ $P(\varnothing) \cap \{P(\varnothin,เจอแต่ไม่อยู่ท้าย,35,🟡 อาจเป็นการเอ่ยกลางทาง ⛔ ไม่ใช่ผลสรุป
chap-01-set-q24,chap-01-set,mc,4,$(A - B)' = A' \cup (A \cap B)$,เจอแต่ไม่อยู่ท้าย,50,🟡 อาจเป็นการเอ่ยกลางทาง ⛔ ไม่ใช่ผลสรุป
chap-01-set-q25,chap-01-set,mc,1,$[(A \cap B) \cup (B \cap C)]' \subset B' \cup (A' \cap C')$,เจอแต่ไม่อยู่ท้าย,36,🟡 อาจเป็นการเอ่ยกลางทาง ⛔ ไม่ใช่ผลสรุป
chap-01-set-q26,chap-01-set,mc,2,"กำหนดให้ $A = \{2, 4, 8\}$ จะได้ $\{\{2, 4\}\} \subset P(A) - \{A\}$",ไม่เจอเลย,40,🔴 คำตอบไม่ปรากฏในเฉลยเลย
chap-01-set-q27,chap-01-set,mc,2,$\varnothing \cup \{\varnothing\} = \varnothing \cap \{\varnothing\}$,เจอแต่ไม่อยู่ท้าย,35,🟡 อาจเป็นการเอ่ยกลางทาง ⛔ ไม่ใช่ผลสรุป
chap-01-set-q28,chap-01-set,fill,'29',29,เจอแต่ไม่อยู่ท้าย,33,🟡 อาจเป็นการเอ่ยกลางทาง ⛔ ไม่ใช่ผลสรุป
chap-01-set-q29,chap-01-set,fill,'13',13,เจอแต่ไม่อยู่ท้าย,33,🟡 อาจเป็นการเอ่ยกลางทาง ⛔ ไม่ใช่ผลสรุป
chap-01-set-q30,chap-01-set,fill,'64',64,เจอแต่ไม่อยู่ท้าย,36,🟡 อาจเป็นการเอ่ยกลางทาง ⛔ ไม่ใช่ผลสรุป
chap-01-set-q31,chap-01-set,mc,3,"32, 6",ไม่เจอเลย,27,🔴 คำตอบไม่ปรากฏในเฉลยเลย
chap-01-set-q32,chap-01-set,mc,2,$48$,เจอแต่ไม่อยู่ท้าย,37,🟡 อาจเป็นการเอ่ยกลางทาง ⛔ ไม่ใช่ผลสรุป
chap-01-set-q33,chap-01-set,mc,0,$(A \cap C) \cup (B \cap C) = C$,เจอแต่ไม่อยู่ท้าย,27,🟡 อาจเป็นการเอ่ยกลางทาง ⛔ ไม่ใช่ผลสรุป
chap-01-set-q36,chap-01-set,mc,1,ถูกเฉพาะข้อ ข. และ ค.,เจอแต่ไม่อยู่ท้าย,37,🟡 อาจเป็นการเอ่ยกลางทาง ⛔ ไม่ใช่ผลสรุป
chap-01-set-q37,chap-01-set,mc,3,$[A \cup (A \cap B \cap C)] - (A \cap B) = A - B$,เจอแต่ไม่อยู่ท้าย,37,🟡 อาจเป็นการเอ่ยกลางทาง ⛔ ไม่ใช่ผลสรุป
chap-01-set-q38,chap-01-set,mc,3,$n(A \cap B \cap C) = 1$,เจอแต่ไม่อยู่ท้าย,52,🟡 อาจเป็นการเอ่ยกลางทาง ⛔ ไม่ใช่ผลสรุป
chap-01-set-q39,chap-01-set,mc,0,$18 \leq x < 21$,ไม่เจอเลย,33,🔴 คำตอบไม่ปรากฏในเฉลยเลย
chap-01-set-q41,chap-01-set,fill,'11',11,เจอแต่ไม่อยู่ท้าย,47,🟡 อาจเป็นการเอ่ยกลางทาง ⛔ ไม่ใช่ผลสรุป
chap-01-set-q42,chap-01-set,mc,1,9 วัน,เจอแต่ไม่อยู่ท้าย,46,🟡 อาจเป็นการเอ่ยกลางทาง ⛔ ไม่ใช่ผลสรุป
chap-01-set-q44,chap-01-set,fill,'415',415,เจอแต่ไม่อยู่ท้าย,42,🟡 อาจเป็นการเอ่ยกลางทาง ⛔ ไม่ใช่ผลสรุป
chap-01-set-q45,chap-01-set,mc,1,$12$,เจอแต่ไม่อยู่ท้าย,40,🟡 อาจเป็นการเอ่ยกลางทาง ⛔ ไม่ใช่ผลสรุป
chap-01-set-q46,chap-01-set,mc,0,25 คน,เจอแต่ไม่อยู่ท้าย,31,🟡 อาจเป็นการเอ่ยกลางทาง ⛔ ไม่ใช่ผลสรุป
chap-01-set-q47,chap-01-set,fill,'13',13,เจอแต่ไม่อยู่ท้าย,38,🟡 อาจเป็นการเอ่ยกลางทาง ⛔ ไม่ใช่ผลสรุป
chap-01-set-q48,chap-01-set,mc,2,ผู้ที่ลงคะแนนนิยมให้เฉพาะนาย ก เท่านั้น มีจำนวน 10 คน,ไม่เจอเลย,42,🔴 คำตอบไม่ปรากฏในเฉลยเลย
chap-01-set-q49,chap-01-set,mc,3,ความน่าจะเป็นที่จะได้ผู้ที่ดูละครเรื่องที่ 3 เท่ากับ 0.45,ไม่เจอเลย,41,🔴 คำตอบไม่ปรากฏในเฉลยเลย
chap-01-set-q50,chap-01-set,mc,3,$18$,เจอแต่ไม่อยู่ท้าย,29,🟡 อาจเป็นการเอ่ยกลางทาง ⛔ ไม่ใช่ผลสรุป
chap-01-set-q51,chap-01-set,mc,1,$94$,เจอแต่ไม่อยู่ท้าย,39,🟡 อาจเป็นการเอ่ยกลางทาง ⛔ ไม่ใช่ผลสรุป
chap-01-set-q52,chap-01-set,mc,1,$7$,เจอแต่ไม่อยู่ท้าย,37,🟡 อาจเป็นการเอ่ยกลางทาง ⛔ ไม่ใช่ผลสรุป
chap-01-set-q53,chap-01-set,mc,0,ก. ถูก และ ข. ถูก,เจอแต่ไม่อยู่ท้าย,41,🟡 อาจเป็นการเอ่ยกลางทาง ⛔ ไม่ใช่ผลสรุป
chap-01-set-q54,chap-01-set,mc,2,$18$,เจอแต่ไม่อยู่ท้าย,34,🟡 อาจเป็นการเอ่ยกลางทาง ⛔ ไม่ใช่ผลสรุป
chap-01-set-q55,chap-01-set,mc,1,10 แห่ง,เจอแต่ไม่อยู่ท้าย,37,🟡 อาจเป็นการเอ่ยกลางทาง ⛔ ไม่ใช่ผลสรุป
chap-01-set-q56,chap-01-set,mc,2,$\varnothing \subset A$,เจอแต่ไม่อยู่ท้าย,30,🟡 อาจเป็นการเอ่ยกลางทาง ⛔ ไม่ใช่ผลสรุป
chap-01-set-q58,chap-01-set,mc,2,$\{x \in \mathbb{Q} \mid x^2 = 29\} \subset \varnothing$,เจอแต่ไม่อยู่ท้าย,32,🟡 อาจเป็นการเอ่ยกลางทาง ⛔ ไม่ใช่ผลสรุป
chap-01-set-q59,chap-01-set,mc,2,"$\{2, 8, 9\}$",เจอแต่ไม่อยู่ท้าย,39,🟡 อาจเป็นการเอ่ยกลางทาง ⛔ ไม่ใช่ผลสรุป
chap-01-set-q60,chap-01-set,fill,'{8}',{8},เจอแต่ไม่อยู่ท้าย,41,🟡 อาจเป็นการเอ่ยกลางทาง ⛔ ไม่ใช่ผลสรุป
chap-01-set-q61,chap-01-set,fill,"'$\\{\\varnothing,\\ \\{\\varnothing\\},\\ \\{\\{\\varnothing\\}\\},\\ \\{\\varnothing,\\ \\{\\varnothing\\}\\}\\}$'","$\{\varnothing,\ \{\varnothing\},\ \{\{\varnothing\}\},\ \{\varnothing,\ \{\varn",ไม่เจอเลย,34,🔴 คำตอบไม่ปรากฏในเฉลยเลย
chap-01-set-q62,chap-01-set,fill,'15',15,เจอแต่ไม่อยู่ท้าย,26,🟡 อาจเป็นการเอ่ยกลางทาง ⛔ ไม่ใช่ผลสรุป
chap-01-set-q63,chap-01-set,mc,0,$8$,เจอแต่ไม่อยู่ท้าย,31,🟡 อาจเป็นการเอ่ยกลางทาง ⛔ ไม่ใช่ผลสรุป
chap-01-set-q64,chap-01-set,mc,0,$2^9$,เจอแต่ไม่อยู่ท้าย,28,🟡 อาจเป็นการเอ่ยกลางทาง ⛔ ไม่ใช่ผลสรุป
chap-01-set-q66,chap-01-set,mc,1,ข้อ ก. เท่านั้นเป็นจริง,เจอแต่ไม่อยู่ท้าย,33,🟡 อาจเป็นการเอ่ยกลางทาง ⛔ ไม่ใช่ผลสรุป
chap-01-set-q67,chap-01-set,mc,1,ข้อ ก. เท่านั้นเป็นจริง,เจอแต่ไม่อยู่ท้าย,30,🟡 อาจเป็นการเอ่ยกลางทาง ⛔ ไม่ใช่ผลสรุป
chap-01-set-q68,chap-01-set,fill,'7',7,เจอแต่ไม่อยู่ท้าย,29,🟡 อาจเป็นการเอ่ยกลางทาง ⛔ ไม่ใช่ผลสรุป
chap-01-set-q69,chap-01-set,mc,1,$67$,เจอแต่ไม่อยู่ท้าย,32,🟡 อาจเป็นการเอ่ยกลางทาง ⛔ ไม่ใช่ผลสรุป
chap-01-set-q70,chap-01-set,fill,"'504, 112'","504, 112",เจอแต่ไม่อยู่ท้าย,41,🟡 อาจเป็นการเอ่ยกลางทาง ⛔ ไม่ใช่ผลสรุป
chap-01-set-q71,chap-01-set,fill,'เซตว่าง',เซตว่าง,เจอแต่ไม่อยู่ท้าย,53,🟡 อาจเป็นการเอ่ยกลางทาง ⛔ ไม่ใช่ผลสรุป
chap-01-set-q72,chap-01-set,mc,3,$(A' \cup B' \cup C')' = A \cup B \cup C$,ไม่เจอเลย,42,🔴 คำตอบไม่ปรากฏในเฉลยเลย
chap-01-set-q73,chap-01-set,mc,2,ข้อ ก. และข้อ ข. ถูกต้องทั้ง 2 ข้อ,เจอแต่ไม่อยู่ท้าย,38,🟡 อาจเป็นการเอ่ยกลางทาง ⛔ ไม่ใช่ผลสรุป
chap-01-set-q74,chap-01-set,mc,1,แผนภาพที่ 2,ไม่เจอเลย,31,🔴 คำตอบไม่ปรากฏในเฉลยเลย
chap-01-set-q75,chap-01-set,mc,0,ข้อ ก. และ ข. เป็นจริง,เจอแต่ไม่อยู่ท้าย,38,🟡 อาจเป็นการเอ่ยกลางทาง ⛔ ไม่ใช่ผลสรุป
chap-01-set-q76,chap-01-set,fill,'90',90,เจอแต่ไม่อยู่ท้าย,30,🟡 อาจเป็นการเอ่ยกลางทาง ⛔ ไม่ใช่ผลสรุป
chap-01-set-q77,chap-01-set,mc,0,10 คน,เจอแต่ไม่อยู่ท้าย,34,🟡 อาจเป็นการเอ่ยกลางทาง ⛔ ไม่ใช่ผลสรุป
chap-01-set-q78,chap-01-set,fill,'11',11,เจอแต่ไม่อยู่ท้าย,36,🟡 อาจเป็นการเอ่ยกลางทาง ⛔ ไม่ใช่ผลสรุป
chap-01-set-q79,chap-01-set,fill,'18',18,เจอแต่ไม่อยู่ท้าย,35,🟡 อาจเป็นการเอ่ยกลางทาง ⛔ ไม่ใช่ผลสรุป
chap-01-set-q80,chap-01-set,fill,"'10, 70, 180, 230, 110'","10, 70, 180, 230, 110",เจอแต่ไม่อยู่ท้าย,47,🟡 อาจเป็นการเอ่ยกลางทาง ⛔ ไม่ใช่ผลสรุป
chap-01-set-q81,chap-01-set,fill,'2',2,เจอแต่ไม่อยู่ท้าย,37,🟡 อาจเป็นการเอ่ยกลางทาง ⛔ ไม่ใช่ผลสรุป
chap-01-set-q82,chap-01-set,fill,'1620',1620,เจอแต่ไม่อยู่ท้าย,40,🟡 อาจเป็นการเอ่ยกลางทาง ⛔ ไม่ใช่ผลสรุป
chap-02-logic-q01,chap-02-logic,mc,3,"$a = -1, \; b = -1, \; c = -2$",ไม่เจอเลย,41,🔴 คำตอบไม่ปรากฏในเฉลยเลย
chap-02-logic-q02,chap-02-logic,mc,2,"$A = \emptyset, \; B = \{\emptyset\}, \; C = \{\{\emptyset\}\}$",ไม่เจอเลย,34,🔴 คำตอบไม่ปรากฏในเฉลยเลย
chap-02-logic-q03,chap-02-logic,mc,2,$\sim p \wedge \sim q$,เจอแต่ไม่อยู่ท้าย,31,🟡 อาจเป็นการเอ่ยกลางทาง ⛔ ไม่ใช่ผลสรุป
chap-02-logic-q04,chap-02-logic,mc,3,$p \vee \sim q$,เจอแต่ไม่อยู่ท้าย,34,🟡 อาจเป็นการเอ่ยกลางทาง ⛔ ไม่ใช่ผลสรุป
chap-02-logic-q05,chap-02-logic,mc,2,$(\sim p \vee r) \to (q \wedge \sim r)$,เจอแต่ไม่อยู่ท้าย,25,🟡 อาจเป็นการเอ่ยกลางทาง ⛔ ไม่ใช่ผลสรุป
chap-02-logic-q06,chap-02-logic,mc,1,$p \to \sim r$,เจอแต่ไม่อยู่ท้าย,26,🟡 อาจเป็นการเอ่ยกลางทาง ⛔ ไม่ใช่ผลสรุป
chap-02-logic-q07,chap-02-logic,mc,2,$(p \wedge s) \vee (r \wedge t)$,เจอแต่ไม่อยู่ท้าย,27,🟡 อาจเป็นการเอ่ยกลางทาง ⛔ ไม่ใช่ผลสรุป
chap-02-logic-q08,chap-02-logic,mc,3,ก. ผิด และ ข. ผิด,เจอแต่ไม่อยู่ท้าย,28,🟡 อาจเป็นการเอ่ยกลางทาง ⛔ ไม่ใช่ผลสรุป
chap-02-logic-q09,chap-02-logic,mc,3,$(\sim p \to r) \vee (q \to \sim p) \wedge q$,เจอแต่ไม่อยู่ท้าย,24,🟡 อาจเป็นการเอ่ยกลางทาง ⛔ ไม่ใช่ผลสรุป
chap-02-logic-q10,chap-02-logic,mc,2,$r \to s$,เจอแต่ไม่อยู่ท้าย,31,🟡 อาจเป็นการเอ่ยกลางทาง ⛔ ไม่ใช่ผลสรุป
chap-02-logic-q11,chap-02-logic,mc,3,$[\sim (x \wedge y)] \to z$,เจอแต่ไม่อยู่ท้าย,28,🟡 อาจเป็นการเอ่ยกลางทาง ⛔ ไม่ใช่ผลสรุป
chap-02-logic-q12,chap-02-logic,mc,0,$q$,เจอแต่ไม่อยู่ท้าย,31,🟡 อาจเป็นการเอ่ยกลางทาง ⛔ ไม่ใช่ผลสรุป
chap-02-logic-q13,chap-02-logic,mc,0,$p \to q$ มีค่าความจริงเป็นจริง,เจอแต่ไม่อยู่ท้าย,30,🟡 อาจเป็นการเอ่ยกลางทาง ⛔ ไม่ใช่ผลสรุป
chap-02-logic-q14,chap-02-logic,mc,3,$p \wedge q \wedge \sim r$,เจอแต่ไม่อยู่ท้าย,28,🟡 อาจเป็นการเอ่ยกลางทาง ⛔ ไม่ใช่ผลสรุป
chap-02-logic-q15,chap-02-logic,mc,1,ก. จริง และ ข. เท็จ,เจอแต่ไม่อยู่ท้าย,29,🟡 อาจเป็นการเอ่ยกลางทาง ⛔ ไม่ใช่ผลสรุป
chap-02-logic-q16,chap-02-logic,mc,0,ทั้ง ก. และ ข. ถูก,เจอแต่ไม่อยู่ท้าย,27,🟡 อาจเป็นการเอ่ยกลางทาง ⛔ ไม่ใช่ผลสรุป
chap-02-logic-q17,chap-02-logic,mc,0,$(\sim p \vee q) \to r$,เจอแต่ไม่อยู่ท้าย,28,🟡 อาจเป็นการเอ่ยกลางทาง ⛔ ไม่ใช่ผลสรุป
chap-02-logic-q18,chap-02-logic,mc,0,ก. จริง ข. จริง,เจอแต่ไม่อยู่ท้าย,29,🟡 อาจเป็นการเอ่ยกลางทาง ⛔ ไม่ใช่ผลสรุป
chap-02-logic-q19,chap-02-logic,mc,1,$(\sim q \to \sim p) \wedge (\sim q \vee p)$,เจอแต่ไม่อยู่ท้าย,27,🟡 อาจเป็นการเอ่ยกลางทาง ⛔ ไม่ใช่ผลสรุป
chap-02-logic-q20,chap-02-logic,mc,2,$\sim p \to (q \to p)$ และ $\sim q \to p$,เจอแต่ไม่อยู่ท้าย,28,🟡 อาจเป็นการเอ่ยกลางทาง ⛔ ไม่ใช่ผลสรุป
chap-02-logic-q21,chap-02-logic,mc,2,$[q \wedge (r \vee \sim r)] \vee [q \wedge (q \wedge \sim q)]$ สมมูลกับ $q$,ไม่เจอเลย,39,🔴 คำตอบไม่ปรากฏในเฉลยเลย
chap-02-logic-q23,chap-02-logic,mc,1,$y \to (x \to z)$,เจอแต่ไม่อยู่ท้าย,36,🟡 อาจเป็นการเอ่ยกลางทาง ⛔ ไม่ใช่ผลสรุป
chap-02-logic-q24,chap-02-logic,mc,0,$\sim p \vee (\sim p \wedge q)$,เจอแต่ไม่อยู่ท้าย,27,🟡 อาจเป็นการเอ่ยกลางทาง ⛔ ไม่ใช่ผลสรุป
chap-02-logic-q25,chap-02-logic,mc,1,$p \vee (\sim q) \vee r$,เจอแต่ไม่อยู่ท้าย,25,🟡 อาจเป็นการเอ่ยกลางทาง ⛔ ไม่ใช่ผลสรุป
chap-02-logic-q26,chap-02-logic,mc,0,$p \wedge \sim (q \to r)$,เจอแต่ไม่อยู่ท้าย,26,🟡 อาจเป็นการเอ่ยกลางทาง ⛔ ไม่ใช่ผลสรุป
chap-02-logic-q27,chap-02-logic,mc,0,$\sim (\sim p \to q)$,เจอแต่ไม่อยู่ท้าย,27,🟡 อาจเป็นการเอ่ยกลางทาง ⛔ ไม่ใช่ผลสรุป
chap-02-logic-q29,chap-02-logic,mc,3,$[\{x \wedge (\sim y)\} \to (\sim x)] \to (x \to y)$,เจอแต่ไม่อยู่ท้าย,36,🟡 อาจเป็นการเอ่ยกลางทาง ⛔ ไม่ใช่ผลสรุป
chap-02-logic-q30,chap-02-logic,mc,2,$\sim (p \leftrightarrow q) \;\leftrightarrow\; (\sim p \leftrightarrow \sim q)$,เจอแต่ไม่อยู่ท้าย,41,🟡 อาจเป็นการเอ่ยกลางทาง ⛔ ไม่ใช่ผลสรุป
chap-02-logic-q31,chap-02-logic,mc,3,$[(p \to q) \wedge (q \to r) \wedge (s \vee \sim r) \wedge \sim s] \;\leftrighta,เจอแต่ไม่อยู่ท้าย,31,🟡 อาจเป็นการเอ่ยกลางทาง ⛔ ไม่ใช่ผลสรุป
chap-02-logic-q32,chap-02-logic,mc,2,$[p \to (q \to r)] \;\leftrightarrow\; [(p \to q) \to r]$,เจอแต่ไม่อยู่ท้าย,29,🟡 อาจเป็นการเอ่ยกลางทาง ⛔ ไม่ใช่ผลสรุป
chap-02-logic-q33,chap-02-logic,mc,0,ก. และ ข. สมเหตุสมผลทั้งคู่,เจอแต่ไม่อยู่ท้าย,40,🟡 อาจเป็นการเอ่ยกลางทาง ⛔ ไม่ใช่ผลสรุป
chap-02-logic-q34,chap-02-logic,mc,2,ก. ไม่สมเหตุสมผล แต่ ข. สมเหตุสมผล,เจอแต่ไม่อยู่ท้าย,40,🟡 อาจเป็นการเอ่ยกลางทาง ⛔ ไม่ใช่ผลสรุป
chap-02-logic-q35,chap-02-logic,mc,0,ก. สมเหตุสมผล ข. สมเหตุสมผล,เจอแต่ไม่อยู่ท้าย,32,🟡 อาจเป็นการเอ่ยกลางทาง ⛔ ไม่ใช่ผลสรุป
chap-02-logic-q36,chap-02-logic,mc,3,ก. และ ข. ไม่สมเหตุสมผล,เจอแต่ไม่อยู่ท้าย,31,🟡 อาจเป็นการเอ่ยกลางทาง ⛔ ไม่ใช่ผลสรุป
chap-02-logic-q37,chap-02-logic,mc,0,ก. และ ข. สมเหตุสมผล,ไม่เจอเลย,44,🔴 คำตอบไม่ปรากฏในเฉลยเลย
chap-02-logic-q38,chap-02-logic,mc,0,ก. และ ข. สมเหตุสมผลทั้งคู่,เจอแต่ไม่อยู่ท้าย,31,🟡 อาจเป็นการเอ่ยกลางทาง ⛔ ไม่ใช่ผลสรุป
chap-02-logic-q39,chap-02-logic,mc,1,ก. สมเหตุสมผล ข. ไม่สมเหตุสมผล,เจอแต่ไม่อยู่ท้าย,31,🟡 อาจเป็นการเอ่ยกลางทาง ⛔ ไม่ใช่ผลสรุป
chap-02-logic-q42,chap-02-logic,mc,3,สมพรนอนพักผ่อน และสมหญิงไปดูภาพยนตร์,เจอแต่ไม่อยู่ท้าย,39,🟡 อาจเป็นการเอ่ยกลางทาง ⛔ ไม่ใช่ผลสรุป
chap-02-logic-q43,chap-02-logic,mc,3,"รูปสัญลักษณ์ของข้อความ ""ถ้าทุกจำนวนจริง $x$ มากกว่า 5 แล้ว จะมีจำนวนนับ $y$ ซึ่ง",ไม่เจอเลย,33,🔴 คำตอบไม่ปรากฏในเฉลยเลย
chap-02-logic-q44,chap-02-logic,mc,0,ทั้ง ก. และ ข. ถูก,เจอแต่ไม่อยู่ท้าย,26,🟡 อาจเป็นการเอ่ยกลางทาง ⛔ ไม่ใช่ผลสรุป
chap-02-logic-q45,chap-02-logic,mc,3,"$\forall x [\, x + x = x^2 \,]$ เป็นเท็จ เพราะ $\exists x [\, x + x $ ≠ $ x^2 \,",ไม่เจอเลย,30,🔴 คำตอบไม่ปรากฏในเฉลยเลย
chap-02-logic-q46,chap-02-logic,mc,3,ก. ไม่เป็น ข. ไม่เป็น,เจอแต่ไม่อยู่ท้าย,42,🟡 อาจเป็นการเอ่ยกลางทาง ⛔ ไม่ใช่ผลสรุป
chap-02-logic-q47,chap-02-logic,mc,0,"""$x^2 + 1 > 0$ สำหรับจำนวนจริง $x$ บางจำนวน"" เป็นประพจน์",ไม่เจอเลย,29,🔴 คำตอบไม่ปรากฏในเฉลยเลย
chap-02-logic-q48,chap-02-logic,mc,2,"$\forall x [\, P(x) \to Q(x) \,]$",เจอแต่ไม่อยู่ท้าย,30,🟡 อาจเป็นการเอ่ยกลางทาง ⛔ ไม่ใช่ผลสรุป
chap-02-logic-q49,chap-02-logic,mc,3,"$\forall x [\, P(x) \vee \sim Q(x) \,]$",เจอแต่ไม่อยู่ท้าย,32,🟡 อาจเป็นการเอ่ยกลางทาง ⛔ ไม่ใช่ผลสรุป
chap-02-logic-q50,chap-02-logic,mc,2,"$\exists x \forall y [\, (xy = 0 \wedge x $ ≠ $ 0) \wedge y $ ≠ $ 0 \,]$",ไม่เจอเลย,37,🔴 คำตอบไม่ปรากฏในเฉลยเลย
chap-02-logic-q51,chap-02-logic,mc,3,"$\forall x \exists y [\, (xy < 0) \wedge (x \geq 0 \wedge y \geq 0) \,]$",ไม่เจอเลย,33,🔴 คำตอบไม่ปรากฏในเฉลยเลย
chap-02-logic-q52,chap-02-logic,mc,3,$\exists \varepsilon \forall N \exists x \left[ (x > N) \wedge \left( \dfrac{1}{,เจอแต่ไม่อยู่ท้าย,26,🟡 อาจเป็นการเอ่ยกลางทาง ⛔ ไม่ใช่ผลสรุป
chap-02-logic-q53,chap-02-logic,mc,3,ทั้ง ก. และ ข. ผิด,เจอแต่ไม่อยู่ท้าย,31,🟡 อาจเป็นการเอ่ยกลางทาง ⛔ ไม่ใช่ผลสรุป
chap-02-logic-q54,chap-02-logic,mc,0,ก. ถูก และ ข. ถูก,เจอแต่ไม่อยู่ท้าย,32,🟡 อาจเป็นการเอ่ยกลางทาง ⛔ ไม่ใช่ผลสรุป
chap-02-logic-q55,chap-02-logic,mc,2,ก. ผิด และ ข. ถูก,เจอแต่ไม่อยู่ท้าย,34,🟡 อาจเป็นการเอ่ยกลางทาง ⛔ ไม่ใช่ผลสรุป
chap-02-logic-q56,chap-02-logic,mc,3,"$\forall x [\, P(x) \to Q(x) \,]$",เจอแต่ไม่อยู่ท้าย,25,🟡 อาจเป็นการเอ่ยกลางทาง ⛔ ไม่ใช่ผลสรุป
chap-02-logic-q57,chap-02-logic,mc,1,"ประโยค ""ถ้าเขียน $\sqrt{3}$ ให้อยู่ในรูปทศนิยมแล้ว จะได้ทศนิยมตำแหน่งที่ห้าสิบ ค",ไม่เจอเลย,28,🔴 คำตอบไม่ปรากฏในเฉลยเลย
chap-02-logic-q58,chap-02-logic,mc,2,"$\exists x \forall y [\, P(x, y) \,]$",เจอแต่ไม่อยู่ท้าย,29,🟡 อาจเป็นการเอ่ยกลางทาง ⛔ ไม่ใช่ผลสรุป
chap-02-logic-q59,chap-02-logic,mc,3,ประพจน์ A และประพจน์ C เท่านั้นที่มีค่าความจริงเป็นเท็จ,ไม่เจอเลย,54,🔴 คำตอบไม่ปรากฏในเฉลยเลย
chap-02-logic-q60,chap-02-logic,mc,1,$[\sim P(x) \vee Q(\sqrt{2})] \to \sim [P(x) \leftrightarrow R(0.0\dot{1})]$,เจอแต่ไม่อยู่ท้าย,29,🟡 อาจเป็นการเอ่ยกลางทาง ⛔ ไม่ใช่ผลสรุป
chap-02-logic-q61,chap-02-logic,mc,2,"$\forall x \exists y [\, x^2 - y = y^2 - x \,]$",เจอแต่ไม่อยู่ท้าย,47,🟡 อาจเป็นการเอ่ยกลางทาง ⛔ ไม่ใช่ผลสรุป
chap-02-logic-q62,chap-02-logic,mc,3,"$\forall x [\, (x > 0) \to (x > 0) \,] \to \{ \forall x [\, x > 0 \,] \to \foral",เจอแต่ไม่อยู่ท้าย,32,🟡 อาจเป็นการเอ่ยกลางทาง ⛔ ไม่ใช่ผลสรุป
chap-02-logic-q63,chap-02-logic,mc,2,"$\exists x [\, |x + 2| < 2 - x \,]$",ไม่เจอเลย,32,🔴 คำตอบไม่ปรากฏในเฉลยเลย
chap-02-logic-q64,chap-02-logic,mc,1,"กำหนดให้ ประพจน์ $p$ มีค่าความจริงเป็นจริง, ประพจน์ $q$ มีค่าความจริงเป็นเท็จ ค่",ไม่เจอเลย,30,🔴 คำตอบไม่ปรากฏในเฉลยเลย
chap-02-logic-q65,chap-02-logic,mc,3,"$\exists x [\, x^3 + 5x - 1 < 4 \,] \wedge \forall x [\, |x^2 - 1| < 0 \to x \ge",ไม่เจอเลย,28,🔴 คำตอบไม่ปรากฏในเฉลยเลย
chap-02-logic-q66,chap-02-logic,mc,1,ก. ถูก และ ข. ผิด,เจอแต่ไม่อยู่ท้าย,37,🟡 อาจเป็นการเอ่ยกลางทาง ⛔ ไม่ใช่ผลสรุป
chap-02-logic-q67,chap-02-logic,mc,0,ก. ถูก และ ข. ถูก,เจอแต่ไม่อยู่ท้าย,34,🟡 อาจเป็นการเอ่ยกลางทาง ⛔ ไม่ใช่ผลสรุป
chap-02-logic-q68,chap-02-logic,mc,3,"$[-0.5,\, 2.5]$",เจอแต่ไม่อยู่ท้าย,32,🟡 อาจเป็นการเอ่ยกลางทาง ⛔ ไม่ใช่ผลสรุป
chap-02-logic-q69,chap-02-logic,mc,3,$\mathcal{U} = $ เซตของจำนวนเต็มลบคี่,ไม่เจอเลย,45,🔴 คำตอบไม่ปรากฏในเฉลยเลย
chap-02-logic-q70,chap-02-logic,mc,3,"$\forall x [\, P(x) \to \sim Q(x) \,]$",เจอแต่ไม่อยู่ท้าย,40,🟡 อาจเป็นการเอ่ยกลางทาง ⛔ ไม่ใช่ผลสรุป
chap-02-logic-q71,chap-02-logic,mc,3,ก. ผิด และ ข. ผิด,เจอแต่ไม่อยู่ท้าย,31,🟡 อาจเป็นการเอ่ยกลางทาง ⛔ ไม่ใช่ผลสรุป
chap-02-logic-q72,chap-02-logic,mc,0,ก. ถูก และ ข. ถูก,เจอแต่ไม่อยู่ท้าย,26,🟡 อาจเป็นการเอ่ยกลางทาง ⛔ ไม่ใช่ผลสรุป
chap-02-logic-q73,chap-02-logic,mc,4,ถ้า ก ไม่มีขา แล้ว ก ไม่เป็นคนและไม่เป็นสุนัข,เจอแต่ไม่อยู่ท้าย,32,🟡 อาจเป็นการเอ่ยกลางทาง ⛔ ไม่ใช่ผลสรุป
chap-02-logic-q74,chap-02-logic,mc,4,ไม่มีคำตอบใดถูกต้อง,เจอแต่ไม่อยู่ท้าย,34,🟡 อาจเป็นการเอ่ยกลางทาง ⛔ ไม่ใช่ผลสรุป
chap-02-logic-q75,chap-02-logic,mc,1,"$p$ เป็นเท็จ, $q$ เป็นเท็จ",เจอแต่ไม่อยู่ท้าย,30,🟡 อาจเป็นการเอ่ยกลางทาง ⛔ ไม่ใช่ผลสรุป
chap-02-logic-q77,chap-02-logic,mc,3,$q \leftrightarrow r$,เจอแต่ไม่อยู่ท้าย,30,🟡 อาจเป็นการเอ่ยกลางทาง ⛔ ไม่ใช่ผลสรุป
chap-02-logic-q78,chap-02-logic,mc,3,$(\sim y \to \sim x) \to [(\sim y \vee r) \leftrightarrow (\sim x \wedge y)]$,เจอแต่ไม่อยู่ท้าย,35,🟡 อาจเป็นการเอ่ยกลางทาง ⛔ ไม่ใช่ผลสรุป
chap-02-logic-q79,chap-02-logic,mc,3,$(q \vee r) \to ((x \wedge y) \to p)$,เจอแต่ไม่อยู่ท้าย,32,🟡 อาจเป็นการเอ่ยกลางทาง ⛔ ไม่ใช่ผลสรุป
chap-02-logic-q80,chap-02-logic,fill,'5',5,เจอแต่ไม่อยู่ท้าย,45,🟡 อาจเป็นการเอ่ยกลางทาง ⛔ ไม่ใช่ผลสรุป
chap-02-logic-q82,chap-02-logic,mc,1,$\sim p \wedge \sim q$,เจอแต่ไม่อยู่ท้าย,34,🟡 อาจเป็นการเอ่ยกลางทาง ⛔ ไม่ใช่ผลสรุป
chap-02-logic-q84,chap-02-logic,mc,3,$\sim p \rightarrow (\sim q \wedge \sim r)$,ไม่เจอเลย,41,🔴 คำตอบไม่ปรากฏในเฉลยเลย
chap-02-logic-q85,chap-02-logic,mc,2,เนื่องจากราคาน้ำตาลไม่สูงขึ้น จึงสรุปได้ว่าพ่อค้าไม่ได้กักตุนน้ำตาล,ไม่เจอเลย,28,🔴 คำตอบไม่ปรากฏในเฉลยเลย
chap-02-logic-q86,chap-02-logic,mc,0,ถ้า $ab = 0$ และ $a \neq 0$ จะได้ $b = 0$,เจอแต่ไม่อยู่ท้าย,44,🟡 อาจเป็นการเอ่ยกลางทาง ⛔ ไม่ใช่ผลสรุป
chap-02-logic-q87,chap-02-logic,mc,2,ทั้งข้อ ก. และข้อ ข.,เจอแต่ไม่อยู่ท้าย,43,🟡 อาจเป็นการเอ่ยกลางทาง ⛔ ไม่ใช่ผลสรุป
chap-02-logic-q88,chap-02-logic,mc,1,ถ้า $f'(x)$ หาค่าได้ หรือ $f'(x) \neq 0$ แล้ว $x$ ไม่เป็นค่าวิกฤตของฟังก์ชัน $f$,ไม่เจอเลย,44,🔴 คำตอบไม่ปรากฏในเฉลยเลย
chap-02-logic-q90,chap-02-logic,mc,3,$[\sim (p \wedge q) \rightarrow \sim r] \wedge [\sim (p \wedge q) \rightarrow \s,ไม่เจอเลย,33,🔴 คำตอบไม่ปรากฏในเฉลยเลย
chap-02-logic-q92,chap-02-logic,mc,2,$[(p \vee q) \wedge \sim p] \leftrightarrow (\sim p \wedge q)$ เป็นสัจนิรันดร์,เจอแต่ไม่อยู่ท้าย,30,🟡 อาจเป็นการเอ่ยกลางทาง ⛔ ไม่ใช่ผลสรุป
chap-02-logic-q93,chap-02-logic,mc,2,ข้อ ข. เท่านั้นเป็นจริง,เจอแต่ไม่อยู่ท้าย,41,🟡 อาจเป็นการเอ่ยกลางทาง ⛔ ไม่ใช่ผลสรุป
chap-02-logic-q94,chap-02-logic,mc,2,ทั้งข้อ ก. และข้อ ข. เป็นจริง,เจอแต่ไม่อยู่ท้าย,28,🟡 อาจเป็นการเอ่ยกลางทาง ⛔ ไม่ใช่ผลสรุป
chap-02-logic-q95,chap-02-logic,mc,0,ข้อ ก. และ ข. เป็นจริง,เจอแต่ไม่อยู่ท้าย,30,🟡 อาจเป็นการเอ่ยกลางทาง ⛔ ไม่ใช่ผลสรุป
chap-02-logic-q96,chap-02-logic,mc,0,ข้อ ก. และ ข. เป็นจริง,เจอแต่ไม่อยู่ท้าย,44,🟡 อาจเป็นการเอ่ยกลางทาง ⛔ ไม่ใช่ผลสรุป
chap-02-logic-q97,chap-02-logic,mc,1,$[p \rightarrow (q \rightarrow r)] \leftrightarrow [(p \rightarrow q) \rightarro,ไม่เจอเลย,47,🔴 คำตอบไม่ปรากฏในเฉลยเลย
chap-02-logic-q98,chap-02-logic,mc,1,$[[(p \wedge q) \rightarrow r] \wedge q] \rightarrow (p \rightarrow r)$,ไม่เจอเลย,45,🔴 คำตอบไม่ปรากฏในเฉลยเลย
chap-02-logic-q99,chap-02-logic,mc,2,"$\sim (p \, \Delta \, q) * (q \, \Delta \, p)$",เจอแต่ไม่อยู่ท้าย,53,🟡 อาจเป็นการเอ่ยกลางทาง ⛔ ไม่ใช่ผลสรุป
chap-02-logic-q101,chap-02-logic,mc,0,ทั้ง ก. และ ข. สมเหตุสมผล,เจอแต่ไม่อยู่ท้าย,55,🟡 อาจเป็นการเอ่ยกลางทาง ⛔ ไม่ใช่ผลสรุป
chap-02-logic-q102,chap-02-logic,fill,"'~f, b'","~f, b",ไม่เจอเลย,38,🔴 คำตอบไม่ปรากฏในเฉลยเลย
chap-02-logic-q103,chap-02-logic,mc,2,ข้อ ข. เท่านั้นเป็นจริง,เจอแต่ไม่อยู่ท้าย,38,🟡 อาจเป็นการเอ่ยกลางทาง ⛔ ไม่ใช่ผลสรุป
chap-02-logic-q104,chap-02-logic,mc,0,ข้อ ก. และ ข. เป็นจริง,เจอแต่ไม่อยู่ท้าย,35,🟡 อาจเป็นการเอ่ยกลางทาง ⛔ ไม่ใช่ผลสรุป
chap-02-logic-q105,chap-02-logic,mc,3,$\forall t[2t + 1$ เป็นจำนวนคี่$]$,เจอแต่ไม่อยู่ท้าย,28,🟡 อาจเป็นการเอ่ยกลางทาง ⛔ ไม่ใช่ผลสรุป
chap-02-logic-q106,chap-02-logic,fill,'เท็จ',เท็จ,เจอแต่ไม่อยู่ท้าย,51,🟡 อาจเป็นการเอ่ยกลางทาง ⛔ ไม่ใช่ผลสรุป
chap-02-logic-q107,chap-02-logic,mc,2,$\exists x[(p(x) \vee r(x)) \rightarrow \sim q(x)]$,ไม่เจอเลย,46,🔴 คำตอบไม่ปรากฏในเฉลยเลย
chap-02-logic-q108,chap-02-logic,mc,2,$\exists x[x^2 - x - 1 = 0] \rightarrow \forall x[x^2 - 4x + 4 > 0]$,ไม่เจอเลย,34,🔴 คำตอบไม่ปรากฏในเฉลยเลย
chap-02-logic-q109,chap-02-logic,mc,0,ก. และ ข. ถูก,เจอแต่ไม่อยู่ท้าย,26,🟡 อาจเป็นการเอ่ยกลางทาง ⛔ ไม่ใช่ผลสรุป
chap-02-logic-q110,chap-02-logic,mc,3,$\forall x[(x - 5)|x| < 0]$,ไม่เจอเลย,61,🔴 คำตอบไม่ปรากฏในเฉลยเลย
chap-02-logic-q111,chap-02-logic,mc,3,$\exists x[Q(x)] \rightarrow \forall x[P(x)]$,เจอแต่ไม่อยู่ท้าย,53,🟡 อาจเป็นการเอ่ยกลางทาง ⛔ ไม่ใช่ผลสรุป
chap-02-logic-q112,chap-02-logic,mc,2,"$[1, 2]$",เจอแต่ไม่อยู่ท้าย,53,🟡 อาจเป็นการเอ่ยกลางทาง ⛔ ไม่ใช่ผลสรุป
chap-02-logic-q113,chap-02-logic,mc,2,"$[4, 7)$",เจอแต่ไม่อยู่ท้าย,59,🟡 อาจเป็นการเอ่ยกลางทาง ⛔ ไม่ใช่ผลสรุป
chap-02-logic-q114,chap-02-logic,mc,2,$\forall x \exists y[(x - y)^3 = x^3 - y^3]\;;\;\mathcal{U} = \mathbb{R}$,ไม่เจอเลย,35,🔴 คำตอบไม่ปรากฏในเฉลยเลย
chap-02-logic-q115,chap-02-logic,mc,3,นิเสธของ $\forall x(x < 0 \rightarrow x^3 < 0)$ คือ $\exists x(x < 0$ และ $x^3 \,ไม่เจอเลย,37,🔴 คำตอบไม่ปรากฏในเฉลยเลย
chap-02-logic-q116,chap-02-logic,fill,'ไม่สมมูล',ไม่สมมูล,เจอแต่ไม่อยู่ท้าย,40,🟡 อาจเป็นการเอ่ยกลางทาง ⛔ ไม่ใช่ผลสรุป
chap-02-logic-q118,chap-02-logic,mc,0,$\exists x[\sim Q(x)] \wedge \exists x[P(x)]$,เจอแต่ไม่อยู่ท้าย,55,🟡 อาจเป็นการเอ่ยกลางทาง ⛔ ไม่ใช่ผลสรุป
chap-02-logic-q119,chap-02-logic,fill,'essay',essay,ไม่เจอเลย,44,🔴 คำตอบไม่ปรากฏในเฉลยเลย
chap-02-logic-q120,chap-02-logic,mc,1,"$\forall x \forall y \exists z[P(x, y) \wedge \sim Q(x, z)]$",เจอแต่ไม่อยู่ท้าย,42,🟡 อาจเป็นการเอ่ยกลางทาง ⛔ ไม่ใช่ผลสรุป
chap-02-logic-q121,chap-02-logic,mc,1,ก. ถูก และ ข. ผิด,ไม่เจอเลย,40,🔴 คำตอบไม่ปรากฏในเฉลยเลย
chap-02-logic-q122,chap-02-logic,mc,2,$\forall x \exists y[|x| < |y| \wedge x + y \leq 0]$,ไม่เจอเลย,40,🔴 คำตอบไม่ปรากฏในเฉลยเลย
chap-02-logic-q123,chap-02-logic,mc,3,"การอ้างเหตุผลข้างล่างนี้สมเหตุสมผล

เหตุ:
(1) $p \rightarrow (q \rightarrow r)$
",ไม่เจอเลย,44,🔴 คำตอบไม่ปรากฏในเฉลยเลย
chap-02-logic-q124,chap-02-logic,mc,1,มีจำนวนคี่ $x$ บางตัว ซึ่ง $x^3 - x$ เป็นจำนวนคู่,เจอแต่ไม่อยู่ท้าย,35,🟡 อาจเป็นการเอ่ยกลางทาง ⛔ ไม่ใช่ผลสรุป
chap-02-logic-q125,chap-02-logic,mc,1,มีจำนวนจริง $x$ ที่มากกว่าศูนย์บางตัว สำหรับจำนวนเต็มบวก $n$ ทุกตัว $\dfrac{1}{n,เจอแต่ไม่อยู่ท้าย,37,🟡 อาจเป็นการเอ่ยกลางทาง ⛔ ไม่ใช่ผลสรุป
chap-02-logic-q126,chap-02-logic,mc,3,ข้อ ก. ไม่สมเหตุสมผล แต่ข้อ ข. สมเหตุสมผล,ไม่เจอเลย,49,🔴 คำตอบไม่ปรากฏในเฉลยเลย
chap-02-logic-q127,chap-02-logic,mc,1,$A$ และ $B$ เป็นคนที่พูดโกหกเสมอ,ไม่เจอเลย,50,🔴 คำตอบไม่ปรากฏในเฉลยเลย
chap-02-logic-q128,chap-02-logic,mc,1,"""ท่านเป็นพลเมืองของประเทศนี้ ใช่ไหม""",เจอแต่ไม่อยู่ท้าย,61,🟡 อาจเป็นการเอ่ยกลางทาง ⛔ ไม่ใช่ผลสรุป
chap-03-realnumber-q01,chap-03-realnumber,mc,2,$\dfrac{1}{|x|} < \dfrac{1}{|b|}$,ไม่เจอเลย,40,🔴 คำตอบไม่ปรากฏในเฉลยเลย
chap-03-realnumber-q02,chap-03-realnumber,mc,0,$\dfrac{y}{x} < \dfrac{1}{z}$,ไม่เจอเลย,36,🔴 คำตอบไม่ปรากฏในเฉลยเลย
chap-03-realnumber-q03,chap-03-realnumber,mc,2,"ถ้า $x > 0$ และ $y > 0$ แล้ว $\sqrt[n]{x}\,\sqrt[n]{y} = \sqrt[n]{xy}$ เมื่อ $n$",ไม่เจอเลย,39,🔴 คำตอบไม่ปรากฏในเฉลยเลย
chap-03-realnumber-q04,chap-03-realnumber,mc,3,$(a - b)^{n} = 0$ เมื่อ $n$ เป็นจำนวนเต็มบวกใด ๆ,ไม่เจอเลย,38,🔴 คำตอบไม่ปรากฏในเฉลยเลย
chap-03-realnumber-q05,chap-03-realnumber,mc,0,ถ้า $a$ เป็นเลขคี่แล้ว ดังนั้น $a^{2}$ เป็นเลขคี่ด้วย,ไม่เจอเลย,24,🔴 คำตอบไม่ปรากฏในเฉลยเลย
chap-03-realnumber-q06,chap-03-realnumber,mc,3,"ถ้า $a$ เป็นจำนวนจริง แล้ว $\sqrt[n]{a^{n}} = a$ เมื่อ $n = 2, 4, 6, \ldots$",ไม่เจอเลย,25,🔴 คำตอบไม่ปรากฏในเฉลยเลย
chap-03-realnumber-q07,chap-03-realnumber,mc,2,"มีจำนวนอตรรกยะ $a, b$ ซึ่ง $a \ne -b$ และ $a + b$ เป็นจำนวนตรรกยะ",ไม่เจอเลย,25,🔴 คำตอบไม่ปรากฏในเฉลยเลย
chap-03-realnumber-q08,chap-03-realnumber,mc,0,ถ้า $a$ เป็นจำนวนอตรรกยะ แล้ว $\sqrt{|a|}$ เป็นจำนวนอตรรกยะ,ไม่เจอเลย,27,🔴 คำตอบไม่ปรากฏในเฉลยเลย
chap-03-realnumber-q09,chap-03-realnumber,mc,3,$-8$,เจอแต่ไม่อยู่ท้าย,32,🟡 อาจเป็นการเอ่ยกลางทาง ⛔ ไม่ใช่ผลสรุป
chap-03-realnumber-q10,chap-03-realnumber,mc,2,$2xy \le \dfrac{(x + y)^{2} + (x - y)^{2}}{2} \le (x + y)^{2} - 2xy$,ไม่เจอเลย,33,🔴 คำตอบไม่ปรากฏในเฉลยเลย
chap-03-realnumber-q11,chap-03-realnumber,mc,0,"ถ้า $a > 0,\ b > 0$ และ $a \ne b$ แล้ว $\dfrac{a}{b} + \dfrac{b}{a} < 2$ เสมอ",ไม่เจอเลย,34,🔴 คำตอบไม่ปรากฏในเฉลยเลย
chap-03-realnumber-q12,chap-03-realnumber,mc,2,"สำหรับทุก ๆ $a, b \in \mathbb{R}$ กำหนดให้ $a * b = (2^{a})(2^{b})$ ดังนั้น $\ma",ไม่เจอเลย,27,🔴 คำตอบไม่ปรากฏในเฉลยเลย
chap-03-realnumber-q13,chap-03-realnumber,mc,0,ข้อ ก. และข้อ ค. เป็นจริง,ไม่เจอเลย,24,🔴 คำตอบไม่ปรากฏในเฉลยเลย
chap-03-realnumber-q14,chap-03-realnumber,mc,1,"เอกลักษณ์ของ ""$*$"" ใน $\mathbb{Z}$ คือ 8",ไม่เจอเลย,40,🔴 คำตอบไม่ปรากฏในเฉลยเลย
chap-03-realnumber-q15,chap-03-realnumber,mc,2,$x \triangle (y \triangle z) = (z \triangle y) \triangle x$,ไม่เจอเลย,38,🔴 คำตอบไม่ปรากฏในเฉลยเลย
chap-03-realnumber-q16,chap-03-realnumber,mc,4,"ข้อ (1), ข้อ (2) และข้อ (3) ผิดทั้งสามข้อ",ไม่เจอเลย,36,🔴 คำตอบไม่ปรากฏในเฉลยเลย
chap-03-realnumber-q17,chap-03-realnumber,mc,4,$-8$,เจอแต่ไม่อยู่ท้าย,28,🟡 อาจเป็นการเอ่ยกลางทาง ⛔ ไม่ใช่ผลสรุป
chap-03-realnumber-q18,chap-03-realnumber,mc,2,$1$,เจอแต่ไม่อยู่ท้าย,36,🟡 อาจเป็นการเอ่ยกลางทาง ⛔ ไม่ใช่ผลสรุป
chap-03-realnumber-q19,chap-03-realnumber,fill,'4',4,เจอแต่ไม่อยู่ท้าย,28,🟡 อาจเป็นการเอ่ยกลางทาง ⛔ ไม่ใช่ผลสรุป
chap-03-realnumber-q20,chap-03-realnumber,mc,3,$21$,เจอแต่ไม่อยู่ท้าย,36,🟡 อาจเป็นการเอ่ยกลางทาง ⛔ ไม่ใช่ผลสรุป
chap-03-realnumber-q21,chap-03-realnumber,mc,0,$-1$,เจอแต่ไม่อยู่ท้าย,30,🟡 อาจเป็นการเอ่ยกลางทาง ⛔ ไม่ใช่ผลสรุป
chap-03-realnumber-q22,chap-03-realnumber,mc,0,$-60$,เจอแต่ไม่อยู่ท้าย,31,🟡 อาจเป็นการเอ่ยกลางทาง ⛔ ไม่ใช่ผลสรุป
chap-03-realnumber-q23,chap-03-realnumber,mc,1,"$m = 2,\ n = -2$",เจอแต่ไม่อยู่ท้าย,35,🟡 อาจเป็นการเอ่ยกลางทาง ⛔ ไม่ใช่ผลสรุป
chap-03-realnumber-q26,chap-03-realnumber,mc,3,ถ้า $x^{2} - 7x + 12 = 0$ แล้ว $x = 3$ หรือ $x = 4$,ไม่เจอเลย,25,🔴 คำตอบไม่ปรากฏในเฉลยเลย
chap-03-realnumber-q27,chap-03-realnumber,mc,4,$x^{2} - 4x + 1 = 0$,เจอแต่ไม่อยู่ท้าย,29,🟡 อาจเป็นการเอ่ยกลางทาง ⛔ ไม่ใช่ผลสรุป
chap-03-realnumber-q28,chap-03-realnumber,mc,3,"$\left\{-1,\ \dfrac{-2}{3},\ \dfrac{1}{3}\right\}$",ไม่เจอเลย,30,🔴 คำตอบไม่ปรากฏในเฉลยเลย
chap-03-realnumber-q29,chap-03-realnumber,mc,2,ถ้า $\mathcal{U} = $ เซตของจำนวนจริง แล้ว $|S| = 2$,ไม่เจอเลย,39,🔴 คำตอบไม่ปรากฏในเฉลยเลย
chap-03-realnumber-q30,chap-03-realnumber,fill,'3',3,เจอแต่ไม่อยู่ท้าย,39,🟡 อาจเป็นการเอ่ยกลางทาง ⛔ ไม่ใช่ผลสรุป
chap-03-realnumber-q31,chap-03-realnumber,mc,3,$a$ มีหนึ่งค่า $b$ มีหนึ่งค่า,เจอแต่ไม่อยู่ท้าย,25,🟡 อาจเป็นการเอ่ยกลางทาง ⛔ ไม่ใช่ผลสรุป
chap-03-realnumber-q32,chap-03-realnumber,mc,2,ถ้า $a > c$ และ $b > c$ แล้ว $d < a$,ไม่เจอเลย,37,🔴 คำตอบไม่ปรากฏในเฉลยเลย
chap-03-realnumber-q33,chap-03-realnumber,mc,3,"ข้อ (1), (3) เท่านั้นที่ถูก",เจอแต่ไม่อยู่ท้าย,32,🟡 อาจเป็นการเอ่ยกลางทาง ⛔ ไม่ใช่ผลสรุป
chap-03-realnumber-q35,chap-03-realnumber,mc,2,$7 < 2x + 3 < 11$,ไม่เจอเลย,34,🔴 คำตอบไม่ปรากฏในเฉลยเลย
chap-03-realnumber-q36,chap-03-realnumber,mc,1,"$\left(\dfrac{1}{4}, 3\right)$",เจอแต่ไม่อยู่ท้าย,33,🟡 อาจเป็นการเอ่ยกลางทาง ⛔ ไม่ใช่ผลสรุป
chap-03-realnumber-q37,chap-03-realnumber,mc,2,"$\left(-\dfrac{1}{2}, 3\right]$",เจอแต่ไม่อยู่ท้าย,38,🟡 อาจเป็นการเอ่ยกลางทาง ⛔ ไม่ใช่ผลสรุป
chap-03-realnumber-q38,chap-03-realnumber,mc,1,$|2x - 1| > 1$,เจอแต่ไม่อยู่ท้าย,36,🟡 อาจเป็นการเอ่ยกลางทาง ⛔ ไม่ใช่ผลสรุป
chap-03-realnumber-q40,chap-03-realnumber,mc,0,$8$,เจอแต่ไม่อยู่ท้าย,33,🟡 อาจเป็นการเอ่ยกลางทาง ⛔ ไม่ใช่ผลสรุป
chap-03-realnumber-q41,chap-03-realnumber,mc,2,ถ้าสัมประสิทธิ์ของ $P(x)$ เป็นจำนวนเต็ม และมี $x - m$ เป็นตัวประกอบ แล้ว $m$ จะต,ไม่เจอเลย,27,🔴 คำตอบไม่ปรากฏในเฉลยเลย
chap-03-realnumber-q42,chap-03-realnumber,fill,'16',16,เจอแต่ไม่อยู่ท้าย,38,🟡 อาจเป็นการเอ่ยกลางทาง ⛔ ไม่ใช่ผลสรุป
chap-03-realnumber-q44,chap-03-realnumber,mc,0,$k = 2\sqrt{6}$,เจอแต่ไม่อยู่ท้าย,31,🟡 อาจเป็นการเอ่ยกลางทาง ⛔ ไม่ใช่ผลสรุป
chap-03-realnumber-q45,chap-03-realnumber,mc,0,"$(2.5, 5]$",เจอแต่ไม่อยู่ท้าย,32,🟡 อาจเป็นการเอ่ยกลางทาง ⛔ ไม่ใช่ผลสรุป
chap-03-realnumber-q46,chap-03-realnumber,mc,2,$a^{2} < c$ และ $b^{2} > c$,เจอแต่ไม่อยู่ท้าย,33,🟡 อาจเป็นการเอ่ยกลางทาง ⛔ ไม่ใช่ผลสรุป
chap-03-realnumber-q47,chap-03-realnumber,mc,3,ถ้า $|x - 2| < 1$ แล้ว $|x^{2} - 4| < 5$,ไม่เจอเลย,36,🔴 คำตอบไม่ปรากฏในเฉลยเลย
chap-03-realnumber-q48,chap-03-realnumber,mc,4,"ถ้า $a, b$ เป็นจำนวนจริงที่ $a > 0$ และ $|x - b| \le a$ แล้ว $b - a \le x \le a ",ไม่เจอเลย,41,🔴 คำตอบไม่ปรากฏในเฉลยเลย
chap-03-realnumber-q49,chap-03-realnumber,mc,0,$x^{2} - 5x + 6 = 0$,เจอแต่ไม่อยู่ท้าย,44,🟡 อาจเป็นการเอ่ยกลางทาง ⛔ ไม่ใช่ผลสรุป
chap-03-realnumber-q50,chap-03-realnumber,mc,3,$\left\{ x \mid \left| \dfrac{x - 1}{x + 1} \right| = \dfrac{x - 1}{x + 1} \righ,ไม่เจอเลย,40,🔴 คำตอบไม่ปรากฏในเฉลยเลย
chap-03-realnumber-q51,chap-03-realnumber,mc,2,ก. ผิด ข. ถูก,เจอแต่ไม่อยู่ท้าย,43,🟡 อาจเป็นการเอ่ยกลางทาง ⛔ ไม่ใช่ผลสรุป
chap-03-realnumber-q52,chap-03-realnumber,mc,0,"$(-1, 0)$",เจอแต่ไม่อยู่ท้าย,49,🟡 อาจเป็นการเอ่ยกลางทาง ⛔ ไม่ใช่ผลสรุป
chap-03-realnumber-q53,chap-03-realnumber,mc,3,"$A - B = (-\infty, -1)$",ไม่เจอเลย,59,🔴 คำตอบไม่ปรากฏในเฉลยเลย
chap-03-realnumber-q54,chap-03-realnumber,mc,3,"$(-2, 0) \cup (0, 3) \cup (5, 6)$",เจอแต่ไม่อยู่ท้าย,44,🟡 อาจเป็นการเอ่ยกลางทาง ⛔ ไม่ใช่ผลสรุป
chap-03-realnumber-q55,chap-03-realnumber,mc,2,"$\{-1.8, 1.8\}$",เจอแต่ไม่อยู่ท้าย,47,🟡 อาจเป็นการเอ่ยกลางทาง ⛔ ไม่ใช่ผลสรุป
chap-03-realnumber-q56,chap-03-realnumber,mc,3,"$(-\infty, -2] \cup [-1, \infty)$",เจอแต่ไม่อยู่ท้าย,41,🟡 อาจเป็นการเอ่ยกลางทาง ⛔ ไม่ใช่ผลสรุป
chap-03-realnumber-q57,chap-03-realnumber,mc,0,"$(-5, -3)$",เจอแต่ไม่อยู่ท้าย,44,🟡 อาจเป็นการเอ่ยกลางทาง ⛔ ไม่ใช่ผลสรุป
chap-03-realnumber-q58,chap-03-realnumber,mc,3,"$(-\infty, \infty)$",เจอแต่ไม่อยู่ท้าย,47,🟡 อาจเป็นการเอ่ยกลางทาง ⛔ ไม่ใช่ผลสรุป
chap-03-realnumber-q59,chap-03-realnumber,mc,2,$x < 1$,ไม่เจอเลย,39,🔴 คำตอบไม่ปรากฏในเฉลยเลย
chap-03-realnumber-q60,chap-03-realnumber,mc,2,"$[\dfrac{1}{2}, 2]$",เจอแต่ไม่อยู่ท้าย,57,🟡 อาจเป็นการเอ่ยกลางทาง ⛔ ไม่ใช่ผลสรุป
chap-03-realnumber-q61,chap-03-realnumber,mc,1,ก. ถูก และ ข. ผิด,ไม่เจอเลย,57,🔴 คำตอบไม่ปรากฏในเฉลยเลย
chap-03-realnumber-q62,chap-03-realnumber,mc,1,$\{x \in \mathbb{R} \mid |x - \dfrac{7}{2}| \le \dfrac{1}{2}\}$,ไม่เจอเลย,38,🔴 คำตอบไม่ปรากฏในเฉลยเลย
chap-03-realnumber-q63,chap-03-realnumber,mc,0,"$(-6, -2) \cup \left(0, \dfrac{1}{4}\right)$",เจอแต่ไม่อยู่ท้าย,52,🟡 อาจเป็นการเอ่ยกลางทาง ⛔ ไม่ใช่ผลสรุป
chap-03-realnumber-q64,chap-03-realnumber,mc,3,"$\left(\dfrac{5}{3}, 2\right) \cup (2, 3)$",เจอแต่ไม่อยู่ท้าย,43,🟡 อาจเป็นการเอ่ยกลางทาง ⛔ ไม่ใช่ผลสรุป
chap-03-realnumber-q65,chap-03-realnumber,mc,2,"$\left(-\infty, -\dfrac{11}{2}\right) \cup \left(-\dfrac{5}{6}, \infty\right)$",เจอแต่ไม่อยู่ท้าย,44,🟡 อาจเป็นการเอ่ยกลางทาง ⛔ ไม่ใช่ผลสรุป
chap-03-realnumber-q66,chap-03-realnumber,mc,1,ก. ผิด ข. ถูก,เจอแต่ไม่อยู่ท้าย,55,🟡 อาจเป็นการเอ่ยกลางทาง ⛔ ไม่ใช่ผลสรุป
chap-03-realnumber-q67,chap-03-realnumber,fill,'5.5',5.5,เจอแต่ไม่อยู่ท้าย,44,🟡 อาจเป็นการเอ่ยกลางทาง ⛔ ไม่ใช่ผลสรุป
chap-03-realnumber-q68,chap-03-realnumber,mc,1,"$[0.5, 1)$",เจอแต่ไม่อยู่ท้าย,43,🟡 อาจเป็นการเอ่ยกลางทาง ⛔ ไม่ใช่ผลสรุป
chap-03-realnumber-q69,chap-03-realnumber,mc,2,$15$,เจอแต่ไม่อยู่ท้าย,39,🟡 อาจเป็นการเอ่ยกลางทาง ⛔ ไม่ใช่ผลสรุป
chap-03-realnumber-q70,chap-03-realnumber,mc,1,$-3$,เจอแต่ไม่อยู่ท้าย,41,🟡 อาจเป็นการเอ่ยกลางทาง ⛔ ไม่ใช่ผลสรุป
chap-03-realnumber-q71,chap-03-realnumber,mc,3,ก. และ ข. ผิดทั้งคู่,ไม่เจอเลย,30,🔴 คำตอบไม่ปรากฏในเฉลยเลย
chap-03-realnumber-q72,chap-03-realnumber,mc,1,"$A \subset (-2, 10]$",เจอแต่ไม่อยู่ท้าย,50,🟡 อาจเป็นการเอ่ยกลางทาง ⛔ ไม่ใช่ผลสรุป
chap-03-realnumber-q73,chap-03-realnumber,mc,1,$\{x \mid x > 0\}$,เจอแต่ไม่อยู่ท้าย,45,🟡 อาจเป็นการเอ่ยกลางทาง ⛔ ไม่ใช่ผลสรุป
chap-03-realnumber-q75,chap-03-realnumber,mc,1,$x$ และ $y$ มีเครื่องหมายต่างกัน,เจอแต่ไม่อยู่ท้าย,35,🟡 อาจเป็นการเอ่ยกลางทาง ⛔ ไม่ใช่ผลสรุป
chap-03-realnumber-q76,chap-03-realnumber,mc,4,$15$,เจอแต่ไม่อยู่ท้าย,34,🟡 อาจเป็นการเอ่ยกลางทาง ⛔ ไม่ใช่ผลสรุป
chap-03-realnumber-q78,chap-03-realnumber,mc,2,ก. ผิด แต่ ข. ถูก,เจอแต่ไม่อยู่ท้าย,30,🟡 อาจเป็นการเอ่ยกลางทาง ⛔ ไม่ใช่ผลสรุป
chap-03-realnumber-q79,chap-03-realnumber,mc,3,$20$,เจอแต่ไม่อยู่ท้าย,34,🟡 อาจเป็นการเอ่ยกลางทาง ⛔ ไม่ใช่ผลสรุป
chap-03-realnumber-q81,chap-03-realnumber,fill,'675',675,เจอแต่ไม่อยู่ท้าย,31,🟡 อาจเป็นการเอ่ยกลางทาง ⛔ ไม่ใช่ผลสรุป
chap-03-realnumber-q82,chap-03-realnumber,mc,3,$21$,เจอแต่ไม่อยู่ท้าย,32,🟡 อาจเป็นการเอ่ยกลางทาง ⛔ ไม่ใช่ผลสรุป
chap-03-realnumber-q83,chap-03-realnumber,fill,'14',14,เจอแต่ไม่อยู่ท้าย,35,🟡 อาจเป็นการเอ่ยกลางทาง ⛔ ไม่ใช่ผลสรุป
chap-03-realnumber-q84,chap-03-realnumber,mc,2,$233$,เจอแต่ไม่อยู่ท้าย,29,🟡 อาจเป็นการเอ่ยกลางทาง ⛔ ไม่ใช่ผลสรุป
chap-03-realnumber-q85,chap-03-realnumber,mc,0,$84$,เจอแต่ไม่อยู่ท้าย,41,🟡 อาจเป็นการเอ่ยกลางทาง ⛔ ไม่ใช่ผลสรุป
chap-03-realnumber-q86,chap-03-realnumber,fill,'48',48,เจอแต่ไม่อยู่ท้าย,32,🟡 อาจเป็นการเอ่ยกลางทาง ⛔ ไม่ใช่ผลสรุป
chap-03-realnumber-q87,chap-03-realnumber,fill,'400',400,เจอแต่ไม่อยู่ท้าย,31,🟡 อาจเป็นการเอ่ยกลางทาง ⛔ ไม่ใช่ผลสรุป
chap-03-realnumber-q88,chap-03-realnumber,mc,1,$40$,เจอแต่ไม่อยู่ท้าย,33,🟡 อาจเป็นการเอ่ยกลางทาง ⛔ ไม่ใช่ผลสรุป
chap-03-realnumber-q89,chap-03-realnumber,mc,3,$58$,เจอแต่ไม่อยู่ท้าย,37,🟡 อาจเป็นการเอ่ยกลางทาง ⛔ ไม่ใช่ผลสรุป
chap-03-realnumber-q90,chap-03-realnumber,mc,0,ก. ถูก และ ข. ถูก,เจอแต่ไม่อยู่ท้าย,40,🟡 อาจเป็นการเอ่ยกลางทาง ⛔ ไม่ใช่ผลสรุป
chap-03-realnumber-q91,chap-03-realnumber,mc,1,ก. ถูก และ ข. ผิด,เจอแต่ไม่อยู่ท้าย,29,🟡 อาจเป็นการเอ่ยกลางทาง ⛔ ไม่ใช่ผลสรุป
chap-03-realnumber-q92,chap-03-realnumber,mc,2,"ถ้า $a, m, n$ เป็นจำนวนเต็มบวก และ $a \mid mn$ แล้ว จะได้ว่า $a \mid m$ หรือ $a ",ไม่เจอเลย,21,🔴 คำตอบไม่ปรากฏในเฉลยเลย
chap-03-realnumber-q94,chap-03-realnumber,fill,'270',270,เจอแต่ไม่อยู่ท้าย,28,🟡 อาจเป็นการเอ่ยกลางทาง ⛔ ไม่ใช่ผลสรุป
chap-03-realnumber-q95,chap-03-realnumber,mc,3,$18$,เจอแต่ไม่อยู่ท้าย,23,🟡 อาจเป็นการเอ่ยกลางทาง ⛔ ไม่ใช่ผลสรุป
chap-03-realnumber-q96,chap-03-realnumber,fill,'210',210,เจอแต่ไม่อยู่ท้าย,27,🟡 อาจเป็นการเอ่ยกลางทาง ⛔ ไม่ใช่ผลสรุป
chap-03-realnumber-q97,chap-03-realnumber,mc,1,$200$,เจอแต่ไม่อยู่ท้าย,38,🟡 อาจเป็นการเอ่ยกลางทาง ⛔ ไม่ใช่ผลสรุป
chap-03-realnumber-q98,chap-03-realnumber,mc,2,$795$,เจอแต่ไม่อยู่ท้าย,26,🟡 อาจเป็นการเอ่ยกลางทาง ⛔ ไม่ใช่ผลสรุป
chap-03-realnumber-q99,chap-03-realnumber,mc,1,$3$ ชั่วโมง,เจอแต่ไม่อยู่ท้าย,35,🟡 อาจเป็นการเอ่ยกลางทาง ⛔ ไม่ใช่ผลสรุป
chap-03-realnumber-q100,chap-03-realnumber,mc,0,$\dfrac{4}{3}$,เจอแต่ไม่อยู่ท้าย,28,🟡 อาจเป็นการเอ่ยกลางทาง ⛔ ไม่ใช่ผลสรุป
chap-03-realnumber-q101,chap-03-realnumber,mc,2,จำนวนตรรกยะ,เจอแต่ไม่อยู่ท้าย,27,🟡 อาจเป็นการเอ่ยกลางทาง ⛔ ไม่ใช่ผลสรุป
chap-03-realnumber-q102,chap-03-realnumber,fill,29,29,เจอแต่ไม่อยู่ท้าย,32,🟡 อาจเป็นการเอ่ยกลางทาง ⛔ ไม่ใช่ผลสรุป
chap-03-realnumber-q104,chap-03-realnumber,mc,3,$\dfrac{a + b}{2} \ge \sqrt{ab}$,เจอแต่ไม่อยู่ท้าย,31,🟡 อาจเป็นการเอ่ยกลางทาง ⛔ ไม่ใช่ผลสรุป
chap-03-realnumber-q105,chap-03-realnumber,mc,0,ถูกเพียงข้อเดียว,เจอแต่ไม่อยู่ท้าย,39,🟡 อาจเป็นการเอ่ยกลางทาง ⛔ ไม่ใช่ผลสรุป
chap-03-realnumber-q106,chap-03-realnumber,mc,0,$(x - 2)(x + 1)(x - 4)$,เจอแต่ไม่อยู่ท้าย,35,🟡 อาจเป็นการเอ่ยกลางทาง ⛔ ไม่ใช่ผลสรุป
chap-03-realnumber-q109,chap-03-realnumber,fill,0.8,0.8,เจอแต่ไม่อยู่ท้าย,34,🟡 อาจเป็นการเอ่ยกลางทาง ⛔ ไม่ใช่ผลสรุป
chap-03-realnumber-q110,chap-03-realnumber,mc,2,$11$,เจอแต่ไม่อยู่ท้าย,35,🟡 อาจเป็นการเอ่ยกลางทาง ⛔ ไม่ใช่ผลสรุป
chap-03-realnumber-q113,chap-03-realnumber,mc,0,$-5$,เจอแต่ไม่อยู่ท้าย,39,🟡 อาจเป็นการเอ่ยกลางทาง ⛔ ไม่ใช่ผลสรุป
chap-03-realnumber-q114,chap-03-realnumber,mc,1,ข้อ ข. ถูก,เจอแต่ไม่อยู่ท้าย,43,🟡 อาจเป็นการเอ่ยกลางทาง ⛔ ไม่ใช่ผลสรุป
chap-03-realnumber-q115,chap-03-realnumber,mc,0,"$\{2,6\}$",เจอแต่ไม่อยู่ท้าย,28,🟡 อาจเป็นการเอ่ยกลางทาง ⛔ ไม่ใช่ผลสรุป
chap-03-realnumber-q120,chap-03-realnumber,fill,'3',3,เจอแต่ไม่อยู่ท้าย,36,🟡 อาจเป็นการเอ่ยกลางทาง ⛔ ไม่ใช่ผลสรุป
chap-03-realnumber-q122,chap-03-realnumber,mc,0,$-\dfrac{9}{4}$,เจอแต่ไม่อยู่ท้าย,38,🟡 อาจเป็นการเอ่ยกลางทาง ⛔ ไม่ใช่ผลสรุป
chap-03-realnumber-q123,chap-03-realnumber,fill,'-2',-2,เจอแต่ไม่อยู่ท้าย,44,🟡 อาจเป็นการเอ่ยกลางทาง ⛔ ไม่ใช่ผลสรุป
chap-03-realnumber-q124,chap-03-realnumber,mc,1,$54$,เจอแต่ไม่อยู่ท้าย,28,🟡 อาจเป็นการเอ่ยกลางทาง ⛔ ไม่ใช่ผลสรุป
chap-03-realnumber-q125,chap-03-realnumber,fill,'x^3 - (3/2)x^2 - x + 3/2',x^3 - (3/2)x^2 - x + 3/2,ไม่เจอเลย,27,🔴 คำตอบไม่ปรากฏในเฉลยเลย
chap-03-realnumber-q126,chap-03-realnumber,fill,'-5',-5,เจอแต่ไม่อยู่ท้าย,45,🟡 อาจเป็นการเอ่ยกลางทาง ⛔ ไม่ใช่ผลสรุป
chap-03-realnumber-q127,chap-03-realnumber,fill,'18',18,เจอแต่ไม่อยู่ท้าย,39,🟡 อาจเป็นการเอ่ยกลางทาง ⛔ ไม่ใช่ผลสรุป
chap-03-realnumber-q128,chap-03-realnumber,mc,2,$51$,เจอแต่ไม่อยู่ท้าย,42,🟡 อาจเป็นการเอ่ยกลางทาง ⛔ ไม่ใช่ผลสรุป
chap-03-realnumber-q129,chap-03-realnumber,fill,"'(1, 2) ∪ (3, 4)'","(1, 2) ∪ (3, 4)",ไม่เจอเลย,49,🔴 คำตอบไม่ปรากฏในเฉลยเลย
chap-03-realnumber-q130,chap-03-realnumber,fill,"'{17, -2}'","{17, -2}",เจอแต่ไม่อยู่ท้าย,36,🟡 อาจเป็นการเอ่ยกลางทาง ⛔ ไม่ใช่ผลสรุป
chap-03-realnumber-q131,chap-03-realnumber,fill,"'{(1,-1),(2,-2)}'","{(1,-1),(2,-2)}",ไม่เจอเลย,29,🔴 คำตอบไม่ปรากฏในเฉลยเลย
chap-03-realnumber-q132,chap-03-realnumber,mc,0,$-\dfrac{10}{3}$,เจอแต่ไม่อยู่ท้าย,32,🟡 อาจเป็นการเอ่ยกลางทาง ⛔ ไม่ใช่ผลสรุป
chap-03-realnumber-q133,chap-03-realnumber,fill,'15',15,เจอแต่ไม่อยู่ท้าย,31,🟡 อาจเป็นการเอ่ยกลางทาง ⛔ ไม่ใช่ผลสรุป
chap-03-realnumber-q134,chap-03-realnumber,fill,'27000',27000,เจอแต่ไม่อยู่ท้าย,27,🟡 อาจเป็นการเอ่ยกลางทาง ⛔ ไม่ใช่ผลสรุป
chap-03-realnumber-q135,chap-03-realnumber,fill,'36',36,เจอแต่ไม่อยู่ท้าย,29,🟡 อาจเป็นการเอ่ยกลางทาง ⛔ ไม่ใช่ผลสรุป
chap-03-realnumber-q136,chap-03-realnumber,mc,1,$123$,เจอแต่ไม่อยู่ท้าย,24,🟡 อาจเป็นการเอ่ยกลางทาง ⛔ ไม่ใช่ผลสรุป
chap-03-realnumber-q137,chap-03-realnumber,mc,3,$123$,เจอแต่ไม่อยู่ท้าย,28,🟡 อาจเป็นการเอ่ยกลางทาง ⛔ ไม่ใช่ผลสรุป
chap-03-realnumber-q138,chap-03-realnumber,mc,2,$1590$,เจอแต่ไม่อยู่ท้าย,28,🟡 อาจเป็นการเอ่ยกลางทาง ⛔ ไม่ใช่ผลสรุป
chap-03-realnumber-q139,chap-03-realnumber,fill,'-5',-5,เจอแต่ไม่อยู่ท้าย,26,🟡 อาจเป็นการเอ่ยกลางทาง ⛔ ไม่ใช่ผลสรุป
chap-03-realnumber-q140,chap-03-realnumber,mc,3,$2$,เจอแต่ไม่อยู่ท้าย,36,🟡 อาจเป็นการเอ่ยกลางทาง ⛔ ไม่ใช่ผลสรุป
chap-03-realnumber-q141,chap-03-realnumber,mc,2,$(A-B)\cap C' = A-B$,ไม่เจอเลย,33,🔴 คำตอบไม่ปรากฏในเฉลยเลย
chap-03-realnumber-q143,chap-03-realnumber,fill,"'(2, 4.5)'","(2, 4.5)",ไม่เจอเลย,32,🔴 คำตอบไม่ปรากฏในเฉลยเลย
chap-03-realnumber-q144,chap-03-realnumber,mc,2,"ถ้า $x,y$ เป็นจำนวนจริงใดๆ และ $x-1 < y+1$ แล้ว $\frac{1}{2}(x^2-y^2) < x+y$",ไม่เจอเลย,44,🔴 คำตอบไม่ปรากฏในเฉลยเลย
chap-03-realnumber-q145,chap-03-realnumber,mc,2,"$a\in[1,9]$",เจอแต่ไม่อยู่ท้าย,32,🟡 อาจเป็นการเอ่ยกลางทาง ⛔ ไม่ใช่ผลสรุป
chap-03-realnumber-q146,chap-03-realnumber,fill,"'(-6, -4) ∪ (-4, 1)'","(-6, -4) ∪ (-4, 1)",ไม่เจอเลย,50,🔴 คำตอบไม่ปรากฏในเฉลยเลย
chap-03-realnumber-q147,chap-03-realnumber,mc,0,"$(-3,-1]\cup[-\frac{1}{2},1)\cup(1,\infty)$",เจอแต่ไม่อยู่ท้าย,57,🟡 อาจเป็นการเอ่ยกลางทาง ⛔ ไม่ใช่ผลสรุป
chap-03-realnumber-q148,chap-03-realnumber,fill,"'(-∞, -1) ∪ [0, 1]'","(-∞, -1) ∪ [0, 1]",ไม่เจอเลย,58,🔴 คำตอบไม่ปรากฏในเฉลยเลย
chap-03-realnumber-q149,chap-03-realnumber,fill,"'(-∞, 0] ∪ (1, 2] ∪ [3, ∞)'","(-∞, 0] ∪ (1, 2] ∪ [3, ∞)",ไม่เจอเลย,49,🔴 คำตอบไม่ปรากฏในเฉลยเลย
chap-03-realnumber-q150,chap-03-realnumber,mc,2,ก. ผิด และ ข. ถูก,เจอแต่ไม่อยู่ท้าย,63,🟡 อาจเป็นการเอ่ยกลางทาง ⛔ ไม่ใช่ผลสรุป
chap-03-realnumber-q153,chap-03-realnumber,mc,0,"$(-\infty, 0] \cup [1, 3)$",เจอแต่ไม่อยู่ท้าย,61,🟡 อาจเป็นการเอ่ยกลางทาง ⛔ ไม่ใช่ผลสรุป
chap-03-realnumber-q154,chap-03-realnumber,mc,2,"ถ้า $X = \{b \mid b = 2 - \dfrac{1}{2^k},\ k$ เป็นจำนวนเต็มที่มากกว่าหรือเท่ากับ",ไม่เจอเลย,49,🔴 คำตอบไม่ปรากฏในเฉลยเลย
chap-03-realnumber-q155,chap-03-realnumber,fill,"'$\\{-\\sqrt{3},\\ 1-\\sqrt{2}\\}$'","$\{-\sqrt{3},\ 1-\sqrt{2}\}$",เจอแต่ไม่อยู่ท้าย,64,🟡 อาจเป็นการเอ่ยกลางทาง ⛔ ไม่ใช่ผลสรุป
chap-03-realnumber-q156,chap-03-realnumber,fill,"'$[-4,-3) \\cup (-3,-2]$'","$[-4,-3) \cup (-3,-2]$",เจอแต่ไม่อยู่ท้าย,43,🟡 อาจเป็นการเอ่ยกลางทาง ⛔ ไม่ใช่ผลสรุป
chap-03-realnumber-q157,chap-03-realnumber,mc,0,$2$,เจอแต่ไม่อยู่ท้าย,40,🟡 อาจเป็นการเอ่ยกลางทาง ⛔ ไม่ใช่ผลสรุป
chap-03-realnumber-q158,chap-03-realnumber,mc,2,"$(-\infty, -4) \cup (-\dfrac{10}{3}, -\dfrac{5}{2}) \cup (-2, \infty)$",เจอแต่ไม่อยู่ท้าย,58,🟡 อาจเป็นการเอ่ยกลางทาง ⛔ ไม่ใช่ผลสรุป
chap-03-realnumber-q160,chap-03-realnumber,fill,"'$(-\\infty,-3) \\cup (4,\\infty)$'","$(-\infty,-3) \cup (4,\infty)$",เจอแต่ไม่อยู่ท้าย,44,🟡 อาจเป็นการเอ่ยกลางทาง ⛔ ไม่ใช่ผลสรุป
chap-03-realnumber-q161,chap-03-realnumber,mc,1,$5$,เจอแต่ไม่อยู่ท้าย,63,🟡 อาจเป็นการเอ่ยกลางทาง ⛔ ไม่ใช่ผลสรุป
chap-03-realnumber-q162,chap-03-realnumber,fill,"'$(-\\infty, -4) \\cup (0, \\infty)$'","$(-\infty, -4) \cup (0, \infty)$",เจอแต่ไม่อยู่ท้าย,63,🟡 อาจเป็นการเอ่ยกลางทาง ⛔ ไม่ใช่ผลสรุป
chap-03-realnumber-q163,chap-03-realnumber,fill,'23',23,เจอแต่ไม่อยู่ท้าย,52,🟡 อาจเป็นการเอ่ยกลางทาง ⛔ ไม่ใช่ผลสรุป
chap-03-realnumber-q164,chap-03-realnumber,fill,'7',7,เจอแต่ไม่อยู่ท้าย,39,🟡 อาจเป็นการเอ่ยกลางทาง ⛔ ไม่ใช่ผลสรุป
chap-03-realnumber-q165,chap-03-realnumber,fill,'1320',1320,เจอแต่ไม่อยู่ท้าย,35,🟡 อาจเป็นการเอ่ยกลางทาง ⛔ ไม่ใช่ผลสรุป
chap-03-realnumber-q166,chap-03-realnumber,mc,0,$0$ จำนวน,เจอแต่ไม่อยู่ท้าย,35,🟡 อาจเป็นการเอ่ยกลางทาง ⛔ ไม่ใช่ผลสรุป
chap-03-realnumber-q167,chap-03-realnumber,fill,'11',11,เจอแต่ไม่อยู่ท้าย,47,🟡 อาจเป็นการเอ่ยกลางทาง ⛔ ไม่ใช่ผลสรุป
chap-03-realnumber-q169,chap-03-realnumber,mc,1,"เซตคำตอบของอสมการ $\dfrac{2}{x - 2} \ge \dfrac{4}{x}$ คือ $(-\infty, 0] \cup [3,",ไม่เจอเลย,50,🔴 คำตอบไม่ปรากฏในเฉลยเลย
chap-03-realnumber-q170,chap-03-realnumber,mc,1,จำนวนแถวของห้องเรียน $A =$ จำนวนแถวของห้องเรียน $B$,ไม่เจอเลย,34,🔴 คำตอบไม่ปรากฏในเฉลยเลย
chap-03-realnumber-q171,chap-03-realnumber,mc,2,"$\{7, 8, 10\}$",เจอแต่ไม่อยู่ท้าย,47,🟡 อาจเป็นการเอ่ยกลางทาง ⛔ ไม่ใช่ผลสรุป
chap-03-realnumber-q172,chap-03-realnumber,fill,'270',270,เจอแต่ไม่อยู่ท้าย,46,🟡 อาจเป็นการเอ่ยกลางทาง ⛔ ไม่ใช่ผลสรุป
chap-03-realnumber-q173,chap-03-realnumber,fill,'9',9,เจอแต่ไม่อยู่ท้าย,37,🟡 อาจเป็นการเอ่ยกลางทาง ⛔ ไม่ใช่ผลสรุป
chap-03-realnumber-q174,chap-03-realnumber,fill,'9',9,เจอแต่ไม่อยู่ท้าย,41,🟡 อาจเป็นการเอ่ยกลางทาง ⛔ ไม่ใช่ผลสรุป
chap-03-realnumber-q175,chap-03-realnumber,fill,'4',4,เจอแต่ไม่อยู่ท้าย,43,🟡 อาจเป็นการเอ่ยกลางทาง ⛔ ไม่ใช่ผลสรุป
chap-03-realnumber-q176,chap-03-realnumber,fill,'4',4,เจอแต่ไม่อยู่ท้าย,46,🟡 อาจเป็นการเอ่ยกลางทาง ⛔ ไม่ใช่ผลสรุป
chap-03-realnumber-q177,chap-03-realnumber,mc,1,"$(a, 1998) = 6$",เจอแต่ไม่อยู่ท้าย,40,🟡 อาจเป็นการเอ่ยกลางทาง ⛔ ไม่ใช่ผลสรุป
chap-03-realnumber-q180,chap-03-realnumber,fill,'21',21,เจอแต่ไม่อยู่ท้าย,43,🟡 อาจเป็นการเอ่ยกลางทาง ⛔ ไม่ใช่ผลสรุป
chap-03-realnumber-q181,chap-03-realnumber,mc,0,$0$,เจอแต่ไม่อยู่ท้าย,26,🟡 อาจเป็นการเอ่ยกลางทาง ⛔ ไม่ใช่ผลสรุป
chap-03-realnumber-q182,chap-03-realnumber,fill,"'2, ไม่เป็น'","2, ไม่เป็น",ไม่เจอเลย,37,🔴 คำตอบไม่ปรากฏในเฉลยเลย
chap-03-realnumber-q183,chap-03-realnumber,fill,"'0, 1, 2'","0, 1, 2",เจอแต่ไม่อยู่ท้าย,33,🟡 อาจเป็นการเอ่ยกลางทาง ⛔ ไม่ใช่ผลสรุป
chap-03-realnumber-q184,chap-03-realnumber,fill,"'{0, 2, 7, 8}'","{0, 2, 7, 8}",เจอแต่ไม่อยู่ท้าย,34,🟡 อาจเป็นการเอ่ยกลางทาง ⛔ ไม่ใช่ผลสรุป
chap-03-realnumber-q185,chap-03-realnumber,fill,'119',119,เจอแต่ไม่อยู่ท้าย,25,🟡 อาจเป็นการเอ่ยกลางทาง ⛔ ไม่ใช่ผลสรุป
chap-03-realnumber-q186,chap-03-realnumber,mc,2,$5 \mid (r_1 - r_2)$,เจอแต่ไม่อยู่ท้าย,41,🟡 อาจเป็นการเอ่ยกลางทาง ⛔ ไม่ใช่ผลสรุป
chap-03-realnumber-q187,chap-03-realnumber,mc,3,$9$,เจอแต่ไม่อยู่ท้าย,31,🟡 อาจเป็นการเอ่ยกลางทาง ⛔ ไม่ใช่ผลสรุป
chap-03-realnumber-q188,chap-03-realnumber,fill,"'{6, 7, 24, 43}'","{6, 7, 24, 43}",เจอแต่ไม่อยู่ท้าย,54,🟡 อาจเป็นการเอ่ยกลางทาง ⛔ ไม่ใช่ผลสรุป
chap-03-realnumber-q190,chap-03-realnumber,fill,'244',244,เจอแต่ไม่อยู่ท้าย,35,🟡 อาจเป็นการเอ่ยกลางทาง ⛔ ไม่ใช่ผลสรุป
chap-04-coord-q01,chap-04-coord,mc,1,21 ตารางหน่วย,เจอแต่ไม่อยู่ท้าย,25,🟡 อาจเป็นการเอ่ยกลางทาง ⛔ ไม่ใช่ผลสรุป
chap-04-coord-q02,chap-04-coord,mc,3,ระยะห่างระหว่างเส้นตรง $x - 2y + 5 = 0$ กับเส้นตรง $x - 2y - 5 = 0$ เท่ากับ 2,ไม่เจอเลย,27,🔴 คำตอบไม่ปรากฏในเฉลยเลย
chap-04-coord-q03,chap-04-coord,mc,2,"โปรเจคชันบนแกน $x$ ของส่วนของเส้นตรงที่เชื่อมจุด $P(-1.5, -1)$ กับจุด $Q(3, -0.5",ไม่เจอเลย,31,🔴 คำตอบไม่ปรากฏในเฉลยเลย
chap-04-coord-q04,chap-04-coord,mc,1,$\dfrac{3}{2}$,เจอแต่ไม่อยู่ท้าย,35,🟡 อาจเป็นการเอ่ยกลางทาง ⛔ ไม่ใช่ผลสรุป
chap-04-coord-q05,chap-04-coord,mc,0,$3x - 3y - 1 = 0$,เจอแต่ไม่อยู่ท้าย,31,🟡 อาจเป็นการเอ่ยกลางทาง ⛔ ไม่ใช่ผลสรุป
chap-04-coord-q06,chap-04-coord,mc,2,$2y + 3x - 16 = 0$,เจอแต่ไม่อยู่ท้าย,32,🟡 อาจเป็นการเอ่ยกลางทาง ⛔ ไม่ใช่ผลสรุป
chap-04-coord-q07,chap-04-coord,mc,3,$2$,เจอแต่ไม่อยู่ท้าย,32,🟡 อาจเป็นการเอ่ยกลางทาง ⛔ ไม่ใช่ผลสรุป
chap-04-coord-q08,chap-04-coord,mc,1,$22y - 6x - 97 = 0$,เจอแต่ไม่อยู่ท้าย,32,🟡 อาจเป็นการเอ่ยกลางทาง ⛔ ไม่ใช่ผลสรุป
chap-04-coord-q09,chap-04-coord,fill,'0.8',0.8,เจอแต่ไม่อยู่ท้าย,32,🟡 อาจเป็นการเอ่ยกลางทาง ⛔ ไม่ใช่ผลสรุป
chap-04-coord-q10,chap-04-coord,mc,0,$-\dfrac{2}{3}$,เจอแต่ไม่อยู่ท้าย,20,🟡 อาจเป็นการเอ่ยกลางทาง ⛔ ไม่ใช่ผลสรุป
chap-04-coord-q11,chap-04-coord,mc,3,$7.5$,เจอแต่ไม่อยู่ท้าย,26,🟡 อาจเป็นการเอ่ยกลางทาง ⛔ ไม่ใช่ผลสรุป
chap-04-coord-q12,chap-04-coord,mc,0,$5x - 3y + 6 = 0$,เจอแต่ไม่อยู่ท้าย,36,🟡 อาจเป็นการเอ่ยกลางทาง ⛔ ไม่ใช่ผลสรุป
chap-04-coord-q13,chap-04-coord,mc,0,"$(-\sqrt{5}, 2\sqrt{5})$, $(\sqrt{5}, 2\sqrt{5})$, $(0, 4\sqrt{5})$",เจอแต่ไม่อยู่ท้าย,25,🟡 อาจเป็นการเอ่ยกลางทาง ⛔ ไม่ใช่ผลสรุป
chap-04-coord-q14,chap-04-coord,mc,3,ระยะตัดแกน $y$ ของเส้นตรง $L$ คือ $-1$,ไม่เจอเลย,27,🔴 คำตอบไม่ปรากฏในเฉลยเลย
chap-04-coord-q15,chap-04-coord,mc,4,เนื่องจากสมการทั่วไปของเส้นตรงอยู่ในรูป $ax + by + c = 0$ การจะหาสมการของเส้นตรง,ไม่เจอเลย,26,🔴 คำตอบไม่ปรากฏในเฉลยเลย
chap-04-coord-q16,chap-04-coord,mc,2,$x + \sqrt{3}y - 12 = 0$,เจอแต่ไม่อยู่ท้าย,24,🟡 อาจเป็นการเอ่ยกลางทาง ⛔ ไม่ใช่ผลสรุป
chap-04-coord-q17,chap-04-coord,mc,3,"สมการ $Ax + By + C = 0$ ซึ่งมี $A$, $B$ และ $C$ เป็นจำนวนคงที่
ถ้า $A \ne 0$ และ",ไม่เจอเลย,24,🔴 คำตอบไม่ปรากฏในเฉลยเลย
chap-04-coord-q18,chap-04-coord,mc,1,ควอดรันต์ที่ 1 และ 3,เจอแต่ไม่อยู่ท้าย,34,🟡 อาจเป็นการเอ่ยกลางทาง ⛔ ไม่ใช่ผลสรุป
chap-04-coord-q19,chap-04-coord,fill,'10',10,เจอแต่ไม่อยู่ท้าย,34,🟡 อาจเป็นการเอ่ยกลางทาง ⛔ ไม่ใช่ผลสรุป
chap-04-coord-q20,chap-04-coord,mc,1,$5x - 6y + 8 = 0$,เจอแต่ไม่อยู่ท้าย,39,🟡 อาจเป็นการเอ่ยกลางทาง ⛔ ไม่ใช่ผลสรุป
chap-04-coord-q21,chap-04-coord,mc,1,"$(7, 3\sqrt{3})$",เจอแต่ไม่อยู่ท้าย,40,🟡 อาจเป็นการเอ่ยกลางทาง ⛔ ไม่ใช่ผลสรุป
chap-04-coord-q22,chap-04-coord,mc,4,ไม่มีข้อใดใน 1. ถึง 4. ที่ถูก,ไม่เจอเลย,39,🔴 คำตอบไม่ปรากฏในเฉลยเลย
chap-04-coord-q23,chap-04-coord,mc,1,$4x - 3y + 14 = 0$,เจอแต่ไม่อยู่ท้าย,22,🟡 อาจเป็นการเอ่ยกลางทาง ⛔ ไม่ใช่ผลสรุป
chap-04-coord-q24,chap-04-coord,mc,3,"$P$ ผ่านจุด $(-2, -2)$",ไม่เจอเลย,27,🔴 คำตอบไม่ปรากฏในเฉลยเลย
chap-04-coord-q25,chap-04-coord,mc,0,$10\dfrac{2}{3}$ นิ้ว,เจอแต่ไม่อยู่ท้าย,21,🟡 อาจเป็นการเอ่ยกลางทาง ⛔ ไม่ใช่ผลสรุป
chap-04-coord-q26,chap-04-coord,mc,1,$3.25$,เจอแต่ไม่อยู่ท้าย,22,🟡 อาจเป็นการเอ่ยกลางทาง ⛔ ไม่ใช่ผลสรุป
chap-04-coord-q27,chap-04-coord,mc,3,15 ล้านไมล์,เจอแต่ไม่อยู่ท้าย,36,🟡 อาจเป็นการเอ่ยกลางทาง ⛔ ไม่ใช่ผลสรุป
chap-04-coord-q28,chap-04-coord,fill,'9',9,เจอแต่ไม่อยู่ท้าย,29,🟡 อาจเป็นการเอ่ยกลางทาง ⛔ ไม่ใช่ผลสรุป
chap-04-coord-q30,chap-04-coord,mc,3,$y = 6$,เจอแต่ไม่อยู่ท้าย,23,🟡 อาจเป็นการเอ่ยกลางทาง ⛔ ไม่ใช่ผลสรุป
chap-04-coord-q32,chap-04-coord,mc,2,$m = n$,เจอแต่ไม่อยู่ท้าย,32,🟡 อาจเป็นการเอ่ยกลางทาง ⛔ ไม่ใช่ผลสรุป
chap-04-coord-q33,chap-04-coord,mc,0,$4x - 3y + 2 = 0$,เจอแต่ไม่อยู่ท้าย,26,🟡 อาจเป็นการเอ่ยกลางทาง ⛔ ไม่ใช่ผลสรุป
chap-04-coord-q34,chap-04-coord,mc,2,วงกลมที่มีจุดศูนย์กลางที่จุดโฟกัส $S$ และรัศมียาวเท่ากับ $PS$ สัมผัสกับเส้นไดเรก,ไม่เจอเลย,37,🔴 คำตอบไม่ปรากฏในเฉลยเลย
chap-04-coord-q35,chap-04-coord,mc,3,"พาราโบลาจะมีจุดโฟกัสอยู่ที่จุด $\left(0, \dfrac{9}{4}\right)$",ไม่เจอเลย,26,🔴 คำตอบไม่ปรากฏในเฉลยเลย
chap-04-coord-q38,chap-04-coord,mc,0,$-\dfrac{3}{16}$,เจอแต่ไม่อยู่ท้าย,28,🟡 อาจเป็นการเอ่ยกลางทาง ⛔ ไม่ใช่ผลสรุป
chap-04-coord-q39,chap-04-coord,mc,3,$y = -2x$ และ $x^2 + 2x + y^2 - 4y = 0$,เจอแต่ไม่อยู่ท้าย,34,🟡 อาจเป็นการเอ่ยกลางทาง ⛔ ไม่ใช่ผลสรุป
chap-04-coord-q40,chap-04-coord,mc,2,$4x - 3y + 17 = 0$,เจอแต่ไม่อยู่ท้าย,32,🟡 อาจเป็นการเอ่ยกลางทาง ⛔ ไม่ใช่ผลสรุป
chap-04-coord-q41,chap-04-coord,mc,0,"$\left(4, -\dfrac{43}{8}\right)$",เจอแต่ไม่อยู่ท้าย,33,🟡 อาจเป็นการเอ่ยกลางทาง ⛔ ไม่ใช่ผลสรุป
chap-04-coord-q42,chap-04-coord,mc,1,$x^2 + y^2 - 2x + 6y + 8 = 0$,เจอแต่ไม่อยู่ท้าย,29,🟡 อาจเป็นการเอ่ยกลางทาง ⛔ ไม่ใช่ผลสรุป
chap-04-coord-q43,chap-04-coord,mc,0,$x^2 + y^2 - y = 6$,เจอแต่ไม่อยู่ท้าย,23,🟡 อาจเป็นการเอ่ยกลางทาง ⛔ ไม่ใช่ผลสรุป
chap-04-coord-q44,chap-04-coord,mc,2,$x^2 + y^2 - 12x - 6y + 25 = 0$,เจอแต่ไม่อยู่ท้าย,29,🟡 อาจเป็นการเอ่ยกลางทาง ⛔ ไม่ใช่ผลสรุป
chap-04-coord-q45,chap-04-coord,mc,3,ระยะทางระหว่างจุด $C$ และ $P$ $= \dfrac{\sqrt{85}}{4}$,ไม่เจอเลย,40,🔴 คำตอบไม่ปรากฏในเฉลยเลย
chap-04-coord-q46,chap-04-coord,mc,1,$x^2 - x + y^2 - 2y - 5 = 0$,เจอแต่ไม่อยู่ท้าย,31,🟡 อาจเป็นการเอ่ยกลางทาง ⛔ ไม่ใช่ผลสรุป
chap-04-coord-q48,chap-04-coord,mc,0,"$(2, 1)$",เจอแต่ไม่อยู่ท้าย,36,🟡 อาจเป็นการเอ่ยกลางทาง ⛔ ไม่ใช่ผลสรุป
chap-04-coord-q49,chap-04-coord,mc,2,$y^2 - 4y + 16x - 12 = 0$,เจอแต่ไม่อยู่ท้าย,22,🟡 อาจเป็นการเอ่ยกลางทาง ⛔ ไม่ใช่ผลสรุป
chap-04-coord-q50,chap-04-coord,mc,0,$x^2 - 6x + 12y - 15 = 0$,เจอแต่ไม่อยู่ท้าย,30,🟡 อาจเป็นการเอ่ยกลางทาง ⛔ ไม่ใช่ผลสรุป
chap-04-coord-q51,chap-04-coord,mc,3,$x^2 + y^2 - 2x - 2y - 14 = 0$,เจอแต่ไม่อยู่ท้าย,24,🟡 อาจเป็นการเอ่ยกลางทาง ⛔ ไม่ใช่ผลสรุป
chap-04-coord-q52,chap-04-coord,mc,2,"$(-1, -1)$",เจอแต่ไม่อยู่ท้าย,23,🟡 อาจเป็นการเอ่ยกลางทาง ⛔ ไม่ใช่ผลสรุป
chap-04-coord-q53,chap-04-coord,mc,0,$x^2 + y^2 - 2x - 6y - 26 = 0$,เจอแต่ไม่อยู่ท้าย,23,🟡 อาจเป็นการเอ่ยกลางทาง ⛔ ไม่ใช่ผลสรุป
chap-04-coord-q54,chap-04-coord,fill,'20',20,เจอแต่ไม่อยู่ท้าย,23,🟡 อาจเป็นการเอ่ยกลางทาง ⛔ ไม่ใช่ผลสรุป
chap-04-coord-q56,chap-04-coord,mc,1,$x^2 + y^2 - 6x + 6y + 10 = 0$,เจอแต่ไม่อยู่ท้าย,31,🟡 อาจเป็นการเอ่ยกลางทาง ⛔ ไม่ใช่ผลสรุป
chap-04-coord-q57,chap-04-coord,mc,0,$x^2 + y^2 - 4x - 2y - 5 = 0$,เจอแต่ไม่อยู่ท้าย,30,🟡 อาจเป็นการเอ่ยกลางทาง ⛔ ไม่ใช่ผลสรุป
chap-04-coord-q58,chap-04-coord,mc,3,$\dfrac{145}{16}$,เจอแต่ไม่อยู่ท้าย,28,🟡 อาจเป็นการเอ่ยกลางทาง ⛔ ไม่ใช่ผลสรุป
chap-04-coord-q60,chap-04-coord,mc,2,$8 - 4\sqrt{2}$ หน่วย,ไม่เจอเลย,33,🔴 คำตอบไม่ปรากฏในเฉลยเลย
chap-04-coord-q61,chap-04-coord,mc,2,$9$,เจอแต่ไม่อยู่ท้าย,23,🟡 อาจเป็นการเอ่ยกลางทาง ⛔ ไม่ใช่ผลสรุป
chap-04-coord-q62,chap-04-coord,mc,2,$\sqrt{3} + 3$,เจอแต่ไม่อยู่ท้าย,25,🟡 อาจเป็นการเอ่ยกลางทาง ⛔ ไม่ใช่ผลสรุป
chap-04-coord-q63,chap-04-coord,mc,3,$17.5$,เจอแต่ไม่อยู่ท้าย,24,🟡 อาจเป็นการเอ่ยกลางทาง ⛔ ไม่ใช่ผลสรุป
chap-04-coord-q64,chap-04-coord,mc,3,"วงกลม $C$ จะผ่านจุด $\left(\dfrac{2}{15}, \dfrac{3}{20}\right)$",ไม่เจอเลย,37,🔴 คำตอบไม่ปรากฏในเฉลยเลย
chap-04-coord-q65,chap-04-coord,mc,2,"$[5, 6]$",เจอแต่ไม่อยู่ท้าย,24,🟡 อาจเป็นการเอ่ยกลางทาง ⛔ ไม่ใช่ผลสรุป
chap-04-coord-q66,chap-04-coord,mc,3,$\sqrt{3}$,เจอแต่ไม่อยู่ท้าย,24,🟡 อาจเป็นการเอ่ยกลางทาง ⛔ ไม่ใช่ผลสรุป
chap-04-coord-q68,chap-04-coord,mc,2,"$(-8, -14), (10, 10)$",เจอแต่ไม่อยู่ท้าย,23,🟡 อาจเป็นการเอ่ยกลางทาง ⛔ ไม่ใช่ผลสรุป
chap-04-coord-q69,chap-04-coord,mc,1,$A$ เป็นวงรี มีความยาวแกนเอก 6 หน่วย,ไม่เจอเลย,25,🔴 คำตอบไม่ปรากฏในเฉลยเลย
chap-04-coord-q70,chap-04-coord,mc,2,$4x - 3y - 36 = 0$,เจอแต่ไม่อยู่ท้าย,23,🟡 อาจเป็นการเอ่ยกลางทาง ⛔ ไม่ใช่ผลสรุป
chap-04-coord-q71,chap-04-coord,mc,4,ไม่มีคำตอบที่ถูกต้องในข้อ 1. ถึงข้อ 4.,เจอแต่ไม่อยู่ท้าย,27,🟡 อาจเป็นการเอ่ยกลางทาง ⛔ ไม่ใช่ผลสรุป
chap-04-coord-q72,chap-04-coord,mc,2,"$(-3, -2)$ และ $(5, -2)$",เจอแต่ไม่อยู่ท้าย,21,🟡 อาจเป็นการเอ่ยกลางทาง ⛔ ไม่ใช่ผลสรุป
chap-04-coord-q73,chap-04-coord,mc,2,ก. ผิด ข. ถูก,เจอแต่ไม่อยู่ท้าย,24,🟡 อาจเป็นการเอ่ยกลางทาง ⛔ ไม่ใช่ผลสรุป
chap-04-coord-q74,chap-04-coord,mc,3,"วงรีซึ่งมีแกนเอกอยู่บนแกน y จุดยอดอยู่ที่ $(0, 5)$ และ $(0, -5)$ จุดโฟกัสอยู่ที่",ไม่เจอเลย,21,🔴 คำตอบไม่ปรากฏในเฉลยเลย
chap-04-coord-q75,chap-04-coord,mc,2,$2y^2 = x$,เจอแต่ไม่อยู่ท้าย,22,🟡 อาจเป็นการเอ่ยกลางทาง ⛔ ไม่ใช่ผลสรุป
chap-04-coord-q76,chap-04-coord,mc,0,"$\left(\sqrt{\dfrac{2}{3}}, 1\right)$",เจอแต่ไม่อยู่ท้าย,25,🟡 อาจเป็นการเอ่ยกลางทาง ⛔ ไม่ใช่ผลสรุป
chap-04-coord-q77,chap-04-coord,mc,2,$\dfrac{(x - 4)^2}{3} + \dfrac{(y - 2)^2}{4} = 1$,เจอแต่ไม่อยู่ท้าย,25,🟡 อาจเป็นการเอ่ยกลางทาง ⛔ ไม่ใช่ผลสรุป
chap-04-coord-q78,chap-04-coord,mc,0,$2\sqrt{2}$,เจอแต่ไม่อยู่ท้าย,30,🟡 อาจเป็นการเอ่ยกลางทาง ⛔ ไม่ใช่ผลสรุป
chap-04-coord-q79,chap-04-coord,fill,'91.5',91.5,เจอแต่ไม่อยู่ท้าย,21,🟡 อาจเป็นการเอ่ยกลางทาง ⛔ ไม่ใช่ผลสรุป
chap-04-coord-q80,chap-04-coord,mc,3,$10\sqrt{2}$,เจอแต่ไม่อยู่ท้าย,32,🟡 อาจเป็นการเอ่ยกลางทาง ⛔ ไม่ใช่ผลสรุป
chap-04-coord-q81,chap-04-coord,mc,1,$9x^2 + 25y^2 + 18x - 100y - 116 = 0$,เจอแต่ไม่อยู่ท้าย,25,🟡 อาจเป็นการเอ่ยกลางทาง ⛔ ไม่ใช่ผลสรุป
chap-04-coord-q82,chap-04-coord,mc,3,สมการของวงรีคือ $\dfrac{x^2}{45} + \dfrac{y^2}{36} = 1$,เจอแต่ไม่อยู่ท้าย,26,🟡 อาจเป็นการเอ่ยกลางทาง ⛔ ไม่ใช่ผลสรุป
chap-04-coord-q83,chap-04-coord,mc,0,$(x - 1)^2 = \dfrac{16}{3}(y + 1)$ และ $(x - 1)^2 = -\dfrac{16}{3}(y - 5)$,เจอแต่ไม่อยู่ท้าย,26,🟡 อาจเป็นการเอ่ยกลางทาง ⛔ ไม่ใช่ผลสรุป
chap-04-coord-q84,chap-04-coord,mc,3,$x^2 + y^2 + 4x - 2y - 15 = 0$,เจอแต่ไม่อยู่ท้าย,23,🟡 อาจเป็นการเอ่ยกลางทาง ⛔ ไม่ใช่ผลสรุป
chap-04-coord-q85,chap-04-coord,mc,2,$\sqrt{6}$ หน่วย,เจอแต่ไม่อยู่ท้าย,24,🟡 อาจเป็นการเอ่ยกลางทาง ⛔ ไม่ใช่ผลสรุป
chap-04-coord-q87,chap-04-coord,mc,1,ก. ถูก และ ข. ผิด,เจอแต่ไม่อยู่ท้าย,24,🟡 อาจเป็นการเอ่ยกลางทาง ⛔ ไม่ใช่ผลสรุป
chap-04-coord-q88,chap-04-coord,mc,3,$20\sqrt{7}$ ตารางหน่วย,เจอแต่ไม่อยู่ท้าย,27,🟡 อาจเป็นการเอ่ยกลางทาง ⛔ ไม่ใช่ผลสรุป
chap-04-coord-q89,chap-04-coord,fill,'2.25',2.25,เจอแต่ไม่อยู่ท้าย,30,🟡 อาจเป็นการเอ่ยกลางทาง ⛔ ไม่ใช่ผลสรุป
chap-04-coord-q90,chap-04-coord,fill,'12',12,เจอแต่ไม่อยู่ท้าย,21,🟡 อาจเป็นการเอ่ยกลางทาง ⛔ ไม่ใช่ผลสรุป
chap-04-coord-q91,chap-04-coord,mc,1,ถ้ามีของวางไว้บนเส้น $L_2$ ของชิ้นนั้นจะอยู่ห่างจาก $L_1$ 9 เมตร,ไม่เจอเลย,26,🔴 คำตอบไม่ปรากฏในเฉลยเลย
chap-04-coord-q92,chap-04-coord,mc,0,$-\dfrac{1}{9}$,เจอแต่ไม่อยู่ท้าย,25,🟡 อาจเป็นการเอ่ยกลางทาง ⛔ ไม่ใช่ผลสรุป
chap-04-coord-q93,chap-04-coord,mc,0,"$(0, 3)$",เจอแต่ไม่อยู่ท้าย,20,🟡 อาจเป็นการเอ่ยกลางทาง ⛔ ไม่ใช่ผลสรุป
chap-04-coord-q94,chap-04-coord,mc,3,$\dfrac{(y + 1)^2}{9} - \dfrac{(x - 3)^2}{16} = 1$,เจอแต่ไม่อยู่ท้าย,21,🟡 อาจเป็นการเอ่ยกลางทาง ⛔ ไม่ใช่ผลสรุป
chap-04-coord-q95,chap-04-coord,mc,0,$\dfrac{1}{\sqrt{13}}$ และ $\dfrac{19}{\sqrt{13}}$,เจอแต่ไม่อยู่ท้าย,23,🟡 อาจเป็นการเอ่ยกลางทาง ⛔ ไม่ใช่ผลสรุป
chap-04-coord-q96,chap-04-coord,fill,'6',6,เจอแต่ไม่อยู่ท้าย,31,🟡 อาจเป็นการเอ่ยกลางทาง ⛔ ไม่ใช่ผลสรุป
chap-04-coord-q97,chap-04-coord,mc,2,"กำหนดให้ a, b, c เป็นจำนวนจริงที่ทำให้ $x^2 - y^2 + ax + by + c = 0$ เป็นสมการขอ",ไม่เจอเลย,28,🔴 คำตอบไม่ปรากฏในเฉลยเลย
chap-04-coord-q98,chap-04-coord,mc,2,$k_1 = 4k_2$,เจอแต่ไม่อยู่ท้าย,23,🟡 อาจเป็นการเอ่ยกลางทาง ⛔ ไม่ใช่ผลสรุป
chap-04-coord-q99,chap-04-coord,mc,3,กราฟของทั้งสองสมการมีความยาวโฟกัสเท่ากัน,ไม่เจอเลย,26,🔴 คำตอบไม่ปรากฏในเฉลยเลย
chap-04-coord-q100,chap-04-coord,mc,3,$x^2 + y^2 - 8x - 4y + 16 = 0$,เจอแต่ไม่อยู่ท้าย,22,🟡 อาจเป็นการเอ่ยกลางทาง ⛔ ไม่ใช่ผลสรุป
chap-04-coord-q101,chap-04-coord,fill,'18',18,เจอแต่ไม่อยู่ท้าย,23,🟡 อาจเป็นการเอ่ยกลางทาง ⛔ ไม่ใช่ผลสรุป
chap-04-coord-q102,chap-04-coord,mc,3,$15 + 3\sqrt{5}$,เจอแต่ไม่อยู่ท้าย,25,🟡 อาจเป็นการเอ่ยกลางทาง ⛔ ไม่ใช่ผลสรุป
chap-04-coord-q103,chap-04-coord,mc,3,$y^2 + 4y - 16x + 84 = 0$,เจอแต่ไม่อยู่ท้าย,25,🟡 อาจเป็นการเอ่ยกลางทาง ⛔ ไม่ใช่ผลสรุป
chap-04-coord-q104,chap-04-coord,mc,1,$x^2 - 5y^2 + 2x + 20y - 14 = 0$,เจอแต่ไม่อยู่ท้าย,25,🟡 อาจเป็นการเอ่ยกลางทาง ⛔ ไม่ใช่ผลสรุป
chap-04-coord-q105,chap-04-coord,mc,3,"$\left(1 - \dfrac{10}{\sqrt{11}}, 2\right)$ และ $\left(1 + \dfrac{10}{\sqrt{11}}",เจอแต่ไม่อยู่ท้าย,28,🟡 อาจเป็นการเอ่ยกลางทาง ⛔ ไม่ใช่ผลสรุป
chap-04-coord-q106,chap-04-coord,mc,0,$\dfrac{(x + 2)^2}{4} + \dfrac{y^2}{5} = 1$,เจอแต่ไม่อยู่ท้าย,24,🟡 อาจเป็นการเอ่ยกลางทาง ⛔ ไม่ใช่ผลสรุป
chap-04-coord-q107,chap-04-coord,mc,3,$9x^2 + 4y^2 - 54x - 8y + 49 = 0$,เจอแต่ไม่อยู่ท้าย,23,🟡 อาจเป็นการเอ่ยกลางทาง ⛔ ไม่ใช่ผลสรุป
chap-04-coord-q108,chap-04-coord,mc,1,$16x^2 - 64x + 25y^2 - 336 = 0$,เจอแต่ไม่อยู่ท้าย,24,🟡 อาจเป็นการเอ่ยกลางทาง ⛔ ไม่ใช่ผลสรุป
chap-04-coord-q110,chap-04-coord,mc,1,$\sqrt{7}$ หน่วย,เจอแต่ไม่อยู่ท้าย,24,🟡 อาจเป็นการเอ่ยกลางทาง ⛔ ไม่ใช่ผลสรุป
chap-04-coord-q111,chap-04-coord,mc,1,$\sqrt{18}$,เจอแต่ไม่อยู่ท้าย,23,🟡 อาจเป็นการเอ่ยกลางทาง ⛔ ไม่ใช่ผลสรุป
chap-04-coord-q112,chap-04-coord,fill,'9',9,เจอแต่ไม่อยู่ท้าย,21,🟡 อาจเป็นการเอ่ยกลางทาง ⛔ ไม่ใช่ผลสรุป
chap-04-coord-q113,chap-04-coord,mc,1,$56$,เจอแต่ไม่อยู่ท้าย,24,🟡 อาจเป็นการเอ่ยกลางทาง ⛔ ไม่ใช่ผลสรุป
chap-04-coord-q114,chap-04-coord,mc,3,$(x - 1)^2 + (y - 2)^2 = \sin\dfrac{\pi}{4}$ เป็นสมการของวงกลม,เจอแต่ไม่อยู่ท้าย,22,🟡 อาจเป็นการเอ่ยกลางทาง ⛔ ไม่ใช่ผลสรุป
chap-04-coord-q115,chap-04-coord,mc,3,กราฟของ $x^2 + x - y = 0$ เป็นพาราโบลา,เจอแต่ไม่อยู่ท้าย,23,🟡 อาจเป็นการเอ่ยกลางทาง ⛔ ไม่ใช่ผลสรุป
chap-04-coord-q116,chap-04-coord,mc,0,$y^2 = -16x$ เป็นสมการพาราโบลาซึ่งมีไดเรกตริกซ์คือ เส้นตรง $x = 4$,ไม่เจอเลย,25,🔴 คำตอบไม่ปรากฏในเฉลยเลย
chap-04-coord-q117,chap-04-coord,mc,3,$(x - 3)^2 - y^2 = 4$ เป็นสมการของไฮเพอร์โบลามุมฉาก,ไม่เจอเลย,23,🔴 คำตอบไม่ปรากฏในเฉลยเลย
chap-04-coord-q118,chap-04-coord,mc,4,"ไฮเพอร์โบลา $16x^2 - 9y^2 + 32x + 36y + 124 = 0$ มีจุดโฟกัสอยู่ที่ $F_1(-1, 6)$ ",ไม่เจอเลย,29,🔴 คำตอบไม่ปรากฏในเฉลยเลย
chap-04-coord-q119,chap-04-coord,mc,3,$\dfrac{x^2}{a^2} + \dfrac{y^2}{b^2} = 1$,เจอแต่ไม่อยู่ท้าย,21,🟡 อาจเป็นการเอ่ยกลางทาง ⛔ ไม่ใช่ผลสรุป
chap-04-coord-q120,chap-04-coord,mc,1,วงรี มีจุดโฟกัสทั้งสองอยู่บนเส้นที่ขนานกับแกน x,เจอแต่ไม่อยู่ท้าย,29,🟡 อาจเป็นการเอ่ยกลางทาง ⛔ ไม่ใช่ผลสรุป
chap-04-coord-q121,chap-04-coord,mc,0,ถ้า $b = -1$ กราฟของความสัมพันธ์เป็นรูปวงกลม,ไม่เจอเลย,25,🔴 คำตอบไม่ปรากฏในเฉลยเลย
chap-04-coord-q122,chap-04-coord,mc,2,เส้นตรงสองเส้นซึ่งมีความชันเท่ากัน,เจอแต่ไม่อยู่ท้าย,21,🟡 อาจเป็นการเอ่ยกลางทาง ⛔ ไม่ใช่ผลสรุป
chap-04-coord-q126,chap-04-coord,mc,0,รูปที่ 1: รังสีแนวนอน $y = 1$ เมื่อ $x \le 0$ ต่อเนื่องกับเส้นโค้งที่เพิ่มขึ้นจา,ไม่เจอเลย,23,🔴 คำตอบไม่ปรากฏในเฉลยเลย
chap-04-coord-q127,chap-04-coord,mc,2,นาย ค,เจอแต่ไม่อยู่ท้าย,22,🟡 อาจเป็นการเอ่ยกลางทาง ⛔ ไม่ใช่ผลสรุป
chap-04-coord-q128,chap-04-coord,mc,1,"$(5.732, -1)$",เจอแต่ไม่อยู่ท้าย,19,🟡 อาจเป็นการเอ่ยกลางทาง ⛔ ไม่ใช่ผลสรุป
chap-04-coord-q129,chap-04-coord,mc,0,$\sqrt{13}$,เจอแต่ไม่อยู่ท้าย,19,🟡 อาจเป็นการเอ่ยกลางทาง ⛔ ไม่ใช่ผลสรุป
chap-04-coord-q130,chap-04-coord,mc,1,$6\sqrt{2} + 2\sqrt{10}$,เจอแต่ไม่อยู่ท้าย,29,🟡 อาจเป็นการเอ่ยกลางทาง ⛔ ไม่ใช่ผลสรุป
chap-04-coord-q131,chap-04-coord,fill,'11',11,เจอแต่ไม่อยู่ท้าย,24,🟡 อาจเป็นการเอ่ยกลางทาง ⛔ ไม่ใช่ผลสรุป
chap-04-coord-q133,chap-04-coord,mc,3,"ข้อ 1, 2 และ 3 ถูกทุกข้อ",เจอแต่ไม่อยู่ท้าย,26,🟡 อาจเป็นการเอ่ยกลางทาง ⛔ ไม่ใช่ผลสรุป
chap-04-coord-q134,chap-04-coord,mc,1,"จุดกึ่งกลางระหว่างจุด $P_1$ และ $P_2$ คือ $\left(-\dfrac{10}{3}, \dfrac{5}{2}\ri",ไม่เจอเลย,28,🔴 คำตอบไม่ปรากฏในเฉลยเลย
chap-04-coord-q135,chap-04-coord,mc,2,"$\left(\dfrac{4}{3}, \dfrac{11}{3}\right)$",เจอแต่ไม่อยู่ท้าย,21,🟡 อาจเป็นการเอ่ยกลางทาง ⛔ ไม่ใช่ผลสรุป
chap-04-coord-q136,chap-04-coord,mc,1,$\dfrac{10}{\sqrt{2}}$,เจอแต่ไม่อยู่ท้าย,24,🟡 อาจเป็นการเอ่ยกลางทาง ⛔ ไม่ใช่ผลสรุป
chap-04-coord-q137,chap-04-coord,mc,3,$32/5$,ไม่เจอเลย,20,🔴 คำตอบไม่ปรากฏในเฉลยเลย
chap-04-coord-q138,chap-04-coord,mc,1,$\sqrt{\dfrac{2}{37}}$,เจอแต่ไม่อยู่ท้าย,23,🟡 อาจเป็นการเอ่ยกลางทาง ⛔ ไม่ใช่ผลสรุป
chap-04-coord-q140,chap-04-coord,mc,1,$-1$,เจอแต่ไม่อยู่ท้าย,28,🟡 อาจเป็นการเอ่ยกลางทาง ⛔ ไม่ใช่ผลสรุป
chap-04-coord-q141,chap-04-coord,mc,2,$B = |RO|\tan\theta$,เจอแต่ไม่อยู่ท้าย,18,🟡 อาจเป็นการเอ่ยกลางทาง ⛔ ไม่ใช่ผลสรุป
chap-04-coord-q142,chap-04-coord,mc,3,"$5x - 3y + 7 = 0,\quad 2x - y = 0,\quad 9x + 15y - 4 = 0$",ไม่เจอเลย,23,🔴 คำตอบไม่ปรากฏในเฉลยเลย
chap-04-coord-q143,chap-04-coord,mc,3,กราฟของ r เป็นเส้นตรง 2 เส้น,เจอแต่ไม่อยู่ท้าย,30,🟡 อาจเป็นการเอ่ยกลางทาง ⛔ ไม่ใช่ผลสรุป
chap-04-coord-q144,chap-04-coord,fill,'75',75,เจอแต่ไม่อยู่ท้าย,28,🟡 อาจเป็นการเอ่ยกลางทาง ⛔ ไม่ใช่ผลสรุป
chap-04-coord-q145,chap-04-coord,mc,2,6 ตารางหน่วย,เจอแต่ไม่อยู่ท้าย,19,🟡 อาจเป็นการเอ่ยกลางทาง ⛔ ไม่ใช่ผลสรุป
chap-04-coord-q146,chap-04-coord,fill,"'(7,0) หรือ (-1,8)'","(7,0) หรือ (-1,8)",เจอแต่ไม่อยู่ท้าย,24,🟡 อาจเป็นการเอ่ยกลางทาง ⛔ ไม่ใช่ผลสรุป
chap-04-coord-q147,chap-04-coord,fill,'5',5,เจอแต่ไม่อยู่ท้าย,32,🟡 อาจเป็นการเอ่ยกลางทาง ⛔ ไม่ใช่ผลสรุป
chap-04-coord-q148,chap-04-coord,fill,'2x-5y-3=0',2x-5y-3=0,เจอแต่ไม่อยู่ท้าย,20,🟡 อาจเป็นการเอ่ยกลางทาง ⛔ ไม่ใช่ผลสรุป
chap-04-coord-q149,chap-04-coord,fill,'7x+y-27=0',7x+y-27=0,เจอแต่ไม่อยู่ท้าย,29,🟡 อาจเป็นการเอ่ยกลางทาง ⛔ ไม่ใช่ผลสรุป
chap-04-coord-q150,chap-04-coord,mc,0,$24y - 8x - 3 = 0$,เจอแต่ไม่อยู่ท้าย,26,🟡 อาจเป็นการเอ่ยกลางทาง ⛔ ไม่ใช่ผลสรุป
chap-04-coord-q151,chap-04-coord,mc,1,$8x - 2y - 19 = 0$,เจอแต่ไม่อยู่ท้าย,26,🟡 อาจเป็นการเอ่ยกลางทาง ⛔ ไม่ใช่ผลสรุป
chap-04-coord-q152,chap-04-coord,fill,'8.8',8.8,เจอแต่ไม่อยู่ท้าย,21,🟡 อาจเป็นการเอ่ยกลางทาง ⛔ ไม่ใช่ผลสรุป
chap-04-coord-q153,chap-04-coord,mc,0,$47$,เจอแต่ไม่อยู่ท้าย,24,🟡 อาจเป็นการเอ่ยกลางทาง ⛔ ไม่ใช่ผลสรุป
chap-04-coord-q154,chap-04-coord,fill,'3',3,เจอแต่ไม่อยู่ท้าย,27,🟡 อาจเป็นการเอ่ยกลางทาง ⛔ ไม่ใช่ผลสรุป
chap-04-coord-q155,chap-04-coord,fill,'x^2-4x-4y+16=0',x^2-4x-4y+16=0,เจอแต่ไม่อยู่ท้าย,20,🟡 อาจเป็นการเอ่ยกลางทาง ⛔ ไม่ใช่ผลสรุป
chap-04-coord-q156,chap-04-coord,mc,1,"$(0, -1)$",เจอแต่ไม่อยู่ท้าย,20,🟡 อาจเป็นการเอ่ยกลางทาง ⛔ ไม่ใช่ผลสรุป
chap-04-coord-q158,chap-04-coord,fill,'18.5',18.5,เจอแต่ไม่อยู่ท้าย,24,🟡 อาจเป็นการเอ่ยกลางทาง ⛔ ไม่ใช่ผลสรุป
chap-04-coord-q159,chap-04-coord,fill,'72x-48y-1=0',72x-48y-1=0,เจอแต่ไม่อยู่ท้าย,22,🟡 อาจเป็นการเอ่ยกลางทาง ⛔ ไม่ใช่ผลสรุป
chap-04-coord-q160,chap-04-coord,mc,3,"โฟกัสที่ $(3, 2)$ จุดยอดที่ $(3, -1)$ และไดเรกตริกซ์ $y = -4$",ไม่เจอเลย,20,🔴 คำตอบไม่ปรากฏในเฉลยเลย
chap-04-coord-q161,chap-04-coord,mc,1,$600x = 7y^2$ โฟกัสคือ 21.43 cm,เจอแต่ไม่อยู่ท้าย,20,🟡 อาจเป็นการเอ่ยกลางทาง ⛔ ไม่ใช่ผลสรุป
chap-04-coord-q163,chap-04-coord,mc,2,$16/25$ เมตร,ไม่เจอเลย,21,🔴 คำตอบไม่ปรากฏในเฉลยเลย
chap-04-coord-q165,chap-04-coord,mc,3,$x = -\dfrac{9}{4}$,เจอแต่ไม่อยู่ท้าย,28,🟡 อาจเป็นการเอ่ยกลางทาง ⛔ ไม่ใช่ผลสรุป
chap-04-coord-q167,chap-04-coord,mc,1,$d^3 - d^2 - 2d + 2 = 0$,เจอแต่ไม่อยู่ท้าย,23,🟡 อาจเป็นการเอ่ยกลางทาง ⛔ ไม่ใช่ผลสรุป
chap-04-coord-q168,chap-04-coord,fill,'4.5',4.5,เจอแต่ไม่อยู่ท้าย,21,🟡 อาจเป็นการเอ่ยกลางทาง ⛔ ไม่ใช่ผลสรุป
chap-04-coord-q169,chap-04-coord,fill,"'จุดยอด (11/2, -7/2); สมการ x^2+y^2-2xy-46x-10y+137=0'","จุดยอด (11/2, -7/2); สมการ x^2+y^2-2xy-46x-10y+137=0",ไม่เจอเลย,25,🔴 คำตอบไม่ปรากฏในเฉลยเลย
chap-04-coord-q171,chap-04-coord,mc,3,$x^2 + y^2 - 4x - 6y + 5 = 0$,เจอแต่ไม่อยู่ท้าย,20,🟡 อาจเป็นการเอ่ยกลางทาง ⛔ ไม่ใช่ผลสรุป
chap-04-coord-q172,chap-04-coord,fill,'(x-2)^2+y^2=36',(x-2)^2+y^2=36,เจอแต่ไม่อยู่ท้าย,27,🟡 อาจเป็นการเอ่ยกลางทาง ⛔ ไม่ใช่ผลสรุป
chap-04-coord-q173,chap-04-coord,fill,'5√13',5√13,ไม่เจอเลย,26,🔴 คำตอบไม่ปรากฏในเฉลยเลย
chap-04-coord-q174,chap-04-coord,fill,'96+16√2+5√(33-16√2)',96+16√2+5√(33-16√2),ไม่เจอเลย,31,🔴 คำตอบไม่ปรากฏในเฉลยเลย
chap-04-coord-q175,chap-04-coord,mc,1,$(x - 4)^2 + (y + 1)^2 = 25$,เจอแต่ไม่อยู่ท้าย,21,🟡 อาจเป็นการเอ่ยกลางทาง ⛔ ไม่ใช่ผลสรุป
chap-04-coord-q176,chap-04-coord,fill,'(x-2)^2+(y-1)^2=25',(x-2)^2+(y-1)^2=25,เจอแต่ไม่อยู่ท้าย,21,🟡 อาจเป็นการเอ่ยกลางทาง ⛔ ไม่ใช่ผลสรุป
chap-04-coord-q177,chap-04-coord,fill,'5/2',5/2,ไม่เจอเลย,25,🔴 คำตอบไม่ปรากฏในเฉลยเลย
chap-04-coord-q178,chap-04-coord,mc,3,$14.5$,เจอแต่ไม่อยู่ท้าย,20,🟡 อาจเป็นการเอ่ยกลางทาง ⛔ ไม่ใช่ผลสรุป
chap-04-coord-q179,chap-04-coord,mc,2,$5x + 12y = 160$,เจอแต่ไม่อยู่ท้าย,27,🟡 อาจเป็นการเอ่ยกลางทาง ⛔ ไม่ใช่ผลสรุป
chap-04-coord-q180,chap-04-coord,mc,2,$4h^2k^2 = 5$,เจอแต่ไม่อยู่ท้าย,26,🟡 อาจเป็นการเอ่ยกลางทาง ⛔ ไม่ใช่ผลสรุป
chap-04-coord-q181,chap-04-coord,mc,1,$x^2 + y^2 - 12x - 6y + 41 = 0$,เจอแต่ไม่อยู่ท้าย,24,🟡 อาจเป็นการเอ่ยกลางทาง ⛔ ไม่ใช่ผลสรุป
chap-04-coord-q182,chap-04-coord,fill,'12',12,เจอแต่ไม่อยู่ท้าย,22,🟡 อาจเป็นการเอ่ยกลางทาง ⛔ ไม่ใช่ผลสรุป
chap-04-coord-q183,chap-04-coord,mc,2,$x^2 + y^2 - 4x + 6y - 47 = 0$,เจอแต่ไม่อยู่ท้าย,20,🟡 อาจเป็นการเอ่ยกลางทาง ⛔ ไม่ใช่ผลสรุป
chap-04-coord-q184,chap-04-coord,mc,1,0.86 หน่วย,เจอแต่ไม่อยู่ท้าย,20,🟡 อาจเป็นการเอ่ยกลางทาง ⛔ ไม่ใช่ผลสรุป
chap-04-coord-q185,chap-04-coord,mc,1,$\dfrac{12 + \sqrt{5}}{5}$,เจอแต่ไม่อยู่ท้าย,19,🟡 อาจเป็นการเอ่ยกลางทาง ⛔ ไม่ใช่ผลสรุป
chap-04-coord-q186,chap-04-coord,mc,3,"$\left(\dfrac{3}{5}, -\dfrac{4}{5}\right)$ กับ $(0, 1)$",เจอแต่ไม่อยู่ท้าย,30,🟡 อาจเป็นการเอ่ยกลางทาง ⛔ ไม่ใช่ผลสรุป
chap-04-coord-q187,chap-04-coord,mc,3,2,เจอแต่ไม่อยู่ท้าย,22,🟡 อาจเป็นการเอ่ยกลางทาง ⛔ ไม่ใช่ผลสรุป
chap-04-coord-q188,chap-04-coord,mc,2,$-\dfrac{6}{7}$,เจอแต่ไม่อยู่ท้าย,29,🟡 อาจเป็นการเอ่ยกลางทาง ⛔ ไม่ใช่ผลสรุป
chap-04-coord-q190,chap-04-coord,mc,0,$2 + \dfrac{3\sqrt{5}}{5}$,เจอแต่ไม่อยู่ท้าย,26,🟡 อาจเป็นการเอ่ยกลางทาง ⛔ ไม่ใช่ผลสรุป
chap-04-coord-q191,chap-04-coord,fill,'16',16,เจอแต่ไม่อยู่ท้าย,25,🟡 อาจเป็นการเอ่ยกลางทาง ⛔ ไม่ใช่ผลสรุป
chap-04-coord-q192,chap-04-coord,mc,1,$\pi$ ตารางหน่วย,เจอแต่ไม่อยู่ท้าย,21,🟡 อาจเป็นการเอ่ยกลางทาง ⛔ ไม่ใช่ผลสรุป
chap-04-coord-q193,chap-04-coord,mc,2,$-\sqrt{3}$,เจอแต่ไม่อยู่ท้าย,30,🟡 อาจเป็นการเอ่ยกลางทาง ⛔ ไม่ใช่ผลสรุป
chap-04-coord-q194,chap-04-coord,fill,'15/√13',15/√13,ไม่เจอเลย,22,🔴 คำตอบไม่ปรากฏในเฉลยเลย
chap-04-coord-q195,chap-04-coord,fill,"'(√15/4, 15/8) และ (-√15/4, 15/8)'","(√15/4, 15/8) และ (-√15/4, 15/8)",ไม่เจอเลย,32,🔴 คำตอบไม่ปรากฏในเฉลยเลย
chap-04-coord-q196,chap-04-coord,mc,1,$225\pi$ ตารางเมตร,เจอแต่ไม่อยู่ท้าย,20,🟡 อาจเป็นการเอ่ยกลางทาง ⛔ ไม่ใช่ผลสรุป
chap-04-coord-q197,chap-04-coord,fill,'(x-4)^2+(y+2)^2=32',(x-4)^2+(y+2)^2=32,เจอแต่ไม่อยู่ท้าย,24,🟡 อาจเป็นการเอ่ยกลางทาง ⛔ ไม่ใช่ผลสรุป
chap-04-coord-q198,chap-04-coord,fill,'(x-4)^2/12+(y+2)^2/16=1',(x-4)^2/12+(y+2)^2/16=1,ไม่เจอเลย,23,🔴 คำตอบไม่ปรากฏในเฉลยเลย
chap-04-coord-q200,chap-04-coord,mc,1,$\dfrac{(x + 4)^2}{13} + \dfrac{(y - 1)^2}{49} = 1$,เจอแต่ไม่อยู่ท้าย,20,🟡 อาจเป็นการเอ่ยกลางทาง ⛔ ไม่ใช่ผลสรุป
chap-04-coord-q201,chap-04-coord,mc,0,$\left(x - \dfrac{9}{5}\right)^2 + (y - 4)^2 = 16$,เจอแต่ไม่อยู่ท้าย,20,🟡 อาจเป็นการเอ่ยกลางทาง ⛔ ไม่ใช่ผลสรุป
chap-04-coord-q202,chap-04-coord,fill,'(x-4)^2/4+(y-1)^2/9=1',(x-4)^2/4+(y-1)^2/9=1,ไม่เจอเลย,22,🔴 คำตอบไม่ปรากฏในเฉลยเลย
chap-04-coord-q203,chap-04-coord,mc,1,$5(x - 1)^2 + 9(y - 2)^2 = 45$,เจอแต่ไม่อยู่ท้าย,22,🟡 อาจเป็นการเอ่ยกลางทาง ⛔ ไม่ใช่ผลสรุป
chap-04-coord-q204,chap-04-coord,mc,1,$\dfrac{(x - 2)^2}{25} + \dfrac{(y + 1)^2}{29} = 1$,เจอแต่ไม่อยู่ท้าย,24,🟡 อาจเป็นการเอ่ยกลางทาง ⛔ ไม่ใช่ผลสรุป
chap-04-coord-q205,chap-04-coord,mc,3,$8\sqrt{2}$ เมตร,เจอแต่ไม่อยู่ท้าย,21,🟡 อาจเป็นการเอ่ยกลางทาง ⛔ ไม่ใช่ผลสรุป
chap-04-coord-q206,chap-04-coord,fill,'26',26,เจอแต่ไม่อยู่ท้าย,25,🟡 อาจเป็นการเอ่ยกลางทาง ⛔ ไม่ใช่ผลสรุป
chap-04-coord-q207,chap-04-coord,fill,'3(y-1)^2=16(x+1) และ 3(y-1)^2=-16(x-5)',3(y-1)^2=16(x+1) และ 3(y-1)^2=-16(x-5),เจอแต่ไม่อยู่ท้าย,24,🟡 อาจเป็นการเอ่ยกลางทาง ⛔ ไม่ใช่ผลสรุป
chap-04-coord-q209,chap-04-coord,mc,0,$\dfrac{9\sqrt{11}}{10}$,เจอแต่ไม่อยู่ท้าย,32,🟡 อาจเป็นการเอ่ยกลางทาง ⛔ ไม่ใช่ผลสรุป
chap-04-coord-q210,chap-04-coord,mc,0,$\dfrac{\sqrt{2}}{2}$,เจอแต่ไม่อยู่ท้าย,21,🟡 อาจเป็นการเอ่ยกลางทาง ⛔ ไม่ใช่ผลสรุป
chap-04-coord-q211,chap-04-coord,fill,'√7',√7,ไม่เจอเลย,26,🔴 คำตอบไม่ปรากฏในเฉลยเลย
chap-04-coord-q212,chap-04-coord,mc,1,$\sqrt{6}$,เจอแต่ไม่อยู่ท้าย,24,🟡 อาจเป็นการเอ่ยกลางทาง ⛔ ไม่ใช่ผลสรุป
chap-04-coord-q213,chap-04-coord,mc,1,$\dfrac{5}{4}\sqrt{3}$ หน่วย,เจอแต่ไม่อยู่ท้าย,31,🟡 อาจเป็นการเอ่ยกลางทาง ⛔ ไม่ใช่ผลสรุป
chap-04-coord-q214,chap-04-coord,fill,'4700',4700,เจอแต่ไม่อยู่ท้าย,28,🟡 อาจเป็นการเอ่ยกลางทาง ⛔ ไม่ใช่ผลสรุป
chap-04-coord-q215,chap-04-coord,mc,2,$\cos\theta = \sin(-\theta)$,เจอแต่ไม่อยู่ท้าย,26,🟡 อาจเป็นการเอ่ยกลางทาง ⛔ ไม่ใช่ผลสรุป
chap-04-coord-q216,chap-04-coord,mc,0,$\left(\dfrac{x - 4}{2}\right)^2 - \left(\dfrac{y + 5}{4}\right)^2 = 1$,เจอแต่ไม่อยู่ท้าย,21,🟡 อาจเป็นการเอ่ยกลางทาง ⛔ ไม่ใช่ผลสรุป
chap-04-coord-q217,chap-04-coord,mc,3,$y = \pm\dfrac{5}{4}(x - 1) + 2$,เจอแต่ไม่อยู่ท้าย,21,🟡 อาจเป็นการเอ่ยกลางทาง ⛔ ไม่ใช่ผลสรุป
chap-04-coord-q218,chap-04-coord,mc,1,$4x - 5y + 14 = 0$,เจอแต่ไม่อยู่ท้าย,23,🟡 อาจเป็นการเอ่ยกลางทาง ⛔ ไม่ใช่ผลสรุป
chap-04-coord-q219,chap-04-coord,mc,0,$16\left(y + \dfrac{1}{4}\right)^2 - 144(x - 1)^2 = 25$,เจอแต่ไม่อยู่ท้าย,29,🟡 อาจเป็นการเอ่ยกลางทาง ⛔ ไม่ใช่ผลสรุป
chap-04-coord-q220,chap-04-coord,fill,'4',4,เจอแต่ไม่อยู่ท้าย,22,🟡 อาจเป็นการเอ่ยกลางทาง ⛔ ไม่ใช่ผลสรุป
chap-04-coord-q221,chap-04-coord,mc,1,$8$,เจอแต่ไม่อยู่ท้าย,22,🟡 อาจเป็นการเอ่ยกลางทาง ⛔ ไม่ใช่ผลสรุป
chap-04-coord-q222,chap-04-coord,mc,1,ก. ถูก และ ข. ผิด,เจอแต่ไม่อยู่ท้าย,22,🟡 อาจเป็นการเอ่ยกลางทาง ⛔ ไม่ใช่ผลสรุป
chap-04-coord-q223,chap-04-coord,mc,0,$x^2 - 2x - 16y - 31 = 0$,เจอแต่ไม่อยู่ท้าย,27,🟡 อาจเป็นการเอ่ยกลางทาง ⛔ ไม่ใช่ผลสรุป
chap-04-coord-q224,chap-04-coord,mc,3,$\dfrac{(x + 2)^2}{25} + \dfrac{(y - 2)^2}{9} = 1$,เจอแต่ไม่อยู่ท้าย,21,🟡 อาจเป็นการเอ่ยกลางทาง ⛔ ไม่ใช่ผลสรุป
chap-04-coord-q225,chap-04-coord,fill,'(x-3)^2/25+(y-2)^2/9=1',(x-3)^2/25+(y-2)^2/9=1,ไม่เจอเลย,23,🔴 คำตอบไม่ปรากฏในเฉลยเลย
chap-04-coord-q226,chap-04-coord,fill,"'ศูนย์กลาง (1,2); โฟกัส (1, 2±√5); E: (x-1)^2/1+(y-2)^2/6=1 แกนเอกยาว 2√6; วงกลม (x-1)^2+(y-2)^2=1'","ศูนย์กลาง (1,2); โฟกัส (1, 2±√5); E: (x-1)^2/1+(y-2)^2/6=1 แกนเอกยาว 2√6; วงกลม ",ไม่เจอเลย,23,🔴 คำตอบไม่ปรากฏในเฉลยเลย
chap-04-coord-q227,chap-04-coord,mc,2,แกนโทของวงรียาว 3 หน่วย,เจอแต่ไม่อยู่ท้าย,42,🟡 อาจเป็นการเอ่ยกลางทาง ⛔ ไม่ใช่ผลสรุป
chap-04-coord-q228,chap-04-coord,mc,0,$\dfrac{(x - 1)^2}{7} - \dfrac{(y + 1)^2}{1} = 1$,เจอแต่ไม่อยู่ท้าย,30,🟡 อาจเป็นการเอ่ยกลางทาง ⛔ ไม่ใช่ผลสรุป
chap-04-coord-q229,chap-04-coord,fill,"'H: (y-2)^2/1-(x+1)^2/5=1; k ∈ (-∞, -1/√6] ∪ [1/√6, ∞)'","H: (y-2)^2/1-(x+1)^2/5=1; k ∈ (-∞, -1/√6] ∪ [1/√6, ∞)",ไม่เจอเลย,29,🔴 คำตอบไม่ปรากฏในเฉลยเลย
chap-04-coord-q230,chap-04-coord,fill,'(x+1)^2+(y-4)^2=32',(x+1)^2+(y-4)^2=32,เจอแต่ไม่อยู่ท้าย,25,🟡 อาจเป็นการเอ่ยกลางทาง ⛔ ไม่ใช่ผลสรุป
chap-04-coord-q231,chap-04-coord,mc,3,เป็น $\mathbb{R}$ ทั้งคู่,เจอแต่ไม่อยู่ท้าย,22,🟡 อาจเป็นการเอ่ยกลางทาง ⛔ ไม่ใช่ผลสรุป
chap-04-coord-q234,chap-04-coord,mc,0,"จุดโฟกัสอยู่ที่ $(0, 4\sqrt{5})$ และ $(0, -4\sqrt{5})$",เจอแต่ไม่อยู่ท้าย,30,🟡 อาจเป็นการเอ่ยกลางทาง ⛔ ไม่ใช่ผลสรุป
chap-04-coord-q236,chap-04-coord,mc,1,วงรีครึ่งซีกขวา,เจอแต่ไม่อยู่ท้าย,22,🟡 อาจเป็นการเอ่ยกลางทาง ⛔ ไม่ใช่ผลสรุป
chap-05-function-q01,chap-05-function,mc,0,"รูปสี่เหลี่ยมขนมเปียกปูน (ข้าวหลามตัด) ที่มีจุดยอดอยู่ที่ $(a, 0)$, $(0, a)$, $(",ไม่เจอเลย,33,🔴 คำตอบไม่ปรากฏในเฉลยเลย
chap-05-function-q02,chap-05-function,mc,1,$(f \cap g) \cup h$,เจอแต่ไม่อยู่ท้าย,40,🟡 อาจเป็นการเอ่ยกลางทาง ⛔ ไม่ใช่ผลสรุป
chap-05-function-q03,chap-05-function,mc,3,ส่วนแรเงารูปลิ่มชิ้นเดียวด้านบนของแผ่นวงกลม จากจุดกำเนิดกางขึ้นไประหว่างจุด $(-1,ไม่เจอเลย,27,🔴 คำตอบไม่ปรากฏในเฉลยเลย
chap-05-function-q04,chap-05-function,mc,2,$(B - A) \cap C = C$,เจอแต่ไม่อยู่ท้าย,30,🟡 อาจเป็นการเอ่ยกลางทาง ⛔ ไม่ใช่ผลสรุป
chap-05-function-q05,chap-05-function,mc,0,$A$ เท่ากับ $B$,ไม่เจอเลย,28,🔴 คำตอบไม่ปรากฏในเฉลยเลย
chap-05-function-q06,chap-05-function,mc,0,"$\{ (x, y) \in \mathbb{R} \times \mathbb{R} \mid x \ge 0,\ 0 \le y \le 3$ และ $y",ไม่เจอเลย,28,🔴 คำตอบไม่ปรากฏในเฉลยเลย
chap-05-function-q07,chap-05-function,mc,0,"$\{ (x, y) \in \mathbb{R} \times \mathbb{R} \mid x - y > 1 \} \cap \{ (x, y) \in",ไม่เจอเลย,27,🔴 คำตอบไม่ปรากฏในเฉลยเลย
chap-05-function-q08,chap-05-function,mc,2,ถ้า $r_3$ คือความสัมพันธ์ใดๆ ที่เป็นสับเซตของความสัมพันธ์ $r$ และ $D_{r_3} = [-1,ไม่เจอเลย,28,🔴 คำตอบไม่ปรากฏในเฉลยเลย
chap-05-function-q09,chap-05-function,mc,3,$r_2 \subset r_1^{-1}$,เจอแต่ไม่อยู่ท้าย,30,🟡 อาจเป็นการเอ่ยกลางทาง ⛔ ไม่ใช่ผลสรุป
chap-05-function-q10,chap-05-function,mc,2,"$\left(\dfrac{3}{2}, -\dfrac{3}{4}\right)$ เป็นจุดสูงสุดในเซต $A' - B$",ไม่เจอเลย,28,🔴 คำตอบไม่ปรากฏในเฉลยเลย
chap-05-function-q11,chap-05-function,mc,2,$20$,เจอแต่ไม่อยู่ท้าย,21,🟡 อาจเป็นการเอ่ยกลางทาง ⛔ ไม่ใช่ผลสรุป
chap-05-function-q12,chap-05-function,fill,'12',12,เจอแต่ไม่อยู่ท้าย,23,🟡 อาจเป็นการเอ่ยกลางทาง ⛔ ไม่ใช่ผลสรุป
chap-05-function-q13,chap-05-function,mc,1,$15$,เจอแต่ไม่อยู่ท้าย,26,🟡 อาจเป็นการเอ่ยกลางทาง ⛔ ไม่ใช่ผลสรุป
chap-05-function-q14,chap-05-function,mc,2,รังสีชี้ไปทางซ้ายจากจุดทึบที่ $3$ (รวม $3$) โดยเจาะวงกลมโปร่งที่ $-4$ และ $-2$ (,ไม่เจอเลย,24,🔴 คำตอบไม่ปรากฏในเฉลยเลย
chap-05-function-q15,chap-05-function,mc,2,$D_{r^{-1}} = \mathbb{R}$ และ $R_{r^{-1}} = \{ x \mid x \ge 1 \}$,เจอแต่ไม่อยู่ท้าย,32,🟡 อาจเป็นการเอ่ยกลางทาง ⛔ ไม่ใช่ผลสรุป
chap-05-function-q16,chap-05-function,mc,3,$D_f = \{ x \mid x \ne 1$ และ $x \ne -1 \}$ และ $R_f = \{ x \mid x \le -2$ หรือ ,ไม่เจอเลย,34,🔴 คำตอบไม่ปรากฏในเฉลยเลย
chap-05-function-q17,chap-05-function,mc,0,"$\left(-\dfrac{1}{3}, \dfrac{1}{2}\right]$",เจอแต่ไม่อยู่ท้าย,33,🟡 อาจเป็นการเอ่ยกลางทาง ⛔ ไม่ใช่ผลสรุป
chap-05-function-q18,chap-05-function,mc,1,ก. ถูก และ ข. ผิด,เจอแต่ไม่อยู่ท้าย,31,🟡 อาจเป็นการเอ่ยกลางทาง ⛔ ไม่ใช่ผลสรุป
chap-05-function-q19,chap-05-function,mc,1,"$(0, 1] \cup \{-1\}$",เจอแต่ไม่อยู่ท้าย,32,🟡 อาจเป็นการเอ่ยกลางทาง ⛔ ไม่ใช่ผลสรุป
chap-05-function-q20,chap-05-function,mc,0,"$(-\infty, 2) \cup [3, \infty)$",เจอแต่ไม่อยู่ท้าย,31,🟡 อาจเป็นการเอ่ยกลางทาง ⛔ ไม่ใช่ผลสรุป
chap-05-function-q21,chap-05-function,mc,2,"$[-1, 1]$",เจอแต่ไม่อยู่ท้าย,31,🟡 อาจเป็นการเอ่ยกลางทาง ⛔ ไม่ใช่ผลสรุป
chap-05-function-q22,chap-05-function,mc,1,"$D_r = [-1, 1]$, $D_{r^{-1}} = [0, 1]$",เจอแต่ไม่อยู่ท้าย,26,🟡 อาจเป็นการเอ่ยกลางทาง ⛔ ไม่ใช่ผลสรุป
chap-05-function-q23,chap-05-function,mc,2,ก. ผิด และ ข. ถูก,เจอแต่ไม่อยู่ท้าย,24,🟡 อาจเป็นการเอ่ยกลางทาง ⛔ ไม่ใช่ผลสรุป
chap-05-function-q24,chap-05-function,mc,0,"$(-2, 0) \cup [2, 6]$",เจอแต่ไม่อยู่ท้าย,25,🟡 อาจเป็นการเอ่ยกลางทาง ⛔ ไม่ใช่ผลสรุป
chap-05-function-q25,chap-05-function,mc,3,ข้อ (1) และข้อ (3) ถูกเพียง 2 ข้อ,ไม่เจอเลย,36,🔴 คำตอบไม่ปรากฏในเฉลยเลย
chap-05-function-q26,chap-05-function,mc,2,"$(-\infty, 0] \cup [2, \infty)$",เจอแต่ไม่อยู่ท้าย,22,🟡 อาจเป็นการเอ่ยกลางทาง ⛔ ไม่ใช่ผลสรุป
chap-05-function-q27,chap-05-function,mc,3,"$(-\infty, \dfrac{1}{2}] \cup [1, 2]$",เจอแต่ไม่อยู่ท้าย,38,🟡 อาจเป็นการเอ่ยกลางทาง ⛔ ไม่ใช่ผลสรุป
chap-05-function-q28,chap-05-function,mc,1,ก. ถูก และ ข. ผิด,ไม่เจอเลย,38,🔴 คำตอบไม่ปรากฏในเฉลยเลย
chap-05-function-q29,chap-05-function,mc,3,ก. ผิด และ ข. ผิด,เจอแต่ไม่อยู่ท้าย,28,🟡 อาจเป็นการเอ่ยกลางทาง ⛔ ไม่ใช่ผลสรุป
chap-05-function-q30,chap-05-function,mc,1,ก. ถูก และ ข. ผิด,เจอแต่ไม่อยู่ท้าย,25,🟡 อาจเป็นการเอ่ยกลางทาง ⛔ ไม่ใช่ผลสรุป
chap-05-function-q32,chap-05-function,mc,3,"$\{ (x, y) \mid y =$ เศษเหลือจากการหาร $x$ ด้วย $4 \}$",ไม่เจอเลย,30,🔴 คำตอบไม่ปรากฏในเฉลยเลย
chap-05-function-q33,chap-05-function,mc,3,"$\{(-3, 1), (-2, 4), (1, 5), (2, 2), (3, 1)\}$",ไม่เจอเลย,27,🔴 คำตอบไม่ปรากฏในเฉลยเลย
chap-05-function-q34,chap-05-function,mc,1,$f$ เป็นฟังก์ชัน แต่ไม่ใช่ฟังก์ชัน 1-1 เพราะเมื่อลากเส้นขนานกับแกน $x$ เส้นนั้นจ,ไม่เจอเลย,23,🔴 คำตอบไม่ปรากฏในเฉลยเลย
chap-05-function-q35,chap-05-function,mc,2,"$\{ (x, y) \in \mathbb{R} \times \mathbb{R} \mid |y| = x - 2 \}$",ไม่เจอเลย,23,🔴 คำตอบไม่ปรากฏในเฉลยเลย
chap-05-function-q36,chap-05-function,mc,0,$A$ และ $B$ มีจำนวนสมาชิกเท่ากัน,เจอแต่ไม่อยู่ท้าย,19,🟡 อาจเป็นการเอ่ยกลางทาง ⛔ ไม่ใช่ผลสรุป
chap-05-function-q37,chap-05-function,mc,1,จำนวนของฟังก์ชันทั้งหมดจาก $A$ ไป $A$ เท่ากับ 4,ไม่เจอเลย,22,🔴 คำตอบไม่ปรากฏในเฉลยเลย
chap-05-function-q38,chap-05-function,mc,1,$2^{1000}$,เจอแต่ไม่อยู่ท้าย,18,🟡 อาจเป็นการเอ่ยกลางทาง ⛔ ไม่ใช่ผลสรุป
chap-05-function-q39,chap-05-function,mc,4,ไม่มีคำตอบที่ถูกต้องในข้อ 1. ถึงข้อ 4.,เจอแต่ไม่อยู่ท้าย,23,🟡 อาจเป็นการเอ่ยกลางทาง ⛔ ไม่ใช่ผลสรุป
chap-05-function-q41,chap-05-function,mc,2,$360$,เจอแต่ไม่อยู่ท้าย,18,🟡 อาจเป็นการเอ่ยกลางทาง ⛔ ไม่ใช่ผลสรุป
chap-05-function-q42,chap-05-function,mc,0,$40$,เจอแต่ไม่อยู่ท้าย,26,🟡 อาจเป็นการเอ่ยกลางทาง ⛔ ไม่ใช่ผลสรุป
chap-05-function-q43,chap-05-function,mc,2,$126$,เจอแต่ไม่อยู่ท้าย,24,🟡 อาจเป็นการเอ่ยกลางทาง ⛔ ไม่ใช่ผลสรุป
chap-05-function-q44,chap-05-function,mc,3,$30$,เจอแต่ไม่อยู่ท้าย,18,🟡 อาจเป็นการเอ่ยกลางทาง ⛔ ไม่ใช่ผลสรุป
chap-05-function-q45,chap-05-function,mc,1,$48$,เจอแต่ไม่อยู่ท้าย,20,🟡 อาจเป็นการเอ่ยกลางทาง ⛔ ไม่ใช่ผลสรุป
chap-05-function-q46,chap-05-function,mc,1,$80$,เจอแต่ไม่อยู่ท้าย,22,🟡 อาจเป็นการเอ่ยกลางทาง ⛔ ไม่ใช่ผลสรุป
chap-05-function-q47,chap-05-function,fill,'96',96,เจอแต่ไม่อยู่ท้าย,22,🟡 อาจเป็นการเอ่ยกลางทาง ⛔ ไม่ใช่ผลสรุป
chap-05-function-q48,chap-05-function,mc,2,$72$,เจอแต่ไม่อยู่ท้าย,24,🟡 อาจเป็นการเอ่ยกลางทาง ⛔ ไม่ใช่ผลสรุป
chap-05-function-q49,chap-05-function,mc,3,$120$,เจอแต่ไม่อยู่ท้าย,22,🟡 อาจเป็นการเอ่ยกลางทาง ⛔ ไม่ใช่ผลสรุป
chap-05-function-q50,chap-05-function,mc,1,$17$,เจอแต่ไม่อยู่ท้าย,31,🟡 อาจเป็นการเอ่ยกลางทาง ⛔ ไม่ใช่ผลสรุป
chap-05-function-q51,chap-05-function,mc,2,$425$,เจอแต่ไม่อยู่ท้าย,30,🟡 อาจเป็นการเอ่ยกลางทาง ⛔ ไม่ใช่ผลสรุป
chap-05-function-q52,chap-05-function,mc,2,$702$,เจอแต่ไม่อยู่ท้าย,28,🟡 อาจเป็นการเอ่ยกลางทาง ⛔ ไม่ใช่ผลสรุป
chap-05-function-q53,chap-05-function,mc,3,$5$,เจอแต่ไม่อยู่ท้าย,22,🟡 อาจเป็นการเอ่ยกลางทาง ⛔ ไม่ใช่ผลสรุป
chap-05-function-q54,chap-05-function,mc,3,"ถ้า $f(x) = |x - 3|$ และ $g(x) = \begin{cases} x - 3, & \text{ถ้า } x \ge 3 \\ 3",ไม่เจอเลย,27,🔴 คำตอบไม่ปรากฏในเฉลยเลย
chap-05-function-q55,chap-05-function,mc,3,$2x(x - |x|)$,เจอแต่ไม่อยู่ท้าย,26,🟡 อาจเป็นการเอ่ยกลางทาง ⛔ ไม่ใช่ผลสรุป
chap-05-function-q56,chap-05-function,mc,2,"$(-5, 4)$",เจอแต่ไม่อยู่ท้าย,25,🟡 อาจเป็นการเอ่ยกลางทาง ⛔ ไม่ใช่ผลสรุป
chap-05-function-q58,chap-05-function,mc,0,"$(-4, -2]$",เจอแต่ไม่อยู่ท้าย,27,🟡 อาจเป็นการเอ่ยกลางทาง ⛔ ไม่ใช่ผลสรุป
chap-05-function-q59,chap-05-function,fill,'5',5,เจอแต่ไม่อยู่ท้าย,25,🟡 อาจเป็นการเอ่ยกลางทาง ⛔ ไม่ใช่ผลสรุป
chap-05-function-q60,chap-05-function,mc,2,ก. ผิด และ ข. ถูก,เจอแต่ไม่อยู่ท้าย,32,🟡 อาจเป็นการเอ่ยกลางทาง ⛔ ไม่ใช่ผลสรุป
chap-05-function-q61,chap-05-function,mc,0,ไม่มีจำนวนจริง $x$ ใดๆ ที่เมื่อ $F(x) = x^2 - 4x - 4$ แล้ว $F(x) = -x$,ไม่เจอเลย,26,🔴 คำตอบไม่ปรากฏในเฉลยเลย
chap-05-function-q62,chap-05-function,mc,1,ถ้า $f$ เป็นฟังก์ชัน 1-1 แล้วไม่จำเป็นที่ $f \circ f^{-1} = f^{-1} \circ f$,ไม่เจอเลย,23,🔴 คำตอบไม่ปรากฏในเฉลยเลย
chap-05-function-q63,chap-05-function,mc,0,"$\{(8, 5), (4, 4)\}$",เจอแต่ไม่อยู่ท้าย,23,🟡 อาจเป็นการเอ่ยกลางทาง ⛔ ไม่ใช่ผลสรุป
chap-05-function-q64,chap-05-function,mc,0,หา $f \circ h$ ได้เสมอ,ไม่เจอเลย,23,🔴 คำตอบไม่ปรากฏในเฉลยเลย
chap-05-function-q65,chap-05-function,mc,2,"$f(u(a, a))$",เจอแต่ไม่อยู่ท้าย,20,🟡 อาจเป็นการเอ่ยกลางทาง ⛔ ไม่ใช่ผลสรุป
chap-05-function-q66,chap-05-function,mc,3,$\dfrac{1}{2 + |x|}$,เจอแต่ไม่อยู่ท้าย,26,🟡 อาจเป็นการเอ่ยกลางทาง ⛔ ไม่ใช่ผลสรุป
chap-05-function-q67,chap-05-function,mc,0,"$\{ (x, y) \in \mathbb{R} \times \mathbb{R} \mid x^2 + y = 2 \}$",ไม่เจอเลย,27,🔴 คำตอบไม่ปรากฏในเฉลยเลย
chap-05-function-q68,chap-05-function,mc,3,"$D_g = \mathbb{R} - \{3\} = \{ x \mid x \in \mathbb{R}, x \ne 3 \}$",ไม่เจอเลย,26,🔴 คำตอบไม่ปรากฏในเฉลยเลย
chap-05-function-q69,chap-05-function,mc,0,$3$,เจอแต่ไม่อยู่ท้าย,18,🟡 อาจเป็นการเอ่ยกลางทาง ⛔ ไม่ใช่ผลสรุป
chap-05-function-q70,chap-05-function,mc,3,$\dfrac{(x + 1)^2 - x}{(x + 2)}$,เจอแต่ไม่อยู่ท้าย,23,🟡 อาจเป็นการเอ่ยกลางทาง ⛔ ไม่ใช่ผลสรุป
chap-05-function-q71,chap-05-function,mc,2,$3$,เจอแต่ไม่อยู่ท้าย,20,🟡 อาจเป็นการเอ่ยกลางทาง ⛔ ไม่ใช่ผลสรุป
chap-05-function-q72,chap-05-function,mc,0,"$(f \circ g)^{-1} = \{ (x, y) \mid x = \dfrac{|y|}{\sqrt{1 - y^2}} \}$",ไม่เจอเลย,29,🔴 คำตอบไม่ปรากฏในเฉลยเลย
chap-05-function-q73,chap-05-function,mc,2,มีข้อที่ถูกต้อง 2 ข้อ คือ (1) และ (3),ไม่เจอเลย,26,🔴 คำตอบไม่ปรากฏในเฉลยเลย
chap-05-function-q74,chap-05-function,mc,1,$f + g$ เป็นฟังก์ชันชนิด 1-1,ไม่เจอเลย,27,🔴 คำตอบไม่ปรากฏในเฉลยเลย
chap-05-function-q76,chap-05-function,mc,2,$f^{-1} \circ f$ เป็นฟังก์ชันจาก $A$ ไป $A$,ไม่เจอเลย,22,🔴 คำตอบไม่ปรากฏในเฉลยเลย
chap-05-function-q77,chap-05-function,fill,'1/5',1/5,ไม่เจอเลย,23,🔴 คำตอบไม่ปรากฏในเฉลยเลย
chap-05-function-q78,chap-05-function,mc,2,$7$,เจอแต่ไม่อยู่ท้าย,19,🟡 อาจเป็นการเอ่ยกลางทาง ⛔ ไม่ใช่ผลสรุป
chap-05-function-q79,chap-05-function,mc,0,$-\dfrac{17}{6}$,เจอแต่ไม่อยู่ท้าย,25,🟡 อาจเป็นการเอ่ยกลางทาง ⛔ ไม่ใช่ผลสรุป
chap-05-function-q81,chap-05-function,mc,1,$f$ เป็นฟังก์ชัน 1-1 และ $f^{-1}(x) = \det\begin{bmatrix} 1 & 1 \\ \dfrac{1}{1+x,ไม่เจอเลย,24,🔴 คำตอบไม่ปรากฏในเฉลยเลย
chap-05-function-q82,chap-05-function,mc,2,"$(f^{-1} \circ g)(x) = \dfrac{x}{1 + 2x}$ , $x \ne 1$",ไม่เจอเลย,28,🔴 คำตอบไม่ปรากฏในเฉลยเลย
chap-05-function-q83,chap-05-function,mc,2,$r^{-1} \circ r^{-1} = r^{-1}$,ไม่เจอเลย,24,🔴 คำตอบไม่ปรากฏในเฉลยเลย
chap-05-function-q84,chap-05-function,mc,1,$\dfrac{x}{1 - |x|}$,เจอแต่ไม่อยู่ท้าย,28,🟡 อาจเป็นการเอ่ยกลางทาง ⛔ ไม่ใช่ผลสรุป
chap-05-function-q85,chap-05-function,mc,1,"$r^{-1} = \{ (x, y) \in \mathbb{R} \times \mathbb{R} \mid y = \begin{cases} \sqr",ไม่เจอเลย,28,🔴 คำตอบไม่ปรากฏในเฉลยเลย
chap-05-function-q86,chap-05-function,mc,2,ก. เท็จ ข. จริง,เจอแต่ไม่อยู่ท้าย,26,🟡 อาจเป็นการเอ่ยกลางทาง ⛔ ไม่ใช่ผลสรุป
chap-05-function-q87,chap-05-function,mc,0,ก. ถูก และ ข. ถูก,เจอแต่ไม่อยู่ท้าย,23,🟡 อาจเป็นการเอ่ยกลางทาง ⛔ ไม่ใช่ผลสรุป
chap-05-function-q88,chap-05-function,mc,0,ก. ถูก และ ข. ถูก,ไม่เจอเลย,29,🔴 คำตอบไม่ปรากฏในเฉลยเลย
chap-05-function-q89,chap-05-function,mc,3,"$g(x) = x^3$ เมื่อ $x \in (-\infty, -1) \cup [1, \infty)$",ไม่เจอเลย,22,🔴 คำตอบไม่ปรากฏในเฉลยเลย
chap-05-function-q90,chap-05-function,mc,2,ก. ผิด และ ข. ถูก,เจอแต่ไม่อยู่ท้าย,27,🟡 อาจเป็นการเอ่ยกลางทาง ⛔ ไม่ใช่ผลสรุป
chap-05-function-q91,chap-05-function,mc,3,ก. ผิด และ ข. ผิด,ไม่เจอเลย,21,🔴 คำตอบไม่ปรากฏในเฉลยเลย
chap-05-function-q92,chap-05-function,mc,1,ก. ถูก และ ข. ผิด,เจอแต่ไม่อยู่ท้าย,28,🟡 อาจเป็นการเอ่ยกลางทาง ⛔ ไม่ใช่ผลสรุป
chap-05-function-q93,chap-05-function,mc,3,"$f^{-1}([4, 9]) = [2, 3]$",ไม่เจอเลย,23,🔴 คำตอบไม่ปรากฏในเฉลยเลย
chap-05-function-q94,chap-05-function,mc,1,$4$,เจอแต่ไม่อยู่ท้าย,28,🟡 อาจเป็นการเอ่ยกลางทาง ⛔ ไม่ใช่ผลสรุป
chap-05-function-q95,chap-05-function,mc,1,$3x - 6$,เจอแต่ไม่อยู่ท้าย,22,🟡 อาจเป็นการเอ่ยกลางทาง ⛔ ไม่ใช่ผลสรุป
chap-05-function-q96,chap-05-function,mc,1,$\dfrac{3}{2}$,เจอแต่ไม่อยู่ท้าย,17,🟡 อาจเป็นการเอ่ยกลางทาง ⛔ ไม่ใช่ผลสรุป
chap-05-function-q97,chap-05-function,mc,2,"$[0, 4]$",เจอแต่ไม่อยู่ท้าย,27,🟡 อาจเป็นการเอ่ยกลางทาง ⛔ ไม่ใช่ผลสรุป
chap-05-function-q99,chap-05-function,mc,3,$20$,เจอแต่ไม่อยู่ท้าย,24,🟡 อาจเป็นการเอ่ยกลางทาง ⛔ ไม่ใช่ผลสรุป
chap-05-function-q100,chap-05-function,mc,2,$37$,เจอแต่ไม่อยู่ท้าย,23,🟡 อาจเป็นการเอ่ยกลางทาง ⛔ ไม่ใช่ผลสรุป
chap-05-function-q101,chap-05-function,fill,'1/2',1/2,ไม่เจอเลย,21,🔴 คำตอบไม่ปรากฏในเฉลยเลย
chap-05-function-q102,chap-05-function,mc,0,$273$,เจอแต่ไม่อยู่ท้าย,22,🟡 อาจเป็นการเอ่ยกลางทาง ⛔ ไม่ใช่ผลสรุป
chap-05-function-q103,chap-05-function,mc,1,$f(x) = g^{-1}(x)$ และ $h(x) = 6x + 6$,ไม่เจอเลย,21,🔴 คำตอบไม่ปรากฏในเฉลยเลย
chap-05-function-q105,chap-05-function,mc,1,ก. ถูก และ ข. ผิด,เจอแต่ไม่อยู่ท้าย,27,🟡 อาจเป็นการเอ่ยกลางทาง ⛔ ไม่ใช่ผลสรุป
chap-05-function-q106,chap-05-function,mc,3,$(g - f)(1) = 2$,ไม่เจอเลย,24,🔴 คำตอบไม่ปรากฏในเฉลยเลย
chap-05-function-q107,chap-05-function,mc,0,ก. ถูก และ ข. ถูก,เจอแต่ไม่อยู่ท้าย,21,🟡 อาจเป็นการเอ่ยกลางทาง ⛔ ไม่ใช่ผลสรุป
chap-05-function-q108,chap-05-function,mc,3,"$(-3, 2]$",เจอแต่ไม่อยู่ท้าย,21,🟡 อาจเป็นการเอ่ยกลางทาง ⛔ ไม่ใช่ผลสรุป
chap-05-function-q109,chap-05-function,mc,1,"$(-1, 5)$",เจอแต่ไม่อยู่ท้าย,24,🟡 อาจเป็นการเอ่ยกลางทาง ⛔ ไม่ใช่ผลสรุป
chap-05-function-q110,chap-05-function,mc,0,ถ้า $f$ เป็นฟังก์ชันจากเซต $A$ ไปเซต $B$ และ $g$ เป็นฟังก์ชันจากเซต $B$ ไปทั่วถึ,ไม่เจอเลย,26,🔴 คำตอบไม่ปรากฏในเฉลยเลย
chap-05-function-q111,chap-05-function,mc,0,$\{ x \mid x \ge 5 \}$,เจอแต่ไม่อยู่ท้าย,23,🟡 อาจเป็นการเอ่ยกลางทาง ⛔ ไม่ใช่ผลสรุป
chap-05-function-q112,chap-05-function,mc,3,$\{ x \mid x(x^2 - 1)(x + 2) \ne 0 \}$,ไม่เจอเลย,22,🔴 คำตอบไม่ปรากฏในเฉลยเลย
chap-05-function-q113,chap-05-function,mc,2,$\dfrac{1}{\sqrt{8}}$,เจอแต่ไม่อยู่ท้าย,23,🟡 อาจเป็นการเอ่ยกลางทาง ⛔ ไม่ใช่ผลสรุป
chap-05-function-q114,chap-05-function,mc,2,"$D_r = [-1, 1]$, $R_r = [1, 10]$",เจอแต่ไม่อยู่ท้าย,20,🟡 อาจเป็นการเอ่ยกลางทาง ⛔ ไม่ใช่ผลสรุป
chap-05-function-q115,chap-05-function,fill,'9',9,เจอแต่ไม่อยู่ท้าย,28,🟡 อาจเป็นการเอ่ยกลางทาง ⛔ ไม่ใช่ผลสรุป
chap-05-function-q116,chap-05-function,mc,0,"$[0, 1)$",เจอแต่ไม่อยู่ท้าย,22,🟡 อาจเป็นการเอ่ยกลางทาง ⛔ ไม่ใช่ผลสรุป
chap-05-function-q117,chap-05-function,mc,3,"$(-1, 1) \cup (1, \infty)$",เจอแต่ไม่อยู่ท้าย,28,🟡 อาจเป็นการเอ่ยกลางทาง ⛔ ไม่ใช่ผลสรุป
chap-05-function-q118,chap-05-function,mc,3,"$[-2, -1] \cup (\sqrt{3}, 2]$",เจอแต่ไม่อยู่ท้าย,25,🟡 อาจเป็นการเอ่ยกลางทาง ⛔ ไม่ใช่ผลสรุป
chap-05-function-q120,chap-05-function,mc,3,"$f(n) = \begin{cases} \dfrac{(n+1)}{2}, & \text{ถ้า } n \text{ เป็นจำนวนเต็มคี่บ",ไม่เจอเลย,23,🔴 คำตอบไม่ปรากฏในเฉลยเลย
chap-05-function-q121,chap-05-function,mc,2,$R_g = R_{f \circ g}$,ไม่เจอเลย,33,🔴 คำตอบไม่ปรากฏในเฉลยเลย
chap-05-function-q122,chap-05-function,mc,0,$\{ x \in \mathbb{Z} \mid \dfrac{x}{2}$ เป็นจำนวนเต็มคี่$\}$,ไม่เจอเลย,22,🔴 คำตอบไม่ปรากฏในเฉลยเลย
chap-05-function-q123,chap-05-function,mc,3,หนึ่งต่อหนึ่ง และทั่วถึง,เจอแต่ไม่อยู่ท้าย,25,🟡 อาจเป็นการเอ่ยกลางทาง ⛔ ไม่ใช่ผลสรุป
chap-05-function-q124,chap-05-function,mc,0,หนึ่งต่อหนึ่งและทั่วถึง,เจอแต่ไม่อยู่ท้าย,20,🟡 อาจเป็นการเอ่ยกลางทาง ⛔ ไม่ใช่ผลสรุป
chap-05-function-q125,chap-05-function,mc,1,"$R_F = (0, 1)$",ไม่เจอเลย,23,🔴 คำตอบไม่ปรากฏในเฉลยเลย
chap-05-function-q126,chap-05-function,mc,2,$f(x) = -400x + 20000$,เจอแต่ไม่อยู่ท้าย,19,🟡 อาจเป็นการเอ่ยกลางทาง ⛔ ไม่ใช่ผลสรุป
chap-05-function-q127,chap-05-function,mc,3,$7$,เจอแต่ไม่อยู่ท้าย,31,🟡 อาจเป็นการเอ่ยกลางทาง ⛔ ไม่ใช่ผลสรุป
chap-05-function-q129,chap-05-function,mc,1,4 ตร.หน่วย,เจอแต่ไม่อยู่ท้าย,26,🟡 อาจเป็นการเอ่ยกลางทาง ⛔ ไม่ใช่ผลสรุป
chap-05-function-q130,chap-05-function,fill,'4/3',4/3,ไม่เจอเลย,28,🔴 คำตอบไม่ปรากฏในเฉลยเลย
chap-05-function-q131,chap-05-function,mc,3,สี่เหลี่ยมผืนผ้าที่เท่ากันทุกประการ 2 รูป กับสามเหลี่ยมหน้าจั่ว 1 รูป,ไม่เจอเลย,35,🔴 คำตอบไม่ปรากฏในเฉลยเลย
chap-05-function-q132,chap-05-function,mc,2,"$\forall t \, [\, t^2 - 3t + 8 < 4m \,]$",ไม่เจอเลย,34,🔴 คำตอบไม่ปรากฏในเฉลยเลย
chap-05-function-q134,chap-05-function,mc,2,"2,000 ชั่วโมง",เจอแต่ไม่อยู่ท้าย,18,🟡 อาจเป็นการเอ่ยกลางทาง ⛔ ไม่ใช่ผลสรุป
chap-05-function-q135,chap-05-function,fill,'2625',2625,เจอแต่ไม่อยู่ท้าย,20,🟡 อาจเป็นการเอ่ยกลางทาง ⛔ ไม่ใช่ผลสรุป
chap-05-function-q136,chap-05-function,fill,'-3',-3,เจอแต่ไม่อยู่ท้าย,16,🟡 อาจเป็นการเอ่ยกลางทาง ⛔ ไม่ใช่ผลสรุป
chap-05-function-q137,chap-05-function,mc,3,$f(x) = x^3 - 2x^2 + 3x + 1$,เจอแต่ไม่อยู่ท้าย,20,🟡 อาจเป็นการเอ่ยกลางทาง ⛔ ไม่ใช่ผลสรุป
chap-05-function-q140,chap-05-function,fill,'11/6',11/6,ไม่เจอเลย,20,🔴 คำตอบไม่ปรากฏในเฉลยเลย
chap-05-function-q141,chap-05-function,mc,3,ค่าสูงสุดของฟังก์ชัน $p(x) = 1 - f(x)$,ไม่เจอเลย,26,🔴 คำตอบไม่ปรากฏในเฉลยเลย
chap-05-function-q142,chap-05-function,mc,2,"$h_1 = \{ (x, y) \mid xy - x = 1 \}$ และ $h_1 = \{ (x, y) \mid x = \dfrac{1}{y -",ไม่เจอเลย,25,🔴 คำตอบไม่ปรากฏในเฉลยเลย
chap-05-function-q143,chap-05-function,mc,0,"$r_1 = \{ (x, y) \in \mathbb{R} \times \mathbb{R} \mid x = \sqrt{-y} \}$",ไม่เจอเลย,28,🔴 คำตอบไม่ปรากฏในเฉลยเลย
chap-05-function-q144,chap-05-function,mc,0,"$r_1 = \{ (x, y) \in \mathbb{R} \times \mathbb{R} \mid y = x + \dfrac{1}{x} \}$",ไม่เจอเลย,29,🔴 คำตอบไม่ปรากฏในเฉลยเลย
chap-05-function-q145,chap-05-function,mc,0,ข้อ ก. และ ข. เป็นจริง,ไม่เจอเลย,25,🔴 คำตอบไม่ปรากฏในเฉลยเลย
chap-05-function-q146,chap-05-function,mc,0,ข้อ ก. และ ข. เป็นจริง,ไม่เจอเลย,31,🔴 คำตอบไม่ปรากฏในเฉลยเลย
chap-05-function-q147,chap-05-function,fill,"'{(3, 3), (3, 12), (0, 36)}'","{(3, 3), (3, 12), (0, 36)}",เจอแต่ไม่อยู่ท้าย,19,🟡 อาจเป็นการเอ่ยกลางทาง ⛔ ไม่ใช่ผลสรุป
chap-05-function-q148,chap-05-function,mc,2,เซตคำตอบของอสมการ $x^4 - 10x^2 + 9 \ge 0$,ไม่เจอเลย,36,🔴 คำตอบไม่ปรากฏในเฉลยเลย
chap-05-function-q149,chap-05-function,mc,3,"$(-\infty, -1) \cup (-1, 2] \cup [3, \infty)$",เจอแต่ไม่อยู่ท้าย,22,🟡 อาจเป็นการเอ่ยกลางทาง ⛔ ไม่ใช่ผลสรุป
chap-05-function-q151,chap-05-function,mc,2,"$[0, 1]$",เจอแต่ไม่อยู่ท้าย,21,🟡 อาจเป็นการเอ่ยกลางทาง ⛔ ไม่ใช่ผลสรุป
chap-05-function-q152,chap-05-function,mc,3,"$(-1, 1)$",เจอแต่ไม่อยู่ท้าย,21,🟡 อาจเป็นการเอ่ยกลางทาง ⛔ ไม่ใช่ผลสรุป
chap-05-function-q153,chap-05-function,fill,'7',7,เจอแต่ไม่อยู่ท้าย,22,🟡 อาจเป็นการเอ่ยกลางทาง ⛔ ไม่ใช่ผลสรุป
chap-05-function-q154,chap-05-function,mc,0,โดเมนของ $r$ คือ $\left\{ x \in \mathbb{R} \mid -\dfrac{1}{4} \le x \le \dfrac{1,ไม่เจอเลย,31,🔴 คำตอบไม่ปรากฏในเฉลยเลย
chap-05-function-q155,chap-05-function,fill,"'$(-\\infty, -1] \\cup [3, \\infty)$'","$(-\infty, -1] \cup [3, \infty)$",เจอแต่ไม่อยู่ท้าย,31,🟡 อาจเป็นการเอ่ยกลางทาง ⛔ ไม่ใช่ผลสรุป
chap-05-function-q156,chap-05-function,mc,2,"$A' \cap B' \subset (-\infty, 0) \cup (2, \infty)$",ไม่เจอเลย,28,🔴 คำตอบไม่ปรากฏในเฉลยเลย
chap-05-function-q157,chap-05-function,fill,'$\\sqrt{5}$',$\sqrt{5}$,เจอแต่ไม่อยู่ท้าย,23,🟡 อาจเป็นการเอ่ยกลางทาง ⛔ ไม่ใช่ผลสรุป
chap-05-function-q158,chap-05-function,mc,1,"$(-7, 4)$",เจอแต่ไม่อยู่ท้าย,28,🟡 อาจเป็นการเอ่ยกลางทาง ⛔ ไม่ใช่ผลสรุป
chap-05-function-q159,chap-05-function,fill,"'$R_{r_1} = [-2, 2]$, $R_{r_2} = [-1, \\infty)$, $D_{r^{-1}} = [-1, 2]$'","$R_{r_1} = [-2, 2]$, $R_{r_2} = [-1, \infty)$, $D_{r^{-1}} = [-1, 2]$",ไม่เจอเลย,23,🔴 คำตอบไม่ปรากฏในเฉลยเลย
chap-05-function-q160,chap-05-function,mc,3,$\{ y \mid 1 \le y \le 4 \}$,เจอแต่ไม่อยู่ท้าย,24,🟡 อาจเป็นการเอ่ยกลางทาง ⛔ ไม่ใช่ผลสรุป
chap-05-function-q161,chap-05-function,mc,3,"$(-\infty, 0) \cup [1, \infty)$",เจอแต่ไม่อยู่ท้าย,23,🟡 อาจเป็นการเอ่ยกลางทาง ⛔ ไม่ใช่ผลสรุป
chap-05-function-q162,chap-05-function,mc,3,"$D_f - R_f = (-\infty, 0]$",ไม่เจอเลย,21,🔴 คำตอบไม่ปรากฏในเฉลยเลย
chap-05-function-q163,chap-05-function,mc,0,$6225$,เจอแต่ไม่อยู่ท้าย,20,🟡 อาจเป็นการเอ่ยกลางทาง ⛔ ไม่ใช่ผลสรุป
chap-05-function-q165,chap-05-function,fill,"'{(a, 1)}, {(b, 1)}, {(c, 2)}, {(a, 1), (c, 2)}, {(b, 1), (c, 2)}'","{(a, 1)}, {(b, 1)}, {(c, 2)}, {(a, 1), (c, 2)}, {(b, 1), (c, 2)}",ไม่เจอเลย,22,🔴 คำตอบไม่ปรากฏในเฉลยเลย
chap-05-function-q166,chap-05-function,fill,'45',45,เจอแต่ไม่อยู่ท้าย,31,🟡 อาจเป็นการเอ่ยกลางทาง ⛔ ไม่ใช่ผลสรุป
chap-05-function-q167,chap-05-function,mc,2,$2^{45}$,เจอแต่ไม่อยู่ท้าย,27,🟡 อาจเป็นการเอ่ยกลางทาง ⛔ ไม่ใช่ผลสรุป
chap-05-function-q168,chap-05-function,fill,'16',16,เจอแต่ไม่อยู่ท้าย,25,🟡 อาจเป็นการเอ่ยกลางทาง ⛔ ไม่ใช่ผลสรุป
chap-05-function-q169,chap-05-function,fill,"'{(1, 3), (2, 4), (3, 1), (4, 2)}'","{(1, 3), (2, 4), (3, 1), (4, 2)}",เจอแต่ไม่อยู่ท้าย,23,🟡 อาจเป็นการเอ่ยกลางทาง ⛔ ไม่ใช่ผลสรุป
chap-05-function-q171,chap-05-function,mc,2,$-5$,เจอแต่ไม่อยู่ท้าย,30,🟡 อาจเป็นการเอ่ยกลางทาง ⛔ ไม่ใช่ผลสรุป
chap-05-function-q172,chap-05-function,fill,'$x^4 + x^2 - 3$',$x^4 + x^2 - 3$,เจอแต่ไม่อยู่ท้าย,25,🟡 อาจเป็นการเอ่ยกลางทาง ⛔ ไม่ใช่ผลสรุป
chap-05-function-q173,chap-05-function,fill,'3323',3323,เจอแต่ไม่อยู่ท้าย,19,🟡 อาจเป็นการเอ่ยกลางทาง ⛔ ไม่ใช่ผลสรุป
chap-05-function-q174,chap-05-function,fill,"'{-4, 0, 2}'","{-4, 0, 2}",เจอแต่ไม่อยู่ท้าย,23,🟡 อาจเป็นการเอ่ยกลางทาง ⛔ ไม่ใช่ผลสรุป
chap-05-function-q175,chap-05-function,mc,3,$64$,เจอแต่ไม่อยู่ท้าย,19,🟡 อาจเป็นการเอ่ยกลางทาง ⛔ ไม่ใช่ผลสรุป
chap-05-function-q176,chap-05-function,mc,2,"$(-1, 1)$",ไม่เจอเลย,18,🔴 คำตอบไม่ปรากฏในเฉลยเลย
chap-05-function-q177,chap-05-function,mc,0,$\{1\}$,เจอแต่ไม่อยู่ท้าย,22,🟡 อาจเป็นการเอ่ยกลางทาง ⛔ ไม่ใช่ผลสรุป
chap-05-function-q178,chap-05-function,mc,3,ข้อ ก. และ ข. เป็นเท็จ,ไม่เจอเลย,33,🔴 คำตอบไม่ปรากฏในเฉลยเลย
chap-05-function-q179,chap-05-function,fill,'$\\sqrt{2x^2 + 4}$',$\sqrt{2x^2 + 4}$,เจอแต่ไม่อยู่ท้าย,21,🟡 อาจเป็นการเอ่ยกลางทาง ⛔ ไม่ใช่ผลสรุป
chap-05-function-q180,chap-05-function,fill,"'$f(x) = 2x - 3$, $g(x) = 3x - 4$, $f^{-1}(x) = \\dfrac{x + 3}{2}$, $(g \\circ f)(x) = 6x - 13$'","$f(x) = 2x - 3$, $g(x) = 3x - 4$, $f^{-1}(x) = \dfrac{x + 3}{2}$, $(g \circ f)(x",เจอแต่ไม่อยู่ท้าย,27,🟡 อาจเป็นการเอ่ยกลางทาง ⛔ ไม่ใช่ผลสรุป
chap-05-function-q181,chap-05-function,mc,0,$0$,เจอแต่ไม่อยู่ท้าย,20,🟡 อาจเป็นการเอ่ยกลางทาง ⛔ ไม่ใช่ผลสรุป
chap-05-function-q182,chap-05-function,fill,'3/2',3/2,ไม่เจอเลย,21,🔴 คำตอบไม่ปรากฏในเฉลยเลย
chap-05-function-q183,chap-05-function,fill,'$\\dfrac{x}{2} + y + \\dfrac{5}{2}$',$\dfrac{x}{2} + y + \dfrac{5}{2}$,เจอแต่ไม่อยู่ท้าย,23,🟡 อาจเป็นการเอ่ยกลางทาง ⛔ ไม่ใช่ผลสรุป
chap-05-function-q184,chap-05-function,mc,2,$k^2$,เจอแต่ไม่อยู่ท้าย,22,🟡 อาจเป็นการเอ่ยกลางทาง ⛔ ไม่ใช่ผลสรุป
chap-05-function-q185,chap-05-function,mc,2,$-1 \le f(3) \le 23$,เจอแต่ไม่อยู่ท้าย,22,🟡 อาจเป็นการเอ่ยกลางทาง ⛔ ไม่ใช่ผลสรุป
chap-05-function-q186,chap-05-function,mc,3,"$R_{h \circ g} = [0, \infty)$",ไม่เจอเลย,22,🔴 คำตอบไม่ปรากฏในเฉลยเลย
chap-05-function-q187,chap-05-function,mc,1,"$(-3, -1)$",เจอแต่ไม่อยู่ท้าย,25,🟡 อาจเป็นการเอ่ยกลางทาง ⛔ ไม่ใช่ผลสรุป
chap-05-function-q188,chap-05-function,fill,'$f(x) = 2 - x^2$',$f(x) = 2 - x^2$,เจอแต่ไม่อยู่ท้าย,28,🟡 อาจเป็นการเอ่ยกลางทาง ⛔ ไม่ใช่ผลสรุป
chap-05-function-q189,chap-05-function,fill,'2003',2003,เจอแต่ไม่อยู่ท้าย,28,🟡 อาจเป็นการเอ่ยกลางทาง ⛔ ไม่ใช่ผลสรุป
chap-05-function-q190,chap-05-function,fill,'-29/3',-29/3,เจอแต่ไม่อยู่ท้าย,22,🟡 อาจเป็นการเอ่ยกลางทาง ⛔ ไม่ใช่ผลสรุป
chap-05-function-q191,chap-05-function,fill,'$f(x) = \\dfrac{x^2}{2} + \\dfrac{1}{2x}$',$f(x) = \dfrac{x^2}{2} + \dfrac{1}{2x}$,เจอแต่ไม่อยู่ท้าย,20,🟡 อาจเป็นการเอ่ยกลางทาง ⛔ ไม่ใช่ผลสรุป
chap-05-function-q192,chap-05-function,mc,2,$\dfrac{7}{10}$,เจอแต่ไม่อยู่ท้าย,31,🟡 อาจเป็นการเอ่ยกลางทาง ⛔ ไม่ใช่ผลสรุป
chap-05-function-q193,chap-05-function,fill,'702',702,เจอแต่ไม่อยู่ท้าย,21,🟡 อาจเป็นการเอ่ยกลางทาง ⛔ ไม่ใช่ผลสรุป
chap-05-function-q194,chap-05-function,mc,3,$\dfrac{x}{2^{20}}$,เจอแต่ไม่อยู่ท้าย,20,🟡 อาจเป็นการเอ่ยกลางทาง ⛔ ไม่ใช่ผลสรุป
chap-05-function-q195,chap-05-function,fill,'53',53,เจอแต่ไม่อยู่ท้าย,22,🟡 อาจเป็นการเอ่ยกลางทาง ⛔ ไม่ใช่ผลสรุป
chap-05-function-q196,chap-05-function,fill,'7/2',7/2,ไม่เจอเลย,21,🔴 คำตอบไม่ปรากฏในเฉลยเลย
chap-05-function-q197,chap-05-function,fill,'50',50,เจอแต่ไม่อยู่ท้าย,26,🟡 อาจเป็นการเอ่ยกลางทาง ⛔ ไม่ใช่ผลสรุป
chap-05-function-q198,chap-05-function,mc,0,$-\dfrac{2}{11}$,เจอแต่ไม่อยู่ท้าย,25,🟡 อาจเป็นการเอ่ยกลางทาง ⛔ ไม่ใช่ผลสรุป
chap-05-function-q199,chap-05-function,fill,'732/209',732/209,ไม่เจอเลย,21,🔴 คำตอบไม่ปรากฏในเฉลยเลย
chap-05-function-q200,chap-05-function,fill,"'{7, 34, 148}'","{7, 34, 148}",เจอแต่ไม่อยู่ท้าย,38,🟡 อาจเป็นการเอ่ยกลางทาง ⛔ ไม่ใช่ผลสรุป
chap-05-function-q201,chap-05-function,fill,"'0, 2, -2'","0, 2, -2",เจอแต่ไม่อยู่ท้าย,21,🟡 อาจเป็นการเอ่ยกลางทาง ⛔ ไม่ใช่ผลสรุป
chap-05-function-q202,chap-05-function,mc,2,เส้นตรงความชันลบ ผ่านจุดกำเนิด,เจอแต่ไม่อยู่ท้าย,20,🟡 อาจเป็นการเอ่ยกลางทาง ⛔ ไม่ใช่ผลสรุป
chap-06-matrix-q01,chap-06-matrix,mc,2,$a_{12} = -a_{21}$ และ $a_{11} = a_{22} = 0$,เจอแต่ไม่อยู่ท้าย,29,🟡 อาจเป็นการเอ่ยกลางทาง ⛔ ไม่ใช่ผลสรุป
chap-06-matrix-q02,chap-06-matrix,mc,1,$x - y = -2$,เจอแต่ไม่อยู่ท้าย,30,🟡 อาจเป็นการเอ่ยกลางทาง ⛔ ไม่ใช่ผลสรุป
chap-06-matrix-q03,chap-06-matrix,mc,4,$\begin{bmatrix} -3 & 18 & 21 \\ -2 & 12 & 14 \\ -4 & 24 & 28 \end{bmatrix}$,เจอแต่ไม่อยู่ท้าย,25,🟡 อาจเป็นการเอ่ยกลางทาง ⛔ ไม่ใช่ผลสรุป
chap-06-matrix-q04,chap-06-matrix,mc,3,$A$ เป็นเมทริกซ์มิติ $2 \times 2$ ซึ่งมีค่า $\det(A) = 2xy$,ไม่เจอเลย,28,🔴 คำตอบไม่ปรากฏในเฉลยเลย
chap-06-matrix-q05,chap-06-matrix,mc,0,$a_{j1}b_{1i} + a_{j2}b_{2i}$,เจอแต่ไม่อยู่ท้าย,26,🟡 อาจเป็นการเอ่ยกลางทาง ⛔ ไม่ใช่ผลสรุป
chap-06-matrix-q07,chap-06-matrix,mc,2,ไฮเพอร์โบลาซึ่งมีแกนตามขวางทับแกน $x$,เจอแต่ไม่อยู่ท้าย,32,🟡 อาจเป็นการเอ่ยกลางทาง ⛔ ไม่ใช่ผลสรุป
chap-06-matrix-q08,chap-06-matrix,mc,4,มีคำตอบที่ถูกต้องมากกว่า 1 ข้อ,เจอแต่ไม่อยู่ท้าย,33,🟡 อาจเป็นการเอ่ยกลางทาง ⛔ ไม่ใช่ผลสรุป
chap-06-matrix-q09,chap-06-matrix,mc,4,"กำหนด $A = \begin{bmatrix} 1 & -1 \\ 0 & 2 \end{bmatrix}$, $B = \begin{bmatrix} ",ไม่เจอเลย,34,🔴 คำตอบไม่ปรากฏในเฉลยเลย
chap-06-matrix-q10,chap-06-matrix,mc,2,"$a = 1, b = 3$ หรือ $a = 3, b = 1$",เจอแต่ไม่อยู่ท้าย,35,🟡 อาจเป็นการเอ่ยกลางทาง ⛔ ไม่ใช่ผลสรุป
chap-06-matrix-q11,chap-06-matrix,mc,0,$2$,เจอแต่ไม่อยู่ท้าย,42,🟡 อาจเป็นการเอ่ยกลางทาง ⛔ ไม่ใช่ผลสรุป
chap-06-matrix-q12,chap-06-matrix,mc,1,$-\sqrt{3}$,เจอแต่ไม่อยู่ท้าย,30,🟡 อาจเป็นการเอ่ยกลางทาง ⛔ ไม่ใช่ผลสรุป
chap-06-matrix-q13,chap-06-matrix,mc,2,$\dfrac{\pi}{4}$,เจอแต่ไม่อยู่ท้าย,36,🟡 อาจเป็นการเอ่ยกลางทาง ⛔ ไม่ใช่ผลสรุป
chap-06-matrix-q14,chap-06-matrix,mc,2,$45°$,เจอแต่ไม่อยู่ท้าย,29,🟡 อาจเป็นการเอ่ยกลางทาง ⛔ ไม่ใช่ผลสรุป
chap-06-matrix-q15,chap-06-matrix,mc,3,"ข้อ 1, 2 และ 3 ไม่มีข้อใดถูก",ไม่เจอเลย,28,🔴 คำตอบไม่ปรากฏในเฉลยเลย
chap-06-matrix-q16,chap-06-matrix,mc,3,$A$ เป็นเซตอนันต์ และ $B$ เป็นเซตอนันต์,เจอแต่ไม่อยู่ท้าย,25,🟡 อาจเป็นการเอ่ยกลางทาง ⛔ ไม่ใช่ผลสรุป
chap-06-matrix-q17,chap-06-matrix,mc,2,$(A * B) * C = A * (B * C)$,เจอแต่ไม่อยู่ท้าย,35,🟡 อาจเป็นการเอ่ยกลางทาง ⛔ ไม่ใช่ผลสรุป
chap-06-matrix-q18,chap-06-matrix,mc,2,$3\begin{vmatrix} 1 & 0 & 1 \\ 0 & 0 & 1 \\ 0 & 1 & 0 \end{vmatrix} = \begin{vma,ไม่เจอเลย,31,🔴 คำตอบไม่ปรากฏในเฉลยเลย
chap-06-matrix-q19,chap-06-matrix,mc,2,ถ้า $\begin{bmatrix} 3 & -4 \\ 9 & 2 \end{bmatrix}X = \begin{bmatrix} -4 \\ 9 \e,ไม่เจอเลย,30,🔴 คำตอบไม่ปรากฏในเฉลยเลย
chap-06-matrix-q20,chap-06-matrix,mc,0,ก. ถูก ข. ถูก,เจอแต่ไม่อยู่ท้าย,24,🟡 อาจเป็นการเอ่ยกลางทาง ⛔ ไม่ใช่ผลสรุป
chap-06-matrix-q21,chap-06-matrix,mc,3,"ถ้า $A, B, C$ เป็นเมทริกซ์ $2 \times 2$ ซึ่ง $\det(A) < 0$ และ $AB = AC$ แล้ว $B",ไม่เจอเลย,30,🔴 คำตอบไม่ปรากฏในเฉลยเลย
chap-06-matrix-q22,chap-06-matrix,mc,3,$(AB)^{-1} = B^{-1}A^{-1}$ เมื่อ $A$ และ $B$ เป็นเมทริกซ์ $n \times n$ ที่มิใช่เ,ไม่เจอเลย,29,🔴 คำตอบไม่ปรากฏในเฉลยเลย
chap-06-matrix-q23,chap-06-matrix,mc,1,ถ้า $A$ และ $B$ เป็นเมทริกซ์ที่มิใช่เอกฐาน ที่มีคุณสมบัติ $AB = I$ จะได้ $BA = (,ไม่เจอเลย,33,🔴 คำตอบไม่ปรากฏในเฉลยเลย
chap-06-matrix-q24,chap-06-matrix,mc,2,ถ้า $A$ และ $B$ เป็นเมทริกซ์จัตุรัสที่มีมิติเดียวกัน และ $\det(AB) = 0$ แล้ว $\d,ไม่เจอเลย,30,🔴 คำตอบไม่ปรากฏในเฉลยเลย
chap-06-matrix-q25,chap-06-matrix,mc,2,ถ้า $A$ เป็นเมทริกซ์ $2 \times 2$ และ $k$ เป็นจำนวนจริงใด ๆ ซึ่ง $k \ne 0$ แล้ว ,ไม่เจอเลย,33,🔴 คำตอบไม่ปรากฏในเฉลยเลย
chap-06-matrix-q26,chap-06-matrix,mc,1,มีผิด 3 ข้อเท่านั้น,เจอแต่ไม่อยู่ท้าย,35,🟡 อาจเป็นการเอ่ยกลางทาง ⛔ ไม่ใช่ผลสรุป
chap-06-matrix-q27,chap-06-matrix,mc,2,$\det(A^2 + A) = [\det(A) + 1]\det(A)$,ไม่เจอเลย,30,🔴 คำตอบไม่ปรากฏในเฉลยเลย
chap-06-matrix-q28,chap-06-matrix,mc,3,$\det(A^2B) = 48$,ไม่เจอเลย,36,🔴 คำตอบไม่ปรากฏในเฉลยเลย
chap-06-matrix-q29,chap-06-matrix,mc,3,$1 - \cos^2\theta - \cos^2 3\theta$,เจอแต่ไม่อยู่ท้าย,39,🟡 อาจเป็นการเอ่ยกลางทาง ⛔ ไม่ใช่ผลสรุป
chap-06-matrix-q30,chap-06-matrix,mc,1,$-768$,เจอแต่ไม่อยู่ท้าย,30,🟡 อาจเป็นการเอ่ยกลางทาง ⛔ ไม่ใช่ผลสรุป
chap-06-matrix-q31,chap-06-matrix,mc,0,"$\left\{\dfrac{11}{7}, -5\right\}$",เจอแต่ไม่อยู่ท้าย,30,🟡 อาจเป็นการเอ่ยกลางทาง ⛔ ไม่ใช่ผลสรุป
chap-06-matrix-q33,chap-06-matrix,mc,0,3,เจอแต่ไม่อยู่ท้าย,27,🟡 อาจเป็นการเอ่ยกลางทาง ⛔ ไม่ใช่ผลสรุป
chap-06-matrix-q36,chap-06-matrix,mc,3,$-4$,เจอแต่ไม่อยู่ท้าย,27,🟡 อาจเป็นการเอ่ยกลางทาง ⛔ ไม่ใช่ผลสรุป
chap-06-matrix-q38,chap-06-matrix,fill,'5/8',5/8,เจอแต่ไม่อยู่ท้าย,37,🟡 อาจเป็นการเอ่ยกลางทาง ⛔ ไม่ใช่ผลสรุป
chap-06-matrix-q39,chap-06-matrix,mc,3,$18$,เจอแต่ไม่อยู่ท้าย,28,🟡 อาจเป็นการเอ่ยกลางทาง ⛔ ไม่ใช่ผลสรุป
chap-06-matrix-q40,chap-06-matrix,mc,0,"$[0, 1]$",เจอแต่ไม่อยู่ท้าย,30,🟡 อาจเป็นการเอ่ยกลางทาง ⛔ ไม่ใช่ผลสรุป
chap-06-matrix-q41,chap-06-matrix,mc,3,$\dfrac{5}{3}$,เจอแต่ไม่อยู่ท้าย,28,🟡 อาจเป็นการเอ่ยกลางทาง ⛔ ไม่ใช่ผลสรุป
chap-06-matrix-q42,chap-06-matrix,mc,1,$\arcsin(-1)$,เจอแต่ไม่อยู่ท้าย,26,🟡 อาจเป็นการเอ่ยกลางทาง ⛔ ไม่ใช่ผลสรุป
chap-06-matrix-q43,chap-06-matrix,mc,3,"$\{\sqrt{2}, -2, 2\}$",เจอแต่ไม่อยู่ท้าย,29,🟡 อาจเป็นการเอ่ยกลางทาง ⛔ ไม่ใช่ผลสรุป
chap-06-matrix-q44,chap-06-matrix,mc,3,$\dfrac{5\pi}{6}$,เจอแต่ไม่อยู่ท้าย,35,🟡 อาจเป็นการเอ่ยกลางทาง ⛔ ไม่ใช่ผลสรุป
chap-06-matrix-q45,chap-06-matrix,mc,2,"$\exists x\,[x \in A$ และ $|\sin x - \cos 2x| \ge 1]$",ไม่เจอเลย,38,🔴 คำตอบไม่ปรากฏในเฉลยเลย
chap-06-matrix-q46,chap-06-matrix,fill,'0.4',0.4,เจอแต่ไม่อยู่ท้าย,25,🟡 อาจเป็นการเอ่ยกลางทาง ⛔ ไม่ใช่ผลสรุป
chap-06-matrix-q47,chap-06-matrix,mc,3,$\dfrac{3}{5}$,เจอแต่ไม่อยู่ท้าย,25,🟡 อาจเป็นการเอ่ยกลางทาง ⛔ ไม่ใช่ผลสรุป
chap-06-matrix-q48,chap-06-matrix,mc,0,"$\left\{1, \dfrac{5 + 3\sqrt{5}}{2}, \dfrac{5 - 3\sqrt{5}}{2}\right\}$",เจอแต่ไม่อยู่ท้าย,35,🟡 อาจเป็นการเอ่ยกลางทาง ⛔ ไม่ใช่ผลสรุป
chap-06-matrix-q49,chap-06-matrix,mc,4,ไม่มีข้อใดใน 1. ถึง 4. ที่ถูก,เจอแต่ไม่อยู่ท้าย,31,🟡 อาจเป็นการเอ่ยกลางทาง ⛔ ไม่ใช่ผลสรุป
chap-06-matrix-q50,chap-06-matrix,mc,1,$(AB)^{-1} = B^{-1}A^{-1}$,เจอแต่ไม่อยู่ท้าย,28,🟡 อาจเป็นการเอ่ยกลางทาง ⛔ ไม่ใช่ผลสรุป
chap-06-matrix-q51,chap-06-matrix,mc,1,$A$ เป็นเมทริกซ์ที่มิใช่เอกฐาน และ $A^{-1} = -A - I$,ไม่เจอเลย,25,🔴 คำตอบไม่ปรากฏในเฉลยเลย
chap-06-matrix-q52,chap-06-matrix,mc,1,$\begin{bmatrix} 1 & 4 \\ 9 & 16 \end{bmatrix}$,เจอแต่ไม่อยู่ท้าย,33,🟡 อาจเป็นการเอ่ยกลางทาง ⛔ ไม่ใช่ผลสรุป
chap-06-matrix-q53,chap-06-matrix,mc,0,$y = 0$,เจอแต่ไม่อยู่ท้าย,29,🟡 อาจเป็นการเอ่ยกลางทาง ⛔ ไม่ใช่ผลสรุป
chap-06-matrix-q54,chap-06-matrix,mc,1,$\begin{bmatrix} 2 & 0 & 4 \\ 0 & 2 & -2 \\ -4 & -2 & -2 \end{bmatrix}$,เจอแต่ไม่อยู่ท้าย,26,🟡 อาจเป็นการเอ่ยกลางทาง ⛔ ไม่ใช่ผลสรุป
chap-06-matrix-q55,chap-06-matrix,mc,0,$20$,เจอแต่ไม่อยู่ท้าย,30,🟡 อาจเป็นการเอ่ยกลางทาง ⛔ ไม่ใช่ผลสรุป
chap-06-matrix-q56,chap-06-matrix,mc,0,$B^{-1}AB = A^2$,เจอแต่ไม่อยู่ท้าย,25,🟡 อาจเป็นการเอ่ยกลางทาง ⛔ ไม่ใช่ผลสรุป
chap-06-matrix-q57,chap-06-matrix,mc,3,$11$,เจอแต่ไม่อยู่ท้าย,25,🟡 อาจเป็นการเอ่ยกลางทาง ⛔ ไม่ใช่ผลสรุป
chap-06-matrix-q58,chap-06-matrix,mc,0,$\begin{bmatrix} 2 & -10 \\ 2 & -7 \end{bmatrix}$,เจอแต่ไม่อยู่ท้าย,36,🟡 อาจเป็นการเอ่ยกลางทาง ⛔ ไม่ใช่ผลสรุป
chap-06-matrix-q59,chap-06-matrix,mc,3,ถ้า $A = \begin{bmatrix} 1 & -1 \\ 0 & 2 \end{bmatrix}$ แล้ว $A^{-1} = 3I - A$,ไม่เจอเลย,29,🔴 คำตอบไม่ปรากฏในเฉลยเลย
chap-06-matrix-q60,chap-06-matrix,mc,0,$\begin{bmatrix} -2 & -1 \\ 1 & 1 \end{bmatrix}$,เจอแต่ไม่อยู่ท้าย,25,🟡 อาจเป็นการเอ่ยกลางทาง ⛔ ไม่ใช่ผลสรุป
chap-06-matrix-q61,chap-06-matrix,mc,2,$4 \pm \sqrt{15}$,เจอแต่ไม่อยู่ท้าย,36,🟡 อาจเป็นการเอ่ยกลางทาง ⛔ ไม่ใช่ผลสรุป
chap-06-matrix-q62,chap-06-matrix,mc,0,$\dfrac{1}{2}\begin{bmatrix} -1 & 1 \\ -2 & 1 \end{bmatrix}$,เจอแต่ไม่อยู่ท้าย,29,🟡 อาจเป็นการเอ่ยกลางทาง ⛔ ไม่ใช่ผลสรุป
chap-06-matrix-q63,chap-06-matrix,mc,1,$4I$,เจอแต่ไม่อยู่ท้าย,26,🟡 อาจเป็นการเอ่ยกลางทาง ⛔ ไม่ใช่ผลสรุป
chap-06-matrix-q64,chap-06-matrix,mc,3,$\begin{bmatrix} 2/9 & 1/9 \\ -1/3 & 1/3 \end{bmatrix}$,เจอแต่ไม่อยู่ท้าย,26,🟡 อาจเป็นการเอ่ยกลางทาง ⛔ ไม่ใช่ผลสรุป
chap-06-matrix-q65,chap-06-matrix,mc,3,$\begin{bmatrix} 3 & 1 \\ 4 & -2 \end{bmatrix}$,เจอแต่ไม่อยู่ท้าย,26,🟡 อาจเป็นการเอ่ยกลางทาง ⛔ ไม่ใช่ผลสรุป
chap-06-matrix-q66,chap-06-matrix,mc,0,ก. ถูก และ ข. ถูก,เจอแต่ไม่อยู่ท้าย,29,🟡 อาจเป็นการเอ่ยกลางทาง ⛔ ไม่ใช่ผลสรุป
chap-06-matrix-q67,chap-06-matrix,fill,'15',15,เจอแต่ไม่อยู่ท้าย,28,🟡 อาจเป็นการเอ่ยกลางทาง ⛔ ไม่ใช่ผลสรุป
chap-06-matrix-q68,chap-06-matrix,fill,'0.1',0.1,เจอแต่ไม่อยู่ท้าย,26,🟡 อาจเป็นการเอ่ยกลางทาง ⛔ ไม่ใช่ผลสรุป
chap-06-matrix-q69,chap-06-matrix,fill,'1.8',1.8,เจอแต่ไม่อยู่ท้าย,25,🟡 อาจเป็นการเอ่ยกลางทาง ⛔ ไม่ใช่ผลสรุป
chap-06-matrix-q70,chap-06-matrix,mc,3,ก. ผิด และ ข. ผิด,เจอแต่ไม่อยู่ท้าย,31,🟡 อาจเป็นการเอ่ยกลางทาง ⛔ ไม่ใช่ผลสรุป
chap-06-matrix-q71,chap-06-matrix,fill,'9',9,เจอแต่ไม่อยู่ท้าย,26,🟡 อาจเป็นการเอ่ยกลางทาง ⛔ ไม่ใช่ผลสรุป
chap-06-matrix-q73,chap-06-matrix,fill,'6',6,เจอแต่ไม่อยู่ท้าย,26,🟡 อาจเป็นการเอ่ยกลางทาง ⛔ ไม่ใช่ผลสรุป
chap-06-matrix-q74,chap-06-matrix,mc,1,$-33$,เจอแต่ไม่อยู่ท้าย,36,🟡 อาจเป็นการเอ่ยกลางทาง ⛔ ไม่ใช่ผลสรุป
chap-06-matrix-q76,chap-06-matrix,mc,2,$40$,เจอแต่ไม่อยู่ท้าย,26,🟡 อาจเป็นการเอ่ยกลางทาง ⛔ ไม่ใช่ผลสรุป
chap-06-matrix-q77,chap-06-matrix,mc,2,$12$,เจอแต่ไม่อยู่ท้าย,28,🟡 อาจเป็นการเอ่ยกลางทาง ⛔ ไม่ใช่ผลสรุป
chap-06-matrix-q78,chap-06-matrix,mc,2,$13$,เจอแต่ไม่อยู่ท้าย,27,🟡 อาจเป็นการเอ่ยกลางทาง ⛔ ไม่ใช่ผลสรุป
chap-06-matrix-q79,chap-06-matrix,mc,2,$9 \le x < 13$,ไม่เจอเลย,28,🔴 คำตอบไม่ปรากฏในเฉลยเลย
chap-06-matrix-q80,chap-06-matrix,mc,3,$36$,เจอแต่ไม่อยู่ท้าย,27,🟡 อาจเป็นการเอ่ยกลางทาง ⛔ ไม่ใช่ผลสรุป
chap-06-matrix-q81,chap-06-matrix,mc,0,$-16$,เจอแต่ไม่อยู่ท้าย,25,🟡 อาจเป็นการเอ่ยกลางทาง ⛔ ไม่ใช่ผลสรุป
chap-06-matrix-q83,chap-06-matrix,mc,0,$\dfrac{1}{3}A$,เจอแต่ไม่อยู่ท้าย,27,🟡 อาจเป็นการเอ่ยกลางทาง ⛔ ไม่ใช่ผลสรุป
chap-06-matrix-q85,chap-06-matrix,fill,'0.5',0.5,เจอแต่ไม่อยู่ท้าย,30,🟡 อาจเป็นการเอ่ยกลางทาง ⛔ ไม่ใช่ผลสรุป
chap-06-matrix-q86,chap-06-matrix,mc,1,$-15$,เจอแต่ไม่อยู่ท้าย,35,🟡 อาจเป็นการเอ่ยกลางทาง ⛔ ไม่ใช่ผลสรุป
chap-06-matrix-q87,chap-06-matrix,mc,3,$-20$,เจอแต่ไม่อยู่ท้าย,32,🟡 อาจเป็นการเอ่ยกลางทาง ⛔ ไม่ใช่ผลสรุป
chap-06-matrix-q88,chap-06-matrix,mc,3,$-3$,เจอแต่ไม่อยู่ท้าย,34,🟡 อาจเป็นการเอ่ยกลางทาง ⛔ ไม่ใช่ผลสรุป
chap-06-matrix-q89,chap-06-matrix,mc,1,$4$,เจอแต่ไม่อยู่ท้าย,28,🟡 อาจเป็นการเอ่ยกลางทาง ⛔ ไม่ใช่ผลสรุป
chap-06-matrix-q90,chap-06-matrix,mc,2,$\dfrac{1}{2}$,เจอแต่ไม่อยู่ท้าย,37,🟡 อาจเป็นการเอ่ยกลางทาง ⛔ ไม่ใช่ผลสรุป
chap-06-matrix-q91,chap-06-matrix,mc,1,"$\mathbb{R} - \{1, 2\}$",เจอแต่ไม่อยู่ท้าย,33,🟡 อาจเป็นการเอ่ยกลางทาง ⛔ ไม่ใช่ผลสรุป
chap-06-matrix-q92,chap-06-matrix,mc,2,$s \ne -2t$,เจอแต่ไม่อยู่ท้าย,23,🟡 อาจเป็นการเอ่ยกลางทาง ⛔ ไม่ใช่ผลสรุป
chap-06-matrix-q93,chap-06-matrix,mc,3,ก. หรือ ค.,เจอแต่ไม่อยู่ท้าย,23,🟡 อาจเป็นการเอ่ยกลางทาง ⛔ ไม่ใช่ผลสรุป
chap-06-matrix-q94,chap-06-matrix,fill,'6',6,เจอแต่ไม่อยู่ท้าย,22,🟡 อาจเป็นการเอ่ยกลางทาง ⛔ ไม่ใช่ผลสรุป
chap-06-matrix-q95,chap-06-matrix,mc,1,$-\dfrac{2}{3}$,เจอแต่ไม่อยู่ท้าย,34,🟡 อาจเป็นการเอ่ยกลางทาง ⛔ ไม่ใช่ผลสรุป
chap-06-matrix-q97,chap-06-matrix,mc,2,$(A + B)C = AC + BC$,เจอแต่ไม่อยู่ท้าย,20,🟡 อาจเป็นการเอ่ยกลางทาง ⛔ ไม่ใช่ผลสรุป
chap-06-matrix-q99,chap-06-matrix,mc,1,$\begin{bmatrix} 12 & 18 \\ 12 & 30 \end{bmatrix}$,เจอแต่ไม่อยู่ท้าย,19,🟡 อาจเป็นการเอ่ยกลางทาง ⛔ ไม่ใช่ผลสรุป
chap-06-matrix-q100,chap-06-matrix,mc,0,$4$,เจอแต่ไม่อยู่ท้าย,21,🟡 อาจเป็นการเอ่ยกลางทาง ⛔ ไม่ใช่ผลสรุป
chap-06-matrix-q101,chap-06-matrix,mc,0,$3$,เจอแต่ไม่อยู่ท้าย,28,🟡 อาจเป็นการเอ่ยกลางทาง ⛔ ไม่ใช่ผลสรุป
chap-06-matrix-q102,chap-06-matrix,mc,2,ถ้า $A^{-1} = A^t$ แล้ว $\det(A^2) = 1$,เจอแต่ไม่อยู่ท้าย,24,🟡 อาจเป็นการเอ่ยกลางทาง ⛔ ไม่ใช่ผลสรุป
chap-06-matrix-q103,chap-06-matrix,mc,2,$\cos 2(\dfrac{\pi}{2} - \theta)$,เจอแต่ไม่อยู่ท้าย,32,🟡 อาจเป็นการเอ่ยกลางทาง ⛔ ไม่ใช่ผลสรุป
chap-06-matrix-q104,chap-06-matrix,mc,0,$0$,เจอแต่ไม่อยู่ท้าย,18,🟡 อาจเป็นการเอ่ยกลางทาง ⛔ ไม่ใช่ผลสรุป
chap-06-matrix-q105,chap-06-matrix,fill,'216',216,เจอแต่ไม่อยู่ท้าย,21,🟡 อาจเป็นการเอ่ยกลางทาง ⛔ ไม่ใช่ผลสรุป
chap-06-matrix-q106,chap-06-matrix,fill,'±2176',±2176,ไม่เจอเลย,27,🔴 คำตอบไม่ปรากฏในเฉลยเลย
chap-06-matrix-q107,chap-06-matrix,fill,'82350',82350,เจอแต่ไม่อยู่ท้าย,26,🟡 อาจเป็นการเอ่ยกลางทาง ⛔ ไม่ใช่ผลสรุป
chap-06-matrix-q108,chap-06-matrix,fill,'-1/8',-1/8,ไม่เจอเลย,20,🔴 คำตอบไม่ปรากฏในเฉลยเลย
chap-06-matrix-q110,chap-06-matrix,fill,'3',3,เจอแต่ไม่อยู่ท้าย,25,🟡 อาจเป็นการเอ่ยกลางทาง ⛔ ไม่ใช่ผลสรุป
chap-06-matrix-q113,chap-06-matrix,mc,1,"$-1 + i, \; -1 - i$",เจอแต่ไม่อยู่ท้าย,29,🟡 อาจเป็นการเอ่ยกลางทาง ⛔ ไม่ใช่ผลสรุป
chap-06-matrix-q114,chap-06-matrix,mc,0,$-1$,เจอแต่ไม่อยู่ท้าย,17,🟡 อาจเป็นการเอ่ยกลางทาง ⛔ ไม่ใช่ผลสรุป
chap-06-matrix-q115,chap-06-matrix,fill,"'(0, sqrt(2)/2, sqrt(2)/2)'","(0, sqrt(2)/2, sqrt(2)/2)",ไม่เจอเลย,23,🔴 คำตอบไม่ปรากฏในเฉลยเลย
chap-06-matrix-q116,chap-06-matrix,mc,2,"$\{-\sqrt{7}, \sqrt{7}\}$",เจอแต่ไม่อยู่ท้าย,21,🟡 อาจเป็นการเอ่ยกลางทาง ⛔ ไม่ใช่ผลสรุป
chap-06-matrix-q117,chap-06-matrix,fill,'20',20,เจอแต่ไม่อยู่ท้าย,27,🟡 อาจเป็นการเอ่ยกลางทาง ⛔ ไม่ใช่ผลสรุป
chap-06-matrix-q118,chap-06-matrix,fill,'2005^4',2005^4,เจอแต่ไม่อยู่ท้าย,22,🟡 อาจเป็นการเอ่ยกลางทาง ⛔ ไม่ใช่ผลสรุป
chap-06-matrix-q120,chap-06-matrix,mc,3,$\det(A + B^t) = -4$,เจอแต่ไม่อยู่ท้าย,23,🟡 อาจเป็นการเอ่ยกลางทาง ⛔ ไม่ใช่ผลสรุป
chap-06-matrix-q121,chap-06-matrix,mc,0,$\begin{bmatrix} -1 & 0 \\ 0 & -1 \end{bmatrix}\begin{bmatrix} 1 \\ -3 \end{bmat,เจอแต่ไม่อยู่ท้าย,28,🟡 อาจเป็นการเอ่ยกลางทาง ⛔ ไม่ใช่ผลสรุป
chap-06-matrix-q122,chap-06-matrix,fill,"'[[-1,-4,4],[-1,-5/2,3],[1,3,-3]]'","[[-1,-4,4],[-1,-5/2,3],[1,3,-3]]",ไม่เจอเลย,24,🔴 คำตอบไม่ปรากฏในเฉลยเลย
chap-06-matrix-q123,chap-06-matrix,mc,0,$-\dfrac{1}{2}$,เจอแต่ไม่อยู่ท้าย,21,🟡 อาจเป็นการเอ่ยกลางทาง ⛔ ไม่ใช่ผลสรุป
chap-06-matrix-q124,chap-06-matrix,fill,'3',3,เจอแต่ไม่อยู่ท้าย,22,🟡 อาจเป็นการเอ่ยกลางทาง ⛔ ไม่ใช่ผลสรุป
chap-06-matrix-q125,chap-06-matrix,fill,'2',2,เจอแต่ไม่อยู่ท้าย,35,🟡 อาจเป็นการเอ่ยกลางทาง ⛔ ไม่ใช่ผลสรุป
chap-06-matrix-q126,chap-06-matrix,mc,1,$\begin{bmatrix} -2/8 & 1/8 & 3/8 \\ 1/8 & -9/8 & -4/8 \\ 3/8 & -4/8 & -10/8 \en,เจอแต่ไม่อยู่ท้าย,25,🟡 อาจเป็นการเอ่ยกลางทาง ⛔ ไม่ใช่ผลสรุป
chap-06-matrix-q127,chap-06-matrix,mc,0,$-3\sqrt{2}$,เจอแต่ไม่อยู่ท้าย,29,🟡 อาจเป็นการเอ่ยกลางทาง ⛔ ไม่ใช่ผลสรุป
chap-06-matrix-q128,chap-06-matrix,fill,"'[[2/3,-1],[1/3,1/3]]'","[[2/3,-1],[1/3,1/3]]",ไม่เจอเลย,27,🔴 คำตอบไม่ปรากฏในเฉลยเลย
chap-06-matrix-q129,chap-06-matrix,mc,0,$0$,เจอแต่ไม่อยู่ท้าย,21,🟡 อาจเป็นการเอ่ยกลางทาง ⛔ ไม่ใช่ผลสรุป
chap-06-matrix-q130,chap-06-matrix,mc,0,ข้อ ก. และ ข. เป็นจริง,เจอแต่ไม่อยู่ท้าย,29,🟡 อาจเป็นการเอ่ยกลางทาง ⛔ ไม่ใช่ผลสรุป
chap-06-matrix-q131,chap-06-matrix,mc,3,ถ้า $A^3 = A$ แล้ว $A + I$ เป็นเมทริกซ์ไม่เอกฐาน,ไม่เจอเลย,23,🔴 คำตอบไม่ปรากฏในเฉลยเลย
chap-06-matrix-q132,chap-06-matrix,mc,2,$\det(2A^{-1}) = 64$,เจอแต่ไม่อยู่ท้าย,25,🟡 อาจเป็นการเอ่ยกลางทาง ⛔ ไม่ใช่ผลสรุป
chap-06-matrix-q133,chap-06-matrix,fill,"'x=2, y=3, z=1, det(adj C)=3364'","x=2, y=3, z=1, det(adj C)=3364",ไม่เจอเลย,28,🔴 คำตอบไม่ปรากฏในเฉลยเลย
chap-06-matrix-q134,chap-06-matrix,fill,"'A=[[1,1,1],[-1,2,-1],[0,3,-1]], X=[0,1,0]'","A=[[1,1,1],[-1,2,-1],[0,3,-1]], X=[0,1,0]",ไม่เจอเลย,25,🔴 คำตอบไม่ปรากฏในเฉลยเลย
chap-06-matrix-q135,chap-06-matrix,mc,0,"$(0, \dfrac{1}{5})$",เจอแต่ไม่อยู่ท้าย,24,🟡 อาจเป็นการเอ่ยกลางทาง ⛔ ไม่ใช่ผลสรุป
chap-06-matrix-q136,chap-06-matrix,mc,2,$\dfrac{27}{2}$,เจอแต่ไม่อยู่ท้าย,18,🟡 อาจเป็นการเอ่ยกลางทาง ⛔ ไม่ใช่ผลสรุป
chap-06-matrix-q137,chap-06-matrix,fill,'16',16,เจอแต่ไม่อยู่ท้าย,19,🟡 อาจเป็นการเอ่ยกลางทาง ⛔ ไม่ใช่ผลสรุป
chap-06-matrix-q139,chap-06-matrix,mc,2,$\dfrac{1}{4}$,เจอแต่ไม่อยู่ท้าย,22,🟡 อาจเป็นการเอ่ยกลางทาง ⛔ ไม่ใช่ผลสรุป
chap-06-matrix-q141,chap-06-matrix,fill,'2',2,เจอแต่ไม่อยู่ท้าย,28,🟡 อาจเป็นการเอ่ยกลางทาง ⛔ ไม่ใช่ผลสรุป
chap-06-matrix-q143,chap-06-matrix,fill,'0.25',0.25,เจอแต่ไม่อยู่ท้าย,20,🟡 อาจเป็นการเอ่ยกลางทาง ⛔ ไม่ใช่ผลสรุป
chap-06-matrix-q144,chap-06-matrix,mc,2,$\begin{vmatrix} a & b & 1 \\ 0 & 0 & -1 \\ 1 & 2 & 0 \end{vmatrix}$,เจอแต่ไม่อยู่ท้าย,30,🟡 อาจเป็นการเอ่ยกลางทาง ⛔ ไม่ใช่ผลสรุป
chap-06-matrix-q145,chap-06-matrix,fill,'-2/3',-2/3,ไม่เจอเลย,27,🔴 คำตอบไม่ปรากฏในเฉลยเลย
chap-06-matrix-q147,chap-06-matrix,mc,3,$\begin{vmatrix} a_1 & a_2 & a_3 \\ b_1 & b_2 & b_3 \\ c_1 & c_2 & c_3 \end{vmat,ไม่เจอเลย,26,🔴 คำตอบไม่ปรากฏในเฉลยเลย
chap-06-matrix-q149,chap-06-matrix,fill,'คำตอบเดียว: k≠2 และ k≠-2; ไม่มีคำตอบ: k=2 หรือ k=-2; ไม่มีกรณีหลายคำตอบ',คำตอบเดียว: k≠2 และ k≠-2; ไม่มีคำตอบ: k=2 หรือ k=-2; ไม่มีกรณีหลายคำตอบ,ไม่เจอเลย,26,🔴 คำตอบไม่ปรากฏในเฉลยเลย
chap-06-matrix-q150,chap-06-matrix,fill,'4',4,เจอแต่ไม่อยู่ท้าย,36,🟡 อาจเป็นการเอ่ยกลางทาง ⛔ ไม่ใช่ผลสรุป
chap-06-matrix-q151,chap-06-matrix,fill,'e^(-5525)',e^(-5525),เจอแต่ไม่อยู่ท้าย,28,🟡 อาจเป็นการเอ่ยกลางทาง ⛔ ไม่ใช่ผลสรุป
chap-06-matrix-q152,chap-06-matrix,mc,2,$10$,เจอแต่ไม่อยู่ท้าย,31,🟡 อาจเป็นการเอ่ยกลางทาง ⛔ ไม่ใช่ผลสรุป
chap-07-trigonometry-q01,chap-07-trigonometry,mc,0,$\pi - \sqrt{3}$ ตารางหน่วย,เจอแต่ไม่อยู่ท้าย,25,🟡 อาจเป็นการเอ่ยกลางทาง ⛔ ไม่ใช่ผลสรุป
chap-07-trigonometry-q02,chap-07-trigonometry,fill,'0.5',0.5,เจอแต่ไม่อยู่ท้าย,29,🟡 อาจเป็นการเอ่ยกลางทาง ⛔ ไม่ใช่ผลสรุป
chap-07-trigonometry-q03,chap-07-trigonometry,mc,3,$2\sin^2\theta-1=\dfrac{\tan\theta-\cot\theta}{\tan\theta+\cot\theta}$,ไม่เจอเลย,31,🔴 คำตอบไม่ปรากฏในเฉลยเลย
chap-07-trigonometry-q04,chap-07-trigonometry,mc,0,$\log|\sec x+\tan x|$,เจอแต่ไม่อยู่ท้าย,31,🟡 อาจเป็นการเอ่ยกลางทาง ⛔ ไม่ใช่ผลสรุป
chap-07-trigonometry-q06,chap-07-trigonometry,mc,3,$\cos x$ มากกว่า $\sin x$ ถ้า $x$ มีค่าอยู่ระหว่าง $\dfrac{5\pi}{4}$ เรเดียน และ,ไม่เจอเลย,35,🔴 คำตอบไม่ปรากฏในเฉลยเลย
chap-07-trigonometry-q07,chap-07-trigonometry,mc,2,ถ้า $\dfrac{\pi}{2}\le x\le\dfrac{3\pi}{2}$ แล้ว $f(x)=0$,ไม่เจอเลย,25,🔴 คำตอบไม่ปรากฏในเฉลยเลย
chap-07-trigonometry-q08,chap-07-trigonometry,mc,2,$\sec\theta-\csc\theta=-\dfrac{91}{60}$,ไม่เจอเลย,45,🔴 คำตอบไม่ปรากฏในเฉลยเลย
chap-07-trigonometry-q09,chap-07-trigonometry,mc,1,$-\dfrac{1}{3}$,เจอแต่ไม่อยู่ท้าย,26,🟡 อาจเป็นการเอ่ยกลางทาง ⛔ ไม่ใช่ผลสรุป
chap-07-trigonometry-q10,chap-07-trigonometry,mc,2,ค่าของ $3\tan^2\dfrac{\pi}{6}+\dfrac{4}{3}\cos^2\dfrac{\pi}{6}-\dfrac{1}{2}\cot^,ไม่เจอเลย,38,🔴 คำตอบไม่ปรากฏในเฉลยเลย
chap-07-trigonometry-q11,chap-07-trigonometry,mc,4,$4\sin^2\theta = 5$,เจอแต่ไม่อยู่ท้าย,42,🟡 อาจเป็นการเอ่ยกลางทาง ⛔ ไม่ใช่ผลสรุป
chap-07-trigonometry-q12,chap-07-trigonometry,mc,1,ถ้า $0 \le \theta \le \dfrac{\pi}{2}$ และ $\cos\theta = 0.8$ แล้ว $\sec\theta + ,ไม่เจอเลย,30,🔴 คำตอบไม่ปรากฏในเฉลยเลย
chap-07-trigonometry-q13,chap-07-trigonometry,mc,1,$-\sqrt{3}$,เจอแต่ไม่อยู่ท้าย,26,🟡 อาจเป็นการเอ่ยกลางทาง ⛔ ไม่ใช่ผลสรุป
chap-07-trigonometry-q14,chap-07-trigonometry,mc,0,$-\dfrac{1}{2}$,เจอแต่ไม่อยู่ท้าย,28,🟡 อาจเป็นการเอ่ยกลางทาง ⛔ ไม่ใช่ผลสรุป
chap-07-trigonometry-q15,chap-07-trigonometry,mc,1,มี $a \in A$ ซึ่ง $f(a) = 0$,ไม่เจอเลย,29,🔴 คำตอบไม่ปรากฏในเฉลยเลย
chap-07-trigonometry-q16,chap-07-trigonometry,mc,2,$(f \circ g)(x) = \sin^2 x + 7$ เมื่อ $0 \le x < 2\pi$,ไม่เจอเลย,28,🔴 คำตอบไม่ปรากฏในเฉลยเลย
chap-07-trigonometry-q17,chap-07-trigonometry,mc,1,ฟังก์ชันนี้จะมีคุณสมบัติ $f(\theta) = -f(-\theta)$,ไม่เจอเลย,26,🔴 คำตอบไม่ปรากฏในเฉลยเลย
chap-07-trigonometry-q19,chap-07-trigonometry,mc,0,"$\left[-\dfrac{\pi}{2}, \dfrac{3\pi}{8}\right]$",เจอแต่ไม่อยู่ท้าย,29,🟡 อาจเป็นการเอ่ยกลางทาง ⛔ ไม่ใช่ผลสรุป
chap-07-trigonometry-q20,chap-07-trigonometry,mc,2,$(3 + 4n)\dfrac{\pi}{4}$ เมื่อ $n$ เป็นจำนวนเต็ม,ไม่เจอเลย,44,🔴 คำตอบไม่ปรากฏในเฉลยเลย
chap-07-trigonometry-q21,chap-07-trigonometry,mc,3,$19$,เจอแต่ไม่อยู่ท้าย,39,🟡 อาจเป็นการเอ่ยกลางทาง ⛔ ไม่ใช่ผลสรุป
chap-07-trigonometry-q22,chap-07-trigonometry,mc,2,$36x^2 - 36\pi x + 5\pi^2 = 0$,เจอแต่ไม่อยู่ท้าย,39,🟡 อาจเป็นการเอ่ยกลางทาง ⛔ ไม่ใช่ผลสรุป
chap-07-trigonometry-q24,chap-07-trigonometry,mc,1,"$\left\{-\dfrac{\sqrt{3}}{2},\ -\dfrac{1}{2},\ 0\right\}$",ไม่เจอเลย,30,🔴 คำตอบไม่ปรากฏในเฉลยเลย
chap-07-trigonometry-q25,chap-07-trigonometry,mc,1,$\dfrac{3}{2}$,เจอแต่ไม่อยู่ท้าย,27,🟡 อาจเป็นการเอ่ยกลางทาง ⛔ ไม่ใช่ผลสรุป
chap-07-trigonometry-q26,chap-07-trigonometry,mc,2,"$\left[\dfrac{\pi}{6}, \dfrac{3\pi}{4}\right] \cup \left[\dfrac{5\pi}{4}, \dfrac",ไม่เจอเลย,28,🔴 คำตอบไม่ปรากฏในเฉลยเลย
chap-07-trigonometry-q27,chap-07-trigonometry,mc,3,"$\left(\dfrac{\pi}{6}, \dfrac{\pi}{2}\right) \cup \left(\dfrac{3\pi}{4}, \dfrac{",ไม่เจอเลย,28,🔴 คำตอบไม่ปรากฏในเฉลยเลย
chap-07-trigonometry-q28,chap-07-trigonometry,mc,0,$-\left(\dfrac{a-2}{a}\right)^2$,เจอแต่ไม่อยู่ท้าย,24,🟡 อาจเป็นการเอ่ยกลางทาง ⛔ ไม่ใช่ผลสรุป
chap-07-trigonometry-q29,chap-07-trigonometry,mc,3,$1$,เจอแต่ไม่อยู่ท้าย,22,🟡 อาจเป็นการเอ่ยกลางทาง ⛔ ไม่ใช่ผลสรุป
chap-07-trigonometry-q30,chap-07-trigonometry,mc,1,$x_1 x_2 + y_1 y_2$,เจอแต่ไม่อยู่ท้าย,25,🟡 อาจเป็นการเอ่ยกลางทาง ⛔ ไม่ใช่ผลสรุป
chap-07-trigonometry-q31,chap-07-trigonometry,mc,3,$r^2 = 2c^2\cos 2\theta$,เจอแต่ไม่อยู่ท้าย,23,🟡 อาจเป็นการเอ่ยกลางทาง ⛔ ไม่ใช่ผลสรุป
chap-07-trigonometry-q33,chap-07-trigonometry,mc,0,ก. จริง ข. จริง,เจอแต่ไม่อยู่ท้าย,32,🟡 อาจเป็นการเอ่ยกลางทาง ⛔ ไม่ใช่ผลสรุป
chap-07-trigonometry-q34,chap-07-trigonometry,mc,2,$\sec 75^{\circ} = 0.6021$,เจอแต่ไม่อยู่ท้าย,33,🟡 อาจเป็นการเอ่ยกลางทาง ⛔ ไม่ใช่ผลสรุป
chap-07-trigonometry-q35,chap-07-trigonometry,mc,1,$\dfrac{1-\sqrt{3}}{1+\sqrt{3}}$,เจอแต่ไม่อยู่ท้าย,26,🟡 อาจเป็นการเอ่ยกลางทาง ⛔ ไม่ใช่ผลสรุป
chap-07-trigonometry-q36,chap-07-trigonometry,mc,0,$4\cos^2 20^{\circ}$,เจอแต่ไม่อยู่ท้าย,35,🟡 อาจเป็นการเอ่ยกลางทาง ⛔ ไม่ใช่ผลสรุป
chap-07-trigonometry-q37,chap-07-trigonometry,mc,3,$\dfrac{12\sqrt{3}}{25}$,เจอแต่ไม่อยู่ท้าย,37,🟡 อาจเป็นการเอ่ยกลางทาง ⛔ ไม่ใช่ผลสรุป
chap-07-trigonometry-q40,chap-07-trigonometry,mc,3,$8\cos^3\theta - 6\cos\theta - 1 = 0$,เจอแต่ไม่อยู่ท้าย,23,🟡 อาจเป็นการเอ่ยกลางทาง ⛔ ไม่ใช่ผลสรุป
chap-07-trigonometry-q41,chap-07-trigonometry,mc,0,$\dfrac{10}{9}$,เจอแต่ไม่อยู่ท้าย,33,🟡 อาจเป็นการเอ่ยกลางทาง ⛔ ไม่ใช่ผลสรุป
chap-07-trigonometry-q42,chap-07-trigonometry,mc,0,$\dfrac{4t}{1-t^4}$,เจอแต่ไม่อยู่ท้าย,35,🟡 อาจเป็นการเอ่ยกลางทาง ⛔ ไม่ใช่ผลสรุป
chap-07-trigonometry-q43,chap-07-trigonometry,mc,3,$\dfrac{1}{64}$,เจอแต่ไม่อยู่ท้าย,33,🟡 อาจเป็นการเอ่ยกลางทาง ⛔ ไม่ใช่ผลสรุป
chap-07-trigonometry-q46,chap-07-trigonometry,mc,3,ก. ผิด และ ข. ผิด,เจอแต่ไม่อยู่ท้าย,33,🟡 อาจเป็นการเอ่ยกลางทาง ⛔ ไม่ใช่ผลสรุป
chap-07-trigonometry-q48,chap-07-trigonometry,mc,2,$5 - 2\sqrt{2}$,เจอแต่ไม่อยู่ท้าย,40,🟡 อาจเป็นการเอ่ยกลางทาง ⛔ ไม่ใช่ผลสรุป
chap-07-trigonometry-q49,chap-07-trigonometry,mc,1,$7\pi$,เจอแต่ไม่อยู่ท้าย,29,🟡 อาจเป็นการเอ่ยกลางทาง ⛔ ไม่ใช่ผลสรุป
chap-07-trigonometry-q50,chap-07-trigonometry,fill,'9',9,เจอแต่ไม่อยู่ท้าย,34,🟡 อาจเป็นการเอ่ยกลางทาง ⛔ ไม่ใช่ผลสรุป
chap-07-trigonometry-q51,chap-07-trigonometry,mc,2,"$\{30^{\circ}, 90^{\circ}, 150^{\circ}, 270^{\circ}\}$",เจอแต่ไม่อยู่ท้าย,34,🟡 อาจเป็นการเอ่ยกลางทาง ⛔ ไม่ใช่ผลสรุป
chap-07-trigonometry-q53,chap-07-trigonometry,mc,3,$\dfrac{9}{10}$,เจอแต่ไม่อยู่ท้าย,48,🟡 อาจเป็นการเอ่ยกลางทาง ⛔ ไม่ใช่ผลสรุป
chap-07-trigonometry-q54,chap-07-trigonometry,mc,3,"$\left\{2n\pi,\ 2n\pi + \dfrac{\pi}{2}\right\}$",เจอแต่ไม่อยู่ท้าย,46,🟡 อาจเป็นการเอ่ยกลางทาง ⛔ ไม่ใช่ผลสรุป
chap-07-trigonometry-q57,chap-07-trigonometry,mc,0,$\dfrac{1}{4}$,เจอแต่ไม่อยู่ท้าย,39,🟡 อาจเป็นการเอ่ยกลางทาง ⛔ ไม่ใช่ผลสรุป
chap-07-trigonometry-q58,chap-07-trigonometry,mc,3,$\dfrac{39}{28}$,เจอแต่ไม่อยู่ท้าย,28,🟡 อาจเป็นการเอ่ยกลางทาง ⛔ ไม่ใช่ผลสรุป
chap-07-trigonometry-q59,chap-07-trigonometry,mc,2,$2\sqrt{3}$,เจอแต่ไม่อยู่ท้าย,44,🟡 อาจเป็นการเอ่ยกลางทาง ⛔ ไม่ใช่ผลสรุป
chap-07-trigonometry-q60,chap-07-trigonometry,mc,0,$\sin 4\theta + 2\cos 2\theta - \sin 2\theta - 1 = 0$,เจอแต่ไม่อยู่ท้าย,45,🟡 อาจเป็นการเอ่ยกลางทาง ⛔ ไม่ใช่ผลสรุป
chap-07-trigonometry-q61,chap-07-trigonometry,mc,3,$\varnothing$,เจอแต่ไม่อยู่ท้าย,31,🟡 อาจเป็นการเอ่ยกลางทาง ⛔ ไม่ใช่ผลสรุป
chap-07-trigonometry-q62,chap-07-trigonometry,mc,2,"$\left\{ \dfrac{\pi}{6}, \dfrac{\pi}{2}, \dfrac{13\pi}{6}, \dfrac{5\pi}{2} \righ",เจอแต่ไม่อยู่ท้าย,31,🟡 อาจเป็นการเอ่ยกลางทาง ⛔ ไม่ใช่ผลสรุป
chap-07-trigonometry-q63,chap-07-trigonometry,mc,0,$0 \le x \le \pi$ หรือ $\dfrac{3\pi}{2} \le x \le 2\pi$,เจอแต่ไม่อยู่ท้าย,41,🟡 อาจเป็นการเอ่ยกลางทาง ⛔ ไม่ใช่ผลสรุป
chap-07-trigonometry-q64,chap-07-trigonometry,mc,0,"$\left\{ (x, y) \,\middle|\, \dfrac{3\pi}{2} - x \le y \le 2\pi - x,\ x \le \pi ",ไม่เจอเลย,35,🔴 คำตอบไม่ปรากฏในเฉลยเลย
chap-07-trigonometry-q65,chap-07-trigonometry,mc,1,"$\left\{ x \,\middle|\, -\dfrac{\pi}{3} < x < \dfrac{2\pi}{3} \right\}$",ไม่เจอเลย,30,🔴 คำตอบไม่ปรากฏในเฉลยเลย
chap-07-trigonometry-q66,chap-07-trigonometry,mc,3,"$\left(\dfrac{\pi}{6}, \dfrac{\pi}{4}\right)$",เจอแต่ไม่อยู่ท้าย,32,🟡 อาจเป็นการเอ่ยกลางทาง ⛔ ไม่ใช่ผลสรุป
chap-07-trigonometry-q67,chap-07-trigonometry,mc,2,"$\left(\dfrac{\pi}{2}, \pi\right) \cup \left(\pi, \dfrac{3\pi}{2}\right)$",เจอแต่ไม่อยู่ท้าย,37,🟡 อาจเป็นการเอ่ยกลางทาง ⛔ ไม่ใช่ผลสรุป
chap-07-trigonometry-q68,chap-07-trigonometry,mc,2,ก. เป็นเท็จ และ ข. เป็นจริง,เจอแต่ไม่อยู่ท้าย,35,🟡 อาจเป็นการเอ่ยกลางทาง ⛔ ไม่ใช่ผลสรุป
chap-07-trigonometry-q69,chap-07-trigonometry,mc,1,$\sec x + \tan x = \tan\left(\dfrac{x}{2} + \dfrac{\pi}{4}\right)$,เจอแต่ไม่อยู่ท้าย,45,🟡 อาจเป็นการเอ่ยกลางทาง ⛔ ไม่ใช่ผลสรุป
chap-07-trigonometry-q70,chap-07-trigonometry,mc,1,"$(a^2 + b^2 + c^2 + \sqrt{2}\,ab + \sqrt{2}\,ac)^{\frac{1}{2}}$",เจอแต่ไม่อยู่ท้าย,34,🟡 อาจเป็นการเอ่ยกลางทาง ⛔ ไม่ใช่ผลสรุป
chap-07-trigonometry-q71,chap-07-trigonometry,mc,3,$[a^2 + b^2 + c^2 + 2ab\cos(A - B) + 2bc\cos(B - C) + 2ca\cos(C - A)]^{\frac{1}{,เจอแต่ไม่อยู่ท้าย,39,🟡 อาจเป็นการเอ่ยกลางทาง ⛔ ไม่ใช่ผลสรุป
chap-07-trigonometry-q72,chap-07-trigonometry,mc,2,"ที่จุดปลายส่วนโค้งวงกลมหนึ่งหน่วย เมื่อวัดจากจุด $(1, 0)$ ไปตามเส้นรอบวงกลมยาว 4",ไม่เจอเลย,35,🔴 คำตอบไม่ปรากฏในเฉลยเลย
chap-07-trigonometry-q73,chap-07-trigonometry,mc,0,ถ้า $\sin A\cos B = 1$ แล้ว $\sin A = \cos B$ เท่านั้น,ไม่เจอเลย,38,🔴 คำตอบไม่ปรากฏในเฉลยเลย
chap-07-trigonometry-q74,chap-07-trigonometry,mc,2,ถ้า $0 \le \theta \le \dfrac{\pi}{4}$ แล้ว $\cos 2\theta \ge \sin 2\theta$,ไม่เจอเลย,36,🔴 คำตอบไม่ปรากฏในเฉลยเลย
chap-07-trigonometry-q75,chap-07-trigonometry,mc,0,"$\left[\dfrac{\pi}{2}, \pi\right]$",เจอแต่ไม่อยู่ท้าย,32,🟡 อาจเป็นการเอ่ยกลางทาง ⛔ ไม่ใช่ผลสรุป
chap-07-trigonometry-q76,chap-07-trigonometry,mc,4,$\arcsin\left(\cos\dfrac{33}{5}\pi\right) = -\dfrac{\pi}{10}$,เจอแต่ไม่อยู่ท้าย,32,🟡 อาจเป็นการเอ่ยกลางทาง ⛔ ไม่ใช่ผลสรุป
chap-07-trigonometry-q77,chap-07-trigonometry,mc,1,$\dfrac{120}{169}$,เจอแต่ไม่อยู่ท้าย,25,🟡 อาจเป็นการเอ่ยกลางทาง ⛔ ไม่ใช่ผลสรุป
chap-07-trigonometry-q78,chap-07-trigonometry,mc,3,$-\dfrac{4}{3}$,เจอแต่ไม่อยู่ท้าย,27,🟡 อาจเป็นการเอ่ยกลางทาง ⛔ ไม่ใช่ผลสรุป
chap-07-trigonometry-q80,chap-07-trigonometry,fill,'8.8',8.8,เจอแต่ไม่อยู่ท้าย,32,🟡 อาจเป็นการเอ่ยกลางทาง ⛔ ไม่ใช่ผลสรุป
chap-07-trigonometry-q81,chap-07-trigonometry,fill,'1.28',1.28,เจอแต่ไม่อยู่ท้าย,28,🟡 อาจเป็นการเอ่ยกลางทาง ⛔ ไม่ใช่ผลสรุป
chap-07-trigonometry-q82,chap-07-trigonometry,mc,2,$1 + \sqrt{2}$,เจอแต่ไม่อยู่ท้าย,24,🟡 อาจเป็นการเอ่ยกลางทาง ⛔ ไม่ใช่ผลสรุป
chap-07-trigonometry-q83,chap-07-trigonometry,mc,0,$0$,เจอแต่ไม่อยู่ท้าย,24,🟡 อาจเป็นการเอ่ยกลางทาง ⛔ ไม่ใช่ผลสรุป
chap-07-trigonometry-q84,chap-07-trigonometry,mc,2,$\sqrt{\dfrac{1}{10}} + \dfrac{7}{25}$,เจอแต่ไม่อยู่ท้าย,31,🟡 อาจเป็นการเอ่ยกลางทาง ⛔ ไม่ใช่ผลสรุป
chap-07-trigonometry-q85,chap-07-trigonometry,mc,3,$\dfrac{2}{27}(7 + 2\sqrt{10})$,เจอแต่ไม่อยู่ท้าย,34,🟡 อาจเป็นการเอ่ยกลางทาง ⛔ ไม่ใช่ผลสรุป
chap-07-trigonometry-q86,chap-07-trigonometry,mc,3,$\cos\dfrac{\pi}{12}\cos\dfrac{\pi}{4} + \sin\dfrac{\pi}{12}\cos\dfrac{\pi}{4}$ ,ไม่เจอเลย,34,🔴 คำตอบไม่ปรากฏในเฉลยเลย
chap-07-trigonometry-q88,chap-07-trigonometry,mc,0,$\dfrac{13}{5\sqrt{17}}$,เจอแต่ไม่อยู่ท้าย,33,🟡 อาจเป็นการเอ่ยกลางทาง ⛔ ไม่ใช่ผลสรุป
chap-07-trigonometry-q89,chap-07-trigonometry,mc,2,$-\dfrac{16}{63}$,เจอแต่ไม่อยู่ท้าย,33,🟡 อาจเป็นการเอ่ยกลางทาง ⛔ ไม่ใช่ผลสรุป
chap-07-trigonometry-q90,chap-07-trigonometry,mc,2,"$(-2, 2)$",เจอแต่ไม่อยู่ท้าย,32,🟡 อาจเป็นการเอ่ยกลางทาง ⛔ ไม่ใช่ผลสรุป
chap-07-trigonometry-q91,chap-07-trigonometry,mc,2,"$\left\{\ldots, -\dfrac{3}{\sqrt{2}}, -\dfrac{1}{\sqrt{2}}, 0, \dfrac{1}{\sqrt{2",เจอแต่ไม่อยู่ท้าย,33,🟡 อาจเป็นการเอ่ยกลางทาง ⛔ ไม่ใช่ผลสรุป
chap-07-trigonometry-q92,chap-07-trigonometry,fill,'0.6',0.6,เจอแต่ไม่อยู่ท้าย,57,🟡 อาจเป็นการเอ่ยกลางทาง ⛔ ไม่ใช่ผลสรุป
chap-07-trigonometry-q93,chap-07-trigonometry,mc,0,$\dfrac{\pi}{12}$,เจอแต่ไม่อยู่ท้าย,43,🟡 อาจเป็นการเอ่ยกลางทาง ⛔ ไม่ใช่ผลสรุป
chap-07-trigonometry-q95,chap-07-trigonometry,mc,1,$\{2 - \sqrt{3}\}$,เจอแต่ไม่อยู่ท้าย,27,🟡 อาจเป็นการเอ่ยกลางทาง ⛔ ไม่ใช่ผลสรุป
chap-07-trigonometry-q97,chap-07-trigonometry,mc,2,"$\left(0, \dfrac{\pi}{4}\right)$",เจอแต่ไม่อยู่ท้าย,28,🟡 อาจเป็นการเอ่ยกลางทาง ⛔ ไม่ใช่ผลสรุป
chap-07-trigonometry-q98,chap-07-trigonometry,mc,1,ก. ถูก และ ข. ผิด,เจอแต่ไม่อยู่ท้าย,33,🟡 อาจเป็นการเอ่ยกลางทาง ⛔ ไม่ใช่ผลสรุป
chap-07-trigonometry-q99,chap-07-trigonometry,mc,0,$\dfrac{1}{\sqrt{10}}$,เจอแต่ไม่อยู่ท้าย,31,🟡 อาจเป็นการเอ่ยกลางทาง ⛔ ไม่ใช่ผลสรุป
chap-07-trigonometry-q100,chap-07-trigonometry,mc,3,$10\left(2 + \sqrt{3}\right)$ เมตร,เจอแต่ไม่อยู่ท้าย,46,🟡 อาจเป็นการเอ่ยกลางทาง ⛔ ไม่ใช่ผลสรุป
chap-07-trigonometry-q101,chap-07-trigonometry,mc,1,"$\dfrac{z}{2}\,\csc(x - y)\left[\cos(x + y) - \cos(x - y)\right]$",เจอแต่ไม่อยู่ท้าย,45,🟡 อาจเป็นการเอ่ยกลางทาง ⛔ ไม่ใช่ผลสรุป
chap-07-trigonometry-q102,chap-07-trigonometry,mc,1,$50\sqrt{2}$,เจอแต่ไม่อยู่ท้าย,30,🟡 อาจเป็นการเอ่ยกลางทาง ⛔ ไม่ใช่ผลสรุป
chap-07-trigonometry-q103,chap-07-trigonometry,mc,2,$\arcsin\dfrac{\sqrt{5} - 1}{2}$,เจอแต่ไม่อยู่ท้าย,32,🟡 อาจเป็นการเอ่ยกลางทาง ⛔ ไม่ใช่ผลสรุป
chap-07-trigonometry-q104,chap-07-trigonometry,mc,3,$\arcsin\dfrac{\sqrt{17} - 1}{4}$,เจอแต่ไม่อยู่ท้าย,33,🟡 อาจเป็นการเอ่ยกลางทาง ⛔ ไม่ใช่ผลสรุป
chap-07-trigonometry-q106,chap-07-trigonometry,mc,0,$\dfrac{1}{2}na^2\sin\dfrac{2\pi}{n}$ ตารางหน่วย,เจอแต่ไม่อยู่ท้าย,36,🟡 อาจเป็นการเอ่ยกลางทาง ⛔ ไม่ใช่ผลสรุป
chap-07-trigonometry-q107,chap-07-trigonometry,mc,3,$\dfrac{\pi}{6} - \dfrac{\sqrt{3}}{4}$ ตารางเมตร,เจอแต่ไม่อยู่ท้าย,27,🟡 อาจเป็นการเอ่ยกลางทาง ⛔ ไม่ใช่ผลสรุป
chap-07-trigonometry-q108,chap-07-trigonometry,fill,'0.75',0.75,เจอแต่ไม่อยู่ท้าย,28,🟡 อาจเป็นการเอ่ยกลางทาง ⛔ ไม่ใช่ผลสรุป
chap-07-trigonometry-q109,chap-07-trigonometry,mc,3,$\dfrac{200\sqrt{3}}{\sqrt{3} + 1}$ ตารางหน่วย,เจอแต่ไม่อยู่ท้าย,39,🟡 อาจเป็นการเอ่ยกลางทาง ⛔ ไม่ใช่ผลสรุป
chap-07-trigonometry-q110,chap-07-trigonometry,mc,2,$\sqrt{3}\left(\sqrt{3} - 1\right)$,เจอแต่ไม่อยู่ท้าย,31,🟡 อาจเป็นการเอ่ยกลางทาง ⛔ ไม่ใช่ผลสรุป
chap-07-trigonometry-q111,chap-07-trigonometry,fill,'2.25',2.25,เจอแต่ไม่อยู่ท้าย,40,🟡 อาจเป็นการเอ่ยกลางทาง ⛔ ไม่ใช่ผลสรุป
chap-07-trigonometry-q112,chap-07-trigonometry,mc,0,$1 + \sqrt{3}$,เจอแต่ไม่อยู่ท้าย,37,🟡 อาจเป็นการเอ่ยกลางทาง ⛔ ไม่ใช่ผลสรุป
chap-07-trigonometry-q113,chap-07-trigonometry,mc,3,$\dfrac{8\sqrt{6}}{9}$,เจอแต่ไม่อยู่ท้าย,31,🟡 อาจเป็นการเอ่ยกลางทาง ⛔ ไม่ใช่ผลสรุป
chap-07-trigonometry-q115,chap-07-trigonometry,mc,0,$\dfrac{3}{28}$,เจอแต่ไม่อยู่ท้าย,34,🟡 อาจเป็นการเอ่ยกลางทาง ⛔ ไม่ใช่ผลสรุป
chap-07-trigonometry-q116,chap-07-trigonometry,mc,1,สามเหลี่ยมมุมป้าน,เจอแต่ไม่อยู่ท้าย,37,🟡 อาจเป็นการเอ่ยกลางทาง ⛔ ไม่ใช่ผลสรุป
chap-07-trigonometry-q117,chap-07-trigonometry,mc,0,$12$,เจอแต่ไม่อยู่ท้าย,26,🟡 อาจเป็นการเอ่ยกลางทาง ⛔ ไม่ใช่ผลสรุป
chap-07-trigonometry-q119,chap-07-trigonometry,mc,3,$\sqrt{2}\left(\sqrt{1 - \cos\theta}\right)$,เจอแต่ไม่อยู่ท้าย,41,🟡 อาจเป็นการเอ่ยกลางทาง ⛔ ไม่ใช่ผลสรุป
chap-07-trigonometry-q120,chap-07-trigonometry,mc,0,$\sqrt{2 - 2\cos\theta}$,เจอแต่ไม่อยู่ท้าย,40,🟡 อาจเป็นการเอ่ยกลางทาง ⛔ ไม่ใช่ผลสรุป
chap-07-trigonometry-q121,chap-07-trigonometry,mc,0,$\sqrt{5 - 2\sqrt{2 + \sqrt{2}}}$,เจอแต่ไม่อยู่ท้าย,28,🟡 อาจเป็นการเอ่ยกลางทาง ⛔ ไม่ใช่ผลสรุป
chap-07-trigonometry-q122,chap-07-trigonometry,mc,2,$30$ นิ้ว,เจอแต่ไม่อยู่ท้าย,44,🟡 อาจเป็นการเอ่ยกลางทาง ⛔ ไม่ใช่ผลสรุป
chap-07-trigonometry-q123,chap-07-trigonometry,mc,0,$700 - 200\sqrt{3}$ ตารางวา,เจอแต่ไม่อยู่ท้าย,31,🟡 อาจเป็นการเอ่ยกลางทาง ⛔ ไม่ใช่ผลสรุป
chap-07-trigonometry-q124,chap-07-trigonometry,mc,4,$b^2 + c^2 - a^2 = p^2$,เจอแต่ไม่อยู่ท้าย,36,🟡 อาจเป็นการเอ่ยกลางทาง ⛔ ไม่ใช่ผลสรุป
chap-07-trigonometry-q125,chap-07-trigonometry,mc,1,$4$ เมตร,เจอแต่ไม่อยู่ท้าย,22,🟡 อาจเป็นการเอ่ยกลางทาง ⛔ ไม่ใช่ผลสรุป
chap-07-trigonometry-q126,chap-07-trigonometry,mc,1,$3.2$ หน่วย,เจอแต่ไม่อยู่ท้าย,28,🟡 อาจเป็นการเอ่ยกลางทาง ⛔ ไม่ใช่ผลสรุป
chap-07-trigonometry-q127,chap-07-trigonometry,mc,2,$3240^\circ$,เจอแต่ไม่อยู่ท้าย,24,🟡 อาจเป็นการเอ่ยกลางทาง ⛔ ไม่ใช่ผลสรุป
chap-07-trigonometry-q128,chap-07-trigonometry,mc,1,"$2\sqrt{3}\,r$",เจอแต่ไม่อยู่ท้าย,28,🟡 อาจเป็นการเอ่ยกลางทาง ⛔ ไม่ใช่ผลสรุป
chap-07-trigonometry-q130,chap-07-trigonometry,fill,"'a = -0.3, b ≈ 0.95'","a = -0.3, b ≈ 0.95",ไม่เจอเลย,28,🔴 คำตอบไม่ปรากฏในเฉลยเลย
chap-07-trigonometry-q131,chap-07-trigonometry,fill,"'$(-\\sqrt{3}, -1)$'","$(-\sqrt{3}, -1)$",เจอแต่ไม่อยู่ท้าย,29,🟡 อาจเป็นการเอ่ยกลางทาง ⛔ ไม่ใช่ผลสรุป
chap-07-trigonometry-q132,chap-07-trigonometry,fill,'1/2',1/2,ไม่เจอเลย,27,🔴 คำตอบไม่ปรากฏในเฉลยเลย
chap-07-trigonometry-q133,chap-07-trigonometry,fill,'$\\sqrt{7} + \\dfrac{10}{3}$',$\sqrt{7} + \dfrac{10}{3}$,เจอแต่ไม่อยู่ท้าย,36,🟡 อาจเป็นการเอ่ยกลางทาง ⛔ ไม่ใช่ผลสรุป
chap-07-trigonometry-q134,chap-07-trigonometry,mc,2,ข้อความเป็นจริงทั้ง $3$ ข้อ,ไม่เจอเลย,38,🔴 คำตอบไม่ปรากฏในเฉลยเลย
chap-07-trigonometry-q136,chap-07-trigonometry,mc,0,$\sin^2\theta$,เจอแต่ไม่อยู่ท้าย,36,🟡 อาจเป็นการเอ่ยกลางทาง ⛔ ไม่ใช่ผลสรุป
chap-07-trigonometry-q137,chap-07-trigonometry,fill,'$\\dfrac{1}{M^2}$',$\dfrac{1}{M^2}$,เจอแต่ไม่อยู่ท้าย,28,🟡 อาจเป็นการเอ่ยกลางทาง ⛔ ไม่ใช่ผลสรุป
chap-07-trigonometry-q139,chap-07-trigonometry,fill,'89',89,เจอแต่ไม่อยู่ท้าย,26,🟡 อาจเป็นการเอ่ยกลางทาง ⛔ ไม่ใช่ผลสรุป
chap-07-trigonometry-q141,chap-07-trigonometry,mc,2,$-\dfrac{1}{3}$,เจอแต่ไม่อยู่ท้าย,41,🟡 อาจเป็นการเอ่ยกลางทาง ⛔ ไม่ใช่ผลสรุป
chap-07-trigonometry-q142,chap-07-trigonometry,mc,2,$3$,เจอแต่ไม่อยู่ท้าย,25,🟡 อาจเป็นการเอ่ยกลางทาง ⛔ ไม่ใช่ผลสรุป
chap-07-trigonometry-q143,chap-07-trigonometry,fill,'21',21,เจอแต่ไม่อยู่ท้าย,25,🟡 อาจเป็นการเอ่ยกลางทาง ⛔ ไม่ใช่ผลสรุป
chap-07-trigonometry-q144,chap-07-trigonometry,mc,2,เท่ากับ 1 คำตอบ,เจอแต่ไม่อยู่ท้าย,28,🟡 อาจเป็นการเอ่ยกลางทาง ⛔ ไม่ใช่ผลสรุป
chap-07-trigonometry-q145,chap-07-trigonometry,mc,2,$\dfrac{9\pi}{4}$,เจอแต่ไม่อยู่ท้าย,33,🟡 อาจเป็นการเอ่ยกลางทาง ⛔ ไม่ใช่ผลสรุป
chap-07-trigonometry-q146,chap-07-trigonometry,mc,3,$8 + 6\sqrt{2}$,เจอแต่ไม่อยู่ท้าย,31,🟡 อาจเป็นการเอ่ยกลางทาง ⛔ ไม่ใช่ผลสรุป
chap-07-trigonometry-q147,chap-07-trigonometry,mc,3,$\dfrac{25\pi}{6}$,เจอแต่ไม่อยู่ท้าย,41,🟡 อาจเป็นการเอ่ยกลางทาง ⛔ ไม่ใช่ผลสรุป
chap-07-trigonometry-q148,chap-07-trigonometry,mc,2,"$A \cap \left(\pi, \dfrac{3\pi}{2}\right) = \varnothing$",เจอแต่ไม่อยู่ท้าย,38,🟡 อาจเป็นการเอ่ยกลางทาง ⛔ ไม่ใช่ผลสรุป
chap-07-trigonometry-q149,chap-07-trigonometry,mc,3,"$\left[\dfrac{\pi}{4}, \dfrac{5\pi}{4}\right]$",เจอแต่ไม่อยู่ท้าย,29,🟡 อาจเป็นการเอ่ยกลางทาง ⛔ ไม่ใช่ผลสรุป
chap-07-trigonometry-q150,chap-07-trigonometry,mc,0,"$(-\infty, 1)$",เจอแต่ไม่อยู่ท้าย,29,🟡 อาจเป็นการเอ่ยกลางทาง ⛔ ไม่ใช่ผลสรุป
chap-07-trigonometry-q151,chap-07-trigonometry,mc,1,"$\left(\dfrac{\pi}{6}, \dfrac{5\pi}{6}\right) \cup \left(\dfrac{7\pi}{6}, \dfrac",เจอแต่ไม่อยู่ท้าย,32,🟡 อาจเป็นการเอ่ยกลางทาง ⛔ ไม่ใช่ผลสรุป
chap-07-trigonometry-q152,chap-07-trigonometry,mc,2,$\dfrac{3\pi}{4}$,เจอแต่ไม่อยู่ท้าย,27,🟡 อาจเป็นการเอ่ยกลางทาง ⛔ ไม่ใช่ผลสรุป
chap-07-trigonometry-q153,chap-07-trigonometry,mc,0,750 วัตต์,เจอแต่ไม่อยู่ท้าย,26,🟡 อาจเป็นการเอ่ยกลางทาง ⛔ ไม่ใช่ผลสรุป
chap-07-trigonometry-q154,chap-07-trigonometry,mc,1,"$\left[\dfrac{\pi}{3}, \pi\right]$",เจอแต่ไม่อยู่ท้าย,26,🟡 อาจเป็นการเอ่ยกลางทาง ⛔ ไม่ใช่ผลสรุป
chap-07-trigonometry-q155,chap-07-trigonometry,mc,1,$\begin{bmatrix} \cos(\alpha+\beta) & -\sin(\alpha+\beta) \\ \sin(\alpha+\beta) ,เจอแต่ไม่อยู่ท้าย,37,🟡 อาจเป็นการเอ่ยกลางทาง ⛔ ไม่ใช่ผลสรุป
chap-07-trigonometry-q156,chap-07-trigonometry,mc,3,ข้อ ง กับข้อ ก,เจอแต่ไม่อยู่ท้าย,31,🟡 อาจเป็นการเอ่ยกลางทาง ⛔ ไม่ใช่ผลสรุป
chap-07-trigonometry-q157,chap-07-trigonometry,fill,"'$c = 2\\sqrt{2},\\ \\alpha = \\dfrac{5\\pi}{4}$'","$c = 2\sqrt{2},\ \alpha = \dfrac{5\pi}{4}$",ไม่เจอเลย,28,🔴 คำตอบไม่ปรากฏในเฉลยเลย
chap-07-trigonometry-q158,chap-07-trigonometry,fill,'$\\dfrac{3\\sqrt{7} - 1}{8}$',$\dfrac{3\sqrt{7} - 1}{8}$,เจอแต่ไม่อยู่ท้าย,31,🟡 อาจเป็นการเอ่ยกลางทาง ⛔ ไม่ใช่ผลสรุป
chap-07-trigonometry-q160,chap-07-trigonometry,mc,1,$\dfrac{1}{16}$,เจอแต่ไม่อยู่ท้าย,30,🟡 อาจเป็นการเอ่ยกลางทาง ⛔ ไม่ใช่ผลสรุป
chap-07-trigonometry-q161,chap-07-trigonometry,fill,"'$\\tan\\dfrac{\\theta}{2} = \\dfrac{1}{2},\\ \\sin\\dfrac{\\theta}{2} = \\dfrac{1}{\\sqrt{5}}$ หรือ $\\tan\\dfrac{\\theta}{2} = -2,\\ \\sin\\dfrac{\\theta}{2} = \\dfrac{2}{\\sqrt{5}}$'","$\tan\dfrac{\theta}{2} = \dfrac{1}{2},\ \sin\dfrac{\theta}{2} = \dfrac{1}{\sqrt{",ไม่เจอเลย,52,🔴 คำตอบไม่ปรากฏในเฉลยเลย
chap-07-trigonometry-q163,chap-07-trigonometry,mc,3,$(1 - \cos^2\theta)(1 - \cot^2\theta) = 1$,ไม่เจอเลย,33,🔴 คำตอบไม่ปรากฏในเฉลยเลย
chap-07-trigonometry-q164,chap-07-trigonometry,mc,0,$\sin 2A + \sin 2B + \sin 2C = 4\sin A\sin B\sin C$,เจอแต่ไม่อยู่ท้าย,38,🟡 อาจเป็นการเอ่ยกลางทาง ⛔ ไม่ใช่ผลสรุป
chap-07-trigonometry-q165,chap-07-trigonometry,mc,1,ข้อ ก. เป็นจริง ข้อ ข. เป็นเท็จ,เจอแต่ไม่อยู่ท้าย,33,🟡 อาจเป็นการเอ่ยกลางทาง ⛔ ไม่ใช่ผลสรุป
chap-07-trigonometry-q166,chap-07-trigonometry,mc,1,$0.50$,เจอแต่ไม่อยู่ท้าย,41,🟡 อาจเป็นการเอ่ยกลางทาง ⛔ ไม่ใช่ผลสรุป
chap-07-trigonometry-q167,chap-07-trigonometry,mc,0,$\dfrac{7}{25}$,เจอแต่ไม่อยู่ท้าย,26,🟡 อาจเป็นการเอ่ยกลางทาง ⛔ ไม่ใช่ผลสรุป
chap-07-trigonometry-q169,chap-07-trigonometry,fill,'7',7,เจอแต่ไม่อยู่ท้าย,44,🟡 อาจเป็นการเอ่ยกลางทาง ⛔ ไม่ใช่ผลสรุป
chap-07-trigonometry-q170,chap-07-trigonometry,mc,2,$2\pi$,เจอแต่ไม่อยู่ท้าย,32,🟡 อาจเป็นการเอ่ยกลางทาง ⛔ ไม่ใช่ผลสรุป
chap-07-trigonometry-q171,chap-07-trigonometry,fill,'$\\sqrt{2}$',$\sqrt{2}$,เจอแต่ไม่อยู่ท้าย,33,🟡 อาจเป็นการเอ่ยกลางทาง ⛔ ไม่ใช่ผลสรุป
chap-07-trigonometry-q172,chap-07-trigonometry,fill,'$\\theta = \\dfrac{2\\pi}{3}$',$\theta = \dfrac{2\pi}{3}$,เจอแต่ไม่อยู่ท้าย,44,🟡 อาจเป็นการเอ่ยกลางทาง ⛔ ไม่ใช่ผลสรุป
chap-07-trigonometry-q174,chap-07-trigonometry,fill,'$\\dfrac{1}{6}$',$\dfrac{1}{6}$,เจอแต่ไม่อยู่ท้าย,30,🟡 อาจเป็นการเอ่ยกลางทาง ⛔ ไม่ใช่ผลสรุป
chap-07-trigonometry-q175,chap-07-trigonometry,mc,1,$\dfrac{5\pi}{2}$,เจอแต่ไม่อยู่ท้าย,31,🟡 อาจเป็นการเอ่ยกลางทาง ⛔ ไม่ใช่ผลสรุป
chap-07-trigonometry-q176,chap-07-trigonometry,mc,0,"$\left\{-\dfrac{\pi}{6}, -\dfrac{\pi}{2}\right\}$",เจอแต่ไม่อยู่ท้าย,36,🟡 อาจเป็นการเอ่ยกลางทาง ⛔ ไม่ใช่ผลสรุป
chap-07-trigonometry-q177,chap-07-trigonometry,mc,3,$\dfrac{3}{2}$,เจอแต่ไม่อยู่ท้าย,22,🟡 อาจเป็นการเอ่ยกลางทาง ⛔ ไม่ใช่ผลสรุป
chap-07-trigonometry-q178,chap-07-trigonometry,mc,1,$\dfrac{5}{13}$,เจอแต่ไม่อยู่ท้าย,32,🟡 อาจเป็นการเอ่ยกลางทาง ⛔ ไม่ใช่ผลสรุป
chap-07-trigonometry-q179,chap-07-trigonometry,fill,"'$(x, y) = (0, 0),\\ \\left(\\dfrac{\\pi}{2}, \\dfrac{\\pi}{2}\\right),\\ (\\pi, \\pi),\\ (0, \\pi),\\ (\\pi, 0)$'","$(x, y) = (0, 0),\ \left(\dfrac{\pi}{2}, \dfrac{\pi}{2}\right),\ (\pi, \pi),\ (0",ไม่เจอเลย,37,🔴 คำตอบไม่ปรากฏในเฉลยเลย
chap-07-trigonometry-q181,chap-07-trigonometry,fill,"'$x = -1,\\ y = \\dfrac{(2n + 1)\\pi}{4} + 1$ เมื่อ $n$ เป็นจำนวนเต็มใด ๆ'","$x = -1,\ y = \dfrac{(2n + 1)\pi}{4} + 1$ เมื่อ $n$ เป็นจำนวนเต็มใด ๆ",ไม่เจอเลย,33,🔴 คำตอบไม่ปรากฏในเฉลยเลย
chap-07-trigonometry-q182,chap-07-trigonometry,fill,'$\\sqrt{2}$',$\sqrt{2}$,เจอแต่ไม่อยู่ท้าย,33,🟡 อาจเป็นการเอ่ยกลางทาง ⛔ ไม่ใช่ผลสรุป
chap-07-trigonometry-q183,chap-07-trigonometry,fill,'$a = \\dfrac{\\pi}{543}$',$a = \dfrac{\pi}{543}$,เจอแต่ไม่อยู่ท้าย,27,🟡 อาจเป็นการเอ่ยกลางทาง ⛔ ไม่ใช่ผลสรุป
chap-07-trigonometry-q184,chap-07-trigonometry,mc,0,$0.28$,เจอแต่ไม่อยู่ท้าย,30,🟡 อาจเป็นการเอ่ยกลางทาง ⛔ ไม่ใช่ผลสรุป
chap-07-trigonometry-q185,chap-07-trigonometry,mc,3,$\dfrac{3\pi}{4}$,เจอแต่ไม่อยู่ท้าย,29,🟡 อาจเป็นการเอ่ยกลางทาง ⛔ ไม่ใช่ผลสรุป
chap-07-trigonometry-q186,chap-07-trigonometry,fill,'45',45,เจอแต่ไม่อยู่ท้าย,28,🟡 อาจเป็นการเอ่ยกลางทาง ⛔ ไม่ใช่ผลสรุป
chap-07-trigonometry-q187,chap-07-trigonometry,mc,0,$\dfrac{\sqrt{8}}{3}$,เจอแต่ไม่อยู่ท้าย,30,🟡 อาจเป็นการเอ่ยกลางทาง ⛔ ไม่ใช่ผลสรุป
chap-07-trigonometry-q188,chap-07-trigonometry,mc,0,$1 - \dfrac{1}{\sqrt{170}} - \dfrac{2}{170}$,เจอแต่ไม่อยู่ท้าย,27,🟡 อาจเป็นการเอ่ยกลางทาง ⛔ ไม่ใช่ผลสรุป
chap-07-trigonometry-q189,chap-07-trigonometry,fill,'0.7',0.7,เจอแต่ไม่อยู่ท้าย,25,🟡 อาจเป็นการเอ่ยกลางทาง ⛔ ไม่ใช่ผลสรุป
chap-07-trigonometry-q190,chap-07-trigonometry,fill,'0.28',0.28,เจอแต่ไม่อยู่ท้าย,27,🟡 อาจเป็นการเอ่ยกลางทาง ⛔ ไม่ใช่ผลสรุป
chap-07-trigonometry-q191,chap-07-trigonometry,mc,0,$0$,เจอแต่ไม่อยู่ท้าย,25,🟡 อาจเป็นการเอ่ยกลางทาง ⛔ ไม่ใช่ผลสรุป
chap-07-trigonometry-q193,chap-07-trigonometry,mc,3,ก. ผิด และ ข. ผิด,เจอแต่ไม่อยู่ท้าย,34,🟡 อาจเป็นการเอ่ยกลางทาง ⛔ ไม่ใช่ผลสรุป
chap-07-trigonometry-q194,chap-07-trigonometry,fill,'3',3,เจอแต่ไม่อยู่ท้าย,27,🟡 อาจเป็นการเอ่ยกลางทาง ⛔ ไม่ใช่ผลสรุป
chap-07-trigonometry-q195,chap-07-trigonometry,fill,'$x = \\dfrac{\\pi}{6}$ หรือ $x = \\dfrac{5\\pi}{6}$',$x = \dfrac{\pi}{6}$ หรือ $x = \dfrac{5\pi}{6}$,เจอแต่ไม่อยู่ท้าย,29,🟡 อาจเป็นการเอ่ยกลางทาง ⛔ ไม่ใช่ผลสรุป
chap-07-trigonometry-q197,chap-07-trigonometry,mc,3,$A \not\subset B$ และ $B \not\subset A$,ไม่เจอเลย,50,🔴 คำตอบไม่ปรากฏในเฉลยเลย
chap-07-trigonometry-q198,chap-07-trigonometry,fill,"'$\\left\\{\\dfrac{1}{2}, \\dfrac{\\pi}{6}\\right\\}$'","$\left\{\dfrac{1}{2}, \dfrac{\pi}{6}\right\}$",เจอแต่ไม่อยู่ท้าย,44,🟡 อาจเป็นการเอ่ยกลางทาง ⛔ ไม่ใช่ผลสรุป
chap-07-trigonometry-q199,chap-07-trigonometry,mc,1,$10\sqrt{2}$ กม.,เจอแต่ไม่อยู่ท้าย,22,🟡 อาจเป็นการเอ่ยกลางทาง ⛔ ไม่ใช่ผลสรุป
chap-07-trigonometry-q200,chap-07-trigonometry,mc,0,$17.319$ เมตร,เจอแต่ไม่อยู่ท้าย,26,🟡 อาจเป็นการเอ่ยกลางทาง ⛔ ไม่ใช่ผลสรุป
chap-07-trigonometry-q201,chap-07-trigonometry,fill,'$100\\sqrt{6 + 4\\sqrt{3}}$ เมตร',$100\sqrt{6 + 4\sqrt{3}}$ เมตร,เจอแต่ไม่อยู่ท้าย,31,🟡 อาจเป็นการเอ่ยกลางทาง ⛔ ไม่ใช่ผลสรุป
chap-07-trigonometry-q202,chap-07-trigonometry,mc,1,$273$,เจอแต่ไม่อยู่ท้าย,28,🟡 อาจเป็นการเอ่ยกลางทาง ⛔ ไม่ใช่ผลสรุป
chap-07-trigonometry-q203,chap-07-trigonometry,fill,'$90$ ฟุต',$90$ ฟุต,เจอแต่ไม่อยู่ท้าย,29,🟡 อาจเป็นการเอ่ยกลางทาง ⛔ ไม่ใช่ผลสรุป
chap-07-trigonometry-q204,chap-07-trigonometry,mc,1,$1250\sqrt{3}$ เมตร,เจอแต่ไม่อยู่ท้าย,44,🟡 อาจเป็นการเอ่ยกลางทาง ⛔ ไม่ใช่ผลสรุป
chap-07-trigonometry-q205,chap-07-trigonometry,mc,2,$6$ นาฬิกา $7$ นาที $30$ วินาที,เจอแต่ไม่อยู่ท้าย,37,🟡 อาจเป็นการเอ่ยกลางทาง ⛔ ไม่ใช่ผลสรุป
chap-07-trigonometry-q206,chap-07-trigonometry,mc,2,$12.2$ เมตร,เจอแต่ไม่อยู่ท้าย,27,🟡 อาจเป็นการเอ่ยกลางทาง ⛔ ไม่ใช่ผลสรุป
chap-07-trigonometry-q207,chap-07-trigonometry,mc,1,$30.32$ เมตร,เจอแต่ไม่อยู่ท้าย,26,🟡 อาจเป็นการเอ่ยกลางทาง ⛔ ไม่ใช่ผลสรุป
chap-07-trigonometry-q208,chap-07-trigonometry,mc,1,$80$ เมตร,เจอแต่ไม่อยู่ท้าย,29,🟡 อาจเป็นการเอ่ยกลางทาง ⛔ ไม่ใช่ผลสรุป
chap-07-trigonometry-q209,chap-07-trigonometry,mc,1,$495$ เมตร,เจอแต่ไม่อยู่ท้าย,34,🟡 อาจเป็นการเอ่ยกลางทาง ⛔ ไม่ใช่ผลสรุป
chap-07-trigonometry-q210,chap-07-trigonometry,mc,3,$\dfrac{\pi}{4} - \dfrac{1}{2}\tan^{-1}\dfrac{4}{3}$ เรเดียน,เจอแต่ไม่อยู่ท้าย,33,🟡 อาจเป็นการเอ่ยกลางทาง ⛔ ไม่ใช่ผลสรุป
chap-07-trigonometry-q211,chap-07-trigonometry,mc,3,$0.57$ cm$^2$,เจอแต่ไม่อยู่ท้าย,24,🟡 อาจเป็นการเอ่ยกลางทาง ⛔ ไม่ใช่ผลสรุป
chap-07-trigonometry-q212,chap-07-trigonometry,mc,2,$2 - \dfrac{\pi}{8}$,เจอแต่ไม่อยู่ท้าย,19,🟡 อาจเป็นการเอ่ยกลางทาง ⛔ ไม่ใช่ผลสรุป
chap-07-trigonometry-q213,chap-07-trigonometry,mc,1,$1.23r^2$ ตารางเมตร,เจอแต่ไม่อยู่ท้าย,30,🟡 อาจเป็นการเอ่ยกลางทาง ⛔ ไม่ใช่ผลสรุป
chap-07-trigonometry-q214,chap-07-trigonometry,fill,'$\\dfrac{3\\sqrt{3}}{2}r^2$ ตารางหน่วย',$\dfrac{3\sqrt{3}}{2}r^2$ ตารางหน่วย,ไม่เจอเลย,21,🔴 คำตอบไม่ปรากฏในเฉลยเลย
chap-07-trigonometry-q215,chap-07-trigonometry,fill,'$108$ ตารางหน่วย',$108$ ตารางหน่วย,เจอแต่ไม่อยู่ท้าย,23,🟡 อาจเป็นการเอ่ยกลางทาง ⛔ ไม่ใช่ผลสรุป
chap-07-trigonometry-q216,chap-07-trigonometry,mc,1,$26.70$ cm$^2$,เจอแต่ไม่อยู่ท้าย,20,🟡 อาจเป็นการเอ่ยกลางทาง ⛔ ไม่ใช่ผลสรุป
chap-07-trigonometry-q217,chap-07-trigonometry,fill,'$\\dfrac{5\\pi}{3} - 1 \\approx 4.23$ ตารางหน่วย',$\dfrac{5\pi}{3} - 1 \approx 4.23$ ตารางหน่วย,เจอแต่ไม่อยู่ท้าย,23,🟡 อาจเป็นการเอ่ยกลางทาง ⛔ ไม่ใช่ผลสรุป
chap-07-trigonometry-q218,chap-07-trigonometry,mc,3,รูปวงกลม,ไม่เจอเลย,19,🔴 คำตอบไม่ปรากฏในเฉลยเลย
chap-07-trigonometry-q219,chap-07-trigonometry,mc,2,$50\sqrt{2}$ เมตร,เจอแต่ไม่อยู่ท้าย,20,🟡 อาจเป็นการเอ่ยกลางทาง ⛔ ไม่ใช่ผลสรุป
chap-07-trigonometry-q220,chap-07-trigonometry,fill,'$\\dfrac{1}{3}$',$\dfrac{1}{3}$,เจอแต่ไม่อยู่ท้าย,30,🟡 อาจเป็นการเอ่ยกลางทาง ⛔ ไม่ใช่ผลสรุป
chap-07-trigonometry-q221,chap-07-trigonometry,mc,1,$\dfrac{1}{2}$,เจอแต่ไม่อยู่ท้าย,25,🟡 อาจเป็นการเอ่ยกลางทาง ⛔ ไม่ใช่ผลสรุป
chap-07-trigonometry-q222,chap-07-trigonometry,mc,0,$3\sqrt{7}$ กม.,เจอแต่ไม่อยู่ท้าย,27,🟡 อาจเป็นการเอ่ยกลางทาง ⛔ ไม่ใช่ผลสรุป
chap-07-trigonometry-q223,chap-07-trigonometry,mc,1,$\dfrac{\sqrt{13} - 3}{2}$,เจอแต่ไม่อยู่ท้าย,26,🟡 อาจเป็นการเอ่ยกลางทาง ⛔ ไม่ใช่ผลสรุป
chap-07-trigonometry-q224,chap-07-trigonometry,fill,'$20\\sqrt{13 + 6\\sqrt{2}} \\approx 92.70$ เมตร',$20\sqrt{13 + 6\sqrt{2}} \approx 92.70$ เมตร,เจอแต่ไม่อยู่ท้าย,24,🟡 อาจเป็นการเอ่ยกลางทาง ⛔ ไม่ใช่ผลสรุป
chap-07-trigonometry-q225,chap-07-trigonometry,fill,'$76$',$76$,เจอแต่ไม่อยู่ท้าย,24,🟡 อาจเป็นการเอ่ยกลางทาง ⛔ ไม่ใช่ผลสรุป
chap-07-trigonometry-q226,chap-07-trigonometry,mc,3,$\dfrac{3}{7}$,เจอแต่ไม่อยู่ท้าย,26,🟡 อาจเป็นการเอ่ยกลางทาง ⛔ ไม่ใช่ผลสรุป
chap-07-trigonometry-q227,chap-07-trigonometry,fill,"'พื้นที่ $= 3 + \\sqrt{3}$ ตารางหน่วย, $BD = \\sqrt{6}$, $AC = \\sqrt{10 + 4\\sqrt{3}}$'","พื้นที่ $= 3 + \sqrt{3}$ ตารางหน่วย, $BD = \sqrt{6}$, $AC = \sqrt{10 + 4\sqrt{3}",ไม่เจอเลย,27,🔴 คำตอบไม่ปรากฏในเฉลยเลย
chap-07-trigonometry-q228,chap-07-trigonometry,mc,2,$120^\circ$,เจอแต่ไม่อยู่ท้าย,25,🟡 อาจเป็นการเอ่ยกลางทาง ⛔ ไม่ใช่ผลสรุป
chap-07-trigonometry-q229,chap-07-trigonometry,fill,'$24$',$24$,เจอแต่ไม่อยู่ท้าย,34,🟡 อาจเป็นการเอ่ยกลางทาง ⛔ ไม่ใช่ผลสรุป
chap-07-trigonometry-q230,chap-07-trigonometry,mc,2,$-\dfrac{1}{4}$,เจอแต่ไม่อยู่ท้าย,23,🟡 อาจเป็นการเอ่ยกลางทาง ⛔ ไม่ใช่ผลสรุป
chap-08-explog-q02,chap-08-explog,mc,1,ถ้า $\dfrac{a^m}{a^n} = a^p$ แล้ว $m - n - p = 0$,ไม่เจอเลย,26,🔴 คำตอบไม่ปรากฏในเฉลยเลย
chap-08-explog-q03,chap-08-explog,mc,2,$|x - y| = 1$,เจอแต่ไม่อยู่ท้าย,33,🟡 อาจเป็นการเอ่ยกลางทาง ⛔ ไม่ใช่ผลสรุป
chap-08-explog-q04,chap-08-explog,mc,1,$0$,เจอแต่ไม่อยู่ท้าย,43,🟡 อาจเป็นการเอ่ยกลางทาง ⛔ ไม่ใช่ผลสรุป
chap-08-explog-q05,chap-08-explog,mc,4,ไม่มีคำตอบใดถูก,เจอแต่ไม่อยู่ท้าย,25,🟡 อาจเป็นการเอ่ยกลางทาง ⛔ ไม่ใช่ผลสรุป
chap-08-explog-q06,chap-08-explog,mc,1,$g(x) = (\log 7)^x$,เจอแต่ไม่อยู่ท้าย,27,🟡 อาจเป็นการเอ่ยกลางทาง ⛔ ไม่ใช่ผลสรุป
chap-08-explog-q07,chap-08-explog,mc,0,$(x + 5)^{\frac{1}{3}} - 2 = 0$,เจอแต่ไม่อยู่ท้าย,22,🟡 อาจเป็นการเอ่ยกลางทาง ⛔ ไม่ใช่ผลสรุป
chap-08-explog-q08,chap-08-explog,mc,1,$x - y = 0$ และ $2x + 3y = 15$,เจอแต่ไม่อยู่ท้าย,30,🟡 อาจเป็นการเอ่ยกลางทาง ⛔ ไม่ใช่ผลสรุป
chap-08-explog-q09,chap-08-explog,mc,1,$\dfrac{2\sqrt{3}}{3}(\sqrt{3} - \sqrt{2})$,เจอแต่ไม่อยู่ท้าย,34,🟡 อาจเป็นการเอ่ยกลางทาง ⛔ ไม่ใช่ผลสรุป
chap-08-explog-q10,chap-08-explog,mc,3,$30$,เจอแต่ไม่อยู่ท้าย,24,🟡 อาจเป็นการเอ่ยกลางทาง ⛔ ไม่ใช่ผลสรุป
chap-08-explog-q11,chap-08-explog,fill,'7',7,เจอแต่ไม่อยู่ท้าย,28,🟡 อาจเป็นการเอ่ยกลางทาง ⛔ ไม่ใช่ผลสรุป
chap-08-explog-q12,chap-08-explog,mc,2,$\sqrt{x - 4} + \sqrt{x - 8} = 2$,เจอแต่ไม่อยู่ท้าย,26,🟡 อาจเป็นการเอ่ยกลางทาง ⛔ ไม่ใช่ผลสรุป
chap-08-explog-q13,chap-08-explog,mc,1,"$\{ 85, 93 \}$",เจอแต่ไม่อยู่ท้าย,29,🟡 อาจเป็นการเอ่ยกลางทาง ⛔ ไม่ใช่ผลสรุป
chap-08-explog-q14,chap-08-explog,mc,1,$20$,เจอแต่ไม่อยู่ท้าย,28,🟡 อาจเป็นการเอ่ยกลางทาง ⛔ ไม่ใช่ผลสรุป
chap-08-explog-q16,chap-08-explog,mc,0,"$[-10, 300]$",เจอแต่ไม่อยู่ท้าย,28,🟡 อาจเป็นการเอ่ยกลางทาง ⛔ ไม่ใช่ผลสรุป
chap-08-explog-q17,chap-08-explog,mc,0,$2y + 5 = 35$,เจอแต่ไม่อยู่ท้าย,30,🟡 อาจเป็นการเอ่ยกลางทาง ⛔ ไม่ใช่ผลสรุป
chap-08-explog-q18,chap-08-explog,mc,3,"$B - A = \left\{ x \in \mathbb{R} \,\middle|\, -3 < x < \dfrac{1}{16} \right\}$",ไม่เจอเลย,38,🔴 คำตอบไม่ปรากฏในเฉลยเลย
chap-08-explog-q20,chap-08-explog,fill,'2500',2500,เจอแต่ไม่อยู่ท้าย,27,🟡 อาจเป็นการเอ่ยกลางทาง ⛔ ไม่ใช่ผลสรุป
chap-08-explog-q21,chap-08-explog,fill,'0.25',0.25,เจอแต่ไม่อยู่ท้าย,25,🟡 อาจเป็นการเอ่ยกลางทาง ⛔ ไม่ใช่ผลสรุป
chap-08-explog-q22,chap-08-explog,mc,0,"$(-2, -1)$",เจอแต่ไม่อยู่ท้าย,29,🟡 อาจเป็นการเอ่ยกลางทาง ⛔ ไม่ใช่ผลสรุป
chap-08-explog-q24,chap-08-explog,mc,3,"$(-\infty, 2)$",ไม่เจอเลย,32,🔴 คำตอบไม่ปรากฏในเฉลยเลย
chap-08-explog-q25,chap-08-explog,mc,1,"$[3, 5]$",เจอแต่ไม่อยู่ท้าย,24,🟡 อาจเป็นการเอ่ยกลางทาง ⛔ ไม่ใช่ผลสรุป
chap-08-explog-q27,chap-08-explog,mc,0,"$\left[-2, -\dfrac{3}{4}\right]$",เจอแต่ไม่อยู่ท้าย,27,🟡 อาจเป็นการเอ่ยกลางทาง ⛔ ไม่ใช่ผลสรุป
chap-08-explog-q28,chap-08-explog,fill,'1',1,เจอแต่ไม่อยู่ท้าย,40,🟡 อาจเป็นการเอ่ยกลางทาง ⛔ ไม่ใช่ผลสรุป
chap-08-explog-q30,chap-08-explog,fill,'5',5,เจอแต่ไม่อยู่ท้าย,29,🟡 อาจเป็นการเอ่ยกลางทาง ⛔ ไม่ใช่ผลสรุป
chap-08-explog-q31,chap-08-explog,fill,'2.5',2.5,เจอแต่ไม่อยู่ท้าย,25,🟡 อาจเป็นการเอ่ยกลางทาง ⛔ ไม่ใช่ผลสรุป
chap-08-explog-q32,chap-08-explog,mc,2,"$[-2, 2]$",เจอแต่ไม่อยู่ท้าย,36,🟡 อาจเป็นการเอ่ยกลางทาง ⛔ ไม่ใช่ผลสรุป
chap-08-explog-q33,chap-08-explog,fill,'4.25',4.25,เจอแต่ไม่อยู่ท้าย,32,🟡 อาจเป็นการเอ่ยกลางทาง ⛔ ไม่ใช่ผลสรุป
chap-08-explog-q34,chap-08-explog,mc,2,$\exists x \left[ 3^x < \left(\dfrac{1}{3}\right)^x \right]$,ไม่เจอเลย,29,🔴 คำตอบไม่ปรากฏในเฉลยเลย
chap-08-explog-q36,chap-08-explog,mc,3,"$R_g \subset D_g \cap [1, \infty)$",เจอแต่ไม่อยู่ท้าย,31,🟡 อาจเป็นการเอ่ยกลางทาง ⛔ ไม่ใช่ผลสรุป
chap-08-explog-q37,chap-08-explog,mc,2,มีสมาชิกบางตัวของ $A$ ที่ไม่มีอินเวอร์สใน $A$,เจอแต่ไม่อยู่ท้าย,25,🟡 อาจเป็นการเอ่ยกลางทาง ⛔ ไม่ใช่ผลสรุป
chap-08-explog-q38,chap-08-explog,mc,0,ถ้า $x$ เป็นจำนวนจริงใด ๆ และ $n$ เป็นจำนวนคี่ แล้วจะหารากที่ $n$ ของ $x$ ได้เสม,ไม่เจอเลย,27,🔴 คำตอบไม่ปรากฏในเฉลยเลย
chap-08-explog-q39,chap-08-explog,mc,1,กราฟของฟังก์ชัน $y = 10^x$ และฟังก์ชัน $y = \log x$ มีลักษณะสมมาตรเทียบกับเส้นตร,ไม่เจอเลย,24,🔴 คำตอบไม่ปรากฏในเฉลยเลย
chap-08-explog-q40,chap-08-explog,mc,1,กราฟของ $y = \log |x|$ ตัดแกน $x$ มากกว่า $1$ ครั้ง,ไม่เจอเลย,26,🔴 คำตอบไม่ปรากฏในเฉลยเลย
chap-08-explog-q41,chap-08-explog,mc,2,$\ln x \ge \log x$,ไม่เจอเลย,25,🔴 คำตอบไม่ปรากฏในเฉลยเลย
chap-08-explog-q42,chap-08-explog,mc,2,ถ้า $0 < a < b$ และ $x$ เป็นจำนวนจริงใด ๆ แล้ว $a^x \le b^x$,ไม่เจอเลย,28,🔴 คำตอบไม่ปรากฏในเฉลยเลย
chap-08-explog-q43,chap-08-explog,mc,2,$y = \sin x - 7$,เจอแต่ไม่อยู่ท้าย,24,🟡 อาจเป็นการเอ่ยกลางทาง ⛔ ไม่ใช่ผลสรุป
chap-08-explog-q44,chap-08-explog,mc,2,$1 + \log_b a$,เจอแต่ไม่อยู่ท้าย,28,🟡 อาจเป็นการเอ่ยกลางทาง ⛔ ไม่ใช่ผลสรุป
chap-08-explog-q45,chap-08-explog,mc,0,ก. จริง ข. เท็จ,เจอแต่ไม่อยู่ท้าย,29,🟡 อาจเป็นการเอ่ยกลางทาง ⛔ ไม่ใช่ผลสรุป
chap-08-explog-q46,chap-08-explog,mc,1,"$(-1, 1)$",เจอแต่ไม่อยู่ท้าย,20,🟡 อาจเป็นการเอ่ยกลางทาง ⛔ ไม่ใช่ผลสรุป
chap-08-explog-q47,chap-08-explog,mc,0,$2 \log 3$,เจอแต่ไม่อยู่ท้าย,27,🟡 อาจเป็นการเอ่ยกลางทาง ⛔ ไม่ใช่ผลสรุป
chap-08-explog-q48,chap-08-explog,mc,3,$-\dfrac{5}{2}$,เจอแต่ไม่อยู่ท้าย,22,🟡 อาจเป็นการเอ่ยกลางทาง ⛔ ไม่ใช่ผลสรุป
chap-08-explog-q49,chap-08-explog,mc,3,$\dfrac{1}{b}$,เจอแต่ไม่อยู่ท้าย,19,🟡 อาจเป็นการเอ่ยกลางทาง ⛔ ไม่ใช่ผลสรุป
chap-08-explog-q51,chap-08-explog,mc,1,$-0.0485$,เจอแต่ไม่อยู่ท้าย,23,🟡 อาจเป็นการเอ่ยกลางทาง ⛔ ไม่ใช่ผลสรุป
chap-08-explog-q52,chap-08-explog,mc,0,$\dfrac{4}{3} - 4c$,เจอแต่ไม่อยู่ท้าย,26,🟡 อาจเป็นการเอ่ยกลางทาง ⛔ ไม่ใช่ผลสรุป
chap-08-explog-q56,chap-08-explog,mc,0,$\dfrac{3}{4} - \log_3\left(3^{1/4} + 2\right)$,เจอแต่ไม่อยู่ท้าย,24,🟡 อาจเป็นการเอ่ยกลางทาง ⛔ ไม่ใช่ผลสรุป
chap-08-explog-q57,chap-08-explog,mc,0,$\log_2 \dfrac{y + \sqrt{y^2 - 4}}{2}$,เจอแต่ไม่อยู่ท้าย,27,🟡 อาจเป็นการเอ่ยกลางทาง ⛔ ไม่ใช่ผลสรุป
chap-08-explog-q58,chap-08-explog,mc,0,$x = \log_{\log 2} \sqrt{\dfrac{5(y + 1)}{7(1 + 2y)}}$,เจอแต่ไม่อยู่ท้าย,25,🟡 อาจเป็นการเอ่ยกลางทาง ⛔ ไม่ใช่ผลสรุป
chap-08-explog-q59,chap-08-explog,mc,3,$\log a^{10 \div \log e} + \log b^{10 \div \log e} = (10)\log_e (ab)$,ไม่เจอเลย,26,🔴 คำตอบไม่ปรากฏในเฉลยเลย
chap-08-explog-q60,chap-08-explog,mc,2,$e^{\ln x} = \ln e^x$,เจอแต่ไม่อยู่ท้าย,27,🟡 อาจเป็นการเอ่ยกลางทาง ⛔ ไม่ใช่ผลสรุป
chap-08-explog-q61,chap-08-explog,mc,1,ข้อ (2) และข้อ (3) เท่านั้นที่ถูก,เจอแต่ไม่อยู่ท้าย,25,🟡 อาจเป็นการเอ่ยกลางทาง ⛔ ไม่ใช่ผลสรุป
chap-08-explog-q62,chap-08-explog,mc,3,$f(x) = \log_2 \dfrac{1}{x}$ ทุกๆ $x > 0$,เจอแต่ไม่อยู่ท้าย,24,🟡 อาจเป็นการเอ่ยกลางทาง ⛔ ไม่ใช่ผลสรุป
chap-08-explog-q63,chap-08-explog,mc,1,$3.0618$,เจอแต่ไม่อยู่ท้าย,27,🟡 อาจเป็นการเอ่ยกลางทาง ⛔ ไม่ใช่ผลสรุป
chap-08-explog-q64,chap-08-explog,mc,2,$D_{r_1} \subset D_{r_2}$,เจอแต่ไม่อยู่ท้าย,29,🟡 อาจเป็นการเอ่ยกลางทาง ⛔ ไม่ใช่ผลสรุป
chap-08-explog-q65,chap-08-explog,mc,4,$D_f = \{ x \mid -9 < x < 11 \}$ และ $R_f = \{ y \mid 0 < y \le 5 \}$,ไม่เจอเลย,33,🔴 คำตอบไม่ปรากฏในเฉลยเลย
chap-08-explog-q66,chap-08-explog,mc,0,"$(3, 4)$",ไม่เจอเลย,26,🔴 คำตอบไม่ปรากฏในเฉลยเลย
chap-08-explog-q67,chap-08-explog,mc,0,ก. ถูก และ ข. ถูก,เจอแต่ไม่อยู่ท้าย,32,🟡 อาจเป็นการเอ่ยกลางทาง ⛔ ไม่ใช่ผลสรุป
chap-08-explog-q68,chap-08-explog,mc,1,"$[0.5, 2.5)$",เจอแต่ไม่อยู่ท้าย,29,🟡 อาจเป็นการเอ่ยกลางทาง ⛔ ไม่ใช่ผลสรุป
chap-08-explog-q69,chap-08-explog,mc,1,"$(2, 3]$",เจอแต่ไม่อยู่ท้าย,26,🟡 อาจเป็นการเอ่ยกลางทาง ⛔ ไม่ใช่ผลสรุป
chap-08-explog-q70,chap-08-explog,mc,3,"$(-\infty, 1]$",เจอแต่ไม่อยู่ท้าย,27,🟡 อาจเป็นการเอ่ยกลางทาง ⛔ ไม่ใช่ผลสรุป
chap-08-explog-q73,chap-08-explog,fill,'0.25',0.25,เจอแต่ไม่อยู่ท้าย,34,🟡 อาจเป็นการเอ่ยกลางทาง ⛔ ไม่ใช่ผลสรุป
chap-08-explog-q74,chap-08-explog,mc,3,"$(-7, 7)$",เจอแต่ไม่อยู่ท้าย,28,🟡 อาจเป็นการเอ่ยกลางทาง ⛔ ไม่ใช่ผลสรุป
chap-08-explog-q75,chap-08-explog,mc,3,"$[-3, 3]$",เจอแต่ไม่อยู่ท้าย,27,🟡 อาจเป็นการเอ่ยกลางทาง ⛔ ไม่ใช่ผลสรุป
chap-08-explog-q76,chap-08-explog,mc,1,$0.502$,เจอแต่ไม่อยู่ท้าย,25,🟡 อาจเป็นการเอ่ยกลางทาง ⛔ ไม่ใช่ผลสรุป
chap-08-explog-q78,chap-08-explog,mc,0,$A = B$,เจอแต่ไม่อยู่ท้าย,26,🟡 อาจเป็นการเอ่ยกลางทาง ⛔ ไม่ใช่ผลสรุป
chap-08-explog-q80,chap-08-explog,mc,3,$0 < \dfrac{x}{y} < \dfrac{1}{2}$,ไม่เจอเลย,25,🔴 คำตอบไม่ปรากฏในเฉลยเลย
chap-08-explog-q81,chap-08-explog,mc,1,$\forall x [ |x| + 2 > 4 ]$,เจอแต่ไม่อยู่ท้าย,27,🟡 อาจเป็นการเอ่ยกลางทาง ⛔ ไม่ใช่ผลสรุป
chap-08-explog-q82,chap-08-explog,mc,2,ก. ผิด และ ข. ถูก,เจอแต่ไม่อยู่ท้าย,25,🟡 อาจเป็นการเอ่ยกลางทาง ⛔ ไม่ใช่ผลสรุป
chap-08-explog-q85,chap-08-explog,mc,1,$111.1$,เจอแต่ไม่อยู่ท้าย,27,🟡 อาจเป็นการเอ่ยกลางทาง ⛔ ไม่ใช่ผลสรุป
chap-08-explog-q86,chap-08-explog,fill,'3',3,เจอแต่ไม่อยู่ท้าย,28,🟡 อาจเป็นการเอ่ยกลางทาง ⛔ ไม่ใช่ผลสรุป
chap-08-explog-q87,chap-08-explog,mc,0,"$\left(0, \dfrac{3}{2}\right)$",เจอแต่ไม่อยู่ท้าย,32,🟡 อาจเป็นการเอ่ยกลางทาง ⛔ ไม่ใช่ผลสรุป
chap-08-explog-q88,chap-08-explog,mc,3,"$(1, 10)$",เจอแต่ไม่อยู่ท้าย,29,🟡 อาจเป็นการเอ่ยกลางทาง ⛔ ไม่ใช่ผลสรุป
chap-08-explog-q89,chap-08-explog,mc,1,$10^{9/2}$,เจอแต่ไม่อยู่ท้าย,31,🟡 อาจเป็นการเอ่ยกลางทาง ⛔ ไม่ใช่ผลสรุป
chap-08-explog-q90,chap-08-explog,mc,0,"$[0, 2]$",เจอแต่ไม่อยู่ท้าย,35,🟡 อาจเป็นการเอ่ยกลางทาง ⛔ ไม่ใช่ผลสรุป
chap-08-explog-q91,chap-08-explog,mc,2,"$(0, 1) \cup [10!, \infty)$",เจอแต่ไม่อยู่ท้าย,27,🟡 อาจเป็นการเอ่ยกลางทาง ⛔ ไม่ใช่ผลสรุป
chap-08-explog-q92,chap-08-explog,mc,3,$1000$,เจอแต่ไม่อยู่ท้าย,30,🟡 อาจเป็นการเอ่ยกลางทาง ⛔ ไม่ใช่ผลสรุป
chap-08-explog-q93,chap-08-explog,mc,1,"$\left\{ 3^{-1/3}, 3^{4/3} \right\}$",เจอแต่ไม่อยู่ท้าย,30,🟡 อาจเป็นการเอ่ยกลางทาง ⛔ ไม่ใช่ผลสรุป
chap-08-explog-q94,chap-08-explog,mc,0,"$[0, 3]$",เจอแต่ไม่อยู่ท้าย,26,🟡 อาจเป็นการเอ่ยกลางทาง ⛔ ไม่ใช่ผลสรุป
chap-08-explog-q95,chap-08-explog,mc,1,"$\left(0, \dfrac{\ln 2}{\ln 3}\right)$",เจอแต่ไม่อยู่ท้าย,25,🟡 อาจเป็นการเอ่ยกลางทาง ⛔ ไม่ใช่ผลสรุป
chap-08-explog-q96,chap-08-explog,mc,3,$x^{\log_{(x^2)} 4} = x^2 - 18x + 34$,เจอแต่ไม่อยู่ท้าย,29,🟡 อาจเป็นการเอ่ยกลางทาง ⛔ ไม่ใช่ผลสรุป
chap-08-explog-q100,chap-08-explog,mc,2,$\log_c [\log_b (\log_a x)] = d$,เจอแต่ไม่อยู่ท้าย,22,🟡 อาจเป็นการเอ่ยกลางทาง ⛔ ไม่ใช่ผลสรุป
chap-08-explog-q101,chap-08-explog,fill,'127',127,เจอแต่ไม่อยู่ท้าย,28,🟡 อาจเป็นการเอ่ยกลางทาง ⛔ ไม่ใช่ผลสรุป
chap-08-explog-q104,chap-08-explog,mc,3,$f$ เป็นฟังก์ชันลดและ $g$ เป็นฟังก์ชันเพิ่ม,เจอแต่ไม่อยู่ท้าย,31,🟡 อาจเป็นการเอ่ยกลางทาง ⛔ ไม่ใช่ผลสรุป
chap-08-explog-q107,chap-08-explog,mc,0,"$\left(-2, \dfrac{1}{2}\right)$",เจอแต่ไม่อยู่ท้าย,27,🟡 อาจเป็นการเอ่ยกลางทาง ⛔ ไม่ใช่ผลสรุป
chap-08-explog-q108,chap-08-explog,mc,1,$0 < x < y$,ไม่เจอเลย,28,🔴 คำตอบไม่ปรากฏในเฉลยเลย
chap-08-explog-q109,chap-08-explog,fill,'4',4,เจอแต่ไม่อยู่ท้าย,29,🟡 อาจเป็นการเอ่ยกลางทาง ⛔ ไม่ใช่ผลสรุป
chap-08-explog-q110,chap-08-explog,mc,2,$5\sqrt{7}$,เจอแต่ไม่อยู่ท้าย,35,🟡 อาจเป็นการเอ่ยกลางทาง ⛔ ไม่ใช่ผลสรุป
chap-08-explog-q111,chap-08-explog,fill,'243',243,เจอแต่ไม่อยู่ท้าย,28,🟡 อาจเป็นการเอ่ยกลางทาง ⛔ ไม่ใช่ผลสรุป
chap-08-explog-q112,chap-08-explog,mc,3,$-2$,เจอแต่ไม่อยู่ท้าย,25,🟡 อาจเป็นการเอ่ยกลางทาง ⛔ ไม่ใช่ผลสรุป
chap-08-explog-q113,chap-08-explog,mc,0,กราฟที่ 1,เจอแต่ไม่อยู่ท้าย,32,🟡 อาจเป็นการเอ่ยกลางทาง ⛔ ไม่ใช่ผลสรุป
chap-08-explog-q114,chap-08-explog,mc,1,$2$ ตารางหน่วย,เจอแต่ไม่อยู่ท้าย,30,🟡 อาจเป็นการเอ่ยกลางทาง ⛔ ไม่ใช่ผลสรุป
chap-08-explog-q115,chap-08-explog,mc,3,$58$,เจอแต่ไม่อยู่ท้าย,23,🟡 อาจเป็นการเอ่ยกลางทาง ⛔ ไม่ใช่ผลสรุป
chap-08-explog-q116,chap-08-explog,mc,1,$-1$,เจอแต่ไม่อยู่ท้าย,35,🟡 อาจเป็นการเอ่ยกลางทาง ⛔ ไม่ใช่ผลสรุป
chap-08-explog-q119,chap-08-explog,fill,"'[1, ∞)'","[1, ∞)",ไม่เจอเลย,30,🔴 คำตอบไม่ปรากฏในเฉลยเลย
chap-08-explog-q120,chap-08-explog,mc,2,$\dfrac{7}{2}$,เจอแต่ไม่อยู่ท้าย,28,🟡 อาจเป็นการเอ่ยกลางทาง ⛔ ไม่ใช่ผลสรุป
chap-08-explog-q122,chap-08-explog,fill,'x < 0',x < 0,ไม่เจอเลย,27,🔴 คำตอบไม่ปรากฏในเฉลยเลย
chap-08-explog-q123,chap-08-explog,mc,0,$2^{x+2} + e^x$,เจอแต่ไม่อยู่ท้าย,23,🟡 อาจเป็นการเอ่ยกลางทาง ⛔ ไม่ใช่ผลสรุป
chap-08-explog-q124,chap-08-explog,mc,3,$\log(x + 1) < 1$,ไม่เจอเลย,26,🔴 คำตอบไม่ปรากฏในเฉลยเลย
chap-08-explog-q125,chap-08-explog,mc,1,$\log_{x+6} (2x^2 + 14x + 28) = 2$,เจอแต่ไม่อยู่ท้าย,28,🟡 อาจเป็นการเอ่ยกลางทาง ⛔ ไม่ใช่ผลสรุป
chap-08-explog-q126,chap-08-explog,fill,'20',20,เจอแต่ไม่อยู่ท้าย,27,🟡 อาจเป็นการเอ่ยกลางทาง ⛔ ไม่ใช่ผลสรุป
chap-08-explog-q129,chap-08-explog,fill,"'[−1, 1]'","[−1, 1]",ไม่เจอเลย,30,🔴 คำตอบไม่ปรากฏในเฉลยเลย
chap-08-explog-q130,chap-08-explog,mc,2,"$(1, 2)$",เจอแต่ไม่อยู่ท้าย,28,🟡 อาจเป็นการเอ่ยกลางทาง ⛔ ไม่ใช่ผลสรุป
chap-08-explog-q131,chap-08-explog,mc,3,$\dfrac{7}{2}$,เจอแต่ไม่อยู่ท้าย,26,🟡 อาจเป็นการเอ่ยกลางทาง ⛔ ไม่ใช่ผลสรุป
chap-08-explog-q132,chap-08-explog,fill,"'{0, 3}'","{0, 3}",เจอแต่ไม่อยู่ท้าย,27,🟡 อาจเป็นการเอ่ยกลางทาง ⛔ ไม่ใช่ผลสรุป
chap-08-explog-q133,chap-08-explog,mc,0,"$0, 1, 2$",เจอแต่ไม่อยู่ท้าย,28,🟡 อาจเป็นการเอ่ยกลางทาง ⛔ ไม่ใช่ผลสรุป
chap-08-explog-q134,chap-08-explog,fill,"'[0, 1]'","[0, 1]",เจอแต่ไม่อยู่ท้าย,30,🟡 อาจเป็นการเอ่ยกลางทาง ⛔ ไม่ใช่ผลสรุป
chap-08-explog-q135,chap-08-explog,fill,"'{−√2, √2, 1/2, 1/a}'","{−√2, √2, 1/2, 1/a}",ไม่เจอเลย,29,🔴 คำตอบไม่ปรากฏในเฉลยเลย
chap-08-explog-q137,chap-08-explog,mc,0,$2bc$,เจอแต่ไม่อยู่ท้าย,22,🟡 อาจเป็นการเอ่ยกลางทาง ⛔ ไม่ใช่ผลสรุป
chap-08-explog-q138,chap-08-explog,fill,'15a^((3p+q)/5)/(2p−q)',15a^((3p+q)/5)/(2p−q),ไม่เจอเลย,29,🔴 คำตอบไม่ปรากฏในเฉลยเลย
chap-08-explog-q139,chap-08-explog,fill,'1024',1024,เจอแต่ไม่อยู่ท้าย,29,🟡 อาจเป็นการเอ่ยกลางทาง ⛔ ไม่ใช่ผลสรุป
chap-08-explog-q140,chap-08-explog,mc,2,$72$,เจอแต่ไม่อยู่ท้าย,33,🟡 อาจเป็นการเอ่ยกลางทาง ⛔ ไม่ใช่ผลสรุป
chap-08-explog-q141,chap-08-explog,fill,'1/x²',1/x²,ไม่เจอเลย,21,🔴 คำตอบไม่ปรากฏในเฉลยเลย
chap-08-explog-q142,chap-08-explog,fill,'11',11,เจอแต่ไม่อยู่ท้าย,21,🟡 อาจเป็นการเอ่ยกลางทาง ⛔ ไม่ใช่ผลสรุป
chap-08-explog-q145,chap-08-explog,mc,0,$\dfrac{1 + x}{3 - x}$,เจอแต่ไม่อยู่ท้าย,29,🟡 อาจเป็นการเอ่ยกลางทาง ⛔ ไม่ใช่ผลสรุป
chap-08-explog-q146,chap-08-explog,mc,1,$0.6285$,เจอแต่ไม่อยู่ท้าย,24,🟡 อาจเป็นการเอ่ยกลางทาง ⛔ ไม่ใช่ผลสรุป
chap-08-explog-q147,chap-08-explog,fill,'106',106,เจอแต่ไม่อยู่ท้าย,24,🟡 อาจเป็นการเอ่ยกลางทาง ⛔ ไม่ใช่ผลสรุป
chap-08-explog-q148,chap-08-explog,mc,2,$43$,เจอแต่ไม่อยู่ท้าย,23,🟡 อาจเป็นการเอ่ยกลางทาง ⛔ ไม่ใช่ผลสรุป
chap-08-explog-q150,chap-08-explog,mc,1,$\pm 3$,เจอแต่ไม่อยู่ท้าย,23,🟡 อาจเป็นการเอ่ยกลางทาง ⛔ ไม่ใช่ผลสรุป
chap-08-explog-q151,chap-08-explog,fill,'ln 72',ln 72,เจอแต่ไม่อยู่ท้าย,25,🟡 อาจเป็นการเอ่ยกลางทาง ⛔ ไม่ใช่ผลสรุป
chap-08-explog-q152,chap-08-explog,mc,2,$\dfrac{1}{|x + 1|}$,เจอแต่ไม่อยู่ท้าย,20,🟡 อาจเป็นการเอ่ยกลางทาง ⛔ ไม่ใช่ผลสรุป
chap-08-explog-q154,chap-08-explog,fill,'−3',−3,ไม่เจอเลย,23,🔴 คำตอบไม่ปรากฏในเฉลยเลย
chap-08-explog-q155,chap-08-explog,mc,1,$\dfrac{99}{20}$,เจอแต่ไม่อยู่ท้าย,22,🟡 อาจเป็นการเอ่ยกลางทาง ⛔ ไม่ใช่ผลสรุป
chap-08-explog-q156,chap-08-explog,mc,2,$2 + \log 144$,เจอแต่ไม่อยู่ท้าย,25,🟡 อาจเป็นการเอ่ยกลางทาง ⛔ ไม่ใช่ผลสรุป
chap-08-explog-q157,chap-08-explog,fill,'0.89585',0.89585,เจอแต่ไม่อยู่ท้าย,29,🟡 อาจเป็นการเอ่ยกลางทาง ⛔ ไม่ใช่ผลสรุป
chap-08-explog-q158,chap-08-explog,mc,0,$15$,เจอแต่ไม่อยู่ท้าย,26,🟡 อาจเป็นการเอ่ยกลางทาง ⛔ ไม่ใช่ผลสรุป
chap-08-explog-q160,chap-08-explog,mc,2,$1.2$,เจอแต่ไม่อยู่ท้าย,20,🟡 อาจเป็นการเอ่ยกลางทาง ⛔ ไม่ใช่ผลสรุป
chap-08-explog-q161,chap-08-explog,fill,'−2',−2,ไม่เจอเลย,20,🔴 คำตอบไม่ปรากฏในเฉลยเลย
chap-08-explog-q162,chap-08-explog,fill,'71/14',71/14,ไม่เจอเลย,25,🔴 คำตอบไม่ปรากฏในเฉลยเลย
chap-08-explog-q163,chap-08-explog,fill,'6',6,เจอแต่ไม่อยู่ท้าย,32,🟡 อาจเป็นการเอ่ยกลางทาง ⛔ ไม่ใช่ผลสรุป
chap-08-explog-q166,chap-08-explog,mc,1,"$[1, 3]$",เจอแต่ไม่อยู่ท้าย,25,🟡 อาจเป็นการเอ่ยกลางทาง ⛔ ไม่ใช่ผลสรุป
chap-08-explog-q168,chap-08-explog,fill,'106',106,เจอแต่ไม่อยู่ท้าย,23,🟡 อาจเป็นการเอ่ยกลางทาง ⛔ ไม่ใช่ผลสรุป
chap-08-explog-q169,chap-08-explog,mc,1,$\dfrac{37}{9}$,เจอแต่ไม่อยู่ท้าย,26,🟡 อาจเป็นการเอ่ยกลางทาง ⛔ ไม่ใช่ผลสรุป
chap-08-explog-q170,chap-08-explog,mc,1,$1024$,เจอแต่ไม่อยู่ท้าย,27,🟡 อาจเป็นการเอ่ยกลางทาง ⛔ ไม่ใช่ผลสรุป
chap-08-explog-q171,chap-08-explog,fill,'c^((1+√33)/4) หรือ c^((1−√33)/4)',c^((1+√33)/4) หรือ c^((1−√33)/4),ไม่เจอเลย,29,🔴 คำตอบไม่ปรากฏในเฉลยเลย
chap-08-explog-q172,chap-08-explog,mc,2,$6$,เจอแต่ไม่อยู่ท้าย,24,🟡 อาจเป็นการเอ่ยกลางทาง ⛔ ไม่ใช่ผลสรุป
chap-08-explog-q176,chap-08-explog,mc,3,"$[-3, 3]$",เจอแต่ไม่อยู่ท้าย,26,🟡 อาจเป็นการเอ่ยกลางทาง ⛔ ไม่ใช่ผลสรุป
chap-08-explog-q177,chap-08-explog,fill,'5',5,เจอแต่ไม่อยู่ท้าย,24,🟡 อาจเป็นการเอ่ยกลางทาง ⛔ ไม่ใช่ผลสรุป
chap-08-explog-q178,chap-08-explog,fill,'±(2√3 ± √6)/6',±(2√3 ± √6)/6,ไม่เจอเลย,31,🔴 คำตอบไม่ปรากฏในเฉลยเลย
chap-08-explog-q179,chap-08-explog,mc,3,"$(1001, 10000]$",เจอแต่ไม่อยู่ท้าย,24,🟡 อาจเป็นการเอ่ยกลางทาง ⛔ ไม่ใช่ผลสรุป
chap-08-explog-q181,chap-08-explog,fill,'1000000',1000000,เจอแต่ไม่อยู่ท้าย,31,🟡 อาจเป็นการเอ่ยกลางทาง ⛔ ไม่ใช่ผลสรุป
chap-08-explog-q184,chap-08-explog,mc,1,ข้อ ก ผิด ข้อ ข ถูก,เจอแต่ไม่อยู่ท้าย,32,🟡 อาจเป็นการเอ่ยกลางทาง ⛔ ไม่ใช่ผลสรุป
chap-08-explog-q185,chap-08-explog,fill,'−8 และ 2',−8 และ 2,ไม่เจอเลย,24,🔴 คำตอบไม่ปรากฏในเฉลยเลย
chap-08-explog-q186,chap-08-explog,fill,"'[2/5, 1)'","[2/5, 1)",ไม่เจอเลย,24,🔴 คำตอบไม่ปรากฏในเฉลยเลย
chap-08-explog-q187,chap-08-explog,fill,"'(6/7, 18/5) − {2}'","(6/7, 18/5) − {2}",ไม่เจอเลย,33,🔴 คำตอบไม่ปรากฏในเฉลยเลย
chap-08-explog-q188,chap-08-explog,mc,1,"$\left[\dfrac{5}{4}, \dfrac{29}{10}\right)$",เจอแต่ไม่อยู่ท้าย,25,🟡 อาจเป็นการเอ่ยกลางทาง ⛔ ไม่ใช่ผลสรุป
chap-08-explog-q189,chap-08-explog,mc,0,"$\left(-\dfrac{1}{3}, \dfrac{2}{3}\right)$",เจอแต่ไม่อยู่ท้าย,24,🟡 อาจเป็นการเอ่ยกลางทาง ⛔ ไม่ใช่ผลสรุป
chap-08-explog-q190,chap-08-explog,mc,1,$11$,เจอแต่ไม่อยู่ท้าย,24,🟡 อาจเป็นการเอ่ยกลางทาง ⛔ ไม่ใช่ผลสรุป
chap-08-explog-q191,chap-08-explog,fill,'3',3,เจอแต่ไม่อยู่ท้าย,25,🟡 อาจเป็นการเอ่ยกลางทาง ⛔ ไม่ใช่ผลสรุป
chap-08-explog-q192,chap-08-explog,mc,3,ข้อ ก. และข้อ ข. เป็นเท็จ,ไม่เจอเลย,31,🔴 คำตอบไม่ปรากฏในเฉลยเลย
chap-08-explog-q193,chap-08-explog,mc,2,$16$,เจอแต่ไม่อยู่ท้าย,29,🟡 อาจเป็นการเอ่ยกลางทาง ⛔ ไม่ใช่ผลสรุป
chap-08-explog-q194,chap-08-explog,mc,2,"$\left(\dfrac{1}{20}, 110\right)$",เจอแต่ไม่อยู่ท้าย,24,🟡 อาจเป็นการเอ่ยกลางทาง ⛔ ไม่ใช่ผลสรุป
chap-08-explog-q195,chap-08-explog,fill,'35',35,เจอแต่ไม่อยู่ท้าย,28,🟡 อาจเป็นการเอ่ยกลางทาง ⛔ ไม่ใช่ผลสรุป
chap-08-explog-q196,chap-08-explog,fill,'6',6,เจอแต่ไม่อยู่ท้าย,26,🟡 อาจเป็นการเอ่ยกลางทาง ⛔ ไม่ใช่ผลสรุป
chap-08-explog-q197,chap-08-explog,fill,"'a = (4/5)^6, b = (4/5)^5'","a = (4/5)^6, b = (4/5)^5",ไม่เจอเลย,23,🔴 คำตอบไม่ปรากฏในเฉลยเลย
chap-08-explog-q198,chap-08-explog,mc,0,"$\dfrac{6\log 2}{4\log 2 - \log 3}$ , $\dfrac{\log 3 - \log 2}{4\log 2 - \log 3}",ไม่เจอเลย,27,🔴 คำตอบไม่ปรากฏในเฉลยเลย
chap-08-explog-q199,chap-08-explog,fill,'1 + √2',1 + √2,ไม่เจอเลย,28,🔴 คำตอบไม่ปรากฏในเฉลยเลย
chap-08-explog-q201,chap-08-explog,fill,'−1',−1,ไม่เจอเลย,34,🔴 คำตอบไม่ปรากฏในเฉลยเลย
chap-08-explog-q202,chap-08-explog,mc,3,"$\log 2 = 7a - 2b + 3c$ , $\log 3 = 11a - 3b + 5c$ , $\log 5 = 16a - 4b + 7c$",ไม่เจอเลย,25,🔴 คำตอบไม่ปรากฏในเฉลยเลย
chap-08-explog-q203,chap-08-explog,fill,"'(−1, 4) และ (−1, 4/3)'","(−1, 4) และ (−1, 4/3)",ไม่เจอเลย,28,🔴 คำตอบไม่ปรากฏในเฉลยเลย
chap-08-explog-q204,chap-08-explog,mc,3,$x^3 + y^3 = a^3 + 3a$,เจอแต่ไม่อยู่ท้าย,26,🟡 อาจเป็นการเอ่ยกลางทาง ⛔ ไม่ใช่ผลสรุป
chap-08-explog-q206,chap-08-explog,fill,"'(1, 1) และ (3^(−1/3), 3^(2/3))'","(1, 1) และ (3^(−1/3), 3^(2/3))",ไม่เจอเลย,31,🔴 คำตอบไม่ปรากฏในเฉลยเลย
chap-08-explog-q208,chap-08-explog,fill,"'(−∞, −1) ∪ [1/2, 1)'","(−∞, −1) ∪ [1/2, 1)",ไม่เจอเลย,30,🔴 คำตอบไม่ปรากฏในเฉลยเลย
chap-08-explog-q209,chap-08-explog,mc,1,กราฟของ $y = 3^{x+1} - 2^x$ ตัดแกน $x$ ที่จุด $\left(\dfrac{\ln 3}{\ln\frac{3}{2,ไม่เจอเลย,24,🔴 คำตอบไม่ปรากฏในเฉลยเลย
chap-08-explog-q210,chap-08-explog,mc,2,"$f = \{ (n, t) \mid t = 100n + 5 \}$ ดีกว่า $f = \{ (n, t) \mid t = n^2 \}$",ไม่เจอเลย,23,🔴 คำตอบไม่ปรากฏในเฉลยเลย
chap-08-explog-q211,chap-08-explog,mc,3,กราฟที่ 4,เจอแต่ไม่อยู่ท้าย,22,🟡 อาจเป็นการเอ่ยกลางทาง ⛔ ไม่ใช่ผลสรุป
chap-08-explog-q212,chap-08-explog,mc,1,กราฟที่ 2,เจอแต่ไม่อยู่ท้าย,21,🟡 อาจเป็นการเอ่ยกลางทาง ⛔ ไม่ใช่ผลสรุป
chap-09-vector-q01,chap-09-vector,mc,4,ไม่มีคำตอบที่ถูกต้องในข้อ 1. ถึงข้อ 4.,ไม่เจอเลย,22,🔴 คำตอบไม่ปรากฏในเฉลยเลย
chap-09-vector-q02,chap-09-vector,mc,0,"$(7, 11)$",เจอแต่ไม่อยู่ท้าย,23,🟡 อาจเป็นการเอ่ยกลางทาง ⛔ ไม่ใช่ผลสรุป
chap-09-vector-q03,chap-09-vector,mc,1,$3\overline{i} - 4\overline{j}$,เจอแต่ไม่อยู่ท้าย,36,🟡 อาจเป็นการเอ่ยกลางทาง ⛔ ไม่ใช่ผลสรุป
chap-09-vector-q04,chap-09-vector,mc,2,$\dfrac{3}{2}\overline{v} = \overline{v} - \overline{u}$,เจอแต่ไม่อยู่ท้าย,30,🟡 อาจเป็นการเอ่ยกลางทาง ⛔ ไม่ใช่ผลสรุป
chap-09-vector-q05,chap-09-vector,mc,2,$\dfrac{3}{\sqrt{13}}\overline{i} + \dfrac{2}{\sqrt{13}}\overline{j}$,เจอแต่ไม่อยู่ท้าย,32,🟡 อาจเป็นการเอ่ยกลางทาง ⛔ ไม่ใช่ผลสรุป
chap-09-vector-q06,chap-09-vector,mc,2,"$-4\sqrt{2}\,\overline{i} + 4\sqrt{2}\,\overline{j}$",เจอแต่ไม่อยู่ท้าย,27,🟡 อาจเป็นการเอ่ยกลางทาง ⛔ ไม่ใช่ผลสรุป
chap-09-vector-q08,chap-09-vector,mc,1,$3\overline{i} + 3\overline{j}$,เจอแต่ไม่อยู่ท้าย,26,🟡 อาจเป็นการเอ่ยกลางทาง ⛔ ไม่ใช่ผลสรุป
chap-09-vector-q09,chap-09-vector,mc,0,$4\overline{j}$,เจอแต่ไม่อยู่ท้าย,27,🟡 อาจเป็นการเอ่ยกลางทาง ⛔ ไม่ใช่ผลสรุป
chap-09-vector-q10,chap-09-vector,mc,2,$3$,เจอแต่ไม่อยู่ท้าย,34,🟡 อาจเป็นการเอ่ยกลางทาง ⛔ ไม่ใช่ผลสรุป
chap-09-vector-q11,chap-09-vector,mc,2,$\pm\dfrac{1}{\sqrt{10}}(3\overline{i} + \overline{j})$,เจอแต่ไม่อยู่ท้าย,25,🟡 อาจเป็นการเอ่ยกลางทาง ⛔ ไม่ใช่ผลสรุป
chap-09-vector-q12,chap-09-vector,mc,3,$-\dfrac{1}{10}(\overline{u} + 5\overline{v})$,เจอแต่ไม่อยู่ท้าย,35,🟡 อาจเป็นการเอ่ยกลางทาง ⛔ ไม่ใช่ผลสรุป
chap-09-vector-q13,chap-09-vector,mc,3,$5$,เจอแต่ไม่อยู่ท้าย,36,🟡 อาจเป็นการเอ่ยกลางทาง ⛔ ไม่ใช่ผลสรุป
chap-09-vector-q14,chap-09-vector,mc,3,$\dfrac{4}{3}\overline{u} - \dfrac{2}{3}\overline{v}$,เจอแต่ไม่อยู่ท้าย,35,🟡 อาจเป็นการเอ่ยกลางทาง ⛔ ไม่ใช่ผลสรุป
chap-09-vector-q15,chap-09-vector,mc,2,$9$,เจอแต่ไม่อยู่ท้าย,25,🟡 อาจเป็นการเอ่ยกลางทาง ⛔ ไม่ใช่ผลสรุป
chap-09-vector-q17,chap-09-vector,mc,0,$\sqrt{2}$,เจอแต่ไม่อยู่ท้าย,23,🟡 อาจเป็นการเอ่ยกลางทาง ⛔ ไม่ใช่ผลสรุป
chap-09-vector-q18,chap-09-vector,mc,0,$-\dfrac{2}{5}(4\overline{i} + 3\overline{j})$,เจอแต่ไม่อยู่ท้าย,30,🟡 อาจเป็นการเอ่ยกลางทาง ⛔ ไม่ใช่ผลสรุป
chap-09-vector-q21,chap-09-vector,mc,3,$0.4$,เจอแต่ไม่อยู่ท้าย,27,🟡 อาจเป็นการเอ่ยกลางทาง ⛔ ไม่ใช่ผลสรุป
chap-09-vector-q22,chap-09-vector,mc,1,$14$,เจอแต่ไม่อยู่ท้าย,26,🟡 อาจเป็นการเอ่ยกลางทาง ⛔ ไม่ใช่ผลสรุป
chap-09-vector-q23,chap-09-vector,fill,'2.5',2.5,เจอแต่ไม่อยู่ท้าย,24,🟡 อาจเป็นการเอ่ยกลางทาง ⛔ ไม่ใช่ผลสรุป
chap-09-vector-q24,chap-09-vector,mc,3,เวกเตอร์หนึ่งหน่วยที่มีทิศทางเดียวกันกับ $\begin{bmatrix} 6 \\ 8 \end{bmatrix}$ ,ไม่เจอเลย,28,🔴 คำตอบไม่ปรากฏในเฉลยเลย
chap-09-vector-q25,chap-09-vector,mc,2,$\begin{bmatrix} 1 \\ 0 \end{bmatrix} + \begin{bmatrix} 0 \\ 1 \end{bmatrix}$ เป,ไม่เจอเลย,28,🔴 คำตอบไม่ปรากฏในเฉลยเลย
chap-09-vector-q26,chap-09-vector,mc,1,"ให้ $\overline{u} = 2\overline{i} + a\overline{j} ,\ \overline{v} = \overline{i}",ไม่เจอเลย,39,🔴 คำตอบไม่ปรากฏในเฉลยเลย
chap-09-vector-q27,chap-09-vector,mc,4,"ถ้า $\overline{u} ,\ \overline{v}$ และ $\overline{w}$ เป็นเวกเตอร์ใดๆ ในระนาบ
เร",ไม่เจอเลย,32,🔴 คำตอบไม่ปรากฏในเฉลยเลย
chap-09-vector-q28,chap-09-vector,mc,1,ถ้า $\overline{u} = a\overline{i} - b\overline{j}$ และ $\overline{v} = -a\overli,ไม่เจอเลย,27,🔴 คำตอบไม่ปรากฏในเฉลยเลย
chap-09-vector-q29,chap-09-vector,mc,3,ถ้า $\overline{u} \ne \overline{0}$ และ $\overline{u} \cdot \overline{v} = \over,ไม่เจอเลย,29,🔴 คำตอบไม่ปรากฏในเฉลยเลย
chap-09-vector-q30,chap-09-vector,mc,1,"ถ้า $\overline{i} = (1, 0) ,\ \overline{j} = (0, 1)$
เวกเตอร์ $(a, b)$ แต่ละเวกเ",ไม่เจอเลย,28,🔴 คำตอบไม่ปรากฏในเฉลยเลย
chap-09-vector-q31,chap-09-vector,mc,3,$\overrightarrow{AB} \cdot \overrightarrow{BC} = \dfrac{25\sqrt{3}}{4}$,ไม่เจอเลย,38,🔴 คำตอบไม่ปรากฏในเฉลยเลย
chap-09-vector-q32,chap-09-vector,mc,1,$0.25$,เจอแต่ไม่อยู่ท้าย,29,🟡 อาจเป็นการเอ่ยกลางทาง ⛔ ไม่ใช่ผลสรุป
chap-09-vector-q33,chap-09-vector,mc,0,ก. ถูก และ ข. ถูก,เจอแต่ไม่อยู่ท้าย,22,🟡 อาจเป็นการเอ่ยกลางทาง ⛔ ไม่ใช่ผลสรุป
chap-09-vector-q34,chap-09-vector,mc,1,ก. ถูก และ ข. ผิด,เจอแต่ไม่อยู่ท้าย,23,🟡 อาจเป็นการเอ่ยกลางทาง ⛔ ไม่ใช่ผลสรุป
chap-09-vector-q35,chap-09-vector,mc,1,ก. ถูก และ ข. ผิด,เจอแต่ไม่อยู่ท้าย,21,🟡 อาจเป็นการเอ่ยกลางทาง ⛔ ไม่ใช่ผลสรุป
chap-09-vector-q36,chap-09-vector,mc,1,$\sqrt{14}$,เจอแต่ไม่อยู่ท้าย,31,🟡 อาจเป็นการเอ่ยกลางทาง ⛔ ไม่ใช่ผลสรุป
chap-09-vector-q37,chap-09-vector,mc,3,$\sqrt{39}$,เจอแต่ไม่อยู่ท้าย,24,🟡 อาจเป็นการเอ่ยกลางทาง ⛔ ไม่ใช่ผลสรุป
chap-09-vector-q38,chap-09-vector,fill,'7',7,เจอแต่ไม่อยู่ท้าย,19,🟡 อาจเป็นการเอ่ยกลางทาง ⛔ ไม่ใช่ผลสรุป
chap-09-vector-q39,chap-09-vector,mc,1,$6$,เจอแต่ไม่อยู่ท้าย,19,🟡 อาจเป็นการเอ่ยกลางทาง ⛔ ไม่ใช่ผลสรุป
chap-09-vector-q40,chap-09-vector,mc,1,$7$,เจอแต่ไม่อยู่ท้าย,26,🟡 อาจเป็นการเอ่ยกลางทาง ⛔ ไม่ใช่ผลสรุป
chap-09-vector-q41,chap-09-vector,mc,1,"$\left(\dfrac{\pi}{6}, \dfrac{\pi}{4}\right)$",เจอแต่ไม่อยู่ท้าย,27,🟡 อาจเป็นการเอ่ยกลางทาง ⛔ ไม่ใช่ผลสรุป
chap-09-vector-q42,chap-09-vector,mc,2,$\dfrac{4\pi}{5}$,เจอแต่ไม่อยู่ท้าย,24,🟡 อาจเป็นการเอ่ยกลางทาง ⛔ ไม่ใช่ผลสรุป
chap-09-vector-q43,chap-09-vector,mc,2,$\dfrac{\pi}{2} - \arcsin\left(\dfrac{1}{2}\right)$,เจอแต่ไม่อยู่ท้าย,33,🟡 อาจเป็นการเอ่ยกลางทาง ⛔ ไม่ใช่ผลสรุป
chap-09-vector-q45,chap-09-vector,mc,1,$\overrightarrow{OC} \cdot \overrightarrow{AB} = \dfrac{49}{2}$,เจอแต่ไม่อยู่ท้าย,42,🟡 อาจเป็นการเอ่ยกลางทาง ⛔ ไม่ใช่ผลสรุป
chap-09-vector-q46,chap-09-vector,fill,'2',2,เจอแต่ไม่อยู่ท้าย,39,🟡 อาจเป็นการเอ่ยกลางทาง ⛔ ไม่ใช่ผลสรุป
chap-09-vector-q47,chap-09-vector,mc,0,เวกเตอร์ $2\overline{u} + \overline{v}$ ทำมุม $30°$ กับเวกเตอร์ $\overline{u} + ,ไม่เจอเลย,26,🔴 คำตอบไม่ปรากฏในเฉลยเลย
chap-09-vector-q48,chap-09-vector,mc,3,ด้าน $AB$ ทำมุม $\cos^{-1}\left(\dfrac{2\sqrt{13}}{13}\right)$ กับแกน $y$,ไม่เจอเลย,41,🔴 คำตอบไม่ปรากฏในเฉลยเลย
chap-09-vector-q49,chap-09-vector,mc,0,$0° < \hat{A} \le 30°$,ไม่เจอเลย,33,🔴 คำตอบไม่ปรากฏในเฉลยเลย
chap-09-vector-q50,chap-09-vector,mc,0,$\arcsin\dfrac{1}{\sqrt{5}}$,เจอแต่ไม่อยู่ท้าย,36,🟡 อาจเป็นการเอ่ยกลางทาง ⛔ ไม่ใช่ผลสรุป
chap-09-vector-q51,chap-09-vector,mc,0,$\dfrac{1}{\sqrt{5}}$,เจอแต่ไม่อยู่ท้าย,20,🟡 อาจเป็นการเอ่ยกลางทาง ⛔ ไม่ใช่ผลสรุป
chap-09-vector-q52,chap-09-vector,fill,'45',45,เจอแต่ไม่อยู่ท้าย,23,🟡 อาจเป็นการเอ่ยกลางทาง ⛔ ไม่ใช่ผลสรุป
chap-09-vector-q54,chap-09-vector,mc,0,$\dfrac{-1}{\sqrt{10}}$,เจอแต่ไม่อยู่ท้าย,27,🟡 อาจเป็นการเอ่ยกลางทาง ⛔ ไม่ใช่ผลสรุป
chap-09-vector-q55,chap-09-vector,mc,3,$\dfrac{\sqrt{5}}{2\sqrt{2}}$,เจอแต่ไม่อยู่ท้าย,39,🟡 อาจเป็นการเอ่ยกลางทาง ⛔ ไม่ใช่ผลสรุป
chap-09-vector-q56,chap-09-vector,fill,'0.8',0.8,เจอแต่ไม่อยู่ท้าย,23,🟡 อาจเป็นการเอ่ยกลางทาง ⛔ ไม่ใช่ผลสรุป
chap-09-vector-q57,chap-09-vector,mc,0,$1 - \dfrac{1}{2}\left[\dfrac{\overline{u}}{|\overline{u}|} - \dfrac{\overline{v,เจอแต่ไม่อยู่ท้าย,22,🟡 อาจเป็นการเอ่ยกลางทาง ⛔ ไม่ใช่ผลสรุป
chap-09-vector-q58,chap-09-vector,mc,3,$\left(\dfrac{\sqrt{50} - 1}{2\sqrt{50}}\right)^{\frac{1}{2}}$,เจอแต่ไม่อยู่ท้าย,24,🟡 อาจเป็นการเอ่ยกลางทาง ⛔ ไม่ใช่ผลสรุป
chap-09-vector-q59,chap-09-vector,mc,0,$\cos\theta = \dfrac{11}{5\sqrt{5}}$,เจอแต่ไม่อยู่ท้าย,22,🟡 อาจเป็นการเอ่ยกลางทาง ⛔ ไม่ใช่ผลสรุป
chap-09-vector-q60,chap-09-vector,mc,2,$2\overrightarrow{PC} = (\overrightarrow{PA} + \overrightarrow{PB})$,เจอแต่ไม่อยู่ท้าย,32,🟡 อาจเป็นการเอ่ยกลางทาง ⛔ ไม่ใช่ผลสรุป
chap-09-vector-q61,chap-09-vector,mc,2,$\dfrac{13}{5}$,เจอแต่ไม่อยู่ท้าย,23,🟡 อาจเป็นการเอ่ยกลางทาง ⛔ ไม่ใช่ผลสรุป
chap-09-vector-q62,chap-09-vector,mc,0,$\dfrac{113}{9}$,เจอแต่ไม่อยู่ท้าย,24,🟡 อาจเป็นการเอ่ยกลางทาง ⛔ ไม่ใช่ผลสรุป
chap-09-vector-q63,chap-09-vector,fill,'35',35,เจอแต่ไม่อยู่ท้าย,36,🟡 อาจเป็นการเอ่ยกลางทาง ⛔ ไม่ใช่ผลสรุป
chap-09-vector-q64,chap-09-vector,mc,0,$\dfrac{-2}{\sqrt{5}}$,เจอแต่ไม่อยู่ท้าย,24,🟡 อาจเป็นการเอ่ยกลางทาง ⛔ ไม่ใช่ผลสรุป
chap-09-vector-q65,chap-09-vector,mc,1,$\dfrac{-1}{\sqrt{10}}$,เจอแต่ไม่อยู่ท้าย,22,🟡 อาจเป็นการเอ่ยกลางทาง ⛔ ไม่ใช่ผลสรุป
chap-09-vector-q66,chap-09-vector,mc,2,ก. ผิด และ ข. ถูก,เจอแต่ไม่อยู่ท้าย,39,🟡 อาจเป็นการเอ่ยกลางทาง ⛔ ไม่ใช่ผลสรุป
chap-09-vector-q67,chap-09-vector,mc,1,$\dfrac{-6}{\sqrt{2}}$,เจอแต่ไม่อยู่ท้าย,29,🟡 อาจเป็นการเอ่ยกลางทาง ⛔ ไม่ใช่ผลสรุป
chap-09-vector-q68,chap-09-vector,mc,3,$\dfrac{11}{27}$,เจอแต่ไม่อยู่ท้าย,24,🟡 อาจเป็นการเอ่ยกลางทาง ⛔ ไม่ใช่ผลสรุป
chap-09-vector-q69,chap-09-vector,mc,1,$\dfrac{7}{29}(5\overline{i} - 2\overline{j})$,เจอแต่ไม่อยู่ท้าย,22,🟡 อาจเป็นการเอ่ยกลางทาง ⛔ ไม่ใช่ผลสรุป
chap-09-vector-q70,chap-09-vector,mc,2,$\dfrac{16}{25}(3\overline{i} - 4\overline{j})$,เจอแต่ไม่อยู่ท้าย,31,🟡 อาจเป็นการเอ่ยกลางทาง ⛔ ไม่ใช่ผลสรุป
chap-09-vector-q71,chap-09-vector,mc,3,$\dfrac{77}{34}$,เจอแต่ไม่อยู่ท้าย,25,🟡 อาจเป็นการเอ่ยกลางทาง ⛔ ไม่ใช่ผลสรุป
chap-09-vector-q72,chap-09-vector,mc,0,$(\overline{u} \cdot \overline{v})\left(\dfrac{\overline{u}}{|\overline{u}|^2} -,เจอแต่ไม่อยู่ท้าย,22,🟡 อาจเป็นการเอ่ยกลางทาง ⛔ ไม่ใช่ผลสรุป
chap-09-vector-q73,chap-09-vector,mc,0,$\dfrac{1}{2}\sqrt{(\overline{v} \cdot \overline{v})(\overline{w} \cdot \overlin,เจอแต่ไม่อยู่ท้าย,34,🟡 อาจเป็นการเอ่ยกลางทาง ⛔ ไม่ใช่ผลสรุป
chap-09-vector-q74,chap-09-vector,mc,2,ให้ $\overline{u} = \overline{i} + \dfrac{1}{\sqrt{3}}\overline{j}$ และ $\overli,ไม่เจอเลย,30,🔴 คำตอบไม่ปรากฏในเฉลยเลย
chap-09-vector-q75,chap-09-vector,mc,2,$5$ ตารางหน่วย,เจอแต่ไม่อยู่ท้าย,33,🟡 อาจเป็นการเอ่ยกลางทาง ⛔ ไม่ใช่ผลสรุป
chap-09-vector-q76,chap-09-vector,mc,1,$-\dfrac{\sqrt{13}}{2}$,เจอแต่ไม่อยู่ท้าย,32,🟡 อาจเป็นการเอ่ยกลางทาง ⛔ ไม่ใช่ผลสรุป
chap-09-vector-q77,chap-09-vector,mc,1,ก. ถูก และ ข. ผิด,เจอแต่ไม่อยู่ท้าย,28,🟡 อาจเป็นการเอ่ยกลางทาง ⛔ ไม่ใช่ผลสรุป
chap-09-vector-q78,chap-09-vector,mc,2,"$(1.4, 1.6)$",เจอแต่ไม่อยู่ท้าย,33,🟡 อาจเป็นการเอ่ยกลางทาง ⛔ ไม่ใช่ผลสรุป
chap-09-vector-q79,chap-09-vector,fill,'13',13,เจอแต่ไม่อยู่ท้าย,26,🟡 อาจเป็นการเอ่ยกลางทาง ⛔ ไม่ใช่ผลสรุป
chap-09-vector-q80,chap-09-vector,fill,'ไปถึงได้',ไปถึงได้,เจอแต่ไม่อยู่ท้าย,23,🟡 อาจเป็นการเอ่ยกลางทาง ⛔ ไม่ใช่ผลสรุป
chap-09-vector-q81,chap-09-vector,mc,3,$30$ หน่วย,เจอแต่ไม่อยู่ท้าย,28,🟡 อาจเป็นการเอ่ยกลางทาง ⛔ ไม่ใช่ผลสรุป
chap-09-vector-q82,chap-09-vector,mc,3,$(2\sqrt{3})\overline{i} + 14\overline{j}$,เจอแต่ไม่อยู่ท้าย,24,🟡 อาจเป็นการเอ่ยกลางทาง ⛔ ไม่ใช่ผลสรุป
chap-09-vector-q83,chap-09-vector,mc,1,$75°$,เจอแต่ไม่อยู่ท้าย,35,🟡 อาจเป็นการเอ่ยกลางทาง ⛔ ไม่ใช่ผลสรุป
chap-09-vector-q84,chap-09-vector,mc,3,"$\overline{A} = \dfrac{5}{2}(\overline{i} + \overline{j}) ,\ \overline{B} = -\df",ไม่เจอเลย,38,🔴 คำตอบไม่ปรากฏในเฉลยเลย
chap-09-vector-q85,chap-09-vector,mc,3,$12\sqrt{5}$ หน่วย,เจอแต่ไม่อยู่ท้าย,25,🟡 อาจเป็นการเอ่ยกลางทาง ⛔ ไม่ใช่ผลสรุป
chap-09-vector-q86,chap-09-vector,fill,'ū = −3v̄ : ขนานกัน ทิศตรงกันข้าม และ |ū| = 3|v̄|',ū = −3v̄ : ขนานกัน ทิศตรงกันข้าม และ |ū| = 3|v̄|,ไม่เจอเลย,23,🔴 คำตอบไม่ปรากฏในเฉลยเลย
chap-09-vector-q88,chap-09-vector,fill,'120',120,เจอแต่ไม่อยู่ท้าย,21,🟡 อาจเป็นการเอ่ยกลางทาง ⛔ ไม่ใช่ผลสรุป
chap-09-vector-q89,chap-09-vector,mc,1,$\arccos\dfrac{2}{\sqrt{7}}$,เจอแต่ไม่อยู่ท้าย,38,🟡 อาจเป็นการเอ่ยกลางทาง ⛔ ไม่ใช่ผลสรุป
chap-09-vector-q90,chap-09-vector,mc,0,$\dfrac{\sqrt{3}}{2}$,เจอแต่ไม่อยู่ท้าย,22,🟡 อาจเป็นการเอ่ยกลางทาง ⛔ ไม่ใช่ผลสรุป
chap-09-vector-q91,chap-09-vector,fill,'(4/5)ī − (3/5)j̄',(4/5)ī − (3/5)j̄,ไม่เจอเลย,21,🔴 คำตอบไม่ปรากฏในเฉลยเลย
chap-09-vector-q92,chap-09-vector,fill,'±((4/5)ī + (3/5)j̄)',±((4/5)ī + (3/5)j̄),ไม่เจอเลย,22,🔴 คำตอบไม่ปรากฏในเฉลยเลย
chap-09-vector-q93,chap-09-vector,mc,2,$-9.6$,เจอแต่ไม่อยู่ท้าย,21,🟡 อาจเป็นการเอ่ยกลางทาง ⛔ ไม่ใช่ผลสรุป
chap-09-vector-q94,chap-09-vector,fill,'(3/√2)ī + (3/√2)j̄',(3/√2)ī + (3/√2)j̄,ไม่เจอเลย,24,🔴 คำตอบไม่ปรากฏในเฉลยเลย
chap-09-vector-q95,chap-09-vector,fill,'±((8√10/5)ī − (6√10/5)j̄)',±((8√10/5)ī − (6√10/5)j̄),ไม่เจอเลย,30,🔴 คำตอบไม่ปรากฏในเฉลยเลย
chap-09-vector-q96,chap-09-vector,fill,'10/3',10/3,ไม่เจอเลย,29,🔴 คำตอบไม่ปรากฏในเฉลยเลย
chap-09-vector-q97,chap-09-vector,mc,1,$\dfrac{1}{4}$,เจอแต่ไม่อยู่ท้าย,38,🟡 อาจเป็นการเอ่ยกลางทาง ⛔ ไม่ใช่ผลสรุป
chap-09-vector-q98,chap-09-vector,fill,'5/8',5/8,ไม่เจอเลย,28,🔴 คำตอบไม่ปรากฏในเฉลยเลย
chap-09-vector-q99,chap-09-vector,mc,2,ข้อ ข. เท่านั้นเป็นจริง,เจอแต่ไม่อยู่ท้าย,30,🟡 อาจเป็นการเอ่ยกลางทาง ⛔ ไม่ใช่ผลสรุป
chap-09-vector-q100,chap-09-vector,mc,2,"$\dfrac{m^2}{n^2}\,\overrightarrow{BP} \cdot \overrightarrow{BC}$",เจอแต่ไม่อยู่ท้าย,26,🟡 อาจเป็นการเอ่ยกลางทาง ⛔ ไม่ใช่ผลสรุป
chap-09-vector-q102,chap-09-vector,mc,2,$\overline{a} \cdot \overline{b} = |\overline{b}|$,ไม่เจอเลย,26,🔴 คำตอบไม่ปรากฏในเฉลยเลย
chap-09-vector-q103,chap-09-vector,mc,3,ข้อ ก. และ ค. เท่านั้นเป็นจริง,เจอแต่ไม่อยู่ท้าย,37,🟡 อาจเป็นการเอ่ยกลางทาง ⛔ ไม่ใช่ผลสรุป
chap-09-vector-q104,chap-09-vector,mc,1,$|\overline{u} + \overline{v}| = 34$,ไม่เจอเลย,25,🔴 คำตอบไม่ปรากฏในเฉลยเลย
chap-09-vector-q106,chap-09-vector,fill,'47/√2938',47/√2938,ไม่เจอเลย,21,🔴 คำตอบไม่ปรากฏในเฉลยเลย
chap-09-vector-q107,chap-09-vector,mc,0,$\arccos\left(\dfrac{-7}{5\sqrt{29}}\right)$,เจอแต่ไม่อยู่ท้าย,34,🟡 อาจเป็นการเอ่ยกลางทาง ⛔ ไม่ใช่ผลสรุป
chap-09-vector-q108,chap-09-vector,mc,0,$\cos^{-1}\dfrac{24}{25}$,เจอแต่ไม่อยู่ท้าย,21,🟡 อาจเป็นการเอ่ยกลางทาง ⛔ ไม่ใช่ผลสรุป
chap-09-vector-q109,chap-09-vector,fill,'0.2',0.2,เจอแต่ไม่อยู่ท้าย,26,🟡 อาจเป็นการเอ่ยกลางทาง ⛔ ไม่ใช่ผลสรุป
chap-09-vector-q111,chap-09-vector,fill,'2.5',2.5,เจอแต่ไม่อยู่ท้าย,18,🟡 อาจเป็นการเอ่ยกลางทาง ⛔ ไม่ใช่ผลสรุป
chap-09-vector-q112,chap-09-vector,fill,'a = (−8 + 5√3)/11',a = (−8 + 5√3)/11,ไม่เจอเลย,29,🔴 คำตอบไม่ปรากฏในเฉลยเลย
chap-09-vector-q113,chap-09-vector,fill,'1',1,เจอแต่ไม่อยู่ท้าย,28,🟡 อาจเป็นการเอ่ยกลางทาง ⛔ ไม่ใช่ผลสรุป
chap-09-vector-q114,chap-09-vector,mc,0,$\sqrt{3}$,เจอแต่ไม่อยู่ท้าย,22,🟡 อาจเป็นการเอ่ยกลางทาง ⛔ ไม่ใช่ผลสรุป
chap-09-vector-q116,chap-09-vector,fill,"'(a,b) = (5, 0) หรือ (−5/2, 5√3/2)'","(a,b) = (5, 0) หรือ (−5/2, 5√3/2)",ไม่เจอเลย,30,🔴 คำตอบไม่ปรากฏในเฉลยเลย
chap-09-vector-q119,chap-09-vector,mc,2,$\dfrac{40}{145}(12\overline{i} + \overline{j})$,เจอแต่ไม่อยู่ท้าย,19,🟡 อาจเป็นการเอ่ยกลางทาง ⛔ ไม่ใช่ผลสรุป
chap-09-vector-q121,chap-09-vector,mc,3,$-13$,เจอแต่ไม่อยู่ท้าย,20,🟡 อาจเป็นการเอ่ยกลางทาง ⛔ ไม่ใช่ผลสรุป
chap-09-vector-q122,chap-09-vector,mc,2,$-22$,เจอแต่ไม่อยู่ท้าย,23,🟡 อาจเป็นการเอ่ยกลางทาง ⛔ ไม่ใช่ผลสรุป
chap-09-vector-q123,chap-09-vector,mc,2,$25$ ตร.ม.,เจอแต่ไม่อยู่ท้าย,30,🟡 อาจเป็นการเอ่ยกลางทาง ⛔ ไม่ใช่ผลสรุป
chap-09-vector-q125,chap-09-vector,fill,'−2√6/9',−2√6/9,ไม่เจอเลย,28,🔴 คำตอบไม่ปรากฏในเฉลยเลย
chap-09-vector-q126,chap-09-vector,mc,2,$\sqrt{30}$ หน่วย,เจอแต่ไม่อยู่ท้าย,27,🟡 อาจเป็นการเอ่ยกลางทาง ⛔ ไม่ใช่ผลสรุป
chap-09-vector-q127,chap-09-vector,mc,0,ข้อ ก. และ ข. เป็นจริง,เจอแต่ไม่อยู่ท้าย,26,🟡 อาจเป็นการเอ่ยกลางทาง ⛔ ไม่ใช่ผลสรุป
chap-10-complex-q02,chap-10-complex,mc,3,"$\forall z\,[\,z^3 - z = 0\,]$",เจอแต่ไม่อยู่ท้าย,36,🟡 อาจเป็นการเอ่ยกลางทาง ⛔ ไม่ใช่ผลสรุป
chap-10-complex-q03,chap-10-complex,mc,3,$-1-i$,เจอแต่ไม่อยู่ท้าย,37,🟡 อาจเป็นการเอ่ยกลางทาง ⛔ ไม่ใช่ผลสรุป
chap-10-complex-q04,chap-10-complex,mc,1,$\dfrac{22}{13}$,เจอแต่ไม่อยู่ท้าย,31,🟡 อาจเป็นการเอ่ยกลางทาง ⛔ ไม่ใช่ผลสรุป
chap-10-complex-q05,chap-10-complex,mc,4,ไม่มีคำตอบที่ถูกต้องในข้อ 1. ถึงข้อ 4.,เจอแต่ไม่อยู่ท้าย,31,🟡 อาจเป็นการเอ่ยกลางทาง ⛔ ไม่ใช่ผลสรุป
chap-10-complex-q06,chap-10-complex,mc,3,"$(3, -1)$",เจอแต่ไม่อยู่ท้าย,31,🟡 อาจเป็นการเอ่ยกลางทาง ⛔ ไม่ใช่ผลสรุป
chap-10-complex-q07,chap-10-complex,mc,0,$-\dfrac{4}{17} + \dfrac{1}{17}i$,เจอแต่ไม่อยู่ท้าย,34,🟡 อาจเป็นการเอ่ยกลางทาง ⛔ ไม่ใช่ผลสรุป
chap-10-complex-q08,chap-10-complex,mc,0,$-64$,เจอแต่ไม่อยู่ท้าย,31,🟡 อาจเป็นการเอ่ยกลางทาง ⛔ ไม่ใช่ผลสรุป
chap-10-complex-q09,chap-10-complex,mc,3,$-\dfrac{4}{25}(7+i)$,เจอแต่ไม่อยู่ท้าย,32,🟡 อาจเป็นการเอ่ยกลางทาง ⛔ ไม่ใช่ผลสรุป
chap-10-complex-q10,chap-10-complex,mc,3,"$\{1,\ \cos 1 + i\sin 1,\ \cos 1 - i\sin 1\}$",เจอแต่ไม่อยู่ท้าย,39,🟡 อาจเป็นการเอ่ยกลางทาง ⛔ ไม่ใช่ผลสรุป
chap-10-complex-q12,chap-10-complex,mc,3,$\dfrac{1}{2}$,เจอแต่ไม่อยู่ท้าย,39,🟡 อาจเป็นการเอ่ยกลางทาง ⛔ ไม่ใช่ผลสรุป
chap-10-complex-q13,chap-10-complex,mc,1,$\dfrac{1}{2}(z_2 + \bar{z_2})^2$,เจอแต่ไม่อยู่ท้าย,37,🟡 อาจเป็นการเอ่ยกลางทาง ⛔ ไม่ใช่ผลสรุป
chap-10-complex-q14,chap-10-complex,mc,2,ควอดรันต์ที่ 3,เจอแต่ไม่อยู่ท้าย,35,🟡 อาจเป็นการเอ่ยกลางทาง ⛔ ไม่ใช่ผลสรุป
chap-10-complex-q15,chap-10-complex,fill,128,128,เจอแต่ไม่อยู่ท้าย,35,🟡 อาจเป็นการเอ่ยกลางทาง ⛔ ไม่ใช่ผลสรุป
chap-10-complex-q16,chap-10-complex,mc,2,$\dfrac{1}{2}$,เจอแต่ไม่อยู่ท้าย,33,🟡 อาจเป็นการเอ่ยกลางทาง ⛔ ไม่ใช่ผลสรุป
chap-10-complex-q17,chap-10-complex,mc,0,"$\dfrac{-1+\sqrt{3}\,i}{2}$",เจอแต่ไม่อยู่ท้าย,33,🟡 อาจเป็นการเอ่ยกลางทาง ⛔ ไม่ใช่ผลสรุป
chap-10-complex-q19,chap-10-complex,mc,3,"$-\sqrt{3}\,i$",เจอแต่ไม่อยู่ท้าย,34,🟡 อาจเป็นการเอ่ยกลางทาง ⛔ ไม่ใช่ผลสรุป
chap-10-complex-q21,chap-10-complex,mc,1,ก. ถูก แต่ ข. ผิด,เจอแต่ไม่อยู่ท้าย,34,🟡 อาจเป็นการเอ่ยกลางทาง ⛔ ไม่ใช่ผลสรุป
chap-10-complex-q22,chap-10-complex,mc,1,จำนวนเชิงซ้อน $z$ ที่ทำให้ $\bar{z} = z^2$ มีอยู่เพียงสองตัวเท่านั้น คือ $z = (0,ไม่เจอเลย,24,🔴 คำตอบไม่ปรากฏในเฉลยเลย
chap-10-complex-q23,chap-10-complex,mc,0,"$(-1, 0),\ \left(\dfrac12, \dfrac{\sqrt3}{2}\right),\ \left(\dfrac12, -\dfrac{\s",ไม่เจอเลย,31,🔴 คำตอบไม่ปรากฏในเฉลยเลย
chap-10-complex-q24,chap-10-complex,mc,0,"$\dfrac{1+i}{\sqrt2},\ -\dfrac{1+i}{\sqrt2}$",ไม่เจอเลย,34,🔴 คำตอบไม่ปรากฏในเฉลยเลย
chap-10-complex-q25,chap-10-complex,mc,3,"มี 6 ราก คือ $\sqrt3 \pm i$, $-\sqrt3 \pm i$ และ $\pm 2i$",เจอแต่ไม่อยู่ท้าย,30,🟡 อาจเป็นการเอ่ยกลางทาง ⛔ ไม่ใช่ผลสรุป
chap-10-complex-q26,chap-10-complex,mc,2,"$4 + \sqrt3\,i$",เจอแต่ไม่อยู่ท้าย,30,🟡 อาจเป็นการเอ่ยกลางทาง ⛔ ไม่ใช่ผลสรุป
chap-10-complex-q27,chap-10-complex,mc,0,$-2i$,เจอแต่ไม่อยู่ท้าย,35,🟡 อาจเป็นการเอ่ยกลางทาง ⛔ ไม่ใช่ผลสรุป
chap-10-complex-q28,chap-10-complex,mc,3,$3\sqrt3 + i$,เจอแต่ไม่อยู่ท้าย,36,🟡 อาจเป็นการเอ่ยกลางทาง ⛔ ไม่ใช่ผลสรุป
chap-10-complex-q29,chap-10-complex,mc,3,"$2\sqrt2(-1 + \sqrt3\,i),\ 2\sqrt2(1 - \sqrt3\,i)$",เจอแต่ไม่อยู่ท้าย,33,🟡 อาจเป็นการเอ่ยกลางทาง ⛔ ไม่ใช่ผลสรุป
chap-10-complex-q30,chap-10-complex,mc,0,$-1$,เจอแต่ไม่อยู่ท้าย,23,🟡 อาจเป็นการเอ่ยกลางทาง ⛔ ไม่ใช่ผลสรุป
chap-10-complex-q32,chap-10-complex,mc,3,ข้อ ก. และข้อ ค. เท่านั้นที่ถูก,เจอแต่ไม่อยู่ท้าย,19,🟡 อาจเป็นการเอ่ยกลางทาง ⛔ ไม่ใช่ผลสรุป
chap-10-complex-q35,chap-10-complex,mc,2,$\sqrt{2\sqrt2}$,เจอแต่ไม่อยู่ท้าย,23,🟡 อาจเป็นการเอ่ยกลางทาง ⛔ ไม่ใช่ผลสรุป
chap-10-complex-q36,chap-10-complex,fill,'1/2',1/2,ไม่เจอเลย,33,🔴 คำตอบไม่ปรากฏในเฉลยเลย
chap-10-complex-q37,chap-10-complex,fill,'1/5',1/5,ไม่เจอเลย,23,🔴 คำตอบไม่ปรากฏในเฉลยเลย
chap-10-complex-q38,chap-10-complex,mc,0,$\sqrt2$,เจอแต่ไม่อยู่ท้าย,23,🟡 อาจเป็นการเอ่ยกลางทาง ⛔ ไม่ใช่ผลสรุป
chap-10-complex-q39,chap-10-complex,fill,7,7,เจอแต่ไม่อยู่ท้าย,27,🟡 อาจเป็นการเอ่ยกลางทาง ⛔ ไม่ใช่ผลสรุป
chap-10-complex-q40,chap-10-complex,mc,0,$\dfrac{2+i}{5}$,เจอแต่ไม่อยู่ท้าย,28,🟡 อาจเป็นการเอ่ยกลางทาง ⛔ ไม่ใช่ผลสรุป
chap-10-complex-q41,chap-10-complex,mc,1,"$\{-\sqrt{21}, \sqrt{21}\}$",เจอแต่ไม่อยู่ท้าย,31,🟡 อาจเป็นการเอ่ยกลางทาง ⛔ ไม่ใช่ผลสรุป
chap-10-complex-q43,chap-10-complex,mc,3,"$2 + 5i,\ -5 - 2i$",เจอแต่ไม่อยู่ท้าย,36,🟡 อาจเป็นการเอ่ยกลางทาง ⛔ ไม่ใช่ผลสรุป
chap-10-complex-q44,chap-10-complex,mc,2,$11$,เจอแต่ไม่อยู่ท้าย,32,🟡 อาจเป็นการเอ่ยกลางทาง ⛔ ไม่ใช่ผลสรุป
chap-10-complex-q45,chap-10-complex,fill,'27/4',27/4,ไม่เจอเลย,29,🔴 คำตอบไม่ปรากฏในเฉลยเลย
chap-10-complex-q46,chap-10-complex,mc,1,$3$,เจอแต่ไม่อยู่ท้าย,36,🟡 อาจเป็นการเอ่ยกลางทาง ⛔ ไม่ใช่ผลสรุป
chap-10-complex-q47,chap-10-complex,mc,1,$-3 - 2i$,เจอแต่ไม่อยู่ท้าย,23,🟡 อาจเป็นการเอ่ยกลางทาง ⛔ ไม่ใช่ผลสรุป
chap-10-complex-q48,chap-10-complex,mc,0,$\dfrac{(a^2+b^2)(a^2+c^2)}{4a^2+(b+c)^2}$,เจอแต่ไม่อยู่ท้าย,21,🟡 อาจเป็นการเอ่ยกลางทาง ⛔ ไม่ใช่ผลสรุป
chap-10-complex-q49,chap-10-complex,mc,2,ก. ผิด และ ข. ถูก,เจอแต่ไม่อยู่ท้าย,22,🟡 อาจเป็นการเอ่ยกลางทาง ⛔ ไม่ใช่ผลสรุป
chap-10-complex-q50,chap-10-complex,mc,2,ถ้า $A = \{z \mid z^{10} = 1\}$ และ $B = \left\{z \mid \dfrac1z \in A\right\}$ แ,ไม่เจอเลย,28,🔴 คำตอบไม่ปรากฏในเฉลยเลย
chap-10-complex-q51,chap-10-complex,mc,1,"$\{-3, 2, 3\}$",เจอแต่ไม่อยู่ท้าย,22,🟡 อาจเป็นการเอ่ยกลางทาง ⛔ ไม่ใช่ผลสรุป
chap-10-complex-q52,chap-10-complex,mc,2,"$\left\{-1,\ -\dfrac12 + \dfrac{\sqrt3}{2}i,\ -\dfrac12 - \dfrac{\sqrt3}{2}i\rig",เจอแต่ไม่อยู่ท้าย,28,🟡 อาจเป็นการเอ่ยกลางทาง ⛔ ไม่ใช่ผลสรุป
chap-10-complex-q54,chap-10-complex,mc,1,$10$,เจอแต่ไม่อยู่ท้าย,20,🟡 อาจเป็นการเอ่ยกลางทาง ⛔ ไม่ใช่ผลสรุป
chap-10-complex-q55,chap-10-complex,mc,0,"$\left\{0, \dfrac12, 2, \dfrac32\right\}$",เจอแต่ไม่อยู่ท้าย,24,🟡 อาจเป็นการเอ่ยกลางทาง ⛔ ไม่ใช่ผลสรุป
chap-10-complex-q56,chap-10-complex,mc,0,"$\left\{\sqrt2, \dfrac32, 3, 11\right\}$",เจอแต่ไม่อยู่ท้าย,20,🟡 อาจเป็นการเอ่ยกลางทาง ⛔ ไม่ใช่ผลสรุป
chap-10-complex-q57,chap-10-complex,mc,1,$\{x \in \mathbb{R} \mid |x| > 2\}$,เจอแต่ไม่อยู่ท้าย,23,🟡 อาจเป็นการเอ่ยกลางทาง ⛔ ไม่ใช่ผลสรุป
chap-10-complex-q58,chap-10-complex,mc,2,ก. ผิด และ ข. ถูก,เจอแต่ไม่อยู่ท้าย,21,🟡 อาจเป็นการเอ่ยกลางทาง ⛔ ไม่ใช่ผลสรุป
chap-10-complex-q59,chap-10-complex,mc,0,ก. ถูก และ ข. ถูก,เจอแต่ไม่อยู่ท้าย,36,🟡 อาจเป็นการเอ่ยกลางทาง ⛔ ไม่ใช่ผลสรุป
chap-10-complex-q60,chap-10-complex,mc,3,$20$,เจอแต่ไม่อยู่ท้าย,31,🟡 อาจเป็นการเอ่ยกลางทาง ⛔ ไม่ใช่ผลสรุป
chap-10-complex-q61,chap-10-complex,mc,0,"$f(1) = 8,\ f(-1) = 0$",เจอแต่ไม่อยู่ท้าย,32,🟡 อาจเป็นการเอ่ยกลางทาง ⛔ ไม่ใช่ผลสรุป
chap-10-complex-q62,chap-10-complex,fill,8,8,เจอแต่ไม่อยู่ท้าย,42,🟡 อาจเป็นการเอ่ยกลางทาง ⛔ ไม่ใช่ผลสรุป
chap-10-complex-q63,chap-10-complex,mc,1,$-8$,เจอแต่ไม่อยู่ท้าย,37,🟡 อาจเป็นการเอ่ยกลางทาง ⛔ ไม่ใช่ผลสรุป
chap-10-complex-q64,chap-10-complex,mc,0,$\dfrac34$,เจอแต่ไม่อยู่ท้าย,21,🟡 อาจเป็นการเอ่ยกลางทาง ⛔ ไม่ใช่ผลสรุป
chap-10-complex-q66,chap-10-complex,mc,0,$-4$,เจอแต่ไม่อยู่ท้าย,24,🟡 อาจเป็นการเอ่ยกลางทาง ⛔ ไม่ใช่ผลสรุป
chap-10-complex-q67,chap-10-complex,mc,3,ก. ผิด และ ข. ผิด,เจอแต่ไม่อยู่ท้าย,22,🟡 อาจเป็นการเอ่ยกลางทาง ⛔ ไม่ใช่ผลสรุป
chap-10-complex-q68,chap-10-complex,mc,2,ก. ผิด และ ข. ถูก,เจอแต่ไม่อยู่ท้าย,31,🟡 อาจเป็นการเอ่ยกลางทาง ⛔ ไม่ใช่ผลสรุป
chap-10-complex-q69,chap-10-complex,mc,1,ก. ถูก และ ข. ผิด,เจอแต่ไม่อยู่ท้าย,29,🟡 อาจเป็นการเอ่ยกลางทาง ⛔ ไม่ใช่ผลสรุป
chap-10-complex-q70,chap-10-complex,fill,16,16,เจอแต่ไม่อยู่ท้าย,28,🟡 อาจเป็นการเอ่ยกลางทาง ⛔ ไม่ใช่ผลสรุป
chap-10-complex-q71,chap-10-complex,mc,1,$-4$,เจอแต่ไม่อยู่ท้าย,29,🟡 อาจเป็นการเอ่ยกลางทาง ⛔ ไม่ใช่ผลสรุป
chap-10-complex-q72,chap-10-complex,mc,0,$1 + \dfrac{n}{2}(1 - i)$,เจอแต่ไม่อยู่ท้าย,32,🟡 อาจเป็นการเอ่ยกลางทาง ⛔ ไม่ใช่ผลสรุป
chap-10-complex-q73,chap-10-complex,fill,'3-i',3-i,เจอแต่ไม่อยู่ท้าย,21,🟡 อาจเป็นการเอ่ยกลางทาง ⛔ ไม่ใช่ผลสรุป
chap-10-complex-q74,chap-10-complex,mc,2,$3\dfrac15$,เจอแต่ไม่อยู่ท้าย,31,🟡 อาจเป็นการเอ่ยกลางทาง ⛔ ไม่ใช่ผลสรุป
chap-10-complex-q75,chap-10-complex,fill,"'x=1, y=-2'","x=1, y=-2",เจอแต่ไม่อยู่ท้าย,21,🟡 อาจเป็นการเอ่ยกลางทาง ⛔ ไม่ใช่ผลสรุป
chap-10-complex-q76,chap-10-complex,mc,3,$\dfrac16$,เจอแต่ไม่อยู่ท้าย,20,🟡 อาจเป็นการเอ่ยกลางทาง ⛔ ไม่ใช่ผลสรุป
chap-10-complex-q77,chap-10-complex,fill,"'{ pi/2 , 3pi/2 }'","{ pi/2 , 3pi/2 }",ไม่เจอเลย,22,🔴 คำตอบไม่ปรากฏในเฉลยเลย
chap-10-complex-q78,chap-10-complex,fill,"'x=52, y=17'","x=52, y=17",เจอแต่ไม่อยู่ท้าย,33,🟡 อาจเป็นการเอ่ยกลางทาง ⛔ ไม่ใช่ผลสรุป
chap-10-complex-q79,chap-10-complex,fill,'sqrt(2 sqrt2)',sqrt(2 sqrt2),ไม่เจอเลย,23,🔴 คำตอบไม่ปรากฏในเฉลยเลย
chap-10-complex-q80,chap-10-complex,mc,1,$-3 - 4i$,เจอแต่ไม่อยู่ท้าย,19,🟡 อาจเป็นการเอ่ยกลางทาง ⛔ ไม่ใช่ผลสรุป
chap-10-complex-q81,chap-10-complex,fill,7,7,เจอแต่ไม่อยู่ท้าย,21,🟡 อาจเป็นการเอ่ยกลางทาง ⛔ ไม่ใช่ผลสรุป
chap-10-complex-q83,chap-10-complex,mc,1,$7 - 9i$,เจอแต่ไม่อยู่ท้าย,19,🟡 อาจเป็นการเอ่ยกลางทาง ⛔ ไม่ใช่ผลสรุป
chap-10-complex-q84,chap-10-complex,mc,3,$2^{29}$,เจอแต่ไม่อยู่ท้าย,32,🟡 อาจเป็นการเอ่ยกลางทาง ⛔ ไม่ใช่ผลสรุป
chap-10-complex-q85,chap-10-complex,mc,3,"$|z_1 \cdot z_2| \le |z_1|\,|z_2|$",เจอแต่ไม่อยู่ท้าย,23,🟡 อาจเป็นการเอ่ยกลางทาง ⛔ ไม่ใช่ผลสรุป
chap-10-complex-q86,chap-10-complex,mc,2,$f\left(\dfrac1z\right) = \dfrac{f(z)}{z\bar{z}}$ เมื่อ $z \ne 0$,ไม่เจอเลย,20,🔴 คำตอบไม่ปรากฏในเฉลยเลย
chap-10-complex-q87,chap-10-complex,fill,'sqrt2',sqrt2,เจอแต่ไม่อยู่ท้าย,20,🟡 อาจเป็นการเอ่ยกลางทาง ⛔ ไม่ใช่ผลสรุป
chap-10-complex-q88,chap-10-complex,fill,"'0, 1, -1/2 + (sqrt3/2)i, -1/2 - (sqrt3/2)i'","0, 1, -1/2 + (sqrt3/2)i, -1/2 - (sqrt3/2)i",ไม่เจอเลย,32,🔴 คำตอบไม่ปรากฏในเฉลยเลย
chap-10-complex-q89,chap-10-complex,mc,2,$z^2$ เป็นจำนวนจินตภาพแท้,เจอแต่ไม่อยู่ท้าย,26,🟡 อาจเป็นการเอ่ยกลางทาง ⛔ ไม่ใช่ผลสรุป
chap-10-complex-q90,chap-10-complex,fill,"'(1+i)/sqrt2 , -(1+i)/sqrt2'","(1+i)/sqrt2 , -(1+i)/sqrt2",ไม่เจอเลย,20,🔴 คำตอบไม่ปรากฏในเฉลยเลย
chap-10-complex-q91,chap-10-complex,fill,'1/2^1000',1/2^1000,ไม่เจอเลย,28,🔴 คำตอบไม่ปรากฏในเฉลยเลย
chap-10-complex-q92,chap-10-complex,mc,2,$-\dfrac{\pi}{2}$,เจอแต่ไม่อยู่ท้าย,20,🟡 อาจเป็นการเอ่ยกลางทาง ⛔ ไม่ใช่ผลสรุป
chap-10-complex-q93,chap-10-complex,fill,'1/2 + (sqrt3/2) i',1/2 + (sqrt3/2) i,ไม่เจอเลย,20,🔴 คำตอบไม่ปรากฏในเฉลยเลย
chap-10-complex-q94,chap-10-complex,mc,1,$-16$,เจอแต่ไม่อยู่ท้าย,21,🟡 อาจเป็นการเอ่ยกลางทาง ⛔ ไม่ใช่ผลสรุป
chap-10-complex-q96,chap-10-complex,mc,1,$16\sin^4 n\theta$,เจอแต่ไม่อยู่ท้าย,20,🟡 อาจเป็นการเอ่ยกลางทาง ⛔ ไม่ใช่ผลสรุป
chap-10-complex-q97,chap-10-complex,fill,'sqrt2/64 - (sqrt2/64) i',sqrt2/64 - (sqrt2/64) i,ไม่เจอเลย,27,🔴 คำตอบไม่ปรากฏในเฉลยเลย
chap-10-complex-q98,chap-10-complex,fill,"'1, -1/2 + (sqrt3/2)i, -1/2 - (sqrt3/2)i'","1, -1/2 + (sqrt3/2)i, -1/2 - (sqrt3/2)i",ไม่เจอเลย,30,🔴 คำตอบไม่ปรากฏในเฉลยเลย
chap-10-complex-q99,chap-10-complex,fill,'sqrt3/2 - (1/2) i',sqrt3/2 - (1/2) i,ไม่เจอเลย,20,🔴 คำตอบไม่ปรากฏในเฉลยเลย
chap-10-complex-q100,chap-10-complex,fill,"'3sqrt2 ± 3sqrt2 i , -3sqrt2 ± 3sqrt2 i'","3sqrt2 ± 3sqrt2 i , -3sqrt2 ± 3sqrt2 i",ไม่เจอเลย,23,🔴 คำตอบไม่ปรากฏในเฉลยเลย
chap-10-complex-q101,chap-10-complex,mc,0,$\sqrt{\dfrac32}$,เจอแต่ไม่อยู่ท้าย,28,🟡 อาจเป็นการเอ่ยกลางทาง ⛔ ไม่ใช่ผลสรุป
chap-10-complex-q102,chap-10-complex,fill,"'±i, ±sqrt3/2 ± (1/2)i'","±i, ±sqrt3/2 ± (1/2)i",ไม่เจอเลย,19,🔴 คำตอบไม่ปรากฏในเฉลยเลย
chap-10-complex-q103,chap-10-complex,mc,2,$2\left(\cos\dfrac{11\pi}{12} + i\sin\dfrac{11\pi}{12}\right)$,เจอแต่ไม่อยู่ท้าย,21,🟡 อาจเป็นการเอ่ยกลางทาง ⛔ ไม่ใช่ผลสรุป
chap-10-complex-q104,chap-10-complex,mc,0,ข้อ ก. และ ข. เป็นจริง,เจอแต่ไม่อยู่ท้าย,23,🟡 อาจเป็นการเอ่ยกลางทาง ⛔ ไม่ใช่ผลสรุป
chap-10-complex-q105,chap-10-complex,fill,'e = 1/2 - i ; inverse v = 1/(4a) + (1/b) i เมื่อ u=a+bi ; u=2sqrt3+2i -> 1/(8sqrt3)+i/2 ; u=-2sqrt3+2i -> -1/(8sqrt3)+i/2 ; u=-4i ไม่มีอินเวอร์ส (a=0)',e = 1/2 - i ; inverse v = 1/(4a) + (1/b) i เมื่อ u=a+bi ; u=2sqrt3+2i -> 1/(8sqr,ไม่เจอเลย,33,🔴 คำตอบไม่ปรากฏในเฉลยเลย
chap-10-complex-q106,chap-10-complex,mc,3,$-196$,เจอแต่ไม่อยู่ท้าย,33,🟡 อาจเป็นการเอ่ยกลางทาง ⛔ ไม่ใช่ผลสรุป
chap-10-complex-q107,chap-10-complex,fill,"'i, -4i'","i, -4i",เจอแต่ไม่อยู่ท้าย,23,🟡 อาจเป็นการเอ่ยกลางทาง ⛔ ไม่ใช่ผลสรุป
chap-10-complex-q108,chap-10-complex,fill,"'(sqrt2 + sqrt6 i)/2 , -(sqrt2 + sqrt6 i)/2'","(sqrt2 + sqrt6 i)/2 , -(sqrt2 + sqrt6 i)/2",ไม่เจอเลย,23,🔴 คำตอบไม่ปรากฏในเฉลยเลย
chap-10-complex-q111,chap-10-complex,mc,1,"$\left\{-1, \dfrac12, -\dfrac12+\dfrac{\sqrt3}{2}i, -\dfrac12-\dfrac{\sqrt3}{2}i",เจอแต่ไม่อยู่ท้าย,22,🟡 อาจเป็นการเอ่ยกลางทาง ⛔ ไม่ใช่ผลสรุป
chap-10-complex-q112,chap-10-complex,fill,"'-5, -2, 1/2 + (sqrt3/2)i, 1/2 - (sqrt3/2)i'","-5, -2, 1/2 + (sqrt3/2)i, 1/2 - (sqrt3/2)i",ไม่เจอเลย,21,🔴 คำตอบไม่ปรากฏในเฉลยเลย
chap-10-complex-q113,chap-10-complex,fill,"'-1, 2, 2 + sqrt3 i, 2 - sqrt3 i'","-1, 2, 2 + sqrt3 i, 2 - sqrt3 i",ไม่เจอเลย,20,🔴 คำตอบไม่ปรากฏในเฉลยเลย
chap-10-complex-q114,chap-10-complex,fill,"'-4, 3, 3 + i, 3 - i'","-4, 3, 3 + i, 3 - i",ไม่เจอเลย,21,🔴 คำตอบไม่ปรากฏในเฉลยเลย
chap-10-complex-q115,chap-10-complex,fill,"'-1, 2i, -2i, 3i, -3i'","-1, 2i, -2i, 3i, -3i",ไม่เจอเลย,22,🔴 คำตอบไม่ปรากฏในเฉลยเลย
chap-10-complex-q121,chap-10-complex,fill,'a+b = -1/2 ± sqrt3/2 ; p = จำนวนเฉพาะใด ๆ (ทุกค่าผ่านเงื่อนไขรากจริง)',a+b = -1/2 ± sqrt3/2 ; p = จำนวนเฉพาะใด ๆ (ทุกค่าผ่านเงื่อนไขรากจริง),ไม่เจอเลย,28,🔴 คำตอบไม่ปรากฏในเฉลยเลย
chap-10-complex-q122,chap-10-complex,fill,'-5/2',-5/2,ไม่เจอเลย,26,🔴 คำตอบไม่ปรากฏในเฉลยเลย
chap-11-sequence-q01,chap-11-sequence,mc,0,$54$,เจอแต่ไม่อยู่ท้าย,28,🟡 อาจเป็นการเอ่ยกลางทาง ⛔ ไม่ใช่ผลสรุป
chap-11-sequence-q04,chap-11-sequence,fill,'13',13,เจอแต่ไม่อยู่ท้าย,28,🟡 อาจเป็นการเอ่ยกลางทาง ⛔ ไม่ใช่ผลสรุป
chap-11-sequence-q05,chap-11-sequence,mc,0,$-\dfrac{1}{2}$,เจอแต่ไม่อยู่ท้าย,23,🟡 อาจเป็นการเอ่ยกลางทาง ⛔ ไม่ใช่ผลสรุป
chap-11-sequence-q06,chap-11-sequence,mc,3,"$p=-\dfrac{2}{3},\ q=3$",เจอแต่ไม่อยู่ท้าย,29,🟡 อาจเป็นการเอ่ยกลางทาง ⛔ ไม่ใช่ผลสรุป
chap-11-sequence-q07,chap-11-sequence,fill,'3780',3780,เจอแต่ไม่อยู่ท้าย,20,🟡 อาจเป็นการเอ่ยกลางทาง ⛔ ไม่ใช่ผลสรุป
chap-11-sequence-q08,chap-11-sequence,mc,1,$395$,เจอแต่ไม่อยู่ท้าย,30,🟡 อาจเป็นการเอ่ยกลางทาง ⛔ ไม่ใช่ผลสรุป
chap-11-sequence-q09,chap-11-sequence,mc,1,"$5{,}400$",เจอแต่ไม่อยู่ท้าย,25,🟡 อาจเป็นการเอ่ยกลางทาง ⛔ ไม่ใช่ผลสรุป
chap-11-sequence-q10,chap-11-sequence,mc,1,$45$,เจอแต่ไม่อยู่ท้าย,28,🟡 อาจเป็นการเอ่ยกลางทาง ⛔ ไม่ใช่ผลสรุป
chap-11-sequence-q11,chap-11-sequence,mc,3,"$a_{10}=9\log 7-\log 3,\ S_{10}=5[9\log 7-2\log 3]$",เจอแต่ไม่อยู่ท้าย,31,🟡 อาจเป็นการเอ่ยกลางทาง ⛔ ไม่ใช่ผลสรุป
chap-11-sequence-q12,chap-11-sequence,mc,2,$127.5$,เจอแต่ไม่อยู่ท้าย,29,🟡 อาจเป็นการเอ่ยกลางทาง ⛔ ไม่ใช่ผลสรุป
chap-11-sequence-q13,chap-11-sequence,mc,0,$\dfrac{n(2+(n-3)\sqrt{x})}{2(1-x)}$,เจอแต่ไม่อยู่ท้าย,28,🟡 อาจเป็นการเอ่ยกลางทาง ⛔ ไม่ใช่ผลสรุป
chap-11-sequence-q14,chap-11-sequence,mc,3,$\dfrac{n}{2}(n+1)$,เจอแต่ไม่อยู่ท้าย,21,🟡 อาจเป็นการเอ่ยกลางทาง ⛔ ไม่ใช่ผลสรุป
chap-11-sequence-q15,chap-11-sequence,mc,2,$255$,เจอแต่ไม่อยู่ท้าย,24,🟡 อาจเป็นการเอ่ยกลางทาง ⛔ ไม่ใช่ผลสรุป
chap-11-sequence-q16,chap-11-sequence,mc,2,$64$,เจอแต่ไม่อยู่ท้าย,28,🟡 อาจเป็นการเอ่ยกลางทาง ⛔ ไม่ใช่ผลสรุป
chap-11-sequence-q17,chap-11-sequence,mc,2,$25$,เจอแต่ไม่อยู่ท้าย,29,🟡 อาจเป็นการเอ่ยกลางทาง ⛔ ไม่ใช่ผลสรุป
chap-11-sequence-q18,chap-11-sequence,mc,2,$0 < x < 3\sqrt{3}$,ไม่เจอเลย,26,🔴 คำตอบไม่ปรากฏในเฉลยเลย
chap-11-sequence-q19,chap-11-sequence,fill,'0',0,เจอแต่ไม่อยู่ท้าย,26,🟡 อาจเป็นการเอ่ยกลางทาง ⛔ ไม่ใช่ผลสรุป
chap-11-sequence-q20,chap-11-sequence,fill,'15.75',15.75,เจอแต่ไม่อยู่ท้าย,22,🟡 อาจเป็นการเอ่ยกลางทาง ⛔ ไม่ใช่ผลสรุป
chap-11-sequence-q21,chap-11-sequence,fill,'2',2,เจอแต่ไม่อยู่ท้าย,25,🟡 อาจเป็นการเอ่ยกลางทาง ⛔ ไม่ใช่ผลสรุป
chap-11-sequence-q22,chap-11-sequence,mc,2,$28$ ฟุต,เจอแต่ไม่อยู่ท้าย,22,🟡 อาจเป็นการเอ่ยกลางทาง ⛔ ไม่ใช่ผลสรุป
chap-11-sequence-q23,chap-11-sequence,mc,1,$2p$,เจอแต่ไม่อยู่ท้าย,22,🟡 อาจเป็นการเอ่ยกลางทาง ⛔ ไม่ใช่ผลสรุป
chap-11-sequence-q24,chap-11-sequence,mc,3,"$\displaystyle\sum_{n=0}^{\infty} \dfrac{(-1)^n}{r^{\,n+1}}$",เจอแต่ไม่อยู่ท้าย,22,🟡 อาจเป็นการเอ่ยกลางทาง ⛔ ไม่ใช่ผลสรุป
chap-11-sequence-q25,chap-11-sequence,mc,2,$\displaystyle\sum_{k=1}^{4} (k^2 - 4)$,เจอแต่ไม่อยู่ท้าย,25,🟡 อาจเป็นการเอ่ยกลางทาง ⛔ ไม่ใช่ผลสรุป
chap-11-sequence-q26,chap-11-sequence,mc,0,ก. และ ข. ถูก,เจอแต่ไม่อยู่ท้าย,21,🟡 อาจเป็นการเอ่ยกลางทาง ⛔ ไม่ใช่ผลสรุป
chap-11-sequence-q28,chap-11-sequence,mc,2,$9128$,เจอแต่ไม่อยู่ท้าย,24,🟡 อาจเป็นการเอ่ยกลางทาง ⛔ ไม่ใช่ผลสรุป
chap-11-sequence-q29,chap-11-sequence,mc,3,$60$,เจอแต่ไม่อยู่ท้าย,23,🟡 อาจเป็นการเอ่ยกลางทาง ⛔ ไม่ใช่ผลสรุป
chap-11-sequence-q30,chap-11-sequence,mc,3,"$7{,}770$",เจอแต่ไม่อยู่ท้าย,26,🟡 อาจเป็นการเอ่ยกลางทาง ⛔ ไม่ใช่ผลสรุป
chap-11-sequence-q31,chap-11-sequence,mc,1,"$7{,}872.80$ บาท",เจอแต่ไม่อยู่ท้าย,25,🟡 อาจเป็นการเอ่ยกลางทาง ⛔ ไม่ใช่ผลสรุป
chap-11-sequence-q32,chap-11-sequence,mc,1,$a^{-5}$,เจอแต่ไม่อยู่ท้าย,24,🟡 อาจเป็นการเอ่ยกลางทาง ⛔ ไม่ใช่ผลสรุป
chap-11-sequence-q33,chap-11-sequence,mc,1,$(51)^2+2^{50}-1$,เจอแต่ไม่อยู่ท้าย,28,🟡 อาจเป็นการเอ่ยกลางทาง ⛔ ไม่ใช่ผลสรุป
chap-11-sequence-q34,chap-11-sequence,mc,0,$\dfrac{40+740\sqrt{a}}{1-a}$,เจอแต่ไม่อยู่ท้าย,23,🟡 อาจเป็นการเอ่ยกลางทาง ⛔ ไม่ใช่ผลสรุป
chap-11-sequence-q35,chap-11-sequence,mc,3,$165$,เจอแต่ไม่อยู่ท้าย,22,🟡 อาจเป็นการเอ่ยกลางทาง ⛔ ไม่ใช่ผลสรุป
chap-11-sequence-q36,chap-11-sequence,mc,3,$2d$,เจอแต่ไม่อยู่ท้าย,33,🟡 อาจเป็นการเอ่ยกลางทาง ⛔ ไม่ใช่ผลสรุป
chap-11-sequence-q37,chap-11-sequence,fill,'59',59,เจอแต่ไม่อยู่ท้าย,25,🟡 อาจเป็นการเอ่ยกลางทาง ⛔ ไม่ใช่ผลสรุป
chap-11-sequence-q38,chap-11-sequence,mc,1,$4480$,เจอแต่ไม่อยู่ท้าย,29,🟡 อาจเป็นการเอ่ยกลางทาง ⛔ ไม่ใช่ผลสรุป
chap-11-sequence-q39,chap-11-sequence,mc,0,ข้อ ก. และ ข. เป็นจริง,เจอแต่ไม่อยู่ท้าย,24,🟡 อาจเป็นการเอ่ยกลางทาง ⛔ ไม่ใช่ผลสรุป
chap-11-sequence-q40,chap-11-sequence,mc,2,$4$,เจอแต่ไม่อยู่ท้าย,21,🟡 อาจเป็นการเอ่ยกลางทาง ⛔ ไม่ใช่ผลสรุป
chap-11-sequence-q41,chap-11-sequence,fill,'705.1',705.1,เจอแต่ไม่อยู่ท้าย,24,🟡 อาจเป็นการเอ่ยกลางทาง ⛔ ไม่ใช่ผลสรุป
chap-11-sequence-q43,chap-11-sequence,mc,0,$\dfrac{2}{243}$,เจอแต่ไม่อยู่ท้าย,26,🟡 อาจเป็นการเอ่ยกลางทาง ⛔ ไม่ใช่ผลสรุป
chap-11-sequence-q44,chap-11-sequence,mc,1,$\dfrac{511}{384}$,เจอแต่ไม่อยู่ท้าย,27,🟡 อาจเป็นการเอ่ยกลางทาง ⛔ ไม่ใช่ผลสรุป
chap-11-sequence-q45,chap-11-sequence,mc,2,$3$,เจอแต่ไม่อยู่ท้าย,25,🟡 อาจเป็นการเอ่ยกลางทาง ⛔ ไม่ใช่ผลสรุป
chap-11-sequence-q46,chap-11-sequence,mc,2,$5047$,เจอแต่ไม่อยู่ท้าย,24,🟡 อาจเป็นการเอ่ยกลางทาง ⛔ ไม่ใช่ผลสรุป
chap-11-sequence-q47,chap-11-sequence,mc,2,$3\left(\dfrac{4}{3}\right)^{2543}$,เจอแต่ไม่อยู่ท้าย,29,🟡 อาจเป็นการเอ่ยกลางทาง ⛔ ไม่ใช่ผลสรุป
chap-11-sequence-q48,chap-11-sequence,mc,3,$63$,เจอแต่ไม่อยู่ท้าย,30,🟡 อาจเป็นการเอ่ยกลางทาง ⛔ ไม่ใช่ผลสรุป
chap-11-sequence-q49,chap-11-sequence,mc,2,$-20.5$,เจอแต่ไม่อยู่ท้าย,29,🟡 อาจเป็นการเอ่ยกลางทาง ⛔ ไม่ใช่ผลสรุป
chap-11-sequence-q50,chap-11-sequence,fill,"'4, 7, 10, 13'","4, 7, 10, 13",เจอแต่ไม่อยู่ท้าย,24,🟡 อาจเป็นการเอ่ยกลางทาง ⛔ ไม่ใช่ผลสรุป
chap-11-sequence-q51,chap-11-sequence,mc,1,$1560$,เจอแต่ไม่อยู่ท้าย,36,🟡 อาจเป็นการเอ่ยกลางทาง ⛔ ไม่ใช่ผลสรุป
chap-11-sequence-q52,chap-11-sequence,fill,'364',364,เจอแต่ไม่อยู่ท้าย,30,🟡 อาจเป็นการเอ่ยกลางทาง ⛔ ไม่ใช่ผลสรุป
chap-11-sequence-q54,chap-11-sequence,fill,'9',9,เจอแต่ไม่อยู่ท้าย,25,🟡 อาจเป็นการเอ่ยกลางทาง ⛔ ไม่ใช่ผลสรุป
chap-11-sequence-q55,chap-11-sequence,fill,'2n - 2 + (1/2)^(n-1)',2n - 2 + (1/2)^(n-1),ไม่เจอเลย,25,🔴 คำตอบไม่ปรากฏในเฉลยเลย
chap-11-sequence-q56,chap-11-sequence,fill,'199',199,เจอแต่ไม่อยู่ท้าย,27,🟡 อาจเป็นการเอ่ยกลางทาง ⛔ ไม่ใช่ผลสรุป
chap-11-sequence-q57,chap-11-sequence,fill,'2m^2(m+1)^2',2m^2(m+1)^2,เจอแต่ไม่อยู่ท้าย,20,🟡 อาจเป็นการเอ่ยกลางทาง ⛔ ไม่ใช่ผลสรุป
chap-11-sequence-q58,chap-11-sequence,fill,'26',26,เจอแต่ไม่อยู่ท้าย,24,🟡 อาจเป็นการเอ่ยกลางทาง ⛔ ไม่ใช่ผลสรุป
chap-11-sequence-q59,chap-11-sequence,mc,3,"$(0,1)\cup[10!,\infty)$",เจอแต่ไม่อยู่ท้าย,25,🟡 อาจเป็นการเอ่ยกลางทาง ⛔ ไม่ใช่ผลสรุป
chap-11-sequence-q60,chap-11-sequence,mc,1,$\dfrac{50}{51}$,เจอแต่ไม่อยู่ท้าย,25,🟡 อาจเป็นการเอ่ยกลางทาง ⛔ ไม่ใช่ผลสรุป
chap-11-sequence-q61,chap-11-sequence,mc,1,$400$,เจอแต่ไม่อยู่ท้าย,24,🟡 อาจเป็นการเอ่ยกลางทาง ⛔ ไม่ใช่ผลสรุป
chap-11-sequence-q62,chap-11-sequence,mc,0,$2500 + 2(x^2 - 1)$,เจอแต่ไม่อยู่ท้าย,28,🟡 อาจเป็นการเอ่ยกลางทาง ⛔ ไม่ใช่ผลสรุป
chap-11-sequence-q63,chap-11-sequence,mc,3,$\displaystyle\sum_{i=1}^{20} (2i - 1)^2 = 1066$,ไม่เจอเลย,33,🔴 คำตอบไม่ปรากฏในเฉลยเลย
chap-11-sequence-q64,chap-11-sequence,mc,1,$41230$,เจอแต่ไม่อยู่ท้าย,32,🟡 อาจเป็นการเอ่ยกลางทาง ⛔ ไม่ใช่ผลสรุป
chap-11-sequence-q65,chap-11-sequence,fill,'5740',5740,เจอแต่ไม่อยู่ท้าย,25,🟡 อาจเป็นการเอ่ยกลางทาง ⛔ ไม่ใช่ผลสรุป
chap-11-sequence-q66,chap-11-sequence,mc,1,$507500$,เจอแต่ไม่อยู่ท้าย,31,🟡 อาจเป็นการเอ่ยกลางทาง ⛔ ไม่ใช่ผลสรุป
chap-11-sequence-q67,chap-11-sequence,fill,'250959',250959,เจอแต่ไม่อยู่ท้าย,26,🟡 อาจเป็นการเอ่ยกลางทาง ⛔ ไม่ใช่ผลสรุป
chap-11-sequence-q68,chap-11-sequence,mc,2,"$\dfrac{4\sqrt{2}\,a}{\sqrt{2}-1}$",เจอแต่ไม่อยู่ท้าย,26,🟡 อาจเป็นการเอ่ยกลางทาง ⛔ ไม่ใช่ผลสรุป
chap-11-sequence-q69,chap-11-sequence,mc,3,"$\dfrac{\sqrt{2}\,\pi d}{\sqrt{2}-1}$",เจอแต่ไม่อยู่ท้าย,24,🟡 อาจเป็นการเอ่ยกลางทาง ⛔ ไม่ใช่ผลสรุป
chap-11-sequence-q70,chap-11-sequence,mc,3,$676$,เจอแต่ไม่อยู่ท้าย,39,🟡 อาจเป็นการเอ่ยกลางทาง ⛔ ไม่ใช่ผลสรุป
chap-11-sequence-q71,chap-11-sequence,fill,'a^2/(a-b)',a^2/(a-b),ไม่เจอเลย,25,🔴 คำตอบไม่ปรากฏในเฉลยเลย
chap-12-probability-q01,chap-12-probability,mc,4,$2^3$ แบบ,เจอแต่ไม่อยู่ท้าย,17,🟡 อาจเป็นการเอ่ยกลางทาง ⛔ ไม่ใช่ผลสรุป
chap-12-probability-q02,chap-12-probability,mc,0,$6$,เจอแต่ไม่อยู่ท้าย,17,🟡 อาจเป็นการเอ่ยกลางทาง ⛔ ไม่ใช่ผลสรุป
chap-12-probability-q03,chap-12-probability,mc,0,$360$,เจอแต่ไม่อยู่ท้าย,18,🟡 อาจเป็นการเอ่ยกลางทาง ⛔ ไม่ใช่ผลสรุป
chap-12-probability-q05,chap-12-probability,fill,'648',648,เจอแต่ไม่อยู่ท้าย,18,🟡 อาจเป็นการเอ่ยกลางทาง ⛔ ไม่ใช่ผลสรุป
chap-12-probability-q06,chap-12-probability,mc,1,$40$ วิธี,เจอแต่ไม่อยู่ท้าย,18,🟡 อาจเป็นการเอ่ยกลางทาง ⛔ ไม่ใช่ผลสรุป
chap-12-probability-q08,chap-12-probability,mc,2,$145$,เจอแต่ไม่อยู่ท้าย,19,🟡 อาจเป็นการเอ่ยกลางทาง ⛔ ไม่ใช่ผลสรุป
chap-12-probability-q09,chap-12-probability,mc,0,$28$ วิธี,เจอแต่ไม่อยู่ท้าย,18,🟡 อาจเป็นการเอ่ยกลางทาง ⛔ ไม่ใช่ผลสรุป
chap-12-probability-q10,chap-12-probability,mc,1,จำนวนที่เป็นเลขคี่ มีทั้งหมด 48 จำนวน,ไม่เจอเลย,18,🔴 คำตอบไม่ปรากฏในเฉลยเลย
chap-12-probability-q11,chap-12-probability,mc,0,$252$,เจอแต่ไม่อยู่ท้าย,19,🟡 อาจเป็นการเอ่ยกลางทาง ⛔ ไม่ใช่ผลสรุป
chap-12-probability-q12,chap-12-probability,mc,0,$350$,เจอแต่ไม่อยู่ท้าย,20,🟡 อาจเป็นการเอ่ยกลางทาง ⛔ ไม่ใช่ผลสรุป
chap-12-probability-q13,chap-12-probability,fill,'62',62,เจอแต่ไม่อยู่ท้าย,17,🟡 อาจเป็นการเอ่ยกลางทาง ⛔ ไม่ใช่ผลสรุป
chap-12-probability-q14,chap-12-probability,mc,2,"$6{,}912$",เจอแต่ไม่อยู่ท้าย,19,🟡 อาจเป็นการเอ่ยกลางทาง ⛔ ไม่ใช่ผลสรุป
chap-12-probability-q15,chap-12-probability,mc,3,$48$,เจอแต่ไม่อยู่ท้าย,18,🟡 อาจเป็นการเอ่ยกลางทาง ⛔ ไม่ใช่ผลสรุป
chap-12-probability-q16,chap-12-probability,mc,2,$60$,เจอแต่ไม่อยู่ท้าย,17,🟡 อาจเป็นการเอ่ยกลางทาง ⛔ ไม่ใช่ผลสรุป
chap-12-probability-q17,chap-12-probability,fill,'1440',1440,เจอแต่ไม่อยู่ท้าย,18,🟡 อาจเป็นการเอ่ยกลางทาง ⛔ ไม่ใช่ผลสรุป
chap-12-probability-q18,chap-12-probability,mc,2,$24$,เจอแต่ไม่อยู่ท้าย,16,🟡 อาจเป็นการเอ่ยกลางทาง ⛔ ไม่ใช่ผลสรุป
chap-12-probability-q19,chap-12-probability,mc,2,$432$,เจอแต่ไม่อยู่ท้าย,17,🟡 อาจเป็นการเอ่ยกลางทาง ⛔ ไม่ใช่ผลสรุป
chap-12-probability-q20,chap-12-probability,fill,'432',432,เจอแต่ไม่อยู่ท้าย,17,🟡 อาจเป็นการเอ่ยกลางทาง ⛔ ไม่ใช่ผลสรุป
chap-12-probability-q21,chap-12-probability,mc,3,$216$,เจอแต่ไม่อยู่ท้าย,20,🟡 อาจเป็นการเอ่ยกลางทาง ⛔ ไม่ใช่ผลสรุป
chap-12-probability-q22,chap-12-probability,mc,1,ก. ถูก และ ข. ผิด,เจอแต่ไม่อยู่ท้าย,22,🟡 อาจเป็นการเอ่ยกลางทาง ⛔ ไม่ใช่ผลสรุป
chap-12-probability-q23,chap-12-probability,fill,'1152',1152,เจอแต่ไม่อยู่ท้าย,18,🟡 อาจเป็นการเอ่ยกลางทาง ⛔ ไม่ใช่ผลสรุป
chap-12-probability-q25,chap-12-probability,mc,3,$(5!)(5!)(2)$,เจอแต่ไม่อยู่ท้าย,18,🟡 อาจเป็นการเอ่ยกลางทาง ⛔ ไม่ใช่ผลสรุป
chap-12-probability-q26,chap-12-probability,mc,1,$48$,เจอแต่ไม่อยู่ท้าย,17,🟡 อาจเป็นการเอ่ยกลางทาง ⛔ ไม่ใช่ผลสรุป
chap-12-probability-q27,chap-12-probability,mc,1,$192$,เจอแต่ไม่อยู่ท้าย,21,🟡 อาจเป็นการเอ่ยกลางทาง ⛔ ไม่ใช่ผลสรุป
chap-12-probability-q28,chap-12-probability,mc,1,$4$,เจอแต่ไม่อยู่ท้าย,17,🟡 อาจเป็นการเอ่ยกลางทาง ⛔ ไม่ใช่ผลสรุป
chap-12-probability-q29,chap-12-probability,mc,3,ก. และ ข. และ ค. ถูก,เจอแต่ไม่อยู่ท้าย,20,🟡 อาจเป็นการเอ่ยกลางทาง ⛔ ไม่ใช่ผลสรุป
chap-12-probability-q31,chap-12-probability,mc,4,$99$ รูป,เจอแต่ไม่อยู่ท้าย,20,🟡 อาจเป็นการเอ่ยกลางทาง ⛔ ไม่ใช่ผลสรุป
chap-12-probability-q32,chap-12-probability,mc,3,$55$ วิธี,เจอแต่ไม่อยู่ท้าย,16,🟡 อาจเป็นการเอ่ยกลางทาง ⛔ ไม่ใช่ผลสรุป
chap-12-probability-q33,chap-12-probability,mc,3,"$88{,}200$",เจอแต่ไม่อยู่ท้าย,18,🟡 อาจเป็นการเอ่ยกลางทาง ⛔ ไม่ใช่ผลสรุป
chap-12-probability-q34,chap-12-probability,mc,2,$180$ วิธี,เจอแต่ไม่อยู่ท้าย,18,🟡 อาจเป็นการเอ่ยกลางทาง ⛔ ไม่ใช่ผลสรุป
chap-12-probability-q35,chap-12-probability,mc,2,$276$ วิธี,เจอแต่ไม่อยู่ท้าย,19,🟡 อาจเป็นการเอ่ยกลางทาง ⛔ ไม่ใช่ผลสรุป
chap-12-probability-q36,chap-12-probability,fill,'90',90,เจอแต่ไม่อยู่ท้าย,17,🟡 อาจเป็นการเอ่ยกลางทาง ⛔ ไม่ใช่ผลสรุป
chap-12-probability-q37,chap-12-probability,mc,3,$9$,เจอแต่ไม่อยู่ท้าย,19,🟡 อาจเป็นการเอ่ยกลางทาง ⛔ ไม่ใช่ผลสรุป
chap-12-probability-q38,chap-12-probability,mc,3,$255$,เจอแต่ไม่อยู่ท้าย,17,🟡 อาจเป็นการเอ่ยกลางทาง ⛔ ไม่ใช่ผลสรุป
chap-12-probability-q39,chap-12-probability,fill,'34',34,เจอแต่ไม่อยู่ท้าย,19,🟡 อาจเป็นการเอ่ยกลางทาง ⛔ ไม่ใช่ผลสรุป
chap-12-probability-q40,chap-12-probability,mc,1,$7$ คน,เจอแต่ไม่อยู่ท้าย,16,🟡 อาจเป็นการเอ่ยกลางทาง ⛔ ไม่ใช่ผลสรุป
chap-12-probability-q41,chap-12-probability,mc,2,$9$,เจอแต่ไม่อยู่ท้าย,16,🟡 อาจเป็นการเอ่ยกลางทาง ⛔ ไม่ใช่ผลสรุป
chap-12-probability-q42,chap-12-probability,mc,2,"$\dfrac{10!\,9!}{2^9}$",เจอแต่ไม่อยู่ท้าย,21,🟡 อาจเป็นการเอ่ยกลางทาง ⛔ ไม่ใช่ผลสรุป
chap-12-probability-q43,chap-12-probability,fill,'75',75,เจอแต่ไม่อยู่ท้าย,17,🟡 อาจเป็นการเอ่ยกลางทาง ⛔ ไม่ใช่ผลสรุป
chap-12-probability-q44,chap-12-probability,mc,1,$540$,เจอแต่ไม่อยู่ท้าย,17,🟡 อาจเป็นการเอ่ยกลางทาง ⛔ ไม่ใช่ผลสรุป
chap-12-probability-q45,chap-12-probability,mc,1,$72$,เจอแต่ไม่อยู่ท้าย,18,🟡 อาจเป็นการเอ่ยกลางทาง ⛔ ไม่ใช่ผลสรุป
chap-12-probability-q46,chap-12-probability,mc,0,$19$ วิธี,เจอแต่ไม่อยู่ท้าย,17,🟡 อาจเป็นการเอ่ยกลางทาง ⛔ ไม่ใช่ผลสรุป
chap-12-probability-q47,chap-12-probability,mc,2,$100$,เจอแต่ไม่อยู่ท้าย,19,🟡 อาจเป็นการเอ่ยกลางทาง ⛔ ไม่ใช่ผลสรุป
chap-12-probability-q48,chap-12-probability,mc,1,$35$,เจอแต่ไม่อยู่ท้าย,20,🟡 อาจเป็นการเอ่ยกลางทาง ⛔ ไม่ใช่ผลสรุป
chap-12-probability-q49,chap-12-probability,mc,3,$90$ วิธี,เจอแต่ไม่อยู่ท้าย,17,🟡 อาจเป็นการเอ่ยกลางทาง ⛔ ไม่ใช่ผลสรุป
chap-12-probability-q50,chap-12-probability,mc,2,"$2{,}520$ วิธี",เจอแต่ไม่อยู่ท้าย,18,🟡 อาจเป็นการเอ่ยกลางทาง ⛔ ไม่ใช่ผลสรุป
chap-12-probability-q51,chap-12-probability,mc,3,"$3{,}600$ วิธี",เจอแต่ไม่อยู่ท้าย,20,🟡 อาจเป็นการเอ่ยกลางทาง ⛔ ไม่ใช่ผลสรุป
chap-12-probability-q52,chap-12-probability,mc,0,"$1{,}200$ วิธี",เจอแต่ไม่อยู่ท้าย,20,🟡 อาจเป็นการเอ่ยกลางทาง ⛔ ไม่ใช่ผลสรุป
chap-12-probability-q53,chap-12-probability,fill,'1215',1215,เจอแต่ไม่อยู่ท้าย,17,🟡 อาจเป็นการเอ่ยกลางทาง ⛔ ไม่ใช่ผลสรุป
chap-12-probability-q54,chap-12-probability,fill,'12',12,เจอแต่ไม่อยู่ท้าย,17,🟡 อาจเป็นการเอ่ยกลางทาง ⛔ ไม่ใช่ผลสรุป
chap-12-probability-q55,chap-12-probability,mc,2,$116$,เจอแต่ไม่อยู่ท้าย,18,🟡 อาจเป็นการเอ่ยกลางทาง ⛔ ไม่ใช่ผลสรุป
chap-12-probability-q56,chap-12-probability,mc,2,$16$,เจอแต่ไม่อยู่ท้าย,16,🟡 อาจเป็นการเอ่ยกลางทาง ⛔ ไม่ใช่ผลสรุป
chap-12-probability-q57,chap-12-probability,mc,1,"ถ้า $P_{n,5} = 20\,P_{n,3}$ แล้ว $n$ มีค่าเท่ากับ $12$",ไม่เจอเลย,22,🔴 คำตอบไม่ปรากฏในเฉลยเลย
chap-12-probability-q58,chap-12-probability,mc,2,สัมประสิทธิ์ของเทอม $x^5$ ในการกระจาย $\left(x + \dfrac{1}{2x}\right)^7$ มีค่าเท,ไม่เจอเลย,20,🔴 คำตอบไม่ปรากฏในเฉลยเลย
chap-12-probability-q59,chap-12-probability,mc,2,พจน์ที่ $10$ พจน์นั้นคือ $\binom{15}{9}$,ไม่เจอเลย,18,🔴 คำตอบไม่ปรากฏในเฉลยเลย
chap-12-probability-q61,chap-12-probability,mc,0,$\dfrac{(2n)!}{\left(\dfrac{2n+r}{3}\right)!\left(\dfrac{4n-r}{3}\right)!}$,เจอแต่ไม่อยู่ท้าย,19,🟡 อาจเป็นการเอ่ยกลางทาง ⛔ ไม่ใช่ผลสรุป
chap-12-probability-q62,chap-12-probability,mc,0,$-\dfrac{2}{7}$,เจอแต่ไม่อยู่ท้าย,22,🟡 อาจเป็นการเอ่ยกลางทาง ⛔ ไม่ใช่ผลสรุป
chap-12-probability-q64,chap-12-probability,mc,2,$903$,เจอแต่ไม่อยู่ท้าย,22,🟡 อาจเป็นการเอ่ยกลางทาง ⛔ ไม่ใช่ผลสรุป
chap-12-probability-q66,chap-12-probability,mc,3,จากการกระจาย $(x+y)^n-(x-y)^n$ จนเป็นผลสำเร็จแล้ว จะเหลือพจน์อยู่ $\dfrac{n}{2}$,ไม่เจอเลย,18,🔴 คำตอบไม่ปรากฏในเฉลยเลย
chap-12-probability-q67,chap-12-probability,mc,1,"$1{,}120$",เจอแต่ไม่อยู่ท้าย,18,🟡 อาจเป็นการเอ่ยกลางทาง ⛔ ไม่ใช่ผลสรุป
chap-12-probability-q68,chap-12-probability,mc,3,$\dbinom{51}{28}$,เจอแต่ไม่อยู่ท้าย,18,🟡 อาจเป็นการเอ่ยกลางทาง ⛔ ไม่ใช่ผลสรุป
chap-12-probability-q69,chap-12-probability,fill,'625',625,เจอแต่ไม่อยู่ท้าย,19,🟡 อาจเป็นการเอ่ยกลางทาง ⛔ ไม่ใช่ผลสรุป
chap-12-probability-q70,chap-12-probability,mc,2,มีลิมิตเป็น $4$,เจอแต่ไม่อยู่ท้าย,19,🟡 อาจเป็นการเอ่ยกลางทาง ⛔ ไม่ใช่ผลสรุป
chap-12-probability-q72,chap-12-probability,mc,1,$2x=n-1$,เจอแต่ไม่อยู่ท้าย,21,🟡 อาจเป็นการเอ่ยกลางทาง ⛔ ไม่ใช่ผลสรุป
chap-12-probability-q73,chap-12-probability,mc,3,$73$,เจอแต่ไม่อยู่ท้าย,21,🟡 อาจเป็นการเอ่ยกลางทาง ⛔ ไม่ใช่ผลสรุป
chap-12-probability-q74,chap-12-probability,mc,1,$\dfrac{1}{11}$,เจอแต่ไม่อยู่ท้าย,17,🟡 อาจเป็นการเอ่ยกลางทาง ⛔ ไม่ใช่ผลสรุป
chap-12-probability-q75,chap-12-probability,mc,2,เลือกจุดแบบสุ่มภายในวงกลมรัศมี $1$ นิ้ว ความน่าจะเป็นที่จุดนี้อยู่ภายในรูปสี่เหล,ไม่เจอเลย,18,🔴 คำตอบไม่ปรากฏในเฉลยเลย
chap-12-probability-q76,chap-12-probability,mc,0,$0.75$,เจอแต่ไม่อยู่ท้าย,17,🟡 อาจเป็นการเอ่ยกลางทาง ⛔ ไม่ใช่ผลสรุป
chap-12-probability-q77,chap-12-probability,mc,0,$\dfrac{8}{13}$,เจอแต่ไม่อยู่ท้าย,17,🟡 อาจเป็นการเอ่ยกลางทาง ⛔ ไม่ใช่ผลสรุป
chap-12-probability-q78,chap-12-probability,mc,4,ไม่มีคำตอบที่ถูกต้อง,เจอแต่ไม่อยู่ท้าย,19,🟡 อาจเป็นการเอ่ยกลางทาง ⛔ ไม่ใช่ผลสรุป
chap-12-probability-q79,chap-12-probability,mc,4,ไม่มีคำตอบข้อถูก,เจอแต่ไม่อยู่ท้าย,20,🟡 อาจเป็นการเอ่ยกลางทาง ⛔ ไม่ใช่ผลสรุป
chap-12-probability-q80,chap-12-probability,mc,2,$0.58$,เจอแต่ไม่อยู่ท้าย,20,🟡 อาจเป็นการเอ่ยกลางทาง ⛔ ไม่ใช่ผลสรุป
chap-12-probability-q81,chap-12-probability,mc,0,$\dfrac{1}{7}$,เจอแต่ไม่อยู่ท้าย,17,🟡 อาจเป็นการเอ่ยกลางทาง ⛔ ไม่ใช่ผลสรุป
chap-12-probability-q82,chap-12-probability,mc,1,$0.7$,เจอแต่ไม่อยู่ท้าย,17,🟡 อาจเป็นการเอ่ยกลางทาง ⛔ ไม่ใช่ผลสรุป
chap-12-probability-q83,chap-12-probability,mc,0,ก. และ ข. ถูกต้อง,เจอแต่ไม่อยู่ท้าย,22,🟡 อาจเป็นการเอ่ยกลางทาง ⛔ ไม่ใช่ผลสรุป
chap-12-probability-q84,chap-12-probability,mc,2,$\dfrac{1}{8}$,เจอแต่ไม่อยู่ท้าย,17,🟡 อาจเป็นการเอ่ยกลางทาง ⛔ ไม่ใช่ผลสรุป
chap-12-probability-q85,chap-12-probability,mc,0,$\dfrac{9}{316}$,เจอแต่ไม่อยู่ท้าย,20,🟡 อาจเป็นการเอ่ยกลางทาง ⛔ ไม่ใช่ผลสรุป
chap-12-probability-q86,chap-12-probability,fill,'0.64',0.64,เจอแต่ไม่อยู่ท้าย,22,🟡 อาจเป็นการเอ่ยกลางทาง ⛔ ไม่ใช่ผลสรุป
chap-12-probability-q87,chap-12-probability,mc,1,$\dfrac{3}{10}$,เจอแต่ไม่อยู่ท้าย,17,🟡 อาจเป็นการเอ่ยกลางทาง ⛔ ไม่ใช่ผลสรุป
chap-12-probability-q88,chap-12-probability,mc,1,$\dfrac{120}{625}$,เจอแต่ไม่อยู่ท้าย,17,🟡 อาจเป็นการเอ่ยกลางทาง ⛔ ไม่ใช่ผลสรุป
chap-12-probability-q89,chap-12-probability,mc,3,$84$,เจอแต่ไม่อยู่ท้าย,22,🟡 อาจเป็นการเอ่ยกลางทาง ⛔ ไม่ใช่ผลสรุป
chap-12-probability-q90,chap-12-probability,fill,'960',960,เจอแต่ไม่อยู่ท้าย,17,🟡 อาจเป็นการเอ่ยกลางทาง ⛔ ไม่ใช่ผลสรุป
chap-12-probability-q91,chap-12-probability,mc,1,$0.51$,เจอแต่ไม่อยู่ท้าย,20,🟡 อาจเป็นการเอ่ยกลางทาง ⛔ ไม่ใช่ผลสรุป
chap-12-probability-q92,chap-12-probability,mc,3,$\dfrac{13}{25}$,เจอแต่ไม่อยู่ท้าย,18,🟡 อาจเป็นการเอ่ยกลางทาง ⛔ ไม่ใช่ผลสรุป
chap-12-probability-q93,chap-12-probability,mc,1,$\dfrac{62}{100}$,เจอแต่ไม่อยู่ท้าย,20,🟡 อาจเป็นการเอ่ยกลางทาง ⛔ ไม่ใช่ผลสรุป
chap-12-probability-q94,chap-12-probability,mc,2,$\dfrac{19}{100}$,เจอแต่ไม่อยู่ท้าย,21,🟡 อาจเป็นการเอ่ยกลางทาง ⛔ ไม่ใช่ผลสรุป
chap-12-probability-q95,chap-12-probability,fill,'0.6',0.6,เจอแต่ไม่อยู่ท้าย,20,🟡 อาจเป็นการเอ่ยกลางทาง ⛔ ไม่ใช่ผลสรุป
chap-12-probability-q96,chap-12-probability,mc,0,$\dfrac{49}{54}$,เจอแต่ไม่อยู่ท้าย,19,🟡 อาจเป็นการเอ่ยกลางทาง ⛔ ไม่ใช่ผลสรุป
chap-12-probability-q97,chap-12-probability,mc,3,$\dfrac{2}{9}$,เจอแต่ไม่อยู่ท้าย,18,🟡 อาจเป็นการเอ่ยกลางทาง ⛔ ไม่ใช่ผลสรุป
chap-12-probability-q98,chap-12-probability,mc,0,$\dfrac{13}{180}$,เจอแต่ไม่อยู่ท้าย,18,🟡 อาจเป็นการเอ่ยกลางทาง ⛔ ไม่ใช่ผลสรุป
chap-12-probability-q99,chap-12-probability,fill,'0.75',0.75,เจอแต่ไม่อยู่ท้าย,19,🟡 อาจเป็นการเอ่ยกลางทาง ⛔ ไม่ใช่ผลสรุป
chap-12-probability-q100,chap-12-probability,mc,2,$25$ ครั้ง,เจอแต่ไม่อยู่ท้าย,18,🟡 อาจเป็นการเอ่ยกลางทาง ⛔ ไม่ใช่ผลสรุป
chap-12-probability-q101,chap-12-probability,mc,0,$\dfrac{1}{5}$,เจอแต่ไม่อยู่ท้าย,20,🟡 อาจเป็นการเอ่ยกลางทาง ⛔ ไม่ใช่ผลสรุป
chap-12-probability-q102,chap-12-probability,mc,2,$\dfrac{2}{10!}$,เจอแต่ไม่อยู่ท้าย,16,🟡 อาจเป็นการเอ่ยกลางทาง ⛔ ไม่ใช่ผลสรุป
chap-12-probability-q103,chap-12-probability,fill,'0.2',0.2,เจอแต่ไม่อยู่ท้าย,18,🟡 อาจเป็นการเอ่ยกลางทาง ⛔ ไม่ใช่ผลสรุป
chap-12-probability-q104,chap-12-probability,mc,0,$0.20$,เจอแต่ไม่อยู่ท้าย,20,🟡 อาจเป็นการเอ่ยกลางทาง ⛔ ไม่ใช่ผลสรุป
chap-12-probability-q105,chap-12-probability,mc,2,$\dfrac{1}{6}$,เจอแต่ไม่อยู่ท้าย,17,🟡 อาจเป็นการเอ่ยกลางทาง ⛔ ไม่ใช่ผลสรุป
chap-12-probability-q106,chap-12-probability,mc,0,$\dfrac{1}{5}$,เจอแต่ไม่อยู่ท้าย,18,🟡 อาจเป็นการเอ่ยกลางทาง ⛔ ไม่ใช่ผลสรุป
chap-12-probability-q107,chap-12-probability,mc,0,$\dfrac{2}{9}$,เจอแต่ไม่อยู่ท้าย,17,🟡 อาจเป็นการเอ่ยกลางทาง ⛔ ไม่ใช่ผลสรุป
chap-12-probability-q108,chap-12-probability,mc,1,$\dfrac{2}{19}$,เจอแต่ไม่อยู่ท้าย,17,🟡 อาจเป็นการเอ่ยกลางทาง ⛔ ไม่ใช่ผลสรุป
chap-12-probability-q109,chap-12-probability,mc,1,$\dfrac{5}{21}$,เจอแต่ไม่อยู่ท้าย,17,🟡 อาจเป็นการเอ่ยกลางทาง ⛔ ไม่ใช่ผลสรุป
chap-12-probability-q111,chap-12-probability,mc,4,ถูกทั้งข้อ 1. ข้อ 2. และข้อ 3.,เจอแต่ไม่อยู่ท้าย,18,🟡 อาจเป็นการเอ่ยกลางทาง ⛔ ไม่ใช่ผลสรุป
chap-12-probability-q112,chap-12-probability,mc,4,$\dfrac{7}{15}$,เจอแต่ไม่อยู่ท้าย,17,🟡 อาจเป็นการเอ่ยกลางทาง ⛔ ไม่ใช่ผลสรุป
chap-12-probability-q113,chap-12-probability,mc,1,$\dfrac{8}{15}$,เจอแต่ไม่อยู่ท้าย,17,🟡 อาจเป็นการเอ่ยกลางทาง ⛔ ไม่ใช่ผลสรุป
chap-12-probability-q114,chap-12-probability,mc,2,$\dfrac{3}{11}$,เจอแต่ไม่อยู่ท้าย,17,🟡 อาจเป็นการเอ่ยกลางทาง ⛔ ไม่ใช่ผลสรุป
chap-12-probability-q115,chap-12-probability,mc,0,$\dfrac{1}{70}$,เจอแต่ไม่อยู่ท้าย,18,🟡 อาจเป็นการเอ่ยกลางทาง ⛔ ไม่ใช่ผลสรุป
chap-12-probability-q116,chap-12-probability,mc,1,$\dfrac{14}{66}$,เจอแต่ไม่อยู่ท้าย,20,🟡 อาจเป็นการเอ่ยกลางทาง ⛔ ไม่ใช่ผลสรุป
chap-12-probability-q117,chap-12-probability,mc,0,$\dfrac{17}{190}$,เจอแต่ไม่อยู่ท้าย,21,🟡 อาจเป็นการเอ่ยกลางทาง ⛔ ไม่ใช่ผลสรุป
chap-12-probability-q118,chap-12-probability,mc,2,$\dfrac{9}{15}$,เจอแต่ไม่อยู่ท้าย,21,🟡 อาจเป็นการเอ่ยกลางทาง ⛔ ไม่ใช่ผลสรุป
chap-12-probability-q119,chap-12-probability,mc,3,$\dfrac{15}{24}$,เจอแต่ไม่อยู่ท้าย,23,🟡 อาจเป็นการเอ่ยกลางทาง ⛔ ไม่ใช่ผลสรุป
chap-12-probability-q120,chap-12-probability,mc,0,$\dfrac{6}{7}$,เจอแต่ไม่อยู่ท้าย,21,🟡 อาจเป็นการเอ่ยกลางทาง ⛔ ไม่ใช่ผลสรุป
chap-12-probability-q121,chap-12-probability,mc,0,$\dfrac{72}{425}$,เจอแต่ไม่อยู่ท้าย,22,🟡 อาจเป็นการเอ่ยกลางทาง ⛔ ไม่ใช่ผลสรุป
chap-12-probability-q122,chap-12-probability,mc,0,$\dfrac{1}{60}$,เจอแต่ไม่อยู่ท้าย,18,🟡 อาจเป็นการเอ่ยกลางทาง ⛔ ไม่ใช่ผลสรุป
chap-12-probability-q123,chap-12-probability,fill,'0.48',0.48,เจอแต่ไม่อยู่ท้าย,25,🟡 อาจเป็นการเอ่ยกลางทาง ⛔ ไม่ใช่ผลสรุป
chap-12-probability-q124,chap-12-probability,mc,0,$\dfrac{1}{35}$,เจอแต่ไม่อยู่ท้าย,20,🟡 อาจเป็นการเอ่ยกลางทาง ⛔ ไม่ใช่ผลสรุป
chap-12-probability-q125,chap-12-probability,mc,2,$\dfrac{4}{15}$,เจอแต่ไม่อยู่ท้าย,21,🟡 อาจเป็นการเอ่ยกลางทาง ⛔ ไม่ใช่ผลสรุป
chap-12-probability-q126,chap-12-probability,mc,2,$\dfrac{5}{28}$,เจอแต่ไม่อยู่ท้าย,20,🟡 อาจเป็นการเอ่ยกลางทาง ⛔ ไม่ใช่ผลสรุป
chap-12-probability-q127,chap-12-probability,mc,0,$\dfrac{8}{35}$,เจอแต่ไม่อยู่ท้าย,20,🟡 อาจเป็นการเอ่ยกลางทาง ⛔ ไม่ใช่ผลสรุป
chap-12-probability-q128,chap-12-probability,mc,3,$\dfrac{92}{99}$,เจอแต่ไม่อยู่ท้าย,18,🟡 อาจเป็นการเอ่ยกลางทาง ⛔ ไม่ใช่ผลสรุป
chap-12-probability-q129,chap-12-probability,mc,2,$\dfrac{9}{14}$,เจอแต่ไม่อยู่ท้าย,20,🟡 อาจเป็นการเอ่ยกลางทาง ⛔ ไม่ใช่ผลสรุป
chap-12-probability-q130,chap-12-probability,mc,1,$\dfrac{20}{21}$,เจอแต่ไม่อยู่ท้าย,18,🟡 อาจเป็นการเอ่ยกลางทาง ⛔ ไม่ใช่ผลสรุป
chap-12-probability-q131,chap-12-probability,mc,3,$\dfrac{3}{4}$,เจอแต่ไม่อยู่ท้าย,19,🟡 อาจเป็นการเอ่ยกลางทาง ⛔ ไม่ใช่ผลสรุป
chap-12-probability-q132,chap-12-probability,mc,1,$0.80$,เจอแต่ไม่อยู่ท้าย,18,🟡 อาจเป็นการเอ่ยกลางทาง ⛔ ไม่ใช่ผลสรุป
chap-12-probability-q133,chap-12-probability,mc,0,$\dfrac{54}{78}$,เจอแต่ไม่อยู่ท้าย,18,🟡 อาจเป็นการเอ่ยกลางทาง ⛔ ไม่ใช่ผลสรุป
chap-12-probability-q134,chap-12-probability,mc,4,ไม่มีคำตอบที่ถูกต้อง,เจอแต่ไม่อยู่ท้าย,18,🟡 อาจเป็นการเอ่ยกลางทาง ⛔ ไม่ใช่ผลสรุป
chap-12-probability-q135,chap-12-probability,mc,1,$\dfrac{15}{35}$,เจอแต่ไม่อยู่ท้าย,20,🟡 อาจเป็นการเอ่ยกลางทาง ⛔ ไม่ใช่ผลสรุป
chap-12-probability-q136,chap-12-probability,mc,1,$\dfrac{31}{70}$,เจอแต่ไม่อยู่ท้าย,23,🟡 อาจเป็นการเอ่ยกลางทาง ⛔ ไม่ใช่ผลสรุป
chap-12-probability-q137,chap-12-probability,fill,'0.55',0.55,เจอแต่ไม่อยู่ท้าย,20,🟡 อาจเป็นการเอ่ยกลางทาง ⛔ ไม่ใช่ผลสรุป
chap-12-probability-q138,chap-12-probability,mc,1,$\dfrac{5}{7}$,เจอแต่ไม่อยู่ท้าย,21,🟡 อาจเป็นการเอ่ยกลางทาง ⛔ ไม่ใช่ผลสรุป
chap-12-probability-q139,chap-12-probability,mc,3,$\dfrac{13}{16}$,เจอแต่ไม่อยู่ท้าย,24,🟡 อาจเป็นการเอ่ยกลางทาง ⛔ ไม่ใช่ผลสรุป
chap-12-probability-q140,chap-12-probability,mc,0,$\dfrac{75}{120}$,เจอแต่ไม่อยู่ท้าย,23,🟡 อาจเป็นการเอ่ยกลางทาง ⛔ ไม่ใช่ผลสรุป
chap-12-probability-q141,chap-12-probability,mc,1,ข. ถูกต้อง,เจอแต่ไม่อยู่ท้าย,22,🟡 อาจเป็นการเอ่ยกลางทาง ⛔ ไม่ใช่ผลสรุป
chap-12-probability-q142,chap-12-probability,mc,2,$\dfrac{7}{9}$,เจอแต่ไม่อยู่ท้าย,20,🟡 อาจเป็นการเอ่ยกลางทาง ⛔ ไม่ใช่ผลสรุป
chap-12-probability-q143,chap-12-probability,mc,1,$\dfrac{8}{15}$,เจอแต่ไม่อยู่ท้าย,22,🟡 อาจเป็นการเอ่ยกลางทาง ⛔ ไม่ใช่ผลสรุป
chap-12-probability-q144,chap-12-probability,mc,3,ความน่าจะเป็นที่จะโยนเหรียญ $1$ อัน $3$ ครั้ง ให้ได้หัว $1$ ครั้ง มีค่าเท่ากับ $,ไม่เจอเลย,22,🔴 คำตอบไม่ปรากฏในเฉลยเลย
chap-12-probability-q145,chap-12-probability,mc,2,ถูกเฉพาะข้อ ก. และ ค.,เจอแต่ไม่อยู่ท้าย,30,🟡 อาจเป็นการเอ่ยกลางทาง ⛔ ไม่ใช่ผลสรุป
chap-12-probability-q146,chap-12-probability,mc,2,"ต้องการสร้างจำนวนที่มี $3$ หลัก โดยใช้ตัวเลข $1,2,3,4,5,6$ (ไม่ใช้ตัวเลขซ้ำ) ให้",ไม่เจอเลย,25,🔴 คำตอบไม่ปรากฏในเฉลยเลย
chap-12-probability-q147,chap-12-probability,mc,2,ก. และ ง. ถูก,เจอแต่ไม่อยู่ท้าย,23,🟡 อาจเป็นการเอ่ยกลางทาง ⛔ ไม่ใช่ผลสรุป
chap-12-probability-q148,chap-12-probability,fill,'0.9',0.9,เจอแต่ไม่อยู่ท้าย,18,🟡 อาจเป็นการเอ่ยกลางทาง ⛔ ไม่ใช่ผลสรุป
chap-12-probability-q149,chap-12-probability,mc,1,$0.3$,เจอแต่ไม่อยู่ท้าย,20,🟡 อาจเป็นการเอ่ยกลางทาง ⛔ ไม่ใช่ผลสรุป
chap-12-probability-q150,chap-12-probability,mc,1,$180$ ครอบครัว,เจอแต่ไม่อยู่ท้าย,19,🟡 อาจเป็นการเอ่ยกลางทาง ⛔ ไม่ใช่ผลสรุป
chap-12-probability-q151,chap-12-probability,fill,'0.38',0.38,เจอแต่ไม่อยู่ท้าย,22,🟡 อาจเป็นการเอ่ยกลางทาง ⛔ ไม่ใช่ผลสรุป
chap-12-probability-q152,chap-12-probability,mc,3,$\dfrac{5}{36}$,เจอแต่ไม่อยู่ท้าย,20,🟡 อาจเป็นการเอ่ยกลางทาง ⛔ ไม่ใช่ผลสรุป
chap-12-probability-q153,chap-12-probability,mc,0,$\dfrac{2}{3}$,เจอแต่ไม่อยู่ท้าย,19,🟡 อาจเป็นการเอ่ยกลางทาง ⛔ ไม่ใช่ผลสรุป
chap-12-probability-q154,chap-12-probability,mc,2,$\dfrac{3}{5}$,เจอแต่ไม่อยู่ท้าย,19,🟡 อาจเป็นการเอ่ยกลางทาง ⛔ ไม่ใช่ผลสรุป
chap-12-probability-q155,chap-12-probability,mc,0,"$P(A)=\dfrac{1}{3}$, $P(B)=\dfrac{5}{6}$, $P(A\cap B)=\dfrac{1}{6}$",ไม่เจอเลย,30,🔴 คำตอบไม่ปรากฏในเฉลยเลย
chap-12-probability-q156,chap-12-probability,fill,'20',20,เจอแต่ไม่อยู่ท้าย,19,🟡 อาจเป็นการเอ่ยกลางทาง ⛔ ไม่ใช่ผลสรุป
chap-12-probability-q158,chap-12-probability,mc,3,$180$,เจอแต่ไม่อยู่ท้าย,22,🟡 อาจเป็นการเอ่ยกลางทาง ⛔ ไม่ใช่ผลสรุป
chap-12-probability-q159,chap-12-probability,fill,'192',192,เจอแต่ไม่อยู่ท้าย,22,🟡 อาจเป็นการเอ่ยกลางทาง ⛔ ไม่ใช่ผลสรุป
chap-12-probability-q160,chap-12-probability,fill,'4200',4200,เจอแต่ไม่อยู่ท้าย,24,🟡 อาจเป็นการเอ่ยกลางทาง ⛔ ไม่ใช่ผลสรุป
chap-12-probability-q162,chap-12-probability,mc,1,$360$ วิธี,เจอแต่ไม่อยู่ท้าย,21,🟡 อาจเป็นการเอ่ยกลางทาง ⛔ ไม่ใช่ผลสรุป
chap-12-probability-q164,chap-12-probability,fill,'1287',1287,เจอแต่ไม่อยู่ท้าย,23,🟡 อาจเป็นการเอ่ยกลางทาง ⛔ ไม่ใช่ผลสรุป
chap-12-probability-q165,chap-12-probability,fill,'8852',8852,เจอแต่ไม่อยู่ท้าย,26,🟡 อาจเป็นการเอ่ยกลางทาง ⛔ ไม่ใช่ผลสรุป
chap-12-probability-q167,chap-12-probability,fill,'60',60,เจอแต่ไม่อยู่ท้าย,20,🟡 อาจเป็นการเอ่ยกลางทาง ⛔ ไม่ใช่ผลสรุป
chap-12-probability-q168,chap-12-probability,fill,'360',360,เจอแต่ไม่อยู่ท้าย,20,🟡 อาจเป็นการเอ่ยกลางทาง ⛔ ไม่ใช่ผลสรุป
chap-12-probability-q169,chap-12-probability,mc,2,$27$ ครั้ง,เจอแต่ไม่อยู่ท้าย,21,🟡 อาจเป็นการเอ่ยกลางทาง ⛔ ไม่ใช่ผลสรุป
chap-12-probability-q170,chap-12-probability,mc,0,$20$ วิธี,เจอแต่ไม่อยู่ท้าย,18,🟡 อาจเป็นการเอ่ยกลางทาง ⛔ ไม่ใช่ผลสรุป
chap-12-probability-q171,chap-12-probability,fill,'14850',14850,เจอแต่ไม่อยู่ท้าย,20,🟡 อาจเป็นการเอ่ยกลางทาง ⛔ ไม่ใช่ผลสรุป
chap-12-probability-q172,chap-12-probability,mc,3,$333$,เจอแต่ไม่อยู่ท้าย,27,🟡 อาจเป็นการเอ่ยกลางทาง ⛔ ไม่ใช่ผลสรุป
chap-12-probability-q173,chap-12-probability,fill,'5439',5439,เจอแต่ไม่อยู่ท้าย,26,🟡 อาจเป็นการเอ่ยกลางทาง ⛔ ไม่ใช่ผลสรุป
chap-12-probability-q174,chap-12-probability,mc,2,"$7{,}920$",เจอแต่ไม่อยู่ท้าย,28,🟡 อาจเป็นการเอ่ยกลางทาง ⛔ ไม่ใช่ผลสรุป
chap-12-probability-q175,chap-12-probability,mc,2,$126$ วิธี,เจอแต่ไม่อยู่ท้าย,25,🟡 อาจเป็นการเอ่ยกลางทาง ⛔ ไม่ใช่ผลสรุป
chap-13-calculus-q01,chap-13-calculus,fill,'0.5',0.5,เจอแต่ไม่อยู่ท้าย,20,🟡 อาจเป็นการเอ่ยกลางทาง ⛔ ไม่ใช่ผลสรุป
chap-13-calculus-q04,chap-13-calculus,mc,0,$\displaystyle\lim_{x\to-3}f(x)=0$ และ $\displaystyle\lim_{x\to 3}f(x)$ หาค่าไม่,ไม่เจอเลย,22,🔴 คำตอบไม่ปรากฏในเฉลยเลย
chap-13-calculus-q05,chap-13-calculus,mc,3,$\displaystyle\lim_{x\to1^{-}}f(x)+\lim_{x\to1^{+}}f(x)=-2$,ไม่เจอเลย,23,🔴 คำตอบไม่ปรากฏในเฉลยเลย
chap-13-calculus-q06,chap-13-calculus,mc,1,ก. ถูก ข. ผิด,เจอแต่ไม่อยู่ท้าย,24,🟡 อาจเป็นการเอ่ยกลางทาง ⛔ ไม่ใช่ผลสรุป
chap-13-calculus-q07,chap-13-calculus,mc,0,$\displaystyle\lim_{x\to0}f(x)=\dfrac{1}{4}$,เจอแต่ไม่อยู่ท้าย,20,🟡 อาจเป็นการเอ่ยกลางทาง ⛔ ไม่ใช่ผลสรุป
chap-13-calculus-q08,chap-13-calculus,mc,2,$\dfrac{1}{2}$,เจอแต่ไม่อยู่ท้าย,23,🟡 อาจเป็นการเอ่ยกลางทาง ⛔ ไม่ใช่ผลสรุป
chap-13-calculus-q09,chap-13-calculus,mc,0,$\dfrac{3}{2}$,เจอแต่ไม่อยู่ท้าย,24,🟡 อาจเป็นการเอ่ยกลางทาง ⛔ ไม่ใช่ผลสรุป
chap-13-calculus-q10,chap-13-calculus,mc,0,ก. ถูก และ ข. ถูก,ไม่เจอเลย,24,🔴 คำตอบไม่ปรากฏในเฉลยเลย
chap-13-calculus-q11,chap-13-calculus,mc,1,$3$,เจอแต่ไม่อยู่ท้าย,26,🟡 อาจเป็นการเอ่ยกลางทาง ⛔ ไม่ใช่ผลสรุป
chap-13-calculus-q12,chap-13-calculus,mc,0,$-\dfrac{4}{3}$,เจอแต่ไม่อยู่ท้าย,22,🟡 อาจเป็นการเอ่ยกลางทาง ⛔ ไม่ใช่ผลสรุป
chap-13-calculus-q13,chap-13-calculus,mc,0,$h$ ไม่ต่อเนื่องที่ $x=1$ แต่ต่อเนื่องที่ $x=2$,ไม่เจอเลย,21,🔴 คำตอบไม่ปรากฏในเฉลยเลย
chap-13-calculus-q14,chap-13-calculus,mc,1,$f$ เป็นฟังก์ชันต่อเนื่องที่ทุกจุดใน $\mathbb{R}$ ยกเว้นที่จุด $x=3$,ไม่เจอเลย,21,🔴 คำตอบไม่ปรากฏในเฉลยเลย
chap-13-calculus-q15,chap-13-calculus,mc,1,ก. ถูก และ ข. ผิด,ไม่เจอเลย,21,🔴 คำตอบไม่ปรากฏในเฉลยเลย
chap-13-calculus-q16,chap-13-calculus,mc,0,"ก. ถูก, ข. ถูก",เจอแต่ไม่อยู่ท้าย,23,🟡 อาจเป็นการเอ่ยกลางทาง ⛔ ไม่ใช่ผลสรุป
chap-13-calculus-q17,chap-13-calculus,mc,3,$h$ ไม่ต่อเนื่องที่จุด $x=1$ และ $\displaystyle\lim_{x\to1}h(x)=4$,ไม่เจอเลย,20,🔴 คำตอบไม่ปรากฏในเฉลยเลย
chap-13-calculus-q18,chap-13-calculus,mc,0,ก. ถูก และ ข. ถูก,ไม่เจอเลย,21,🔴 คำตอบไม่ปรากฏในเฉลยเลย
chap-13-calculus-q19,chap-13-calculus,mc,1,$-14$,เจอแต่ไม่อยู่ท้าย,27,🟡 อาจเป็นการเอ่ยกลางทาง ⛔ ไม่ใช่ผลสรุป
chap-13-calculus-q21,chap-13-calculus,mc,2,$6$,เจอแต่ไม่อยู่ท้าย,20,🟡 อาจเป็นการเอ่ยกลางทาง ⛔ ไม่ใช่ผลสรุป
chap-13-calculus-q22,chap-13-calculus,mc,3,"$a=-1,\ b=3$",เจอแต่ไม่อยู่ท้าย,23,🟡 อาจเป็นการเอ่ยกลางทาง ⛔ ไม่ใช่ผลสรุป
chap-13-calculus-q23,chap-13-calculus,mc,1,$f(-1)=-3$ และ $f(1)=-1$,เจอแต่ไม่อยู่ท้าย,21,🟡 อาจเป็นการเอ่ยกลางทาง ⛔ ไม่ใช่ผลสรุป
chap-13-calculus-q24,chap-13-calculus,mc,1,$\dfrac{1}{x(x+h)}$,เจอแต่ไม่อยู่ท้าย,20,🟡 อาจเป็นการเอ่ยกลางทาง ⛔ ไม่ใช่ผลสรุป
chap-13-calculus-q26,chap-13-calculus,mc,0,$\dfrac{3}{2x}+x$,เจอแต่ไม่อยู่ท้าย,18,🟡 อาจเป็นการเอ่ยกลางทาง ⛔ ไม่ใช่ผลสรุป
chap-13-calculus-q27,chap-13-calculus,mc,1,$5\ln 2$,เจอแต่ไม่อยู่ท้าย,20,🟡 อาจเป็นการเอ่ยกลางทาง ⛔ ไม่ใช่ผลสรุป
chap-13-calculus-q29,chap-13-calculus,mc,0,"$-12,\,-6$",เจอแต่ไม่อยู่ท้าย,27,🟡 อาจเป็นการเอ่ยกลางทาง ⛔ ไม่ใช่ผลสรุป
chap-13-calculus-q30,chap-13-calculus,mc,3,"$(2,-6)$",เจอแต่ไม่อยู่ท้าย,20,🟡 อาจเป็นการเอ่ยกลางทาง ⛔ ไม่ใช่ผลสรุป
chap-13-calculus-q31,chap-13-calculus,mc,0,$13$,เจอแต่ไม่อยู่ท้าย,20,🟡 อาจเป็นการเอ่ยกลางทาง ⛔ ไม่ใช่ผลสรุป
chap-13-calculus-q32,chap-13-calculus,mc,1,$4y-x=13$,เจอแต่ไม่อยู่ท้าย,26,🟡 อาจเป็นการเอ่ยกลางทาง ⛔ ไม่ใช่ผลสรุป
chap-13-calculus-q33,chap-13-calculus,mc,3,ถ้าสมการของ $L$ ไม่ใช่ $y-2=x-1$ แล้วสมการของ $L$ คือ $y+2=-(x-1)$,ไม่เจอเลย,31,🔴 คำตอบไม่ปรากฏในเฉลยเลย
chap-13-calculus-q34,chap-13-calculus,mc,3,ความชัน $-1$ และสมการเป็น $y=x+1$,ไม่เจอเลย,22,🔴 คำตอบไม่ปรากฏในเฉลยเลย
chap-13-calculus-q35,chap-13-calculus,mc,0,$3x+6y-8=0$ และ $x+2y-10=0$,เจอแต่ไม่อยู่ท้าย,27,🟡 อาจเป็นการเอ่ยกลางทาง ⛔ ไม่ใช่ผลสรุป
chap-13-calculus-q36,chap-13-calculus,mc,3,"$(1,-1)$ และ $(49,-7)$",เจอแต่ไม่อยู่ท้าย,29,🟡 อาจเป็นการเอ่ยกลางทาง ⛔ ไม่ใช่ผลสรุป
chap-13-calculus-q37,chap-13-calculus,mc,3,"$2x-y-1=0,\ 2x-y+3=0$",เจอแต่ไม่อยู่ท้าย,25,🟡 อาจเป็นการเอ่ยกลางทาง ⛔ ไม่ใช่ผลสรุป
chap-13-calculus-q38,chap-13-calculus,mc,0,$-\dfrac{1}{5}$,เจอแต่ไม่อยู่ท้าย,25,🟡 อาจเป็นการเอ่ยกลางทาง ⛔ ไม่ใช่ผลสรุป
chap-13-calculus-q39,chap-13-calculus,mc,3,$\dfrac{20}{\sqrt{29}}$,เจอแต่ไม่อยู่ท้าย,26,🟡 อาจเป็นการเอ่ยกลางทาง ⛔ ไม่ใช่ผลสรุป
chap-13-calculus-q41,chap-13-calculus,mc,3,$\dfrac{9}{4}$,เจอแต่ไม่อยู่ท้าย,21,🟡 อาจเป็นการเอ่ยกลางทาง ⛔ ไม่ใช่ผลสรุป
chap-13-calculus-q42,chap-13-calculus,mc,1,ถ้า $f(x)=a^{x}$ เมื่อ $a > 0$ แล้ว $f'(x) > 0$,ไม่เจอเลย,23,🔴 คำตอบไม่ปรากฏในเฉลยเลย
chap-13-calculus-q43,chap-13-calculus,mc,0,"$\left(0,\dfrac{1}{16}\right]$",เจอแต่ไม่อยู่ท้าย,22,🟡 อาจเป็นการเอ่ยกลางทาง ⛔ ไม่ใช่ผลสรุป
chap-13-calculus-q44,chap-13-calculus,mc,1,"$(-2,0)\cup(2,\infty)$",เจอแต่ไม่อยู่ท้าย,28,🟡 อาจเป็นการเอ่ยกลางทาง ⛔ ไม่ใช่ผลสรุป
chap-13-calculus-q45,chap-13-calculus,mc,0,$\dfrac{41}{12}$,เจอแต่ไม่อยู่ท้าย,21,🟡 อาจเป็นการเอ่ยกลางทาง ⛔ ไม่ใช่ผลสรุป
chap-13-calculus-q46,chap-13-calculus,fill,'0.62',0.62,เจอแต่ไม่อยู่ท้าย,21,🟡 อาจเป็นการเอ่ยกลางทาง ⛔ ไม่ใช่ผลสรุป
chap-13-calculus-q47,chap-13-calculus,fill,'5',5,เจอแต่ไม่อยู่ท้าย,21,🟡 อาจเป็นการเอ่ยกลางทาง ⛔ ไม่ใช่ผลสรุป
chap-13-calculus-q48,chap-13-calculus,mc,0,$11$,เจอแต่ไม่อยู่ท้าย,23,🟡 อาจเป็นการเอ่ยกลางทาง ⛔ ไม่ใช่ผลสรุป
chap-13-calculus-q49,chap-13-calculus,mc,0,$-2$,เจอแต่ไม่อยู่ท้าย,20,🟡 อาจเป็นการเอ่ยกลางทาง ⛔ ไม่ใช่ผลสรุป
chap-13-calculus-q50,chap-13-calculus,mc,1,$-2$,เจอแต่ไม่อยู่ท้าย,21,🟡 อาจเป็นการเอ่ยกลางทาง ⛔ ไม่ใช่ผลสรุป
chap-13-calculus-q51,chap-13-calculus,mc,0,$\dfrac{3}{4}$,เจอแต่ไม่อยู่ท้าย,20,🟡 อาจเป็นการเอ่ยกลางทาง ⛔ ไม่ใช่ผลสรุป
chap-13-calculus-q53,chap-13-calculus,mc,2,$84$,เจอแต่ไม่อยู่ท้าย,23,🟡 อาจเป็นการเอ่ยกลางทาง ⛔ ไม่ใช่ผลสรุป
chap-13-calculus-q54,chap-13-calculus,mc,1,$\dfrac{5}{2}$,เจอแต่ไม่อยู่ท้าย,20,🟡 อาจเป็นการเอ่ยกลางทาง ⛔ ไม่ใช่ผลสรุป
chap-13-calculus-q55,chap-13-calculus,mc,1,$-2$,เจอแต่ไม่อยู่ท้าย,24,🟡 อาจเป็นการเอ่ยกลางทาง ⛔ ไม่ใช่ผลสรุป
chap-13-calculus-q56,chap-13-calculus,mc,0,$-16$,เจอแต่ไม่อยู่ท้าย,24,🟡 อาจเป็นการเอ่ยกลางทาง ⛔ ไม่ใช่ผลสรุป
chap-13-calculus-q58,chap-13-calculus,mc,0,$-38$,เจอแต่ไม่อยู่ท้าย,20,🟡 อาจเป็นการเอ่ยกลางทาง ⛔ ไม่ใช่ผลสรุป
chap-13-calculus-q59,chap-13-calculus,mc,1,ก. ถูก และ ข. ผิด,ไม่เจอเลย,18,🔴 คำตอบไม่ปรากฏในเฉลยเลย
chap-13-calculus-q60,chap-13-calculus,mc,3,$18x^{2}-16-\dfrac{2}{x^{3}}$,เจอแต่ไม่อยู่ท้าย,21,🟡 อาจเป็นการเอ่ยกลางทาง ⛔ ไม่ใช่ผลสรุป
chap-13-calculus-q61,chap-13-calculus,mc,1,$42x^{5}+90x^{4}+100x^{3}+84x^{2}+42x+10$,เจอแต่ไม่อยู่ท้าย,20,🟡 อาจเป็นการเอ่ยกลางทาง ⛔ ไม่ใช่ผลสรุป
chap-13-calculus-q62,chap-13-calculus,mc,0,$-\dfrac{7}{2}$,เจอแต่ไม่อยู่ท้าย,20,🟡 อาจเป็นการเอ่ยกลางทาง ⛔ ไม่ใช่ผลสรุป
chap-13-calculus-q63,chap-13-calculus,mc,0,$10x-27y+31=0$,เจอแต่ไม่อยู่ท้าย,20,🟡 อาจเป็นการเอ่ยกลางทาง ⛔ ไม่ใช่ผลสรุป
chap-13-calculus-q64,chap-13-calculus,fill,'0.1',0.1,เจอแต่ไม่อยู่ท้าย,20,🟡 อาจเป็นการเอ่ยกลางทาง ⛔ ไม่ใช่ผลสรุป
chap-13-calculus-q65,chap-13-calculus,mc,1,$\dfrac{3}{2}$,เจอแต่ไม่อยู่ท้าย,22,🟡 อาจเป็นการเอ่ยกลางทาง ⛔ ไม่ใช่ผลสรุป
chap-13-calculus-q66,chap-13-calculus,mc,0,$6$,เจอแต่ไม่อยู่ท้าย,21,🟡 อาจเป็นการเอ่ยกลางทาง ⛔ ไม่ใช่ผลสรุป
chap-13-calculus-q67,chap-13-calculus,mc,3,$7$,เจอแต่ไม่อยู่ท้าย,21,🟡 อาจเป็นการเอ่ยกลางทาง ⛔ ไม่ใช่ผลสรุป
chap-13-calculus-q68,chap-13-calculus,mc,1,$6$,เจอแต่ไม่อยู่ท้าย,20,🟡 อาจเป็นการเอ่ยกลางทาง ⛔ ไม่ใช่ผลสรุป
chap-13-calculus-q69,chap-13-calculus,mc,3,ต่ำสุดสัมพัทธ์,เจอแต่ไม่อยู่ท้าย,22,🟡 อาจเป็นการเอ่ยกลางทาง ⛔ ไม่ใช่ผลสรุป
chap-13-calculus-q70,chap-13-calculus,mc,2,$f$ มีค่าต่ำสุดสัมพัทธ์เท่ากับ $-\dfrac{9}{8}$ เมื่อ $x=-\dfrac{1}{8}$,ไม่เจอเลย,35,🔴 คำตอบไม่ปรากฏในเฉลยเลย
chap-13-calculus-q71,chap-13-calculus,mc,3,$f(x)$ ไม่มีค่าสูงสุดและไม่มีค่าต่ำสุด,ไม่เจอเลย,25,🔴 คำตอบไม่ปรากฏในเฉลยเลย
chap-13-calculus-q72,chap-13-calculus,mc,1,$\dfrac{1}{4}$,เจอแต่ไม่อยู่ท้าย,25,🟡 อาจเป็นการเอ่ยกลางทาง ⛔ ไม่ใช่ผลสรุป
chap-13-calculus-q73,chap-13-calculus,fill,'3',3,เจอแต่ไม่อยู่ท้าย,26,🟡 อาจเป็นการเอ่ยกลางทาง ⛔ ไม่ใช่ผลสรุป
chap-13-calculus-q74,chap-13-calculus,fill,'5',5,เจอแต่ไม่อยู่ท้าย,27,🟡 อาจเป็นการเอ่ยกลางทาง ⛔ ไม่ใช่ผลสรุป
chap-13-calculus-q75,chap-13-calculus,mc,3,$3.5$,เจอแต่ไม่อยู่ท้าย,23,🟡 อาจเป็นการเอ่ยกลางทาง ⛔ ไม่ใช่ผลสรุป
chap-13-calculus-q76,chap-13-calculus,mc,1,$f$ มีค่าสูงสุดสัมพัทธ์ที่จุด $a$ และมีค่าเท่ากับ $2$,ไม่เจอเลย,22,🔴 คำตอบไม่ปรากฏในเฉลยเลย
chap-13-calculus-q77,chap-13-calculus,mc,2,"$a=2,\ b=2$",เจอแต่ไม่อยู่ท้าย,29,🟡 อาจเป็นการเอ่ยกลางทาง ⛔ ไม่ใช่ผลสรุป
chap-13-calculus-q78,chap-13-calculus,mc,3,"$(5,\infty)$",เจอแต่ไม่อยู่ท้าย,24,🟡 อาจเป็นการเอ่ยกลางทาง ⛔ ไม่ใช่ผลสรุป
chap-13-calculus-q79,chap-13-calculus,mc,3,$55$,เจอแต่ไม่อยู่ท้าย,20,🟡 อาจเป็นการเอ่ยกลางทาง ⛔ ไม่ใช่ผลสรุป
chap-13-calculus-q80,chap-13-calculus,mc,0,"$(-3,1)$",เจอแต่ไม่อยู่ท้าย,23,🟡 อาจเป็นการเอ่ยกลางทาง ⛔ ไม่ใช่ผลสรุป
chap-13-calculus-q81,chap-13-calculus,mc,0,$f$ เป็นฟังก์ชันเพิ่ม,เจอแต่ไม่อยู่ท้าย,26,🟡 อาจเป็นการเอ่ยกลางทาง ⛔ ไม่ใช่ผลสรุป
chap-13-calculus-q82,chap-13-calculus,mc,3,"$(-2,0)$",เจอแต่ไม่อยู่ท้าย,24,🟡 อาจเป็นการเอ่ยกลางทาง ⛔ ไม่ใช่ผลสรุป
chap-13-calculus-q83,chap-13-calculus,mc,1,$x=-\dfrac{1}{3}$,เจอแต่ไม่อยู่ท้าย,26,🟡 อาจเป็นการเอ่ยกลางทาง ⛔ ไม่ใช่ผลสรุป
chap-13-calculus-q84,chap-13-calculus,mc,3,$28$,เจอแต่ไม่อยู่ท้าย,23,🟡 อาจเป็นการเอ่ยกลางทาง ⛔ ไม่ใช่ผลสรุป
chap-13-calculus-q86,chap-13-calculus,mc,1,"$2{,}000\le N < 4{,}000$",ไม่เจอเลย,20,🔴 คำตอบไม่ปรากฏในเฉลยเลย
chap-13-calculus-q87,chap-13-calculus,mc,0,$85$ หน่วย/เดือน,เจอแต่ไม่อยู่ท้าย,24,🟡 อาจเป็นการเอ่ยกลางทาง ⛔ ไม่ใช่ผลสรุป
chap-13-calculus-q88,chap-13-calculus,fill,'1200',1200,เจอแต่ไม่อยู่ท้าย,29,🟡 อาจเป็นการเอ่ยกลางทาง ⛔ ไม่ใช่ผลสรุป
chap-13-calculus-q89,chap-13-calculus,mc,2,ขายเมื่อสิ้นสัปดาห์ที่สิบ,เจอแต่ไม่อยู่ท้าย,28,🟡 อาจเป็นการเอ่ยกลางทาง ⛔ ไม่ใช่ผลสรุป
chap-13-calculus-q90,chap-13-calculus,mc,0,"$6{,}250$ บาร์เรล",เจอแต่ไม่อยู่ท้าย,24,🟡 อาจเป็นการเอ่ยกลางทาง ⛔ ไม่ใช่ผลสรุป
chap-13-calculus-q91,chap-13-calculus,mc,2,"$4{,}000$ ต้น",เจอแต่ไม่อยู่ท้าย,27,🟡 อาจเป็นการเอ่ยกลางทาง ⛔ ไม่ใช่ผลสรุป
chap-13-calculus-q92,chap-13-calculus,mc,2,$160$ ตารางเมตร,เจอแต่ไม่อยู่ท้าย,27,🟡 อาจเป็นการเอ่ยกลางทาง ⛔ ไม่ใช่ผลสรุป
chap-13-calculus-q93,chap-13-calculus,mc,0,"$16{,}000$ บาท",เจอแต่ไม่อยู่ท้าย,18,🟡 อาจเป็นการเอ่ยกลางทาง ⛔ ไม่ใช่ผลสรุป
chap-13-calculus-q94,chap-13-calculus,fill,'3',3,เจอแต่ไม่อยู่ท้าย,25,🟡 อาจเป็นการเอ่ยกลางทาง ⛔ ไม่ใช่ผลสรุป
chap-13-calculus-q95,chap-13-calculus,fill,'750',750,เจอแต่ไม่อยู่ท้าย,28,🟡 อาจเป็นการเอ่ยกลางทาง ⛔ ไม่ใช่ผลสรุป
chap-13-calculus-q97,chap-13-calculus,mc,2,$25$ ตารางเซนติเมตร,เจอแต่ไม่อยู่ท้าย,24,🟡 อาจเป็นการเอ่ยกลางทาง ⛔ ไม่ใช่ผลสรุป
chap-13-calculus-q98,chap-13-calculus,mc,3,$\dfrac{\sqrt{2}}{2}r$,เจอแต่ไม่อยู่ท้าย,28,🟡 อาจเป็นการเอ่ยกลางทาง ⛔ ไม่ใช่ผลสรุป
chap-13-calculus-q99,chap-13-calculus,mc,0,$\dfrac{7\sqrt{2}}{8}$ หน่วย,เจอแต่ไม่อยู่ท้าย,27,🟡 อาจเป็นการเอ่ยกลางทาง ⛔ ไม่ใช่ผลสรุป
chap-13-calculus-q100,chap-13-calculus,mc,2,$\dfrac{833}{4}$,เจอแต่ไม่อยู่ท้าย,23,🟡 อาจเป็นการเอ่ยกลางทาง ⛔ ไม่ใช่ผลสรุป
chap-13-calculus-q101,chap-13-calculus,mc,2,$f'(x)\ge0$ หรือ $f'(x)\le0$ แต่เพียงอย่างเดียว,ไม่เจอเลย,20,🔴 คำตอบไม่ปรากฏในเฉลยเลย
chap-13-calculus-q102,chap-13-calculus,mc,3,"$a=1,\ b=-2$",เจอแต่ไม่อยู่ท้าย,21,🟡 อาจเป็นการเอ่ยกลางทาง ⛔ ไม่ใช่ผลสรุป
chap-13-calculus-q103,chap-13-calculus,mc,1,ระยะที่ลูกปืนขึ้นไปได้สูงสุดคือ $256$ เมตร,ไม่เจอเลย,25,🔴 คำตอบไม่ปรากฏในเฉลยเลย
chap-13-calculus-q104,chap-13-calculus,mc,1,ลูกบอลขึ้นไปได้สูงสุด $44.1$ เมตรจากพื้นดิน,ไม่เจอเลย,26,🔴 คำตอบไม่ปรากฏในเฉลยเลย
chap-13-calculus-q105,chap-13-calculus,mc,1,เพิ่มขึ้นใน $2$ ชั่วโมงแรก และลดลงใน $2$ ชั่วโมงถัดมา แล้วเพิ่มขึ้นใน $2$ ชั่วโม,ไม่เจอเลย,23,🔴 คำตอบไม่ปรากฏในเฉลยเลย
chap-13-calculus-q106,chap-13-calculus,mc,0,ถ้า $f(x)=|x^{2}-4x+2|$ แล้ว $f'(1)=-2$,ไม่เจอเลย,25,🔴 คำตอบไม่ปรากฏในเฉลยเลย
chap-13-calculus-q107,chap-13-calculus,mc,4,ไม่มีข้อใดถูก,เจอแต่ไม่อยู่ท้าย,26,🟡 อาจเป็นการเอ่ยกลางทาง ⛔ ไม่ใช่ผลสรุป
chap-13-calculus-q108,chap-13-calculus,mc,2,"$t=1$: $\omega=-2$, $\alpha=-2$; $\quad t=3$: $\omega=6$, $\alpha=2$",ไม่เจอเลย,23,🔴 คำตอบไม่ปรากฏในเฉลยเลย
chap-13-calculus-q109,chap-13-calculus,mc,3,ไม่มีข้อใดถูก,เจอแต่ไม่อยู่ท้าย,20,🟡 อาจเป็นการเอ่ยกลางทาง ⛔ ไม่ใช่ผลสรุป
chap-13-calculus-q110,chap-13-calculus,mc,0,$5x^{3}+9x^{2}-10x+c$,เจอแต่ไม่อยู่ท้าย,20,🟡 อาจเป็นการเอ่ยกลางทาง ⛔ ไม่ใช่ผลสรุป
chap-13-calculus-q111,chap-13-calculus,mc,0,ถ้า $f'(x)=3\sqrt{x}+1$ และ $f(1)=0$ แล้ว $f(0)=-3$,ไม่เจอเลย,23,🔴 คำตอบไม่ปรากฏในเฉลยเลย
chap-13-calculus-q112,chap-13-calculus,mc,0,$f'(x)=(4x^{2}+1)(x-1)$,ไม่เจอเลย,20,🔴 คำตอบไม่ปรากฏในเฉลยเลย
chap-13-calculus-q113,chap-13-calculus,mc,0,"$(1,0)$",เจอแต่ไม่อยู่ท้าย,21,🟡 อาจเป็นการเอ่ยกลางทาง ⛔ ไม่ใช่ผลสรุป
chap-13-calculus-q115,chap-13-calculus,mc,1,$-9$,เจอแต่ไม่อยู่ท้าย,21,🟡 อาจเป็นการเอ่ยกลางทาง ⛔ ไม่ใช่ผลสรุป
chap-13-calculus-q116,chap-13-calculus,mc,2,ค่าต่ำสุดสัมพัทธ์ของ $f(x)$ น้อยกว่า $0$,ไม่เจอเลย,24,🔴 คำตอบไม่ปรากฏในเฉลยเลย
chap-13-calculus-q117,chap-13-calculus,mc,2,$6$,เจอแต่ไม่อยู่ท้าย,23,🟡 อาจเป็นการเอ่ยกลางทาง ⛔ ไม่ใช่ผลสรุป
chap-13-calculus-q118,chap-13-calculus,mc,1,$\dfrac{7}{3}$,เจอแต่ไม่อยู่ท้าย,21,🟡 อาจเป็นการเอ่ยกลางทาง ⛔ ไม่ใช่ผลสรุป
chap-13-calculus-q119,chap-13-calculus,mc,3,$4$,เจอแต่ไม่อยู่ท้าย,21,🟡 อาจเป็นการเอ่ยกลางทาง ⛔ ไม่ใช่ผลสรุป
chap-13-calculus-q120,chap-13-calculus,mc,0,$1$ และ $2$,เจอแต่ไม่อยู่ท้าย,22,🟡 อาจเป็นการเอ่ยกลางทาง ⛔ ไม่ใช่ผลสรุป
chap-13-calculus-q121,chap-13-calculus,mc,4,$y$ มีค่าต่ำสุดสัมพัทธ์เมื่อ $x=-3$ และมีค่าสูงสุดสัมพัทธ์เมื่อ $x=1$,ไม่เจอเลย,24,🔴 คำตอบไม่ปรากฏในเฉลยเลย
chap-13-calculus-q122,chap-13-calculus,mc,2,$y=\dfrac{x^{3}}{6}-\dfrac{x^{2}}{2}-\dfrac{x}{2}+\dfrac{1}{6}$,เจอแต่ไม่อยู่ท้าย,20,🟡 อาจเป็นการเอ่ยกลางทาง ⛔ ไม่ใช่ผลสรุป
chap-13-calculus-q123,chap-13-calculus,mc,0,$y=\dfrac{1}{2x}+\dfrac{3x}{2}+2$,เจอแต่ไม่อยู่ท้าย,23,🟡 อาจเป็นการเอ่ยกลางทาง ⛔ ไม่ใช่ผลสรุป
chap-13-calculus-q125,chap-13-calculus,mc,0,"กราฟผ่านจุด $(0,0)$",ไม่เจอเลย,25,🔴 คำตอบไม่ปรากฏในเฉลยเลย
chap-13-calculus-q126,chap-13-calculus,mc,0,$5$,เจอแต่ไม่อยู่ท้าย,24,🟡 อาจเป็นการเอ่ยกลางทาง ⛔ ไม่ใช่ผลสรุป
chap-13-calculus-q128,chap-13-calculus,mc,0,$\dfrac{23}{3}$,เจอแต่ไม่อยู่ท้าย,22,🟡 อาจเป็นการเอ่ยกลางทาง ⛔ ไม่ใช่ผลสรุป
chap-13-calculus-q129,chap-13-calculus,mc,3,$\dfrac{1}{3}$,เจอแต่ไม่อยู่ท้าย,26,🟡 อาจเป็นการเอ่ยกลางทาง ⛔ ไม่ใช่ผลสรุป
chap-13-calculus-q130,chap-13-calculus,mc,2,$13$,เจอแต่ไม่อยู่ท้าย,21,🟡 อาจเป็นการเอ่ยกลางทาง ⛔ ไม่ใช่ผลสรุป
chap-13-calculus-q131,chap-13-calculus,mc,0,$-4$,เจอแต่ไม่อยู่ท้าย,24,🟡 อาจเป็นการเอ่ยกลางทาง ⛔ ไม่ใช่ผลสรุป
chap-13-calculus-q132,chap-13-calculus,mc,2,"$37{,}425$ บาท",เจอแต่ไม่อยู่ท้าย,25,🟡 อาจเป็นการเอ่ยกลางทาง ⛔ ไม่ใช่ผลสรุป
chap-13-calculus-q133,chap-13-calculus,mc,1,"$4{,}500$ หน่วย",เจอแต่ไม่อยู่ท้าย,21,🟡 อาจเป็นการเอ่ยกลางทาง ⛔ ไม่ใช่ผลสรุป
chap-13-calculus-q134,chap-13-calculus,mc,2,$91$ เมตร,เจอแต่ไม่อยู่ท้าย,21,🟡 อาจเป็นการเอ่ยกลางทาง ⛔ ไม่ใช่ผลสรุป
chap-13-calculus-q135,chap-13-calculus,mc,0,"$6$ เมตร/วินาที, $16$ เมตร",เจอแต่ไม่อยู่ท้าย,23,🟡 อาจเป็นการเอ่ยกลางทาง ⛔ ไม่ใช่ผลสรุป
chap-13-calculus-q136,chap-13-calculus,fill,'46',46,เจอแต่ไม่อยู่ท้าย,22,🟡 อาจเป็นการเอ่ยกลางทาง ⛔ ไม่ใช่ผลสรุป
chap-13-calculus-q137,chap-13-calculus,mc,1,$14$,เจอแต่ไม่อยู่ท้าย,20,🟡 อาจเป็นการเอ่ยกลางทาง ⛔ ไม่ใช่ผลสรุป
chap-13-calculus-q138,chap-13-calculus,fill,'2.25',2.25,เจอแต่ไม่อยู่ท้าย,20,🟡 อาจเป็นการเอ่ยกลางทาง ⛔ ไม่ใช่ผลสรุป
chap-13-calculus-q139,chap-13-calculus,fill,'1.25',1.25,เจอแต่ไม่อยู่ท้าย,22,🟡 อาจเป็นการเอ่ยกลางทาง ⛔ ไม่ใช่ผลสรุป
chap-13-calculus-q140,chap-13-calculus,mc,2,$\dfrac{3}{2}$,เจอแต่ไม่อยู่ท้าย,21,🟡 อาจเป็นการเอ่ยกลางทาง ⛔ ไม่ใช่ผลสรุป
chap-13-calculus-q141,chap-13-calculus,mc,1,$7$,เจอแต่ไม่อยู่ท้าย,22,🟡 อาจเป็นการเอ่ยกลางทาง ⛔ ไม่ใช่ผลสรุป
chap-13-calculus-q142,chap-13-calculus,mc,1,$\dfrac{23}{4}$,เจอแต่ไม่อยู่ท้าย,29,🟡 อาจเป็นการเอ่ยกลางทาง ⛔ ไม่ใช่ผลสรุป
chap-13-calculus-q144,chap-13-calculus,mc,3,"$(6.2,\,6.3)$",เจอแต่ไม่อยู่ท้าย,25,🟡 อาจเป็นการเอ่ยกลางทาง ⛔ ไม่ใช่ผลสรุป
chap-13-calculus-q145,chap-13-calculus,mc,0,"$\left(0,\dfrac{4}{3}\right)$",เจอแต่ไม่อยู่ท้าย,22,🟡 อาจเป็นการเอ่ยกลางทาง ⛔ ไม่ใช่ผลสรุป
chap-13-calculus-q146,chap-13-calculus,mc,1,$10$,เจอแต่ไม่อยู่ท้าย,24,🟡 อาจเป็นการเอ่ยกลางทาง ⛔ ไม่ใช่ผลสรุป
chap-13-calculus-q147,chap-13-calculus,mc,2,$13$,เจอแต่ไม่อยู่ท้าย,24,🟡 อาจเป็นการเอ่ยกลางทาง ⛔ ไม่ใช่ผลสรุป
chap-13-calculus-q148,chap-13-calculus,mc,2,"$[19,25]$",เจอแต่ไม่อยู่ท้าย,20,🟡 อาจเป็นการเอ่ยกลางทาง ⛔ ไม่ใช่ผลสรุป
chap-13-calculus-q149,chap-13-calculus,mc,3,$-\dfrac{3}{2}$,เจอแต่ไม่อยู่ท้าย,23,🟡 อาจเป็นการเอ่ยกลางทาง ⛔ ไม่ใช่ผลสรุป
chap-13-calculus-q150,chap-13-calculus,mc,2,$-1$ หรือ $\dfrac{1}{2}$,เจอแต่ไม่อยู่ท้าย,21,🟡 อาจเป็นการเอ่ยกลางทาง ⛔ ไม่ใช่ผลสรุป
chap-13-calculus-q152,chap-13-calculus,mc,3,$\dfrac{5}{6}$ ตารางหน่วย,เจอแต่ไม่อยู่ท้าย,22,🟡 อาจเป็นการเอ่ยกลางทาง ⛔ ไม่ใช่ผลสรุป
chap-13-calculus-q153,chap-13-calculus,mc,2,ก. ผิด และ ข. ถูก,ไม่เจอเลย,24,🔴 คำตอบไม่ปรากฏในเฉลยเลย
chap-13-calculus-q154,chap-13-calculus,mc,0,$\dfrac{4}{3}$,เจอแต่ไม่อยู่ท้าย,25,🟡 อาจเป็นการเอ่ยกลางทาง ⛔ ไม่ใช่ผลสรุป
chap-13-calculus-q155,chap-13-calculus,mc,0,$33$,เจอแต่ไม่อยู่ท้าย,24,🟡 อาจเป็นการเอ่ยกลางทาง ⛔ ไม่ใช่ผลสรุป
chap-13-calculus-q156,chap-13-calculus,mc,2,$\dfrac{16}{3}$,เจอแต่ไม่อยู่ท้าย,27,🟡 อาจเป็นการเอ่ยกลางทาง ⛔ ไม่ใช่ผลสรุป
chap-13-calculus-q157,chap-13-calculus,mc,2,$\dfrac{72}{5}$,เจอแต่ไม่อยู่ท้าย,21,🟡 อาจเป็นการเอ่ยกลางทาง ⛔ ไม่ใช่ผลสรุป
chap-13-calculus-q158,chap-13-calculus,mc,0,ก. และ ข. ถูกทั้งคู่,เจอแต่ไม่อยู่ท้าย,24,🟡 อาจเป็นการเอ่ยกลางทาง ⛔ ไม่ใช่ผลสรุป
chap-13-calculus-q159,chap-13-calculus,mc,0,$105$,เจอแต่ไม่อยู่ท้าย,23,🟡 อาจเป็นการเอ่ยกลางทาง ⛔ ไม่ใช่ผลสรุป
chap-13-calculus-q161,chap-13-calculus,fill,'9',9,เจอแต่ไม่อยู่ท้าย,21,🟡 อาจเป็นการเอ่ยกลางทาง ⛔ ไม่ใช่ผลสรุป
chap-13-calculus-q162,chap-13-calculus,mc,0,"$(3,0)$",เจอแต่ไม่อยู่ท้าย,27,🟡 อาจเป็นการเอ่ยกลางทาง ⛔ ไม่ใช่ผลสรุป
chap-13-calculus-q163,chap-13-calculus,mc,1,$x=1$,เจอแต่ไม่อยู่ท้าย,23,🟡 อาจเป็นการเอ่ยกลางทาง ⛔ ไม่ใช่ผลสรุป
chap-13-calculus-q164,chap-13-calculus,fill,'128',128,เจอแต่ไม่อยู่ท้าย,25,🟡 อาจเป็นการเอ่ยกลางทาง ⛔ ไม่ใช่ผลสรุป
chap-13-calculus-q165,chap-13-calculus,mc,1,$3\sqrt{3}$,เจอแต่ไม่อยู่ท้าย,23,🟡 อาจเป็นการเอ่ยกลางทาง ⛔ ไม่ใช่ผลสรุป
chap-13-calculus-q166,chap-13-calculus,fill,'7',7,เจอแต่ไม่อยู่ท้าย,25,🟡 อาจเป็นการเอ่ยกลางทาง ⛔ ไม่ใช่ผลสรุป
chap-13-calculus-q167,chap-13-calculus,fill,'0.75',0.75,เจอแต่ไม่อยู่ท้าย,21,🟡 อาจเป็นการเอ่ยกลางทาง ⛔ ไม่ใช่ผลสรุป
chap-13-calculus-q168,chap-13-calculus,fill,'2/3',2/3,ไม่เจอเลย,20,🔴 คำตอบไม่ปรากฏในเฉลยเลย
chap-13-calculus-q169,chap-13-calculus,fill,'1.5',1.5,เจอแต่ไม่อยู่ท้าย,20,🟡 อาจเป็นการเอ่ยกลางทาง ⛔ ไม่ใช่ผลสรุป
chap-13-calculus-q170,chap-13-calculus,fill,'2',2,เจอแต่ไม่อยู่ท้าย,20,🟡 อาจเป็นการเอ่ยกลางทาง ⛔ ไม่ใช่ผลสรุป
chap-13-calculus-q171,chap-13-calculus,mc,0,$-2$,เจอแต่ไม่อยู่ท้าย,20,🟡 อาจเป็นการเอ่ยกลางทาง ⛔ ไม่ใช่ผลสรุป
chap-13-calculus-q172,chap-13-calculus,mc,3,$\dfrac{84}{25}$,เจอแต่ไม่อยู่ท้าย,21,🟡 อาจเป็นการเอ่ยกลางทาง ⛔ ไม่ใช่ผลสรุป
chap-13-calculus-q173,chap-13-calculus,fill,'ไม่มีค่า',ไม่มีค่า,เจอแต่ไม่อยู่ท้าย,20,🟡 อาจเป็นการเอ่ยกลางทาง ⛔ ไม่ใช่ผลสรุป
chap-13-calculus-q175,chap-13-calculus,mc,1,$B$,เจอแต่ไม่อยู่ท้าย,20,🟡 อาจเป็นการเอ่ยกลางทาง ⛔ ไม่ใช่ผลสรุป
chap-13-calculus-q176,chap-13-calculus,mc,1,$\displaystyle\lim_{x\to 2^{-}}f(x)=\lim_{x\to 2^{+}}f(x)=4$,ไม่เจอเลย,19,🔴 คำตอบไม่ปรากฏในเฉลยเลย
chap-13-calculus-q177,chap-13-calculus,mc,0,$-\dfrac{5}{4}$,เจอแต่ไม่อยู่ท้าย,23,🟡 อาจเป็นการเอ่ยกลางทาง ⛔ ไม่ใช่ผลสรุป
chap-13-calculus-q178,chap-13-calculus,mc,1,$5$,เจอแต่ไม่อยู่ท้าย,22,🟡 อาจเป็นการเอ่ยกลางทาง ⛔ ไม่ใช่ผลสรุป
chap-13-calculus-q179,chap-13-calculus,mc,2,ถ้า $f(1)=-4$ แล้ว $f$ ต่อเนื่องที่ $x=1$,เจอแต่ไม่อยู่ท้าย,26,🟡 อาจเป็นการเอ่ยกลางทาง ⛔ ไม่ใช่ผลสรุป
chap-13-calculus-q180,chap-13-calculus,fill,'ไม่ต่อเนื่องที่ x=0',ไม่ต่อเนื่องที่ x=0,เจอแต่ไม่อยู่ท้าย,20,🟡 อาจเป็นการเอ่ยกลางทาง ⛔ ไม่ใช่ผลสรุป
chap-13-calculus-q181,chap-13-calculus,fill,"'ทุกจุดในช่วง (0,1)'","ทุกจุดในช่วง (0,1)",เจอแต่ไม่อยู่ท้าย,20,🟡 อาจเป็นการเอ่ยกลางทาง ⛔ ไม่ใช่ผลสรุป
chap-13-calculus-q182,chap-13-calculus,fill,"'0.5, -1'","0.5, -1",ไม่เจอเลย,23,🔴 คำตอบไม่ปรากฏในเฉลยเลย
chap-13-calculus-q183,chap-13-calculus,mc,3,ข้อ ก. และ ข. เป็นเท็จ,ไม่เจอเลย,25,🔴 คำตอบไม่ปรากฏในเฉลยเลย
chap-13-calculus-q184,chap-13-calculus,mc,2,$7$,เจอแต่ไม่อยู่ท้าย,27,🟡 อาจเป็นการเอ่ยกลางทาง ⛔ ไม่ใช่ผลสรุป
chap-13-calculus-q185,chap-13-calculus,fill,'ไม่ต่อเนื่องจากด้านขวา (ต่อเนื่องจากด้านซ้าย)',ไม่ต่อเนื่องจากด้านขวา (ต่อเนื่องจากด้านซ้าย),เจอแต่ไม่อยู่ท้าย,22,🟡 อาจเป็นการเอ่ยกลางทาง ⛔ ไม่ใช่ผลสรุป
chap-13-calculus-q186,chap-13-calculus,fill,'K ต่อเนื่องทุกค่า t>0',K ต่อเนื่องทุกค่า t>0,ไม่เจอเลย,20,🔴 คำตอบไม่ปรากฏในเฉลยเลย
chap-13-calculus-q187,chap-13-calculus,fill,"'ก ถูก, ข ผิด'","ก ถูก, ข ผิด",เจอแต่ไม่อยู่ท้าย,18,🟡 อาจเป็นการเอ่ยกลางทาง ⛔ ไม่ใช่ผลสรุป
chap-13-calculus-q188,chap-13-calculus,fill,"'-1, 1'","-1, 1",ไม่เจอเลย,24,🔴 คำตอบไม่ปรากฏในเฉลยเลย
chap-13-calculus-q189,chap-13-calculus,mc,2,$-\dfrac{4}{3}$,เจอแต่ไม่อยู่ท้าย,21,🟡 อาจเป็นการเอ่ยกลางทาง ⛔ ไม่ใช่ผลสรุป
chap-13-calculus-q190,chap-13-calculus,mc,3,$12$,เจอแต่ไม่อยู่ท้าย,21,🟡 อาจเป็นการเอ่ยกลางทาง ⛔ ไม่ใช่ผลสรุป
chap-13-calculus-q191,chap-13-calculus,fill,'1/3',1/3,ไม่เจอเลย,21,🔴 คำตอบไม่ปรากฏในเฉลยเลย
chap-13-calculus-q192,chap-13-calculus,fill,'(2-3x^2)/sqrt(1-x^2)',(2-3x^2)/sqrt(1-x^2),ไม่เจอเลย,22,🔴 คำตอบไม่ปรากฏในเฉลยเลย
chap-13-calculus-q193,chap-13-calculus,mc,1,"$n!\,c$",เจอแต่ไม่อยู่ท้าย,20,🟡 อาจเป็นการเอ่ยกลางทาง ⛔ ไม่ใช่ผลสรุป
chap-13-calculus-q194,chap-13-calculus,mc,0,$2x^{2}\cos 2x+2x\sin 2x$,เจอแต่ไม่อยู่ท้าย,18,🟡 อาจเป็นการเอ่ยกลางทาง ⛔ ไม่ใช่ผลสรุป
chap-13-calculus-q195,chap-13-calculus,fill,'45/8',45/8,ไม่เจอเลย,23,🔴 คำตอบไม่ปรากฏในเฉลยเลย
chap-13-calculus-q196,chap-13-calculus,mc,3,ไม่มีข้อถูก,เจอแต่ไม่อยู่ท้าย,21,🟡 อาจเป็นการเอ่ยกลางทาง ⛔ ไม่ใช่ผลสรุป
chap-13-calculus-q198,chap-13-calculus,mc,0,$-4$,เจอแต่ไม่อยู่ท้าย,20,🟡 อาจเป็นการเอ่ยกลางทาง ⛔ ไม่ใช่ผลสรุป
chap-13-calculus-q199,chap-13-calculus,mc,2,$x=5.5$,เจอแต่ไม่อยู่ท้าย,21,🟡 อาจเป็นการเอ่ยกลางทาง ⛔ ไม่ใช่ผลสรุป
chap-13-calculus-q200,chap-13-calculus,mc,2,$5$,เจอแต่ไม่อยู่ท้าย,23,🟡 อาจเป็นการเอ่ยกลางทาง ⛔ ไม่ใช่ผลสรุป
chap-13-calculus-q201,chap-13-calculus,mc,1,"$(2,-1)$",เจอแต่ไม่อยู่ท้าย,25,🟡 อาจเป็นการเอ่ยกลางทาง ⛔ ไม่ใช่ผลสรุป
chap-13-calculus-q202,chap-13-calculus,mc,2,$8x+2y-9=0$,เจอแต่ไม่อยู่ท้าย,23,🟡 อาจเป็นการเอ่ยกลางทาง ⛔ ไม่ใช่ผลสรุป
chap-13-calculus-q203,chap-13-calculus,mc,1,"$(1,3)$",เจอแต่ไม่อยู่ท้าย,24,🟡 อาจเป็นการเอ่ยกลางทาง ⛔ ไม่ใช่ผลสรุป
chap-13-calculus-q204,chap-13-calculus,mc,2,$28.5$,เจอแต่ไม่อยู่ท้าย,25,🟡 อาจเป็นการเอ่ยกลางทาง ⛔ ไม่ใช่ผลสรุป
chap-13-calculus-q205,chap-13-calculus,fill,'2.4',2.4,เจอแต่ไม่อยู่ท้าย,25,🟡 อาจเป็นการเอ่ยกลางทาง ⛔ ไม่ใช่ผลสรุป
chap-13-calculus-q206,chap-13-calculus,mc,0,$-11$,เจอแต่ไม่อยู่ท้าย,26,🟡 อาจเป็นการเอ่ยกลางทาง ⛔ ไม่ใช่ผลสรุป
chap-13-calculus-q207,chap-13-calculus,mc,1,$y-70x+123=0$,เจอแต่ไม่อยู่ท้าย,22,🟡 อาจเป็นการเอ่ยกลางทาง ⛔ ไม่ใช่ผลสรุป
chap-13-calculus-q208,chap-13-calculus,fill,'5',5,เจอแต่ไม่อยู่ท้าย,24,🟡 อาจเป็นการเอ่ยกลางทาง ⛔ ไม่ใช่ผลสรุป
chap-13-calculus-q209,chap-13-calculus,mc,2,$\dfrac{d}{dx}f_1(x)\Big|_{x=0.75}\ge \dfrac{d}{dx}f_3(x)\Big|_{x=0.75}$,ไม่เจอเลย,30,🔴 คำตอบไม่ปรากฏในเฉลยเลย
chap-13-calculus-q210,chap-13-calculus,mc,1,$\dfrac{1-x}{y}$,เจอแต่ไม่อยู่ท้าย,20,🟡 อาจเป็นการเอ่ยกลางทาง ⛔ ไม่ใช่ผลสรุป
chap-13-calculus-q211,chap-13-calculus,mc,3,$16$,เจอแต่ไม่อยู่ท้าย,28,🟡 อาจเป็นการเอ่ยกลางทาง ⛔ ไม่ใช่ผลสรุป
chap-13-calculus-q212,chap-13-calculus,mc,1,$-0.19$,เจอแต่ไม่อยู่ท้าย,30,🟡 อาจเป็นการเอ่ยกลางทาง ⛔ ไม่ใช่ผลสรุป
chap-13-calculus-q213,chap-13-calculus,mc,1,$-1.300$,เจอแต่ไม่อยู่ท้าย,25,🟡 อาจเป็นการเอ่ยกลางทาง ⛔ ไม่ใช่ผลสรุป
chap-13-calculus-q214,chap-13-calculus,fill,"'ค่าสูงสุด 3, ค่าต่ำสุด 1'","ค่าสูงสุด 3, ค่าต่ำสุด 1",ไม่เจอเลย,24,🔴 คำตอบไม่ปรากฏในเฉลยเลย
chap-13-calculus-q215,chap-13-calculus,fill,'9',9,เจอแต่ไม่อยู่ท้าย,28,🟡 อาจเป็นการเอ่ยกลางทาง ⛔ ไม่ใช่ผลสรุป
chap-13-calculus-q216,chap-13-calculus,fill,"'ค่าสูงสุด 25, ค่าต่ำสุด 0'","ค่าสูงสุด 25, ค่าต่ำสุด 0",ไม่เจอเลย,25,🔴 คำตอบไม่ปรากฏในเฉลยเลย
chap-13-calculus-q217,chap-13-calculus,mc,3,"$f$ เป็นฟังก์ชันลดลงบนช่วง $(2,4)$",ไม่เจอเลย,30,🔴 คำตอบไม่ปรากฏในเฉลยเลย
chap-13-calculus-q218,chap-13-calculus,fill,"'เพิ่มขึ้นบน $(-\\infty,0)$ และ $(1,\\infty)$, ลดลงบน $(0,1)$'","เพิ่มขึ้นบน $(-\infty,0)$ และ $(1,\infty)$, ลดลงบน $(0,1)$",เจอแต่ไม่อยู่ท้าย,24,🟡 อาจเป็นการเอ่ยกลางทาง ⛔ ไม่ใช่ผลสรุป
chap-13-calculus-q219,chap-13-calculus,fill,"'เพิ่มขึ้นบน $(1,2)$ และ $(3,\\infty)$, ลดลงบน $(-\\infty,1)$ และ $(2,3)$'","เพิ่มขึ้นบน $(1,2)$ และ $(3,\infty)$, ลดลงบน $(-\infty,1)$ และ $(2,3)$",เจอแต่ไม่อยู่ท้าย,25,🟡 อาจเป็นการเอ่ยกลางทาง ⛔ ไม่ใช่ผลสรุป
chap-13-calculus-q220,chap-13-calculus,fill,"'ต่ำสุดสัมพัทธ์/สัมบูรณ์ $=0$ ที่ $x=1,3$; สูงสุดสัมพัทธ์ $=1$ ที่ $x=2$ (ไม่มีค่าสูงสุดสัมบูรณ์)'","ต่ำสุดสัมพัทธ์/สัมบูรณ์ $=0$ ที่ $x=1,3$; สูงสุดสัมพัทธ์ $=1$ ที่ $x=2$ (ไม่มีค่",ไม่เจอเลย,27,🔴 คำตอบไม่ปรากฏในเฉลยเลย
chap-13-calculus-q221,chap-13-calculus,fill,'เพิ่มขึ้นเมื่อ $0\\le x<\\dfrac{a}{2}$ และลดลงเมื่อ $\\dfrac{a}{2}<x\\le a$ (อัตราสูงสุดที่ $x=\\dfrac{a}{2}$)',เพิ่มขึ้นเมื่อ $0\le x<\dfrac{a}{2}$ และลดลงเมื่อ $\dfrac{a}{2}<x\le a$ (อัตราสู,ไม่เจอเลย,31,🔴 คำตอบไม่ปรากฏในเฉลยเลย
chap-13-calculus-q222,chap-13-calculus,fill,"'จุดเปลี่ยนเว้า $(1,-1)$ เส้นสัมผัส $y=2x-3$ และ $(2,0)$ เส้นสัมผัส $y=0$'","จุดเปลี่ยนเว้า $(1,-1)$ เส้นสัมผัส $y=2x-3$ และ $(2,0)$ เส้นสัมผัส $y=0$",เจอแต่ไม่อยู่ท้าย,28,🟡 อาจเป็นการเอ่ยกลางทาง ⛔ ไม่ใช่ผลสรุป
chap-13-calculus-q223,chap-13-calculus,fill,"'A = -2, B = -1'","A = -2, B = -1",เจอแต่ไม่อยู่ท้าย,25,🟡 อาจเป็นการเอ่ยกลางทาง ⛔ ไม่ใช่ผลสรุป
chap-13-calculus-q224,chap-13-calculus,mc,3,$-12$,เจอแต่ไม่อยู่ท้าย,33,🟡 อาจเป็นการเอ่ยกลางทาง ⛔ ไม่ใช่ผลสรุป
chap-13-calculus-q225,chap-13-calculus,mc,2,$169$,เจอแต่ไม่อยู่ท้าย,26,🟡 อาจเป็นการเอ่ยกลางทาง ⛔ ไม่ใช่ผลสรุป
chap-13-calculus-q226,chap-13-calculus,mc,2,$\dfrac{\sqrt{59}}{2}$ หน่วย,เจอแต่ไม่อยู่ท้าย,30,🟡 อาจเป็นการเอ่ยกลางทาง ⛔ ไม่ใช่ผลสรุป
chap-13-calculus-q227,chap-13-calculus,fill,"'(2, 2)'","(2, 2)",เจอแต่ไม่อยู่ท้าย,27,🟡 อาจเป็นการเอ่ยกลางทาง ⛔ ไม่ใช่ผลสรุป
chap-13-calculus-q228,chap-13-calculus,fill,'30',30,เจอแต่ไม่อยู่ท้าย,31,🟡 อาจเป็นการเอ่ยกลางทาง ⛔ ไม่ใช่ผลสรุป
chap-13-calculus-q229,chap-13-calculus,fill,'625',625,เจอแต่ไม่อยู่ท้าย,32,🟡 อาจเป็นการเอ่ยกลางทาง ⛔ ไม่ใช่ผลสรุป
chap-13-calculus-q230,chap-13-calculus,mc,1,$200$ ตร.ม.,เจอแต่ไม่อยู่ท้าย,32,🟡 อาจเป็นการเอ่ยกลางทาง ⛔ ไม่ใช่ผลสรุป
chap-13-calculus-q231,chap-13-calculus,mc,0,"$60{,}000$ ตารางเมตร",เจอแต่ไม่อยู่ท้าย,30,🟡 อาจเป็นการเอ่ยกลางทาง ⛔ ไม่ใช่ผลสรุป
chap-13-calculus-q232,chap-13-calculus,mc,3,$\dfrac{8192}{27}$ cm$^{3}$,เจอแต่ไม่อยู่ท้าย,32,🟡 อาจเป็นการเอ่ยกลางทาง ⛔ ไม่ใช่ผลสรุป
chap-13-calculus-q233,chap-13-calculus,fill,'3',3,เจอแต่ไม่อยู่ท้าย,29,🟡 อาจเป็นการเอ่ยกลางทาง ⛔ ไม่ใช่ผลสรุป
chap-13-calculus-q234,chap-13-calculus,mc,0,$15$ ตารางหน่วย,เจอแต่ไม่อยู่ท้าย,30,🟡 อาจเป็นการเอ่ยกลางทาง ⛔ ไม่ใช่ผลสรุป
chap-13-calculus-q235,chap-13-calculus,mc,1,"$R=2$ เมตร, $h=4$ เมตร",เจอแต่ไม่อยู่ท้าย,31,🟡 อาจเป็นการเอ่ยกลางทาง ⛔ ไม่ใช่ผลสรุป
chap-13-calculus-q236,chap-13-calculus,fill,"'r=5, h=20'","r=5, h=20",เจอแต่ไม่อยู่ท้าย,29,🟡 อาจเป็นการเอ่ยกลางทาง ⛔ ไม่ใช่ผลสรุป
chap-13-calculus-q237,chap-13-calculus,fill,'r = L/(pi+4)',r = L/(pi+4),ไม่เจอเลย,29,🔴 คำตอบไม่ปรากฏในเฉลยเลย
chap-13-calculus-q238,chap-13-calculus,mc,0,$10\sqrt{2}$,เจอแต่ไม่อยู่ท้าย,22,🟡 อาจเป็นการเอ่ยกลางทาง ⛔ ไม่ใช่ผลสรุป
chap-13-calculus-q239,chap-13-calculus,mc,1,$40$ ชั้น,เจอแต่ไม่อยู่ท้าย,21,🟡 อาจเป็นการเอ่ยกลางทาง ⛔ ไม่ใช่ผลสรุป
chap-13-calculus-q240,chap-13-calculus,mc,0,$30$ ชั้น,เจอแต่ไม่อยู่ท้าย,22,🟡 อาจเป็นการเอ่ยกลางทาง ⛔ ไม่ใช่ผลสรุป
chap-13-calculus-q241,chap-13-calculus,mc,1,$91.4$ เมตร,เจอแต่ไม่อยู่ท้าย,25,🟡 อาจเป็นการเอ่ยกลางทาง ⛔ ไม่ใช่ผลสรุป
chap-13-calculus-q242,chap-13-calculus,fill,'8/3',8/3,ไม่เจอเลย,21,🔴 คำตอบไม่ปรากฏในเฉลยเลย
chap-13-calculus-q243,chap-13-calculus,fill,'12 sqrt(3)',12 sqrt(3),ไม่เจอเลย,26,🔴 คำตอบไม่ปรากฏในเฉลยเลย
chap-13-calculus-q244,chap-13-calculus,fill,'16',16,เจอแต่ไม่อยู่ท้าย,22,🟡 อาจเป็นการเอ่ยกลางทาง ⛔ ไม่ใช่ผลสรุป
chap-13-calculus-q246,chap-13-calculus,mc,2,$8$ ตารางหน่วย,เจอแต่ไม่อยู่ท้าย,30,🟡 อาจเป็นการเอ่ยกลางทาง ⛔ ไม่ใช่ผลสรุป
chap-13-calculus-q247,chap-13-calculus,fill,'h/3',h/3,ไม่เจอเลย,29,🔴 คำตอบไม่ปรากฏในเฉลยเลย
chap-13-calculus-q248,chap-13-calculus,fill,'256pi/3',256pi/3,ไม่เจอเลย,31,🔴 คำตอบไม่ปรากฏในเฉลยเลย
chap-13-calculus-q249,chap-13-calculus,fill,'8',8,เจอแต่ไม่อยู่ท้าย,24,🟡 อาจเป็นการเอ่ยกลางทาง ⛔ ไม่ใช่ผลสรุป
chap-13-calculus-q250,chap-13-calculus,fill,'4',4,เจอแต่ไม่อยู่ท้าย,21,🟡 อาจเป็นการเอ่ยกลางทาง ⛔ ไม่ใช่ผลสรุป
chap-13-calculus-q252,chap-13-calculus,mc,2,$6$,เจอแต่ไม่อยู่ท้าย,21,🟡 อาจเป็นการเอ่ยกลางทาง ⛔ ไม่ใช่ผลสรุป
chap-13-calculus-q253,chap-13-calculus,mc,1,$x^{3}+3x+1$,เจอแต่ไม่อยู่ท้าย,25,🟡 อาจเป็นการเอ่ยกลางทาง ⛔ ไม่ใช่ผลสรุป
chap-13-calculus-q254,chap-13-calculus,mc,0,$y=x^{4}-\dfrac{1}{3}x^{3}-\dfrac{5}{3}x+2$,เจอแต่ไม่อยู่ท้าย,24,🟡 อาจเป็นการเอ่ยกลางทาง ⛔ ไม่ใช่ผลสรุป
chap-13-calculus-q255,chap-13-calculus,fill,'-1/(2(n-1)(x^2+1)^(n-1)) + C',-1/(2(n-1)(x^2+1)^(n-1)) + C,ไม่เจอเลย,26,🔴 คำตอบไม่ปรากฏในเฉลยเลย
chap-13-calculus-q256,chap-13-calculus,mc,1,$\dfrac{8}{3}$,เจอแต่ไม่อยู่ท้าย,24,🟡 อาจเป็นการเอ่ยกลางทาง ⛔ ไม่ใช่ผลสรุป
chap-13-calculus-q259,chap-13-calculus,fill,'4',4,เจอแต่ไม่อยู่ท้าย,24,🟡 อาจเป็นการเอ่ยกลางทาง ⛔ ไม่ใช่ผลสรุป
chap-13-calculus-q260,chap-13-calculus,fill,'9',9,เจอแต่ไม่อยู่ท้าย,28,🟡 อาจเป็นการเอ่ยกลางทาง ⛔ ไม่ใช่ผลสรุป
chap-13-calculus-q261,chap-13-calculus,fill,'-1.5',-1.5,เจอแต่ไม่อยู่ท้าย,25,🟡 อาจเป็นการเอ่ยกลางทาง ⛔ ไม่ใช่ผลสรุป
chap-13-calculus-q262,chap-13-calculus,mc,3,$\dfrac{10}{3}$,เจอแต่ไม่อยู่ท้าย,25,🟡 อาจเป็นการเอ่ยกลางทาง ⛔ ไม่ใช่ผลสรุป
chap-13-calculus-q263,chap-13-calculus,fill,'1/(n+1) + 1/(n+2)',1/(n+1) + 1/(n+2),ไม่เจอเลย,27,🔴 คำตอบไม่ปรากฏในเฉลยเลย
chap-13-calculus-q264,chap-13-calculus,fill,'2.25',2.25,เจอแต่ไม่อยู่ท้าย,21,🟡 อาจเป็นการเอ่ยกลางทาง ⛔ ไม่ใช่ผลสรุป
chap-13-calculus-q265,chap-13-calculus,mc,3,$2\sqrt{5}$,เจอแต่ไม่อยู่ท้าย,32,🟡 อาจเป็นการเอ่ยกลางทาง ⛔ ไม่ใช่ผลสรุป
chap-13-calculus-q266,chap-13-calculus,fill,'11',11,เจอแต่ไม่อยู่ท้าย,28,🟡 อาจเป็นการเอ่ยกลางทาง ⛔ ไม่ใช่ผลสรุป
chap-13-calculus-q267,chap-13-calculus,mc,0,$\dfrac{9}{2}$,เจอแต่ไม่อยู่ท้าย,20,🟡 อาจเป็นการเอ่ยกลางทาง ⛔ ไม่ใช่ผลสรุป
chap-13-calculus-q268,chap-13-calculus,fill,'64/3',64/3,ไม่เจอเลย,26,🔴 คำตอบไม่ปรากฏในเฉลยเลย
chap-13-calculus-q269,chap-13-calculus,mc,1,$36$,เจอแต่ไม่อยู่ท้าย,27,🟡 อาจเป็นการเอ่ยกลางทาง ⛔ ไม่ใช่ผลสรุป
chap-13-calculus-q270,chap-13-calculus,fill,'4',4,เจอแต่ไม่อยู่ท้าย,22,🟡 อาจเป็นการเอ่ยกลางทาง ⛔ ไม่ใช่ผลสรุป
chap-13-calculus-q271,chap-13-calculus,mc,2,$54$,เจอแต่ไม่อยู่ท้าย,28,🟡 อาจเป็นการเอ่ยกลางทาง ⛔ ไม่ใช่ผลสรุป
chap-13-calculus-q272,chap-13-calculus,fill,'8',8,เจอแต่ไม่อยู่ท้าย,31,🟡 อาจเป็นการเอ่ยกลางทาง ⛔ ไม่ใช่ผลสรุป
chap-13-calculus-q273,chap-13-calculus,fill,'109/6',109/6,ไม่เจอเลย,33,🔴 คำตอบไม่ปรากฏในเฉลยเลย
chap-13-calculus-q274,chap-13-calculus,mc,2,$\dfrac{24}{6}$,เจอแต่ไม่อยู่ท้าย,30,🟡 อาจเป็นการเอ่ยกลางทาง ⛔ ไม่ใช่ผลสรุป
chap-13-calculus-q275,chap-13-calculus,fill,'8',8,เจอแต่ไม่อยู่ท้าย,35,🟡 อาจเป็นการเอ่ยกลางทาง ⛔ ไม่ใช่ผลสรุป
chap-13-calculus-q276,chap-13-calculus,mc,3,"$\displaystyle\int_0^2 f(x)\,dx$ เมื่อ $f(x)=4x-x^3$",ไม่เจอเลย,30,🔴 คำตอบไม่ปรากฏในเฉลยเลย
chap-13-calculus-q277,chap-13-calculus,fill,"'$A=4\\int_0^a \\dfrac{b}{a}\\sqrt{a^2-x^2}\\,dx=\\pi ab$'","$A=4\int_0^a \dfrac{b}{a}\sqrt{a^2-x^2}\,dx=\pi ab$",ไม่เจอเลย,32,🔴 คำตอบไม่ปรากฏในเฉลยเลย
chap-13-calculus-q278,chap-13-calculus,mc,0,"$2\displaystyle\int_3^5 \sqrt{-x^2+6x-5}\,dx$",เจอแต่ไม่อยู่ท้าย,33,🟡 อาจเป็นการเอ่ยกลางทาง ⛔ ไม่ใช่ผลสรุป
chap-13-calculus-q279,chap-13-calculus,mc,1,$A_1-A_2$,เจอแต่ไม่อยู่ท้าย,29,🟡 อาจเป็นการเอ่ยกลางทาง ⛔ ไม่ใช่ผลสรุป
chap-13-calculus-q280,chap-13-calculus,mc,2,$5$,เจอแต่ไม่อยู่ท้าย,23,🟡 อาจเป็นการเอ่ยกลางทาง ⛔ ไม่ใช่ผลสรุป
chap-13-calculus-q281,chap-13-calculus,mc,0,$5.5$,เจอแต่ไม่อยู่ท้าย,30,🟡 อาจเป็นการเอ่ยกลางทาง ⛔ ไม่ใช่ผลสรุป
chap-13-calculus-q282,chap-13-calculus,mc,3,$4.4$,เจอแต่ไม่อยู่ท้าย,28,🟡 อาจเป็นการเอ่ยกลางทาง ⛔ ไม่ใช่ผลสรุป
chap-13-calculus-q283,chap-13-calculus,fill,'หาค่าไม่ได้ (ปริพันธ์ลู่ออก)',หาค่าไม่ได้ (ปริพันธ์ลู่ออก),ไม่เจอเลย,25,🔴 คำตอบไม่ปรากฏในเฉลยเลย
chap-13-calculus-q284,chap-13-calculus,mc,1,$6$,เจอแต่ไม่อยู่ท้าย,25,🟡 อาจเป็นการเอ่ยกลางทาง ⛔ ไม่ใช่ผลสรุป
chap-13-calculus-q285,chap-13-calculus,fill,'22',22,เจอแต่ไม่อยู่ท้าย,39,🟡 อาจเป็นการเอ่ยกลางทาง ⛔ ไม่ใช่ผลสรุป
chap-13-calculus-q286,chap-13-calculus,fill,'458.33',458.33,เจอแต่ไม่อยู่ท้าย,36,🟡 อาจเป็นการเอ่ยกลางทาง ⛔ ไม่ใช่ผลสรุป
chap-13-calculus-q287,chap-13-calculus,fill,"'$(3,\\ 3\\sqrt{3})$'","$(3,\ 3\sqrt{3})$",ไม่เจอเลย,35,🔴 คำตอบไม่ปรากฏในเฉลยเลย
chap-13-calculus-q288,chap-13-calculus,mc,1,ข้อ ก. เท่านั้นเป็นจริง,เจอแต่ไม่อยู่ท้าย,30,🟡 อาจเป็นการเอ่ยกลางทาง ⛔ ไม่ใช่ผลสรุป
chap-13-calculus-q290,chap-13-calculus,fill,"'22/3, 17/3'","22/3, 17/3",ไม่เจอเลย,29,🔴 คำตอบไม่ปรากฏในเฉลยเลย
chap-13-calculus-q291,chap-13-calculus,mc,2,$28\pi$ เมตร,เจอแต่ไม่อยู่ท้าย,36,🟡 อาจเป็นการเอ่ยกลางทาง ⛔ ไม่ใช่ผลสรุป
chap-13-calculus-q292,chap-13-calculus,mc,0,มากกว่า $\dfrac{1}{3}$ ของแก้ว,เจอแต่ไม่อยู่ท้าย,32,🟡 อาจเป็นการเอ่ยกลางทาง ⛔ ไม่ใช่ผลสรุป
chap-14-infiniteseries-q01,chap-14-infiniteseries,mc,0,$\dfrac{53}{198}$,เจอแต่ไม่อยู่ท้าย,34,🟡 อาจเป็นการเอ่ยกลางทาง ⛔ ไม่ใช่ผลสรุป
chap-14-infiniteseries-q02,chap-14-infiniteseries,mc,3,$m$ หาค่าไม่ได้,เจอแต่ไม่อยู่ท้าย,26,🟡 อาจเป็นการเอ่ยกลางทาง ⛔ ไม่ใช่ผลสรุป
chap-14-infiniteseries-q03,chap-14-infiniteseries,mc,1,"$\{4, 5, 6\}$",เจอแต่ไม่อยู่ท้าย,31,🟡 อาจเป็นการเอ่ยกลางทาง ⛔ ไม่ใช่ผลสรุป
chap-14-infiniteseries-q04,chap-14-infiniteseries,mc,3,เป็นอนุกรมไดเวอร์เจนต์,เจอแต่ไม่อยู่ท้าย,27,🟡 อาจเป็นการเอ่ยกลางทาง ⛔ ไม่ใช่ผลสรุป
chap-14-infiniteseries-q05,chap-14-infiniteseries,mc,3,$2\log_{\frac{1}{a^2}} b$,เจอแต่ไม่อยู่ท้าย,26,🟡 อาจเป็นการเอ่ยกลางทาง ⛔ ไม่ใช่ผลสรุป
chap-14-infiniteseries-q06,chap-14-infiniteseries,mc,2,มีผลบวกเป็น $1$,เจอแต่ไม่อยู่ท้าย,23,🟡 อาจเป็นการเอ่ยกลางทาง ⛔ ไม่ใช่ผลสรุป
chap-14-infiniteseries-q07,chap-14-infiniteseries,mc,3,"$D = (-1, 1)$ และ $(g \cdot f)(x) = 1 - x$ ทุก $x \in D$",ไม่เจอเลย,26,🔴 คำตอบไม่ปรากฏในเฉลยเลย
chap-14-infiniteseries-q09,chap-14-infiniteseries,fill,'6',6,เจอแต่ไม่อยู่ท้าย,19,🟡 อาจเป็นการเอ่ยกลางทาง ⛔ ไม่ใช่ผลสรุป
chap-14-infiniteseries-q10,chap-14-infiniteseries,mc,2,เป็นอนุกรมคอนเวอร์เจนต์ ซึ่งมีผลบวกเท่ากับ $\dfrac{1}{2}S$,ไม่เจอเลย,23,🔴 คำตอบไม่ปรากฏในเฉลยเลย
chap-14-infiniteseries-q11,chap-14-infiniteseries,mc,3,$\dfrac{8}{3}$,เจอแต่ไม่อยู่ท้าย,23,🟡 อาจเป็นการเอ่ยกลางทาง ⛔ ไม่ใช่ผลสรุป
chap-14-infiniteseries-q13,chap-14-infiniteseries,mc,3,$\dfrac{2}{3}$,เจอแต่ไม่อยู่ท้าย,26,🟡 อาจเป็นการเอ่ยกลางทาง ⛔ ไม่ใช่ผลสรุป
chap-14-infiniteseries-q14,chap-14-infiniteseries,fill,'33',33,เจอแต่ไม่อยู่ท้าย,29,🟡 อาจเป็นการเอ่ยกลางทาง ⛔ ไม่ใช่ผลสรุป
chap-14-infiniteseries-q16,chap-14-infiniteseries,mc,3,$\dfrac{1}{4}$,เจอแต่ไม่อยู่ท้าย,34,🟡 อาจเป็นการเอ่ยกลางทาง ⛔ ไม่ใช่ผลสรุป
chap-14-infiniteseries-q17,chap-14-infiniteseries,mc,2,ถ้า $a_1=a_2=a_3=\ldots=a_n$ แล้ว $\dfrac{1}{\sqrt{a_1}+\sqrt{a_2}}+\dfrac{1}{\s,ไม่เจอเลย,28,🔴 คำตอบไม่ปรากฏในเฉลยเลย
chap-14-infiniteseries-q18,chap-14-infiniteseries,mc,3,$1+\dfrac{5}{3}+\dfrac{12}{3^2}+\dfrac{22}{3^3}+\dfrac{35}{3^4}+\ldots=\dfrac{45,ไม่เจอเลย,31,🔴 คำตอบไม่ปรากฏในเฉลยเลย
chap-14-infiniteseries-q19,chap-14-infiniteseries,mc,2,$\ln\dfrac{1}{2}+\ln\dfrac{2}{3}+\ln\dfrac{3}{4}+\ln\dfrac{4}{5}+\ldots$ เป็นอนุ,ไม่เจอเลย,21,🔴 คำตอบไม่ปรากฏในเฉลยเลย
chap-14-infiniteseries-q20,chap-14-infiniteseries,mc,2,"ถ้า $a_n$ เป็นพจน์ที่ $n$ ของลำดับคอนเวอร์เจนต์ จะได้ว่า $|a_1|,|a_2|,|a_3|,\ldo",ไม่เจอเลย,20,🔴 คำตอบไม่ปรากฏในเฉลยเลย
chap-14-infiniteseries-q21,chap-14-infiniteseries,mc,1,ถ้า $a_n=\dfrac{1}{(n+3)(n+4)}$ แล้วอนุกรมนี้เป็นอนุกรมคอนเวอร์เจนต์ และมีผลบวกเ,ไม่เจอเลย,21,🔴 คำตอบไม่ปรากฏในเฉลยเลย
chap-14-infiniteseries-q22,chap-14-infiniteseries,mc,3,ถ้า $\displaystyle\lim_{n\to\infty}a_n=0$ แล้ว $\displaystyle\sum_{n=1}^{\infty},ไม่เจอเลย,20,🔴 คำตอบไม่ปรากฏในเฉลยเลย
chap-14-infiniteseries-q23,chap-14-infiniteseries,mc,1,ถ้าอนุกรมใน (2) เป็นอนุกรมเรขาคณิต จะหาค่า $\displaystyle\lim_{n\to\infty}S_n$ ไ,ไม่เจอเลย,21,🔴 คำตอบไม่ปรากฏในเฉลยเลย
chap-14-infiniteseries-q24,chap-14-infiniteseries,mc,0,$f(n)=\cos\dfrac{(2n-1)\pi}{2}$,ไม่เจอเลย,20,🔴 คำตอบไม่ปรากฏในเฉลยเลย
chap-14-infiniteseries-q25,chap-14-infiniteseries,mc,2,$a_n=(-1)^{n+1}\left(\dfrac{n-1}{n}\right)$,ไม่เจอเลย,22,🔴 คำตอบไม่ปรากฏในเฉลยเลย
chap-14-infiniteseries-q26,chap-14-infiniteseries,mc,3,$\displaystyle\sum\dfrac{1}{2^n}$,เจอแต่ไม่อยู่ท้าย,19,🟡 อาจเป็นการเอ่ยกลางทาง ⛔ ไม่ใช่ผลสรุป
chap-14-infiniteseries-q27,chap-14-infiniteseries,mc,2,ถูกเฉพาะข้อ ข. และ ค.,ไม่เจอเลย,20,🔴 คำตอบไม่ปรากฏในเฉลยเลย
chap-14-infiniteseries-q28,chap-14-infiniteseries,mc,2,มีค่าเป็น $2$,เจอแต่ไม่อยู่ท้าย,23,🟡 อาจเป็นการเอ่ยกลางทาง ⛔ ไม่ใช่ผลสรุป
chap-14-infiniteseries-q29,chap-14-infiniteseries,mc,2,มีลิมิตเป็น $10$,เจอแต่ไม่อยู่ท้าย,23,🟡 อาจเป็นการเอ่ยกลางทาง ⛔ ไม่ใช่ผลสรุป
chap-14-infiniteseries-q30,chap-14-infiniteseries,mc,4,ไม่มีข้อใดในข้อ 1. ถึง 4. ที่ถูก,เจอแต่ไม่อยู่ท้าย,23,🟡 อาจเป็นการเอ่ยกลางทาง ⛔ ไม่ใช่ผลสรุป
chap-14-infiniteseries-q31,chap-14-infiniteseries,mc,2,$\dfrac{17}{2}$,เจอแต่ไม่อยู่ท้าย,31,🟡 อาจเป็นการเอ่ยกลางทาง ⛔ ไม่ใช่ผลสรุป
chap-14-infiniteseries-q33,chap-14-infiniteseries,fill,'25',25,เจอแต่ไม่อยู่ท้าย,24,🟡 อาจเป็นการเอ่ยกลางทาง ⛔ ไม่ใช่ผลสรุป
chap-14-infiniteseries-q35,chap-14-infiniteseries,mc,1,$\dfrac{1}{3\sqrt{2}}$,เจอแต่ไม่อยู่ท้าย,23,🟡 อาจเป็นการเอ่ยกลางทาง ⛔ ไม่ใช่ผลสรุป
chap-14-infiniteseries-q36,chap-14-infiniteseries,fill,'4.8',4.8,เจอแต่ไม่อยู่ท้าย,26,🟡 อาจเป็นการเอ่ยกลางทาง ⛔ ไม่ใช่ผลสรุป
chap-14-infiniteseries-q37,chap-14-infiniteseries,mc,2,มีลิมิตเป็น $4$,เจอแต่ไม่อยู่ท้าย,31,🟡 อาจเป็นการเอ่ยกลางทาง ⛔ ไม่ใช่ผลสรุป
chap-14-infiniteseries-q38,chap-14-infiniteseries,mc,2,$\dfrac{1}{2}+\dfrac{1}{\sqrt{3}}$,เจอแต่ไม่อยู่ท้าย,23,🟡 อาจเป็นการเอ่ยกลางทาง ⛔ ไม่ใช่ผลสรุป
chap-14-infiniteseries-q40,chap-14-infiniteseries,mc,3,$\dfrac{2}{3}$,เจอแต่ไม่อยู่ท้าย,32,🟡 อาจเป็นการเอ่ยกลางทาง ⛔ ไม่ใช่ผลสรุป
chap-14-infiniteseries-q41,chap-14-infiniteseries,mc,1,ไดเวอร์เจนต์ทุก $a\in A$,เจอแต่ไม่อยู่ท้าย,30,🟡 อาจเป็นการเอ่ยกลางทาง ⛔ ไม่ใช่ผลสรุป
chap-14-infiniteseries-q42,chap-14-infiniteseries,mc,2,มีผลบวกเป็น $1$,เจอแต่ไม่อยู่ท้าย,28,🟡 อาจเป็นการเอ่ยกลางทาง ⛔ ไม่ใช่ผลสรุป
chap-14-infiniteseries-q43,chap-14-infiniteseries,mc,1,มีผลบวกเป็น $\dfrac{2}{3}$,เจอแต่ไม่อยู่ท้าย,31,🟡 อาจเป็นการเอ่ยกลางทาง ⛔ ไม่ใช่ผลสรุป
chap-14-infiniteseries-q44,chap-14-infiniteseries,mc,3,$192$,เจอแต่ไม่อยู่ท้าย,31,🟡 อาจเป็นการเอ่ยกลางทาง ⛔ ไม่ใช่ผลสรุป
chap-14-infiniteseries-q45,chap-14-infiniteseries,mc,2,$9$,เจอแต่ไม่อยู่ท้าย,31,🟡 อาจเป็นการเอ่ยกลางทาง ⛔ ไม่ใช่ผลสรุป
chap-14-infiniteseries-q46,chap-14-infiniteseries,fill,'1',1,เจอแต่ไม่อยู่ท้าย,29,🟡 อาจเป็นการเอ่ยกลางทาง ⛔ ไม่ใช่ผลสรุป
chap-14-infiniteseries-q47,chap-14-infiniteseries,mc,1,$\ln 2$,เจอแต่ไม่อยู่ท้าย,22,🟡 อาจเป็นการเอ่ยกลางทาง ⛔ ไม่ใช่ผลสรุป
chap-14-infiniteseries-q48,chap-14-infiniteseries,mc,1,$\displaystyle\sum_{n=1}^{\infty} (f+f)(n)$,เจอแต่ไม่อยู่ท้าย,24,🟡 อาจเป็นการเอ่ยกลางทาง ⛔ ไม่ใช่ผลสรุป
chap-14-infiniteseries-q49,chap-14-infiniteseries,mc,1,"$\dfrac{1}{3},\ -\dfrac{2}{9},\ -\dfrac{2}{27},\ -\dfrac{2}{81}$",ไม่เจอเลย,26,🔴 คำตอบไม่ปรากฏในเฉลยเลย
chap-14-infiniteseries-q50,chap-14-infiniteseries,mc,2,$80$,เจอแต่ไม่อยู่ท้าย,23,🟡 อาจเป็นการเอ่ยกลางทาง ⛔ ไม่ใช่ผลสรุป
chap-14-infiniteseries-q51,chap-14-infiniteseries,mc,1,171,เจอแต่ไม่อยู่ท้าย,22,🟡 อาจเป็นการเอ่ยกลางทาง ⛔ ไม่ใช่ผลสรุป
chap-14-infiniteseries-q52,chap-14-infiniteseries,mc,3,ลำดับไดเวอร์เจนต์คือลำดับที่มีลิมิตเป็นอนันต์ หรือลำดับที่ไม่มีลิมิตเป็นจำนวนจริ,ไม่เจอเลย,22,🔴 คำตอบไม่ปรากฏในเฉลยเลย
chap-14-infiniteseries-q54,chap-14-infiniteseries,mc,2,2.4,เจอแต่ไม่อยู่ท้าย,27,🟡 อาจเป็นการเอ่ยกลางทาง ⛔ ไม่ใช่ผลสรุป
chap-14-infiniteseries-q57,chap-14-infiniteseries,fill,'m>n: หาค่าลิมิตไม่ได้ (เป็น $+\\infty$ เมื่อ $a_0/b_0>0$ หรือ $-\\infty$ เมื่อ $a_0/b_0<0$); m<n: 0',m>n: หาค่าลิมิตไม่ได้ (เป็น $+\infty$ เมื่อ $a_0/b_0>0$ หรือ $-\infty$ เมื่อ $a_,ไม่เจอเลย,23,🔴 คำตอบไม่ปรากฏในเฉลยเลย
chap-14-infiniteseries-q59,chap-14-infiniteseries,mc,2,$\dfrac{1}{2}$,เจอแต่ไม่อยู่ท้าย,23,🟡 อาจเป็นการเอ่ยกลางทาง ⛔ ไม่ใช่ผลสรุป
chap-14-infiniteseries-q60,chap-14-infiniteseries,fill,'0.25',0.25,เจอแต่ไม่อยู่ท้าย,23,🟡 อาจเป็นการเอ่ยกลางทาง ⛔ ไม่ใช่ผลสรุป
chap-14-infiniteseries-q61,chap-14-infiniteseries,mc,2,$\dfrac{1}{2}$,เจอแต่ไม่อยู่ท้าย,23,🟡 อาจเป็นการเอ่ยกลางทาง ⛔ ไม่ใช่ผลสรุป
chap-14-infiniteseries-q62,chap-14-infiniteseries,fill,'0.2',0.2,เจอแต่ไม่อยู่ท้าย,29,🟡 อาจเป็นการเอ่ยกลางทาง ⛔ ไม่ใช่ผลสรุป
chap-14-infiniteseries-q63,chap-14-infiniteseries,fill,'0.5',0.5,เจอแต่ไม่อยู่ท้าย,23,🟡 อาจเป็นการเอ่ยกลางทาง ⛔ ไม่ใช่ผลสรุป
chap-14-infiniteseries-q64,chap-14-infiniteseries,mc,2,ลำดับ $a_n$ มีลิมิตเท่ากับ $-\dfrac{1}{2}$,ไม่เจอเลย,24,🔴 คำตอบไม่ปรากฏในเฉลยเลย
chap-14-infiniteseries-q66,chap-14-infiniteseries,fill,'0.4',0.4,เจอแต่ไม่อยู่ท้าย,24,🟡 อาจเป็นการเอ่ยกลางทาง ⛔ ไม่ใช่ผลสรุป
chap-14-infiniteseries-q67,chap-14-infiniteseries,mc,2,ถูกทั้ง $3$ ข้อความ,เจอแต่ไม่อยู่ท้าย,26,🟡 อาจเป็นการเอ่ยกลางทาง ⛔ ไม่ใช่ผลสรุป
chap-14-infiniteseries-q68,chap-14-infiniteseries,fill,'7.5',7.5,เจอแต่ไม่อยู่ท้าย,25,🟡 อาจเป็นการเอ่ยกลางทาง ⛔ ไม่ใช่ผลสรุป
chap-14-infiniteseries-q69,chap-14-infiniteseries,mc,0,$x = \dfrac{1}{5}$,เจอแต่ไม่อยู่ท้าย,27,🟡 อาจเป็นการเอ่ยกลางทาง ⛔ ไม่ใช่ผลสรุป
chap-14-infiniteseries-q71,chap-14-infiniteseries,fill,'2/3',2/3,ไม่เจอเลย,33,🔴 คำตอบไม่ปรากฏในเฉลยเลย
chap-14-infiniteseries-q72,chap-14-infiniteseries,fill,'ไม่มี',ไม่มี,เจอแต่ไม่อยู่ท้าย,28,🟡 อาจเป็นการเอ่ยกลางทาง ⛔ ไม่ใช่ผลสรุป
chap-14-infiniteseries-q73,chap-14-infiniteseries,mc,2,$\dfrac{1}{2}$,เจอแต่ไม่อยู่ท้าย,34,🟡 อาจเป็นการเอ่ยกลางทาง ⛔ ไม่ใช่ผลสรุป
chap-14-infiniteseries-q74,chap-14-infiniteseries,fill,'2/3',2/3,ไม่เจอเลย,20,🔴 คำตอบไม่ปรากฏในเฉลยเลย
chap-14-infiniteseries-q75,chap-14-infiniteseries,fill,'0.75',0.75,เจอแต่ไม่อยู่ท้าย,23,🟡 อาจเป็นการเอ่ยกลางทาง ⛔ ไม่ใช่ผลสรุป
chap-14-infiniteseries-q76,chap-14-infiniteseries,mc,2,$\dfrac{3e}{3+e}$,เจอแต่ไม่อยู่ท้าย,23,🟡 อาจเป็นการเอ่ยกลางทาง ⛔ ไม่ใช่ผลสรุป
chap-14-infiniteseries-q77,chap-14-infiniteseries,fill,'1.5',1.5,เจอแต่ไม่อยู่ท้าย,24,🟡 อาจเป็นการเอ่ยกลางทาง ⛔ ไม่ใช่ผลสรุป
chap-14-infiniteseries-q78,chap-14-infiniteseries,mc,2,ผลบวกของอนุกรมอนันต์ ได้แก่ ลิมิตของลำดับผลบวกย่อยของอนุกรมนั้น เมื่อลำดับดังกล่,ไม่เจอเลย,28,🔴 คำตอบไม่ปรากฏในเฉลยเลย
chap-14-infiniteseries-q79,chap-14-infiniteseries,fill,'2.5',2.5,เจอแต่ไม่อยู่ท้าย,29,🟡 อาจเป็นการเอ่ยกลางทาง ⛔ ไม่ใช่ผลสรุป
chap-14-infiniteseries-q81,chap-14-infiniteseries,mc,0,$21$,เจอแต่ไม่อยู่ท้าย,26,🟡 อาจเป็นการเอ่ยกลางทาง ⛔ ไม่ใช่ผลสรุป
chap-14-infiniteseries-q82,chap-14-infiniteseries,mc,2,ก. ผิด และ ข. ถูก,ไม่เจอเลย,33,🔴 คำตอบไม่ปรากฏในเฉลยเลย
chap-14-infiniteseries-q83,chap-14-infiniteseries,fill,'0.25',0.25,เจอแต่ไม่อยู่ท้าย,25,🟡 อาจเป็นการเอ่ยกลางทาง ⛔ ไม่ใช่ผลสรุป
chap-14-infiniteseries-q84,chap-14-infiniteseries,mc,1,$\dfrac{1275}{2552}$,เจอแต่ไม่อยู่ท้าย,24,🟡 อาจเป็นการเอ่ยกลางทาง ⛔ ไม่ใช่ผลสรุป
chap-14-infiniteseries-q85,chap-14-infiniteseries,fill,'1 + (ln2)^2/(1-ln2)^2',1 + (ln2)^2/(1-ln2)^2,ไม่เจอเลย,29,🔴 คำตอบไม่ปรากฏในเฉลยเลย
chap-14-infiniteseries-q86,chap-14-infiniteseries,fill,'10/3',10/3,ไม่เจอเลย,28,🔴 คำตอบไม่ปรากฏในเฉลยเลย
chap-14-infiniteseries-q87,chap-14-infiniteseries,fill,'(15/16)log2',(15/16)log2,ไม่เจอเลย,35,🔴 คำตอบไม่ปรากฏในเฉลยเลย
chap-14-infiniteseries-q89,chap-14-infiniteseries,fill,"'A = 15/4, B = 2'","A = 15/4, B = 2",ไม่เจอเลย,26,🔴 คำตอบไม่ปรากฏในเฉลยเลย
chap-14-infiniteseries-q90,chap-14-infiniteseries,fill,'คอนเวอร์เจนต์',คอนเวอร์เจนต์,เจอแต่ไม่อยู่ท้าย,20,🟡 อาจเป็นการเอ่ยกลางทาง ⛔ ไม่ใช่ผลสรุป
chap-14-infiniteseries-q91,chap-14-infiniteseries,fill,'ข้อ (3) จริงเพียงข้อเดียว',ข้อ (3) จริงเพียงข้อเดียว,เจอแต่ไม่อยู่ท้าย,31,🟡 อาจเป็นการเอ่ยกลางทาง ⛔ ไม่ใช่ผลสรุป
chap-15-statistics-q01,chap-15-statistics,mc,4,แนวทางของการศึกษาวิชาสถิติ เป็นการศึกษาข้อมูลในกลุ่มย่อยเพื่อนำไปสู่ความรู้ในกลุ,ไม่เจอเลย,25,🔴 คำตอบไม่ปรากฏในเฉลยเลย
chap-15-statistics-q02,chap-15-statistics,mc,1,การสรุปผลการวิเคราะห์ทางสถิติซึ่งได้ใช้วิธีการทางสถิติมาอย่างสมบูรณ์แล้ว ยังไม่อ,ไม่เจอเลย,23,🔴 คำตอบไม่ปรากฏในเฉลยเลย
chap-15-statistics-q03,chap-15-statistics,mc,4,"น้อยกว่าพื้นที่ที่ใช้ปลูกอ้อยและปลูกข้าวโพดรวมกัน 39,600 ไร่",ไม่เจอเลย,26,🔴 คำตอบไม่ปรากฏในเฉลยเลย
chap-15-statistics-q04,chap-15-statistics,mc,3,"รายได้ปลูกอ้อยรวมกับรายได้ปลูกข้าวโพดมากกว่า 1,000 ล้านบาท",ไม่เจอเลย,24,🔴 คำตอบไม่ปรากฏในเฉลยเลย
chap-15-statistics-q06,chap-15-statistics,mc,3,ร้อยละ 30.0 ของผู้ป่วยที่มารับการตรวจ มีปริมาณไขมันในเลือดน้อยกว่า 153 มิลลิกรัม,ไม่เจอเลย,23,🔴 คำตอบไม่ปรากฏในเฉลยเลย
chap-15-statistics-q07,chap-15-statistics,mc,3,$11.875$,เจอแต่ไม่อยู่ท้าย,25,🟡 อาจเป็นการเอ่ยกลางทาง ⛔ ไม่ใช่ผลสรุป
chap-15-statistics-q08,chap-15-statistics,mc,0,$10.50$,เจอแต่ไม่อยู่ท้าย,29,🟡 อาจเป็นการเอ่ยกลางทาง ⛔ ไม่ใช่ผลสรุป
chap-15-statistics-q09,chap-15-statistics,mc,2,$-0.7$,เจอแต่ไม่อยู่ท้าย,20,🟡 อาจเป็นการเอ่ยกลางทาง ⛔ ไม่ใช่ผลสรุป
chap-15-statistics-q10,chap-15-statistics,mc,1,$523$,เจอแต่ไม่อยู่ท้าย,22,🟡 อาจเป็นการเอ่ยกลางทาง ⛔ ไม่ใช่ผลสรุป
chap-15-statistics-q11,chap-15-statistics,mc,3,$150$,เจอแต่ไม่อยู่ท้าย,23,🟡 อาจเป็นการเอ่ยกลางทาง ⛔ ไม่ใช่ผลสรุป
chap-15-statistics-q12,chap-15-statistics,mc,3,$83.0$,เจอแต่ไม่อยู่ท้าย,21,🟡 อาจเป็นการเอ่ยกลางทาง ⛔ ไม่ใช่ผลสรุป
chap-15-statistics-q13,chap-15-statistics,mc,3,$60$,เจอแต่ไม่อยู่ท้าย,22,🟡 อาจเป็นการเอ่ยกลางทาง ⛔ ไม่ใช่ผลสรุป
chap-15-statistics-q14,chap-15-statistics,fill,'18',18,เจอแต่ไม่อยู่ท้าย,21,🟡 อาจเป็นการเอ่ยกลางทาง ⛔ ไม่ใช่ผลสรุป
chap-15-statistics-q15,chap-15-statistics,mc,1,$47.4$,เจอแต่ไม่อยู่ท้าย,21,🟡 อาจเป็นการเอ่ยกลางทาง ⛔ ไม่ใช่ผลสรุป
chap-15-statistics-q16,chap-15-statistics,mc,1,ค่าเฉลี่ยเลขคณิตของข้อมูลทั้งสองชุดเท่ากัน แต่มัธยฐานของข้อมูลสองชุดนี้ไม่เท่ากั,ไม่เจอเลย,27,🔴 คำตอบไม่ปรากฏในเฉลยเลย
chap-15-statistics-q17,chap-15-statistics,mc,3,65 เปอร์เซ็นต์,เจอแต่ไม่อยู่ท้าย,24,🟡 อาจเป็นการเอ่ยกลางทาง ⛔ ไม่ใช่ผลสรุป
chap-15-statistics-q18,chap-15-statistics,mc,3,สิ่งที่กำหนดให้ไม่เพียงพอ จึงหาคำตอบไม่ได้,เจอแต่ไม่อยู่ท้าย,21,🟡 อาจเป็นการเอ่ยกลางทาง ⛔ ไม่ใช่ผลสรุป
chap-15-statistics-q19,chap-15-statistics,mc,1,$10.5$,เจอแต่ไม่อยู่ท้าย,22,🟡 อาจเป็นการเอ่ยกลางทาง ⛔ ไม่ใช่ผลสรุป
chap-15-statistics-q20,chap-15-statistics,mc,2,$11.00$,เจอแต่ไม่อยู่ท้าย,26,🟡 อาจเป็นการเอ่ยกลางทาง ⛔ ไม่ใช่ผลสรุป
chap-15-statistics-q21,chap-15-statistics,mc,1,$523.25$,เจอแต่ไม่อยู่ท้าย,24,🟡 อาจเป็นการเอ่ยกลางทาง ⛔ ไม่ใช่ผลสรุป
chap-15-statistics-q22,chap-15-statistics,mc,2,$\bar{X}=20$ และ med $=19.75$,เจอแต่ไม่อยู่ท้าย,27,🟡 อาจเป็นการเอ่ยกลางทาง ⛔ ไม่ใช่ผลสรุป
chap-15-statistics-q23,chap-15-statistics,mc,1,$73.50$,เจอแต่ไม่อยู่ท้าย,27,🟡 อาจเป็นการเอ่ยกลางทาง ⛔ ไม่ใช่ผลสรุป
chap-15-statistics-q25,chap-15-statistics,mc,3,$57$,เจอแต่ไม่อยู่ท้าย,22,🟡 อาจเป็นการเอ่ยกลางทาง ⛔ ไม่ใช่ผลสรุป
chap-15-statistics-q27,chap-15-statistics,mc,0,$1+\ln 2$,เจอแต่ไม่อยู่ท้าย,22,🟡 อาจเป็นการเอ่ยกลางทาง ⛔ ไม่ใช่ผลสรุป
chap-15-statistics-q28,chap-15-statistics,mc,1,ก. ผิด ข. ถูก,ไม่เจอเลย,23,🔴 คำตอบไม่ปรากฏในเฉลยเลย
chap-15-statistics-q29,chap-15-statistics,fill,'19',19,เจอแต่ไม่อยู่ท้าย,29,🟡 อาจเป็นการเอ่ยกลางทาง ⛔ ไม่ใช่ผลสรุป
chap-15-statistics-q30,chap-15-statistics,fill,'3',3,เจอแต่ไม่อยู่ท้าย,35,🟡 อาจเป็นการเอ่ยกลางทาง ⛔ ไม่ใช่ผลสรุป
chap-15-statistics-q31,chap-15-statistics,mc,2,การแจกแจงของคะแนนดังกล่าวเป็นเส้นโค้งเบ้ทางขวา,ไม่เจอเลย,29,🔴 คำตอบไม่ปรากฏในเฉลยเลย
chap-15-statistics-q32,chap-15-statistics,mc,4,ไม่มีคำตอบที่ถูกต้องในข้อ 1. ถึงข้อ 4.,ไม่เจอเลย,20,🔴 คำตอบไม่ปรากฏในเฉลยเลย
chap-15-statistics-q33,chap-15-statistics,mc,0,$1.75$–$1.85$,เจอแต่ไม่อยู่ท้าย,24,🟡 อาจเป็นการเอ่ยกลางทาง ⛔ ไม่ใช่ผลสรุป
chap-15-statistics-q34,chap-15-statistics,mc,1,ข้อมูลชุดนี้มีการแจกแจงแบบเบ้ขวา และมีฐานนิยมเท่ากับ $3$,ไม่เจอเลย,26,🔴 คำตอบไม่ปรากฏในเฉลยเลย
chap-15-statistics-q35,chap-15-statistics,mc,1,$55.5$,เจอแต่ไม่อยู่ท้าย,26,🟡 อาจเป็นการเอ่ยกลางทาง ⛔ ไม่ใช่ผลสรุป
chap-15-statistics-q36,chap-15-statistics,mc,2,ค่ากลางของจำนวนเงินดังกล่าว คือ $41$ บาท,ไม่เจอเลย,24,🔴 คำตอบไม่ปรากฏในเฉลยเลย
chap-15-statistics-q38,chap-15-statistics,mc,2,"มัธยฐาน มีค่า $3{,}799.50$ บาท",ไม่เจอเลย,24,🔴 คำตอบไม่ปรากฏในเฉลยเลย
chap-15-statistics-q39,chap-15-statistics,mc,1,$69$,เจอแต่ไม่อยู่ท้าย,21,🟡 อาจเป็นการเอ่ยกลางทาง ⛔ ไม่ใช่ผลสรุป
chap-15-statistics-q40,chap-15-statistics,mc,3,จำนวนนักเรียนที่สอบได้คะแนนต่ำกว่าสมชายมี $34$ คน,ไม่เจอเลย,20,🔴 คำตอบไม่ปรากฏในเฉลยเลย
chap-15-statistics-q41,chap-15-statistics,mc,3,มัธยฐาน $ < $ ค่าเฉลี่ยเลขคณิต $ < $ ฐานนิยม,ไม่เจอเลย,20,🔴 คำตอบไม่ปรากฏในเฉลยเลย
chap-15-statistics-q42,chap-15-statistics,mc,1,นายมงคลได้ระดับคะแนนสูงกว่านายชาญ,เจอแต่ไม่อยู่ท้าย,25,🟡 อาจเป็นการเอ่ยกลางทาง ⛔ ไม่ใช่ผลสรุป
chap-15-statistics-q43,chap-15-statistics,mc,2,$2.345$,เจอแต่ไม่อยู่ท้าย,23,🟡 อาจเป็นการเอ่ยกลางทาง ⛔ ไม่ใช่ผลสรุป
chap-15-statistics-q44,chap-15-statistics,mc,1,$10$,เจอแต่ไม่อยู่ท้าย,32,🟡 อาจเป็นการเอ่ยกลางทาง ⛔ ไม่ใช่ผลสรุป
chap-15-statistics-q46,chap-15-statistics,mc,0,กัญญาได้คะแนนต่างจากตำแหน่งควอไทล์ที่ $1$ น้อยกว่าปราณีได้คะแนนต่างจากตำแหน่งเดไ,ไม่เจอเลย,29,🔴 คำตอบไม่ปรากฏในเฉลยเลย
chap-15-statistics-q47,chap-15-statistics,fill,'24.5',24.5,เจอแต่ไม่อยู่ท้าย,26,🟡 อาจเป็นการเอ่ยกลางทาง ⛔ ไม่ใช่ผลสรุป
chap-15-statistics-q48,chap-15-statistics,mc,0,$14$ คน,เจอแต่ไม่อยู่ท้าย,21,🟡 อาจเป็นการเอ่ยกลางทาง ⛔ ไม่ใช่ผลสรุป
chap-15-statistics-q49,chap-15-statistics,mc,1,$22$ คน,เจอแต่ไม่อยู่ท้าย,33,🟡 อาจเป็นการเอ่ยกลางทาง ⛔ ไม่ใช่ผลสรุป
chap-15-statistics-q50,chap-15-statistics,mc,2,ควอไทล์ที่หนึ่งของคะแนนสอบมีค่าอยู่ระหว่าง $60$–$69$ คะแนน,ไม่เจอเลย,34,🔴 คำตอบไม่ปรากฏในเฉลยเลย
chap-15-statistics-q51,chap-15-statistics,mc,2,ถ้าข้อมูล $2$ ชุดมีค่าเฉลี่ยเลขคณิตเท่ากัน แสดงว่าการแจกแจงของข้อมูลเหมือนกันเสม,ไม่เจอเลย,22,🔴 คำตอบไม่ปรากฏในเฉลยเลย
chap-15-statistics-q52,chap-15-statistics,mc,0,ก. ถูก และ ข. ถูก,เจอแต่ไม่อยู่ท้าย,30,🟡 อาจเป็นการเอ่ยกลางทาง ⛔ ไม่ใช่ผลสรุป
chap-15-statistics-q53,chap-15-statistics,mc,3,ก. ผิด และ ข. ผิด,เจอแต่ไม่อยู่ท้าย,29,🟡 อาจเป็นการเอ่ยกลางทาง ⛔ ไม่ใช่ผลสรุป
chap-15-statistics-q54,chap-15-statistics,mc,1,ก. ผิด ข. ถูก,เจอแต่ไม่อยู่ท้าย,30,🟡 อาจเป็นการเอ่ยกลางทาง ⛔ ไม่ใช่ผลสรุป
chap-15-statistics-q55,chap-15-statistics,mc,3,"$96,\ 144$",เจอแต่ไม่อยู่ท้าย,26,🟡 อาจเป็นการเอ่ยกลางทาง ⛔ ไม่ใช่ผลสรุป
chap-15-statistics-q56,chap-15-statistics,mc,3,มี $1$ ค่า และมีค่าเท่ากับมัธยฐาน,เจอแต่ไม่อยู่ท้าย,31,🟡 อาจเป็นการเอ่ยกลางทาง ⛔ ไม่ใช่ผลสรุป
chap-15-statistics-q57,chap-15-statistics,fill,'0.8',0.8,เจอแต่ไม่อยู่ท้าย,30,🟡 อาจเป็นการเอ่ยกลางทาง ⛔ ไม่ใช่ผลสรุป
chap-15-statistics-q58,chap-15-statistics,mc,2,$12.48$,เจอแต่ไม่อยู่ท้าย,25,🟡 อาจเป็นการเอ่ยกลางทาง ⛔ ไม่ใช่ผลสรุป
chap-15-statistics-q59,chap-15-statistics,mc,3,ก. ผิด และ ข. ผิด,เจอแต่ไม่อยู่ท้าย,26,🟡 อาจเป็นการเอ่ยกลางทาง ⛔ ไม่ใช่ผลสรุป
chap-15-statistics-q60,chap-15-statistics,mc,2,รูปของการแจกแจงความถี่เป็นเส้นโค้งเบ้ทางซ้าย และความแปรปรวนเท่ากับ $2.7$,ไม่เจอเลย,27,🔴 คำตอบไม่ปรากฏในเฉลยเลย
chap-15-statistics-q62,chap-15-statistics,mc,4,$78$,เจอแต่ไม่อยู่ท้าย,25,🟡 อาจเป็นการเอ่ยกลางทาง ⛔ ไม่ใช่ผลสรุป
chap-15-statistics-q63,chap-15-statistics,mc,1,$6$,เจอแต่ไม่อยู่ท้าย,22,🟡 อาจเป็นการเอ่ยกลางทาง ⛔ ไม่ใช่ผลสรุป
chap-15-statistics-q64,chap-15-statistics,mc,2,$\dfrac{22}{5}$,เจอแต่ไม่อยู่ท้าย,25,🟡 อาจเป็นการเอ่ยกลางทาง ⛔ ไม่ใช่ผลสรุป
chap-15-statistics-q65,chap-15-statistics,mc,2,$65$ กิโลกรัม,เจอแต่ไม่อยู่ท้าย,22,🟡 อาจเป็นการเอ่ยกลางทาง ⛔ ไม่ใช่ผลสรุป
chap-15-statistics-q66,chap-15-statistics,mc,3,"$15.2,\ 4.116$",เจอแต่ไม่อยู่ท้าย,25,🟡 อาจเป็นการเอ่ยกลางทาง ⛔ ไม่ใช่ผลสรุป
chap-15-statistics-q68,chap-15-statistics,mc,1,$54.6$,เจอแต่ไม่อยู่ท้าย,22,🟡 อาจเป็นการเอ่ยกลางทาง ⛔ ไม่ใช่ผลสรุป
chap-15-statistics-q69,chap-15-statistics,mc,3,สินค้าชนิดที่ $1$ มีการกระจายของราคามากกว่าสินค้าชนิดที่ $2$ แต่น้อยกว่าชนิดที่ ,ไม่เจอเลย,28,🔴 คำตอบไม่ปรากฏในเฉลยเลย
chap-15-statistics-q70,chap-15-statistics,mc,1,ข้อมูลชุดที่ $1$ กระจายมากกว่าชุดที่ $2$,เจอแต่ไม่อยู่ท้าย,27,🟡 อาจเป็นการเอ่ยกลางทาง ⛔ ไม่ใช่ผลสรุป
chap-15-statistics-q71,chap-15-statistics,mc,1,ราคาเฉลี่ยของสินค้าชนิดที่ $1$ น้อยกว่าชนิดที่ $2$ และการกระจายของราคามากกว่าของ,ไม่เจอเลย,26,🔴 คำตอบไม่ปรากฏในเฉลยเลย
chap-15-statistics-q72,chap-15-statistics,mc,0,$21\sqrt{2}$,เจอแต่ไม่อยู่ท้าย,25,🟡 อาจเป็นการเอ่ยกลางทาง ⛔ ไม่ใช่ผลสรุป
chap-15-statistics-q73,chap-15-statistics,mc,1,ข้อมูลที่ได้จากการสำรวจหรือการสังเกตหรือการทดลอง จัดเป็นข้อมูลแบบทุติยภูมิ,เจอแต่ไม่อยู่ท้าย,41,🟡 อาจเป็นการเอ่ยกลางทาง ⛔ ไม่ใช่ผลสรุป
chap-15-statistics-q74,chap-15-statistics,mc,3,ก. ผิด ข. ผิด,เจอแต่ไม่อยู่ท้าย,29,🟡 อาจเป็นการเอ่ยกลางทาง ⛔ ไม่ใช่ผลสรุป
chap-15-statistics-q75,chap-15-statistics,mc,0,$\sqrt{2}$,เจอแต่ไม่อยู่ท้าย,24,🟡 อาจเป็นการเอ่ยกลางทาง ⛔ ไม่ใช่ผลสรุป
chap-15-statistics-q76,chap-15-statistics,mc,3,สัมประสิทธิ์ของการแปรผันของข้อมูลชุดนี้มีค่าเท่ากับ $50\%$,ไม่เจอเลย,48,🔴 คำตอบไม่ปรากฏในเฉลยเลย
chap-15-statistics-q77,chap-15-statistics,mc,0,$\dfrac{\sqrt{5}}{5}$,เจอแต่ไม่อยู่ท้าย,24,🟡 อาจเป็นการเอ่ยกลางทาง ⛔ ไม่ใช่ผลสรุป
chap-15-statistics-q78,chap-15-statistics,fill,'21.79',21.79,เจอแต่ไม่อยู่ท้าย,26,🟡 อาจเป็นการเอ่ยกลางทาง ⛔ ไม่ใช่ผลสรุป
chap-15-statistics-q79,chap-15-statistics,mc,1,$7.965$ และ $2.2350$,เจอแต่ไม่อยู่ท้าย,23,🟡 อาจเป็นการเอ่ยกลางทาง ⛔ ไม่ใช่ผลสรุป
chap-15-statistics-q80,chap-15-statistics,fill,'9',9,เจอแต่ไม่อยู่ท้าย,24,🟡 อาจเป็นการเอ่ยกลางทาง ⛔ ไม่ใช่ผลสรุป
chap-15-statistics-q82,chap-15-statistics,mc,0,เครื่องชั่ง ก มีความคลาดเคลื่อนน้อยกว่าเครื่องชั่ง ข,ไม่เจอเลย,23,🔴 คำตอบไม่ปรากฏในเฉลยเลย
chap-15-statistics-q83,chap-15-statistics,mc,0,ห้องใดมีพิสัยมากกว่า,เจอแต่ไม่อยู่ท้าย,22,🟡 อาจเป็นการเอ่ยกลางทาง ⛔ ไม่ใช่ผลสรุป
chap-15-statistics-q84,chap-15-statistics,mc,0,"$x=6,\ y=1.5$",เจอแต่ไม่อยู่ท้าย,42,🟡 อาจเป็นการเอ่ยกลางทาง ⛔ ไม่ใช่ผลสรุป
chap-15-statistics-q85,chap-15-statistics,mc,0,ส่วนสูงของนักเรียนหญิงมีการกระจายมากกว่าส่วนสูงของนักเรียนชาย,ไม่เจอเลย,25,🔴 คำตอบไม่ปรากฏในเฉลยเลย
chap-15-statistics-q86,chap-15-statistics,mc,4,ไม่มีข้อใดใน $1.$ ถึง $4.$ ที่ถูก,ไม่เจอเลย,27,🔴 คำตอบไม่ปรากฏในเฉลยเลย
chap-15-statistics-q88,chap-15-statistics,fill,'96',96,เจอแต่ไม่อยู่ท้าย,25,🟡 อาจเป็นการเอ่ยกลางทาง ⛔ ไม่ใช่ผลสรุป
chap-15-statistics-q89,chap-15-statistics,mc,3,$81.47$,เจอแต่ไม่อยู่ท้าย,44,🟡 อาจเป็นการเอ่ยกลางทาง ⛔ ไม่ใช่ผลสรุป
chap-15-statistics-q90,chap-15-statistics,mc,3,ถูกทั้งข้อ ก. ข. และ ค.,เจอแต่ไม่อยู่ท้าย,26,🟡 อาจเป็นการเอ่ยกลางทาง ⛔ ไม่ใช่ผลสรุป
chap-15-statistics-q91,chap-15-statistics,mc,2,ส่วนเบี่ยงเบนมาตรฐานของข้อมูลชุดที่ $1$ มากกว่าของข้อมูลชุดที่ $2$,ไม่เจอเลย,47,🔴 คำตอบไม่ปรากฏในเฉลยเลย
chap-15-statistics-q92,chap-15-statistics,mc,1,ส่วนเบี่ยงเบนมาตรฐานของชุด $x$ น้อยกว่าส่วนเบี่ยงเบนมาตรฐานของชุด $y$,ไม่เจอเลย,24,🔴 คำตอบไม่ปรากฏในเฉลยเลย
chap-15-statistics-q95,chap-15-statistics,mc,2,ความแปรปรวนของโบนัสเป็น $4$ เท่าของความแปรปรวนของเงินเดือน,ไม่เจอเลย,22,🔴 คำตอบไม่ปรากฏในเฉลยเลย
chap-15-statistics-q96,chap-15-statistics,mc,0,$6$ (ปี$^2$),เจอแต่ไม่อยู่ท้าย,22,🟡 อาจเป็นการเอ่ยกลางทาง ⛔ ไม่ใช่ผลสรุป
chap-15-statistics-q97,chap-15-statistics,mc,0,ก. ถูก และ ข. ถูก,เจอแต่ไม่อยู่ท้าย,24,🟡 อาจเป็นการเอ่ยกลางทาง ⛔ ไม่ใช่ผลสรุป
chap-15-statistics-q98,chap-15-statistics,mc,3,$\dfrac{5}{4}$,เจอแต่ไม่อยู่ท้าย,43,🟡 อาจเป็นการเอ่ยกลางทาง ⛔ ไม่ใช่ผลสรุป
chap-15-statistics-q99,chap-15-statistics,mc,3,ข้อ 4,เจอแต่ไม่อยู่ท้าย,23,🟡 อาจเป็นการเอ่ยกลางทาง ⛔ ไม่ใช่ผลสรุป
chap-15-statistics-q100,chap-15-statistics,mc,3,มีค่ามากกว่า $9$,เจอแต่ไม่อยู่ท้าย,21,🟡 อาจเป็นการเอ่ยกลางทาง ⛔ ไม่ใช่ผลสรุป
chap-15-statistics-q101,chap-15-statistics,mc,0,$85$,เจอแต่ไม่อยู่ท้าย,22,🟡 อาจเป็นการเอ่ยกลางทาง ⛔ ไม่ใช่ผลสรุป
chap-15-statistics-q102,chap-15-statistics,mc,1,นายสันติ และนายสุเทพ,เจอแต่ไม่อยู่ท้าย,23,🟡 อาจเป็นการเอ่ยกลางทาง ⛔ ไม่ใช่ผลสรุป
chap-15-statistics-q103,chap-15-statistics,mc,4,นาย ก และนาย ข สอบได้เพียงสองคนเท่านั้น,ไม่เจอเลย,27,🔴 คำตอบไม่ปรากฏในเฉลยเลย
chap-15-statistics-q104,chap-15-statistics,mc,0,นาย ก ทำงานในวันจันทร์ได้ดีที่สุด,เจอแต่ไม่อยู่ท้าย,22,🟡 อาจเป็นการเอ่ยกลางทาง ⛔ ไม่ใช่ผลสรุป
chap-15-statistics-q105,chap-15-statistics,mc,2,กัลยาได้เท่ากับปัญญา,เจอแต่ไม่อยู่ท้าย,25,🟡 อาจเป็นการเอ่ยกลางทาง ⛔ ไม่ใช่ผลสรุป
chap-15-statistics-q106,chap-15-statistics,mc,4,"นางสาวฉวีวรรณ, นายนิพนธ์",เจอแต่ไม่อยู่ท้าย,29,🟡 อาจเป็นการเอ่ยกลางทาง ⛔ ไม่ใช่ผลสรุป
chap-15-statistics-q107,chap-15-statistics,mc,2,เรียนคณิตศาสตร์ได้ดีกว่าเคมี,เจอแต่ไม่อยู่ท้าย,25,🟡 อาจเป็นการเอ่ยกลางทาง ⛔ ไม่ใช่ผลสรุป
chap-15-statistics-q108,chap-15-statistics,mc,2,นักเรียนห้อง ก มีมาตรฐานสูงกว่านักเรียนห้อง ข,ไม่เจอเลย,23,🔴 คำตอบไม่ปรากฏในเฉลยเลย
chap-15-statistics-q109,chap-15-statistics,mc,0,ตั้งแต่ $60$ คะแนนขึ้นไป,เจอแต่ไม่อยู่ท้าย,25,🟡 อาจเป็นการเอ่ยกลางทาง ⛔ ไม่ใช่ผลสรุป
chap-15-statistics-q110,chap-15-statistics,mc,2,มีค่าอยู่ระหว่างมัธยฐานและเปอร์เซ็นไทล์ที่ $75$,ไม่เจอเลย,26,🔴 คำตอบไม่ปรากฏในเฉลยเลย
chap-15-statistics-q111,chap-15-statistics,mc,0,"$53.8,\ 16.14$",ไม่เจอเลย,25,🔴 คำตอบไม่ปรากฏในเฉลยเลย
chap-15-statistics-q112,chap-15-statistics,mc,1,$\dfrac{5}{12}$,เจอแต่ไม่อยู่ท้าย,28,🟡 อาจเป็นการเอ่ยกลางทาง ⛔ ไม่ใช่ผลสรุป
chap-15-statistics-q113,chap-15-statistics,mc,0,$31$ ปี $3$ เดือน,เจอแต่ไม่อยู่ท้าย,24,🟡 อาจเป็นการเอ่ยกลางทาง ⛔ ไม่ใช่ผลสรุป
chap-15-statistics-q114,chap-15-statistics,mc,2,"$65,\ 0.5$",เจอแต่ไม่อยู่ท้าย,28,🟡 อาจเป็นการเอ่ยกลางทาง ⛔ ไม่ใช่ผลสรุป
chap-15-statistics-q115,chap-15-statistics,mc,2,$54$ คะแนน,เจอแต่ไม่อยู่ท้าย,23,🟡 อาจเป็นการเอ่ยกลางทาง ⛔ ไม่ใช่ผลสรุป
chap-15-statistics-q116,chap-15-statistics,mc,1,ก. ถูก และ ข. ผิด,เจอแต่ไม่อยู่ท้าย,28,🟡 อาจเป็นการเอ่ยกลางทาง ⛔ ไม่ใช่ผลสรุป
chap-15-statistics-q117,chap-15-statistics,mc,2,"$A=1.05,\ B=66.75$ คะแนน",ไม่เจอเลย,28,🔴 คำตอบไม่ปรากฏในเฉลยเลย
chap-15-statistics-q118,chap-15-statistics,mc,2,ไม่น้อยกว่า $26$ ปี และไม่เกิน $30$ ปี,เจอแต่ไม่อยู่ท้าย,26,🟡 อาจเป็นการเอ่ยกลางทาง ⛔ ไม่ใช่ผลสรุป
chap-15-statistics-q119,chap-15-statistics,mc,0,$35$,เจอแต่ไม่อยู่ท้าย,21,🟡 อาจเป็นการเอ่ยกลางทาง ⛔ ไม่ใช่ผลสรุป
chap-15-statistics-q120,chap-15-statistics,mc,0,ข้อมูลที่มีการกระจายมาก เส้นโค้งปกติจะมีความโด่งน้อย,ไม่เจอเลย,24,🔴 คำตอบไม่ปรากฏในเฉลยเลย
chap-15-statistics-q121,chap-15-statistics,mc,4,เส้นโค้งปกติที่มีความโด่งมาก จะชันกว่าเส้นโค้งปกติที่มีความโด่งน้อยกว่า เมื่อค่า,ไม่เจอเลย,24,🔴 คำตอบไม่ปรากฏในเฉลยเลย
chap-15-statistics-q122,chap-15-statistics,mc,0,ข้อ 1,เจอแต่ไม่อยู่ท้าย,30,🟡 อาจเป็นการเอ่ยกลางทาง ⛔ ไม่ใช่ผลสรุป
chap-15-statistics-q123,chap-15-statistics,mc,2,$12$,เจอแต่ไม่อยู่ท้าย,22,🟡 อาจเป็นการเอ่ยกลางทาง ⛔ ไม่ใช่ผลสรุป
chap-15-statistics-q124,chap-15-statistics,mc,4,$\bar{X}_1 < \bar{X}_2$ และ $s_1 > s_2$,เจอแต่ไม่อยู่ท้าย,23,🟡 อาจเป็นการเอ่ยกลางทาง ⛔ ไม่ใช่ผลสรุป
chap-15-statistics-q126,chap-15-statistics,mc,3,$w_3 > w_2 > w_1$,เจอแต่ไม่อยู่ท้าย,28,🟡 อาจเป็นการเอ่ยกลางทาง ⛔ ไม่ใช่ผลสรุป
chap-15-statistics-q127,chap-15-statistics,mc,3,$117$ คน,เจอแต่ไม่อยู่ท้าย,23,🟡 อาจเป็นการเอ่ยกลางทาง ⛔ ไม่ใช่ผลสรุป
chap-15-statistics-q128,chap-15-statistics,mc,2,$62$ คะแนน,ไม่เจอเลย,21,🔴 คำตอบไม่ปรากฏในเฉลยเลย
chap-15-statistics-q129,chap-15-statistics,mc,1,$73.40$,เจอแต่ไม่อยู่ท้าย,21,🟡 อาจเป็นการเอ่ยกลางทาง ⛔ ไม่ใช่ผลสรุป
chap-15-statistics-q130,chap-15-statistics,mc,1,$66.7$,เจอแต่ไม่อยู่ท้าย,22,🟡 อาจเป็นการเอ่ยกลางทาง ⛔ ไม่ใช่ผลสรุป
chap-15-statistics-q131,chap-15-statistics,mc,3,$89.44$,เจอแต่ไม่อยู่ท้าย,26,🟡 อาจเป็นการเอ่ยกลางทาง ⛔ ไม่ใช่ผลสรุป
chap-15-statistics-q132,chap-15-statistics,mc,3,$87.5$,ไม่เจอเลย,23,🔴 คำตอบไม่ปรากฏในเฉลยเลย
chap-15-statistics-q133,chap-15-statistics,mc,3,$196$,เจอแต่ไม่อยู่ท้าย,21,🟡 อาจเป็นการเอ่ยกลางทาง ⛔ ไม่ใช่ผลสรุป
chap-15-statistics-q134,chap-15-statistics,fill,'30.5',30.5,เจอแต่ไม่อยู่ท้าย,22,🟡 อาจเป็นการเอ่ยกลางทาง ⛔ ไม่ใช่ผลสรุป
chap-15-statistics-q135,chap-15-statistics,mc,1,"$6{,}348$",เจอแต่ไม่อยู่ท้าย,23,🟡 อาจเป็นการเอ่ยกลางทาง ⛔ ไม่ใช่ผลสรุป
chap-15-statistics-q136,chap-15-statistics,mc,3,$a=78.88$ และ $b < 42$,ไม่เจอเลย,30,🔴 คำตอบไม่ปรากฏในเฉลยเลย
chap-15-statistics-q137,chap-15-statistics,fill,'6.06',6.06,เจอแต่ไม่อยู่ท้าย,23,🟡 อาจเป็นการเอ่ยกลางทาง ⛔ ไม่ใช่ผลสรุป
chap-15-statistics-q138,chap-15-statistics,mc,2,$25\%$,เจอแต่ไม่อยู่ท้าย,28,🟡 อาจเป็นการเอ่ยกลางทาง ⛔ ไม่ใช่ผลสรุป
chap-15-statistics-q139,chap-15-statistics,mc,2,$3.125\%$,เจอแต่ไม่อยู่ท้าย,26,🟡 อาจเป็นการเอ่ยกลางทาง ⛔ ไม่ใช่ผลสรุป
chap-15-statistics-q140,chap-15-statistics,mc,3,ผู้ที่ได้คะแนนระหว่าง $54$ ถึง $80$ มีมากกว่า $800$ คน,ไม่เจอเลย,28,🔴 คำตอบไม่ปรากฏในเฉลยเลย
chap-15-statistics-q141,chap-15-statistics,mc,2,$38.12\%$,เจอแต่ไม่อยู่ท้าย,29,🟡 อาจเป็นการเอ่ยกลางทาง ⛔ ไม่ใช่ผลสรุป
chap-15-statistics-q142,chap-15-statistics,mc,3,"$140,\ 25$",ไม่เจอเลย,29,🔴 คำตอบไม่ปรากฏในเฉลยเลย
chap-15-statistics-q143,chap-15-statistics,mc,1,ก. ถูก และ ข. ผิด,เจอแต่ไม่อยู่ท้าย,39,🟡 อาจเป็นการเอ่ยกลางทาง ⛔ ไม่ใช่ผลสรุป
chap-15-statistics-q145,chap-15-statistics,mc,0,ค่าเฉลี่ยเลขคณิตเท่ากับ $3$ ความแปรปรวนเท่ากับ $8.88$,ไม่เจอเลย,27,🔴 คำตอบไม่ปรากฏในเฉลยเลย
chap-15-statistics-q146,chap-15-statistics,fill,'24',24,เจอแต่ไม่อยู่ท้าย,27,🟡 อาจเป็นการเอ่ยกลางทาง ⛔ ไม่ใช่ผลสรุป
chap-15-statistics-q147,chap-15-statistics,mc,1,เด็กชายน้อยได้คะแนนมากกว่าเด็กชายแดง $8.8$ คะแนน,เจอแต่ไม่อยู่ท้าย,28,🟡 อาจเป็นการเอ่ยกลางทาง ⛔ ไม่ใช่ผลสรุป
chap-15-statistics-q148,chap-15-statistics,mc,3,$20$,เจอแต่ไม่อยู่ท้าย,28,🟡 อาจเป็นการเอ่ยกลางทาง ⛔ ไม่ใช่ผลสรุป
chap-15-statistics-q149,chap-15-statistics,mc,1,$4$,เจอแต่ไม่อยู่ท้าย,28,🟡 อาจเป็นการเอ่ยกลางทาง ⛔ ไม่ใช่ผลสรุป
chap-15-statistics-q151,chap-15-statistics,mc,1,สมศักดิ์ สมศรี สมชาย,เจอแต่ไม่อยู่ท้าย,27,🟡 อาจเป็นการเอ่ยกลางทาง ⛔ ไม่ใช่ผลสรุป
chap-15-statistics-q152,chap-15-statistics,mc,0,ก. ถูก และ ข. ถูก,เจอแต่ไม่อยู่ท้าย,29,🟡 อาจเป็นการเอ่ยกลางทาง ⛔ ไม่ใช่ผลสรุป
chap-15-statistics-q153,chap-15-statistics,mc,2,"$0.0227,\ 0.0227$",เจอแต่ไม่อยู่ท้าย,23,🟡 อาจเป็นการเอ่ยกลางทาง ⛔ ไม่ใช่ผลสรุป
chap-15-statistics-q154,chap-15-statistics,fill,'2.17',2.17,เจอแต่ไม่อยู่ท้าย,26,🟡 อาจเป็นการเอ่ยกลางทาง ⛔ ไม่ใช่ผลสรุป
chap-15-statistics-q155,chap-15-statistics,mc,0,$11.51$,เจอแต่ไม่อยู่ท้าย,24,🟡 อาจเป็นการเอ่ยกลางทาง ⛔ ไม่ใช่ผลสรุป
chap-15-statistics-q156,chap-15-statistics,fill,'113.8 หรือ 66.2',113.8 หรือ 66.2,เจอแต่ไม่อยู่ท้าย,28,🟡 อาจเป็นการเอ่ยกลางทาง ⛔ ไม่ใช่ผลสรุป
chap-15-statistics-q157,chap-15-statistics,mc,1,"$a=50.4,\ b=34.29\%$",เจอแต่ไม่อยู่ท้าย,33,🟡 อาจเป็นการเอ่ยกลางทาง ⛔ ไม่ใช่ผลสรุป
chap-15-statistics-q158,chap-15-statistics,mc,3,$x_3 < x_1 < x_2$,ไม่เจอเลย,26,🔴 คำตอบไม่ปรากฏในเฉลยเลย
chap-15-statistics-q159,chap-15-statistics,mc,1,ข้อ 2,เจอแต่ไม่อยู่ท้าย,30,🟡 อาจเป็นการเอ่ยกลางทาง ⛔ ไม่ใช่ผลสรุป
chap-15-statistics-q160,chap-15-statistics,mc,1,"$y=a-bx,\ a,b > 0$",เจอแต่ไม่อยู่ท้าย,23,🟡 อาจเป็นการเอ่ยกลางทาง ⛔ ไม่ใช่ผลสรุป
chap-15-statistics-q161,chap-15-statistics,mc,3,ก. ผิด และ ข. ผิด,เจอแต่ไม่อยู่ท้าย,20,🟡 อาจเป็นการเอ่ยกลางทาง ⛔ ไม่ใช่ผลสรุป
chap-15-statistics-q162,chap-15-statistics,mc,1,ถ้าทราบส่วนสูงของพ่อ สามารถประมาณส่วนสูงโดยเฉลี่ยของลูกได้จาก $y=1.05x+3$,ไม่เจอเลย,22,🔴 คำตอบไม่ปรากฏในเฉลยเลย
chap-15-statistics-q163,chap-15-statistics,fill,'149.84',149.84,เจอแต่ไม่อยู่ท้าย,23,🟡 อาจเป็นการเอ่ยกลางทาง ⛔ ไม่ใช่ผลสรุป
chap-15-statistics-q164,chap-15-statistics,mc,3,ในการทำนายค่า $Y$ ถ้า $X$ มีค่าเท่ากับ $11$ จะทำนายค่า $Y$ เป็น $7.541$,ไม่เจอเลย,25,🔴 คำตอบไม่ปรากฏในเฉลยเลย
chap-15-statistics-q166,chap-15-statistics,fill,'4',4,เจอแต่ไม่อยู่ท้าย,41,🟡 อาจเป็นการเอ่ยกลางทาง ⛔ ไม่ใช่ผลสรุป
chap-15-statistics-q167,chap-15-statistics,mc,2,$5$ เมตร,เจอแต่ไม่อยู่ท้าย,24,🟡 อาจเป็นการเอ่ยกลางทาง ⛔ ไม่ใช่ผลสรุป
chap-15-statistics-q168,chap-15-statistics,mc,0,$Y=3.25X+0.5$,เจอแต่ไม่อยู่ท้าย,39,🟡 อาจเป็นการเอ่ยกลางทาง ⛔ ไม่ใช่ผลสรุป
chap-15-statistics-q169,chap-15-statistics,mc,3,$11.65$,เจอแต่ไม่อยู่ท้าย,24,🟡 อาจเป็นการเอ่ยกลางทาง ⛔ ไม่ใช่ผลสรุป
chap-15-statistics-q170,chap-15-statistics,mc,1,ก. ถูก และ ข. ผิด,เจอแต่ไม่อยู่ท้าย,30,🟡 อาจเป็นการเอ่ยกลางทาง ⛔ ไม่ใช่ผลสรุป
chap-15-statistics-q173,chap-15-statistics,mc,2,$11.2$,เจอแต่ไม่อยู่ท้าย,26,🟡 อาจเป็นการเอ่ยกลางทาง ⛔ ไม่ใช่ผลสรุป
chap-15-statistics-q174,chap-15-statistics,fill,'75',75,เจอแต่ไม่อยู่ท้าย,21,🟡 อาจเป็นการเอ่ยกลางทาง ⛔ ไม่ใช่ผลสรุป
chap-15-statistics-q176,chap-15-statistics,fill,'850',850,เจอแต่ไม่อยู่ท้าย,18,🟡 อาจเป็นการเอ่ยกลางทาง ⛔ ไม่ใช่ผลสรุป
chap-15-statistics-q177,chap-15-statistics,mc,3,แต่ละครอบครัวจะมีรายได้มากกว่ารายจ่ายเสมอ,ไม่เจอเลย,25,🔴 คำตอบไม่ปรากฏในเฉลยเลย
chap-15-statistics-q179,chap-15-statistics,mc,1,ก. ถูก และ ข. ผิด,เจอแต่ไม่อยู่ท้าย,22,🟡 อาจเป็นการเอ่ยกลางทาง ⛔ ไม่ใช่ผลสรุป
chap-15-statistics-q180,chap-15-statistics,mc,1,ก. ถูก และ ข. ผิด,เจอแต่ไม่อยู่ท้าย,26,🟡 อาจเป็นการเอ่ยกลางทาง ⛔ ไม่ใช่ผลสรุป
chap-15-statistics-q181,chap-15-statistics,mc,2,$1$,เจอแต่ไม่อยู่ท้าย,22,🟡 อาจเป็นการเอ่ยกลางทาง ⛔ ไม่ใช่ผลสรุป
chap-15-statistics-q182,chap-15-statistics,mc,3,ปริมาณเนื้อหมูมากกว่าปริมาณเนื้อวัวในบางปี,เจอแต่ไม่อยู่ท้าย,26,🟡 อาจเป็นการเอ่ยกลางทาง ⛔ ไม่ใช่ผลสรุป
chap-15-statistics-q183,chap-15-statistics,mc,1,$111.28$,เจอแต่ไม่อยู่ท้าย,20,🟡 อาจเป็นการเอ่ยกลางทาง ⛔ ไม่ใช่ผลสรุป
chap-15-statistics-q184,chap-15-statistics,mc,1,"$\sum Y=cn+b\sum X_1+a\sum X_2$
$\sum X_1Y=c\sum X_1+b\sum X_1^2+a\sum X_1X_2$
$",ไม่เจอเลย,23,🔴 คำตอบไม่ปรากฏในเฉลยเลย
chap-15-statistics-q185,chap-15-statistics,mc,0,$97$,เจอแต่ไม่อยู่ท้าย,23,🟡 อาจเป็นการเอ่ยกลางทาง ⛔ ไม่ใช่ผลสรุป
chap-15-statistics-q186,chap-15-statistics,mc,1,"$11{,}300$ เครื่อง",เจอแต่ไม่อยู่ท้าย,23,🟡 อาจเป็นการเอ่ยกลางทาง ⛔ ไม่ใช่ผลสรุป
chap-15-statistics-q187,chap-15-statistics,mc,1,$4.9$ ล้านบาท,เจอแต่ไม่อยู่ท้าย,24,🟡 อาจเป็นการเอ่ยกลางทาง ⛔ ไม่ใช่ผลสรุป
chap-15-statistics-q188,chap-15-statistics,fill,'44.79',44.79,เจอแต่ไม่อยู่ท้าย,22,🟡 อาจเป็นการเอ่ยกลางทาง ⛔ ไม่ใช่ผลสรุป
chap-15-statistics-q189,chap-15-statistics,fill,'338.9',338.9,เจอแต่ไม่อยู่ท้าย,23,🟡 อาจเป็นการเอ่ยกลางทาง ⛔ ไม่ใช่ผลสรุป
chap-15-statistics-q190,chap-15-statistics,mc,0,ค่าเฉลี่ยของรายได้ต่อเดือนของครัวเรือนเกษตรกรจังหวัดตาก เป็นสารสนเทศ,ไม่เจอเลย,28,🔴 คำตอบไม่ปรากฏในเฉลยเลย
chap-15-statistics-q192,chap-15-statistics,mc,3,$2.4$ ปี,เจอแต่ไม่อยู่ท้าย,25,🟡 อาจเป็นการเอ่ยกลางทาง ⛔ ไม่ใช่ผลสรุป
chap-15-statistics-q193,chap-15-statistics,mc,2,$6.0$ ปี,เจอแต่ไม่อยู่ท้าย,25,🟡 อาจเป็นการเอ่ยกลางทาง ⛔ ไม่ใช่ผลสรุป
chap-15-statistics-q194,chap-15-statistics,mc,1,$16.8$ ปี,เจอแต่ไม่อยู่ท้าย,20,🟡 อาจเป็นการเอ่ยกลางทาง ⛔ ไม่ใช่ผลสรุป
chap-15-statistics-q195,chap-15-statistics,fill,'0.75',0.75,เจอแต่ไม่อยู่ท้าย,22,🟡 อาจเป็นการเอ่ยกลางทาง ⛔ ไม่ใช่ผลสรุป
chap-15-statistics-q196,chap-15-statistics,mc,0,$10$ เครื่อง,เจอแต่ไม่อยู่ท้าย,25,🟡 อาจเป็นการเอ่ยกลางทาง ⛔ ไม่ใช่ผลสรุป
chap-15-statistics-q197,chap-15-statistics,mc,1,$166.67$ ซม.,เจอแต่ไม่อยู่ท้าย,25,🟡 อาจเป็นการเอ่ยกลางทาง ⛔ ไม่ใช่ผลสรุป
chap-15-statistics-q198,chap-15-statistics,fill,'15',15,เจอแต่ไม่อยู่ท้าย,28,🟡 อาจเป็นการเอ่ยกลางทาง ⛔ ไม่ใช่ผลสรุป
chap-15-statistics-q199,chap-15-statistics,fill,"'132, 254'","132, 254",ไม่เจอเลย,33,🔴 คำตอบไม่ปรากฏในเฉลยเลย
chap-15-statistics-q201,chap-15-statistics,mc,3,กลุ่มที่ 4,เจอแต่ไม่อยู่ท้าย,30,🟡 อาจเป็นการเอ่ยกลางทาง ⛔ ไม่ใช่ผลสรุป
chap-15-statistics-q203,chap-15-statistics,mc,1,ก. ถูก และ ข. ผิด,เจอแต่ไม่อยู่ท้าย,24,🟡 อาจเป็นการเอ่ยกลางทาง ⛔ ไม่ใช่ผลสรุป
chap-15-statistics-q204,chap-15-statistics,mc,3,มัธยฐานมากกว่าฐานนิยม,เจอแต่ไม่อยู่ท้าย,30,🟡 อาจเป็นการเอ่ยกลางทาง ⛔ ไม่ใช่ผลสรุป
chap-15-statistics-q205,chap-15-statistics,mc,2,ฐานนิยมมีค่ามากกว่ามัธยฐาน,เจอแต่ไม่อยู่ท้าย,30,🟡 อาจเป็นการเอ่ยกลางทาง ⛔ ไม่ใช่ผลสรุป
chap-15-statistics-q206,chap-15-statistics,mc,3,ข้อ ก. และ ข. เป็นเท็จ,เจอแต่ไม่อยู่ท้าย,29,🟡 อาจเป็นการเอ่ยกลางทาง ⛔ ไม่ใช่ผลสรุป
chap-15-statistics-q207,chap-15-statistics,mc,1,$237$ ชิ้น,เจอแต่ไม่อยู่ท้าย,28,🟡 อาจเป็นการเอ่ยกลางทาง ⛔ ไม่ใช่ผลสรุป
chap-15-statistics-q208,chap-15-statistics,mc,2,$53\dfrac{1}{3}$ กม./ชม.,เจอแต่ไม่อยู่ท้าย,20,🟡 อาจเป็นการเอ่ยกลางทาง ⛔ ไม่ใช่ผลสรุป
chap-15-statistics-q210,chap-15-statistics,fill,'2',2,เจอแต่ไม่อยู่ท้าย,24,🟡 อาจเป็นการเอ่ยกลางทาง ⛔ ไม่ใช่ผลสรุป
chap-15-statistics-q211,chap-15-statistics,fill,'59.3',59.3,เจอแต่ไม่อยู่ท้าย,27,🟡 อาจเป็นการเอ่ยกลางทาง ⛔ ไม่ใช่ผลสรุป
chap-15-statistics-q212,chap-15-statistics,mc,3,$12.875$,เจอแต่ไม่อยู่ท้าย,33,🟡 อาจเป็นการเอ่ยกลางทาง ⛔ ไม่ใช่ผลสรุป
chap-15-statistics-q213,chap-15-statistics,mc,2,ข้อ ก. ผิด และ ข้อ ข. ถูก,เจอแต่ไม่อยู่ท้าย,23,🟡 อาจเป็นการเอ่ยกลางทาง ⛔ ไม่ใช่ผลสรุป
chap-15-statistics-q214,chap-15-statistics,mc,2,$9.5$,เจอแต่ไม่อยู่ท้าย,25,🟡 อาจเป็นการเอ่ยกลางทาง ⛔ ไม่ใช่ผลสรุป
chap-15-statistics-q215,chap-15-statistics,mc,0,$3.75$,เจอแต่ไม่อยู่ท้าย,29,🟡 อาจเป็นการเอ่ยกลางทาง ⛔ ไม่ใช่ผลสรุป
chap-15-statistics-q217,chap-15-statistics,fill,'3.95',3.95,เจอแต่ไม่อยู่ท้าย,22,🟡 อาจเป็นการเอ่ยกลางทาง ⛔ ไม่ใช่ผลสรุป
chap-15-statistics-q220,chap-15-statistics,fill,'0.7',0.7,เจอแต่ไม่อยู่ท้าย,23,🟡 อาจเป็นการเอ่ยกลางทาง ⛔ ไม่ใช่ผลสรุป
chap-15-statistics-q225,chap-15-statistics,mc,2,$24$,เจอแต่ไม่อยู่ท้าย,35,🟡 อาจเป็นการเอ่ยกลางทาง ⛔ ไม่ใช่ผลสรุป
chap-15-statistics-q226,chap-15-statistics,mc,0,$24$,เจอแต่ไม่อยู่ท้าย,40,🟡 อาจเป็นการเอ่ยกลางทาง ⛔ ไม่ใช่ผลสรุป
chap-15-statistics-q230,chap-15-statistics,mc,0,ก. และ ข. เท่านั้น เป็นเท็จ,เจอแต่ไม่อยู่ท้าย,25,🟡 อาจเป็นการเอ่ยกลางทาง ⛔ ไม่ใช่ผลสรุป
chap-15-statistics-q231,chap-15-statistics,mc,1,ส่วนเบี่ยงเบนมาตรฐานของข้อมูลชุดที่ 1 มีค่ามากกว่าส่วนเบี่ยงเบนมาตรฐานของข้อมูลช,ไม่เจอเลย,52,🔴 คำตอบไม่ปรากฏในเฉลยเลย
chap-15-statistics-q232,chap-15-statistics,mc,1,$13.2$,เจอแต่ไม่อยู่ท้าย,21,🟡 อาจเป็นการเอ่ยกลางทาง ⛔ ไม่ใช่ผลสรุป
chap-15-statistics-q233,chap-15-statistics,fill,'72',72,เจอแต่ไม่อยู่ท้าย,39,🟡 อาจเป็นการเอ่ยกลางทาง ⛔ ไม่ใช่ผลสรุป
chap-15-statistics-q234,chap-15-statistics,mc,0,ข้อ ก. และ ข. เป็นจริง,เจอแต่ไม่อยู่ท้าย,25,🟡 อาจเป็นการเอ่ยกลางทาง ⛔ ไม่ใช่ผลสรุป
chap-15-statistics-q237,chap-15-statistics,mc,1,$79$,เจอแต่ไม่อยู่ท้าย,21,🟡 อาจเป็นการเอ่ยกลางทาง ⛔ ไม่ใช่ผลสรุป
chap-15-statistics-q238,chap-15-statistics,mc,2,$78$,เจอแต่ไม่อยู่ท้าย,24,🟡 อาจเป็นการเอ่ยกลางทาง ⛔ ไม่ใช่ผลสรุป
chap-15-statistics-q239,chap-15-statistics,mc,2,$10$,เจอแต่ไม่อยู่ท้าย,22,🟡 อาจเป็นการเอ่ยกลางทาง ⛔ ไม่ใช่ผลสรุป
chap-15-statistics-q241,chap-15-statistics,mc,3,คนที่ 4,เจอแต่ไม่อยู่ท้าย,22,🟡 อาจเป็นการเอ่ยกลางทาง ⛔ ไม่ใช่ผลสรุป
chap-15-statistics-q243,chap-15-statistics,mc,1,สาขาวิชา ข,เจอแต่ไม่อยู่ท้าย,27,🟡 อาจเป็นการเอ่ยกลางทาง ⛔ ไม่ใช่ผลสรุป
chap-15-statistics-q244,chap-15-statistics,mc,3,$72$,เจอแต่ไม่อยู่ท้าย,23,🟡 อาจเป็นการเอ่ยกลางทาง ⛔ ไม่ใช่ผลสรุป
chap-15-statistics-q245,chap-15-statistics,mc,3,$b < c < a$,ไม่เจอเลย,25,🔴 คำตอบไม่ปรากฏในเฉลยเลย
chap-15-statistics-q248,chap-15-statistics,mc,1,$2$ ข้อ,เจอแต่ไม่อยู่ท้าย,24,🟡 อาจเป็นการเอ่ยกลางทาง ⛔ ไม่ใช่ผลสรุป
chap-15-statistics-q249,chap-15-statistics,fill,'6000',6000,เจอแต่ไม่อยู่ท้าย,25,🟡 อาจเป็นการเอ่ยกลางทาง ⛔ ไม่ใช่ผลสรุป
chap-15-statistics-q250,chap-15-statistics,fill,'15.87',15.87,เจอแต่ไม่อยู่ท้าย,25,🟡 อาจเป็นการเอ่ยกลางทาง ⛔ ไม่ใช่ผลสรุป
chap-15-statistics-q251,chap-15-statistics,mc,0,$2.28$,เจอแต่ไม่อยู่ท้าย,22,🟡 อาจเป็นการเอ่ยกลางทาง ⛔ ไม่ใช่ผลสรุป
chap-15-statistics-q252,chap-15-statistics,mc,1,$27.42\%$,เจอแต่ไม่อยู่ท้าย,26,🟡 อาจเป็นการเอ่ยกลางทาง ⛔ ไม่ใช่ผลสรุป
chap-15-statistics-q253,chap-15-statistics,fill,'15.87',15.87,ไม่เจอเลย,22,🔴 คำตอบไม่ปรากฏในเฉลยเลย
chap-15-statistics-q255,chap-15-statistics,mc,3,$9.28$,เจอแต่ไม่อยู่ท้าย,26,🟡 อาจเป็นการเอ่ยกลางทาง ⛔ ไม่ใช่ผลสรุป
chap-15-statistics-q256,chap-15-statistics,fill,'15.87',15.87,ไม่เจอเลย,26,🔴 คำตอบไม่ปรากฏในเฉลยเลย
chap-15-statistics-q257,chap-15-statistics,mc,2,ลำดับที่ $5$,เจอแต่ไม่อยู่ท้าย,26,🟡 อาจเป็นการเอ่ยกลางทาง ⛔ ไม่ใช่ผลสรุป
chap-15-statistics-q259,chap-15-statistics,mc,1,$47$,เจอแต่ไม่อยู่ท้าย,27,🟡 อาจเป็นการเอ่ยกลางทาง ⛔ ไม่ใช่ผลสรุป
chap-15-statistics-q260,chap-15-statistics,fill,'72.13',72.13,เจอแต่ไม่อยู่ท้าย,28,🟡 อาจเป็นการเอ่ยกลางทาง ⛔ ไม่ใช่ผลสรุป
chap-15-statistics-q261,chap-15-statistics,mc,3,$88.5$,เจอแต่ไม่อยู่ท้าย,25,🟡 อาจเป็นการเอ่ยกลางทาง ⛔ ไม่ใช่ผลสรุป
chap-15-statistics-q263,chap-15-statistics,fill,'1812',1812,เจอแต่ไม่อยู่ท้าย,27,🟡 อาจเป็นการเอ่ยกลางทาง ⛔ ไม่ใช่ผลสรุป
chap-15-statistics-q264,chap-15-statistics,fill,'72.45',72.45,เจอแต่ไม่อยู่ท้าย,32,🟡 อาจเป็นการเอ่ยกลางทาง ⛔ ไม่ใช่ผลสรุป
chap-15-statistics-q265,chap-15-statistics,fill,'30.5',30.5,เจอแต่ไม่อยู่ท้าย,27,🟡 อาจเป็นการเอ่ยกลางทาง ⛔ ไม่ใช่ผลสรุป
chap-15-statistics-q266,chap-15-statistics,fill,'0.25',0.25,เจอแต่ไม่อยู่ท้าย,26,🟡 อาจเป็นการเอ่ยกลางทาง ⛔ ไม่ใช่ผลสรุป
chap-15-statistics-q267,chap-15-statistics,fill,"'79.5, 45'","79.5, 45",ไม่เจอเลย,23,🔴 คำตอบไม่ปรากฏในเฉลยเลย
chap-15-statistics-q268,chap-15-statistics,mc,3,ผู้ที่ได้คะแนนระหว่าง $48$ ถึง $74$ มีจำนวน $850$ คน,ไม่เจอเลย,26,🔴 คำตอบไม่ปรากฏในเฉลยเลย
chap-15-statistics-q269,chap-15-statistics,mc,2,"$\bar{X}=50,\ \sigma=10$",เจอแต่ไม่อยู่ท้าย,28,🟡 อาจเป็นการเอ่ยกลางทาง ⛔ ไม่ใช่ผลสรุป
chap-15-statistics-q271,chap-15-statistics,mc,0,$196$,เจอแต่ไม่อยู่ท้าย,23,🟡 อาจเป็นการเอ่ยกลางทาง ⛔ ไม่ใช่ผลสรุป
chap-15-statistics-q272,chap-15-statistics,mc,3,"จากส่วนสูงของพนักงานขาย $4$ แผนก แต่ละแผนกมีจำนวน $15,\ 20,\ 10$ และ $15$ คน ส่ว",ไม่เจอเลย,23,🔴 คำตอบไม่ปรากฏในเฉลยเลย
chap-15-statistics-q275,chap-15-statistics,fill,'24 หรือ 16',24 หรือ 16,เจอแต่ไม่อยู่ท้าย,21,🟡 อาจเป็นการเอ่ยกลางทาง ⛔ ไม่ใช่ผลสรุป
chap-15-statistics-q276,chap-15-statistics,mc,3,$Y=aX^{3}+bX^{2}+cX+d$,เจอแต่ไม่อยู่ท้าย,22,🟡 อาจเป็นการเอ่ยกลางทาง ⛔ ไม่ใช่ผลสรุป
chap-15-statistics-q278,chap-15-statistics,mc,1,$0.675\ m/s^{2}$,เจอแต่ไม่อยู่ท้าย,27,🟡 อาจเป็นการเอ่ยกลางทาง ⛔ ไม่ใช่ผลสรุป
chap-15-statistics-q279,chap-15-statistics,mc,0,$43\ m/s$,เจอแต่ไม่อยู่ท้าย,25,🟡 อาจเป็นการเอ่ยกลางทาง ⛔ ไม่ใช่ผลสรุป
chap-15-statistics-q280,chap-15-statistics,mc,0,$0.6$,เจอแต่ไม่อยู่ท้าย,24,🟡 อาจเป็นการเอ่ยกลางทาง ⛔ ไม่ใช่ผลสรุป
chap-15-statistics-q281,chap-15-statistics,mc,0,ก. ถูก และ ข. ถูก,เจอแต่ไม่อยู่ท้าย,20,🟡 อาจเป็นการเอ่ยกลางทาง ⛔ ไม่ใช่ผลสรุป
chap-15-statistics-q282,chap-15-statistics,fill,'5.6',5.6,เจอแต่ไม่อยู่ท้าย,23,🟡 อาจเป็นการเอ่ยกลางทาง ⛔ ไม่ใช่ผลสรุป
chap-15-statistics-q283,chap-15-statistics,mc,1,$51$ คะแนน,เจอแต่ไม่อยู่ท้าย,25,🟡 อาจเป็นการเอ่ยกลางทาง ⛔ ไม่ใช่ผลสรุป
chap-15-statistics-q284,chap-15-statistics,mc,3,$y=\dfrac{a}{x}+b$,เจอแต่ไม่อยู่ท้าย,24,🟡 อาจเป็นการเอ่ยกลางทาง ⛔ ไม่ใช่ผลสรุป
chap-15-statistics-q285,chap-15-statistics,mc,2,"$M=100\,e^{-0.1t}$",เจอแต่ไม่อยู่ท้าย,25,🟡 อาจเป็นการเอ่ยกลางทาง ⛔ ไม่ใช่ผลสรุป
chap-15-statistics-q286,chap-15-statistics,mc,2,$116$,เจอแต่ไม่อยู่ท้าย,24,🟡 อาจเป็นการเอ่ยกลางทาง ⛔ ไม่ใช่ผลสรุป
chap-15-statistics-q287,chap-15-statistics,mc,3,$6.95$,เจอแต่ไม่อยู่ท้าย,25,🟡 อาจเป็นการเอ่ยกลางทาง ⛔ ไม่ใช่ผลสรุป
gen-chap-18-interest-and-value-of-money-q01,gen-chap-18-interest-and-value-of-money,mc,1,"$60{,}000$ บาท",เจอแต่ไม่อยู่ท้าย,34,🟡 อาจเป็นการเอ่ยกลางทาง ⛔ ไม่ใช่ผลสรุป
gen-chap-18-interest-and-value-of-money-q02,gen-chap-18-interest-and-value-of-money,mc,0,$720$ บาท,เจอแต่ไม่อยู่ท้าย,34,🟡 อาจเป็นการเอ่ยกลางทาง ⛔ ไม่ใช่ผลสรุป
gen-chap-18-interest-and-value-of-money-q03,gen-chap-18-interest-and-value-of-money,mc,1,"$9{,}680$ บาท",เจอแต่ไม่อยู่ท้าย,34,🟡 อาจเป็นการเอ่ยกลางทาง ⛔ ไม่ใช่ผลสรุป
gen-chap-18-interest-and-value-of-money-q04,gen-chap-18-interest-and-value-of-money,mc,2,"$11{,}576.25$ บาท",เจอแต่ไม่อยู่ท้าย,33,🟡 อาจเป็นการเอ่ยกลางทาง ⛔ ไม่ใช่ผลสรุป
gen-chap-18-interest-and-value-of-money-q05,gen-chap-18-interest-and-value-of-money,mc,0,"$86{,}383.76$ บาท",เจอแต่ไม่อยู่ท้าย,34,🟡 อาจเป็นการเอ่ยกลางทาง ⛔ ไม่ใช่ผลสรุป
gen-chap-18-interest-and-value-of-money-q06,gen-chap-18-interest-and-value-of-money,mc,0,"เลือก A: รับ $10{,}000$ บาทวันนี้",ไม่เจอเลย,30,🔴 คำตอบไม่ปรากฏในเฉลยเลย
gen-chap-18-interest-and-value-of-money-q07,gen-chap-18-interest-and-value-of-money,mc,3,"$35{,}149.78$ บาท",เจอแต่ไม่อยู่ท้าย,35,🟡 อาจเป็นการเอ่ยกลางทาง ⛔ ไม่ใช่ผลสรุป
gen-chap-18-interest-and-value-of-money-q08,gen-chap-18-interest-and-value-of-money,fill,'12',12,เจอแต่ไม่อยู่ท้าย,36,🟡 อาจเป็นการเอ่ยกลางทาง ⛔ ไม่ใช่ผลสรุป
gen-chap-18-interest-and-value-of-money-q09,gen-chap-18-interest-and-value-of-money,fill,'10',10,เจอแต่ไม่อยู่ท้าย,32,🟡 อาจเป็นการเอ่ยกลางทาง ⛔ ไม่ใช่ผลสรุป
gen-chap-18-interest-and-value-of-money-q10,gen-chap-18-interest-and-value-of-money,fill,'16232',16232,เจอแต่ไม่อยู่ท้าย,38,🟡 อาจเป็นการเอ่ยกลางทาง ⛔ ไม่ใช่ผลสรุป
gen-chap-18-interest-and-value-of-money-q11,gen-chap-18-interest-and-value-of-money,mc,2,"$63{,}672$ บาท",เจอแต่ไม่อยู่ท้าย,34,🟡 อาจเป็นการเอ่ยกลางทาง ⛔ ไม่ใช่ผลสรุป
gen-chap-18-interest-and-value-of-money-q12,gen-chap-18-interest-and-value-of-money,mc,1,ธนาคาร B (ทบต้น $7.5\%$),เจอแต่ไม่อยู่ท้าย,34,🟡 อาจเป็นการเอ่ยกลางทาง ⛔ ไม่ใช่ผลสรุป
gen-chap-18-interest-and-value-of-money-q13,gen-chap-18-interest-and-value-of-money,fill,'51051',51051,เจอแต่ไม่อยู่ท้าย,34,🟡 อาจเป็นการเอ่ยกลางทาง ⛔ ไม่ใช่ผลสรุป
gen-chap-18-interest-and-value-of-money-q14,gen-chap-18-interest-and-value-of-money,mc,2,"$125{,}228.23$ บาท",เจอแต่ไม่อยู่ท้าย,31,🟡 อาจเป็นการเอ่ยกลางทาง ⛔ ไม่ใช่ผลสรุป
gen-chap-18-interest-and-value-of-money-q15,gen-chap-18-interest-and-value-of-money,mc,2,"$63{,}094.16$ บาท",เจอแต่ไม่อยู่ท้าย,30,🟡 อาจเป็นการเอ่ยกลางทาง ⛔ ไม่ใช่ผลสรุป
gen-chap-18-interest-and-value-of-money-q16,gen-chap-18-interest-and-value-of-money,fill,'5',5,เจอแต่ไม่อยู่ท้าย,37,🟡 อาจเป็นการเอ่ยกลางทาง ⛔ ไม่ใช่ผลสรุป
gen-chap-18-interest-and-value-of-money-q17,gen-chap-18-interest-and-value-of-money,mc,0,"$23{,}600$ บาท",เจอแต่ไม่อยู่ท้าย,26,🟡 อาจเป็นการเอ่ยกลางทาง ⛔ ไม่ใช่ผลสรุป
gen-chap-18-interest-and-value-of-money-q18,gen-chap-18-interest-and-value-of-money,mc,1,"$96{,}000$ บาท",เจอแต่ไม่อยู่ท้าย,26,🟡 อาจเป็นการเอ่ยกลางทาง ⛔ ไม่ใช่ผลสรุป
gen-chap-18-interest-and-value-of-money-q19,gen-chap-18-interest-and-value-of-money,mc,2,$600$ บาท,เจอแต่ไม่อยู่ท้าย,29,🟡 อาจเป็นการเอ่ยกลางทาง ⛔ ไม่ใช่ผลสรุป
gen-chap-18-interest-and-value-of-money-q20,gen-chap-18-interest-and-value-of-money,fill,'3600',3600,เจอแต่ไม่อยู่ท้าย,26,🟡 อาจเป็นการเอ่ยกลางทาง ⛔ ไม่ใช่ผลสรุป
gen-chap-18-interest-and-value-of-money-q21,gen-chap-18-interest-and-value-of-money,mc,0,"$30{,}250$ บาท",เจอแต่ไม่อยู่ท้าย,26,🟡 อาจเป็นการเอ่ยกลางทาง ⛔ ไม่ใช่ผลสรุป
gen-chap-18-interest-and-value-of-money-q22,gen-chap-18-interest-and-value-of-money,mc,1,"$3{,}600$ บาท",เจอแต่ไม่อยู่ท้าย,29,🟡 อาจเป็นการเอ่ยกลางทาง ⛔ ไม่ใช่ผลสรุป
gen-chap-18-interest-and-value-of-money-q23,gen-chap-18-interest-and-value-of-money,fill,'6',6,เจอแต่ไม่อยู่ท้าย,25,🟡 อาจเป็นการเอ่ยกลางทาง ⛔ ไม่ใช่ผลสรุป
gen-chap-18-interest-and-value-of-money-q24,gen-chap-18-interest-and-value-of-money,fill,'3',3,เจอแต่ไม่อยู่ท้าย,24,🟡 อาจเป็นการเอ่ยกลางทาง ⛔ ไม่ใช่ผลสรุป
gen-chap-18-interest-and-value-of-money-q25,gen-chap-18-interest-and-value-of-money,mc,0,"$6{,}655$ บาท",เจอแต่ไม่อยู่ท้าย,27,🟡 อาจเป็นการเอ่ยกลางทาง ⛔ ไม่ใช่ผลสรุป
gen-chap-18-interest-and-value-of-money-q26,gen-chap-18-interest-and-value-of-money,mc,1,"$22{,}472$ บาท",เจอแต่ไม่อยู่ท้าย,27,🟡 อาจเป็นการเอ่ยกลางทาง ⛔ ไม่ใช่ผลสรุป
gen-chap-18-interest-and-value-of-money-q27,gen-chap-18-interest-and-value-of-money,mc,2,"$112{,}486.40$ บาท",เจอแต่ไม่อยู่ท้าย,27,🟡 อาจเป็นการเอ่ยกลางทาง ⛔ ไม่ใช่ผลสรุป
gen-chap-18-interest-and-value-of-money-q28,gen-chap-18-interest-and-value-of-money,mc,3,"$58{,}320$ บาท",เจอแต่ไม่อยู่ท้าย,27,🟡 อาจเป็นการเอ่ยกลางทาง ⛔ ไม่ใช่ผลสรุป
gen-chap-18-interest-and-value-of-money-q29,gen-chap-18-interest-and-value-of-money,mc,0,"$47{,}762.09$ บาท",เจอแต่ไม่อยู่ท้าย,29,🟡 อาจเป็นการเอ่ยกลางทาง ⛔ ไม่ใช่ผลสรุป
gen-chap-18-interest-and-value-of-money-q30,gen-chap-18-interest-and-value-of-money,mc,1,"$112{,}682.50$ บาท",เจอแต่ไม่อยู่ท้าย,29,🟡 อาจเป็นการเอ่ยกลางทาง ⛔ ไม่ใช่ผลสรุป
gen-chap-18-interest-and-value-of-money-q31,gen-chap-18-interest-and-value-of-money,mc,2,"$64{,}945.93$ บาท",เจอแต่ไม่อยู่ท้าย,29,🟡 อาจเป็นการเอ่ยกลางทาง ⛔ ไม่ใช่ผลสรุป
gen-chap-18-interest-and-value-of-money-q32,gen-chap-18-interest-and-value-of-money,mc,3,"$30{,}387.66$ บาท",เจอแต่ไม่อยู่ท้าย,29,🟡 อาจเป็นการเอ่ยกลางทาง ⛔ ไม่ใช่ผลสรุป
gen-chap-18-interest-and-value-of-money-q33,gen-chap-18-interest-and-value-of-money,mc,0,"$44{,}499.82$ บาท",เจอแต่ไม่อยู่ท้าย,27,🟡 อาจเป็นการเอ่ยกลางทาง ⛔ ไม่ใช่ผลสรุป
gen-chap-18-interest-and-value-of-money-q34,gen-chap-18-interest-and-value-of-money,mc,1,"$147{,}005.97$ บาท",เจอแต่ไม่อยู่ท้าย,27,🟡 อาจเป็นการเอ่ยกลางทาง ⛔ ไม่ใช่ผลสรุป
gen-chap-18-interest-and-value-of-money-q35,gen-chap-18-interest-and-value-of-money,mc,2,"$25{,}915.13$ บาท",เจอแต่ไม่อยู่ท้าย,27,🟡 อาจเป็นการเอ่ยกลางทาง ⛔ ไม่ใช่ผลสรุป
gen-chap-18-interest-and-value-of-money-q36,gen-chap-18-interest-and-value-of-money,mc,3,"$68{,}384.34$ บาท",เจอแต่ไม่อยู่ท้าย,27,🟡 อาจเป็นการเอ่ยกลางทาง ⛔ ไม่ใช่ผลสรุป
gen-chap-18-interest-and-value-of-money-q37,gen-chap-18-interest-and-value-of-money,mc,0,"เลือก A: รับ $20{,}000$ บาทวันนี้",ไม่เจอเลย,26,🔴 คำตอบไม่ปรากฏในเฉลยเลย
gen-chap-18-interest-and-value-of-money-q38,gen-chap-18-interest-and-value-of-money,mc,1,"เลือก B: รับ $53{,}000$ บาทในอีก $1$ ปี",ไม่เจอเลย,26,🔴 คำตอบไม่ปรากฏในเฉลยเลย
gen-chap-18-interest-and-value-of-money-q39,gen-chap-18-interest-and-value-of-money,mc,1,ธนาคาร B (ทบต้น $6.5\%$),เจอแต่ไม่อยู่ท้าย,28,🟡 อาจเป็นการเอ่ยกลางทาง ⛔ ไม่ใช่ผลสรุป
gen-chap-18-interest-and-value-of-money-q40,gen-chap-18-interest-and-value-of-money,mc,0,ธนาคาร A (เชิงเดียว $10\%$),เจอแต่ไม่อยู่ท้าย,28,🟡 อาจเป็นการเอ่ยกลางทาง ⛔ ไม่ใช่ผลสรุป
gen-chap-18-interest-and-value-of-money-q41,gen-chap-18-interest-and-value-of-money,fill,'12',12,เจอแต่ไม่อยู่ท้าย,28,🟡 อาจเป็นการเอ่ยกลางทาง ⛔ ไม่ใช่ผลสรุป
gen-chap-18-interest-and-value-of-money-q42,gen-chap-18-interest-and-value-of-money,fill,'12',12,เจอแต่ไม่อยู่ท้าย,28,🟡 อาจเป็นการเอ่ยกลางทาง ⛔ ไม่ใช่ผลสรุป
gen-chap-18-interest-and-value-of-money-q43,gen-chap-18-interest-and-value-of-money,fill,'13',13,เจอแต่ไม่อยู่ท้าย,28,🟡 อาจเป็นการเอ่ยกลางทาง ⛔ ไม่ใช่ผลสรุป
gen-chap-18-interest-and-value-of-money-q44,gen-chap-18-interest-and-value-of-money,fill,'5',5,เจอแต่ไม่อยู่ท้าย,27,🟡 อาจเป็นการเอ่ยกลางทาง ⛔ ไม่ใช่ผลสรุป
gen-chap-18-interest-and-value-of-money-q45,gen-chap-18-interest-and-value-of-money,fill,'10',10,เจอแต่ไม่อยู่ท้าย,27,🟡 อาจเป็นการเอ่ยกลางทาง ⛔ ไม่ใช่ผลสรุป
gen-chap-18-interest-and-value-of-money-q46,gen-chap-18-interest-and-value-of-money,fill,'33100',33100,เจอแต่ไม่อยู่ท้าย,27,🟡 อาจเป็นการเอ่ยกลางทาง ⛔ ไม่ใช่ผลสรุป
gen-chap-18-interest-and-value-of-money-q47,gen-chap-18-interest-and-value-of-money,fill,'27846',27846,เจอแต่ไม่อยู่ท้าย,27,🟡 อาจเป็นการเอ่ยกลางทาง ⛔ ไม่ใช่ผลสรุป
gen-chap-18-interest-and-value-of-money-q48,gen-chap-18-interest-and-value-of-money,fill,'37830',37830,เจอแต่ไม่อยู่ท้าย,27,🟡 อาจเป็นการเอ่ยกลางทาง ⛔ ไม่ใช่ผลสรุป
gen-chap-18-interest-and-value-of-money-q49,gen-chap-18-interest-and-value-of-money,mc,0,"$48{,}696$ บาท",เจอแต่ไม่อยู่ท้าย,27,🟡 อาจเป็นการเอ่ยกลางทาง ⛔ ไม่ใช่ผลสรุป
gen-chap-18-interest-and-value-of-money-q50,gen-chap-18-interest-and-value-of-money,mc,1,"$36{,}048.90$ บาท",เจอแต่ไม่อยู่ท้าย,27,🟡 อาจเป็นการเอ่ยกลางทาง ⛔ ไม่ใช่ผลสรุป
gen-chap-18-interest-and-value-of-money-q51,gen-chap-18-interest-and-value-of-money,mc,2,"$30{,}525.50$ บาท",เจอแต่ไม่อยู่ท้าย,27,🟡 อาจเป็นการเอ่ยกลางทาง ⛔ ไม่ใช่ผลสรุป
gen-chap-18-interest-and-value-of-money-q52,gen-chap-18-interest-and-value-of-money,mc,3,"$17{,}530.56$ บาท",เจอแต่ไม่อยู่ท้าย,29,🟡 อาจเป็นการเอ่ยกลางทาง ⛔ ไม่ใช่ผลสรุป
gen-chap-18-interest-and-value-of-money-q53,gen-chap-18-interest-and-value-of-money,mc,0,"$72{,}820$ บาท",เจอแต่ไม่อยู่ท้าย,29,🟡 อาจเป็นการเอ่ยกลางทาง ⛔ ไม่ใช่ผลสรุป
gen-chap-18-interest-and-value-of-money-q54,gen-chap-18-interest-and-value-of-money,mc,1,"$38{,}932.81$ บาท",เจอแต่ไม่อยู่ท้าย,29,🟡 อาจเป็นการเอ่ยกลางทาง ⛔ ไม่ใช่ผลสรุป
gen-chap-18-interest-and-value-of-money-q55,gen-chap-18-interest-and-value-of-money,mc,2,"$94{,}641.24$ บาท",เจอแต่ไม่อยู่ท้าย,28,🟡 อาจเป็นการเอ่ยกลางทาง ⛔ ไม่ใช่ผลสรุป
gen-chap-18-interest-and-value-of-money-q56,gen-chap-18-interest-and-value-of-money,mc,3,"$250{,}456.45$ บาท",เจอแต่ไม่อยู่ท้าย,28,🟡 อาจเป็นการเอ่ยกลางทาง ⛔ ไม่ใช่ผลสรุป
gen-chap-18-interest-and-value-of-money-q57,gen-chap-18-interest-and-value-of-money,mc,0,"$56{,}116.47$ บาท",เจอแต่ไม่อยู่ท้าย,28,🟡 อาจเป็นการเอ่ยกลางทาง ⛔ ไม่ใช่ผลสรุป
gen-chap-18-interest-and-value-of-money-q58,gen-chap-18-interest-and-value-of-money,mc,1,"$72{,}460.99$ บาท",เจอแต่ไม่อยู่ท้าย,28,🟡 อาจเป็นการเอ่ยกลางทาง ⛔ ไม่ใช่ผลสรุป
gen-chap-18-interest-and-value-of-money-q59,gen-chap-18-interest-and-value-of-money,mc,2,"$114{,}803.69$ บาท",เจอแต่ไม่อยู่ท้าย,28,🟡 อาจเป็นการเอ่ยกลางทาง ⛔ ไม่ใช่ผลสรุป
gen-chap-18-interest-and-value-of-money-q60,gen-chap-18-interest-and-value-of-money,mc,3,"$31{,}604.38$ บาท",เจอแต่ไม่อยู่ท้าย,28,🟡 อาจเป็นการเอ่ยกลางทาง ⛔ ไม่ใช่ผลสรุป
gen-chap-18-interest-and-value-of-money-q61,gen-chap-18-interest-and-value-of-money,mc,0,"$1{,}576.10$ บาท",เจอแต่ไม่อยู่ท้าย,28,🟡 อาจเป็นการเอ่ยกลางทาง ⛔ ไม่ใช่ผลสรุป
gen-chap-18-interest-and-value-of-money-q62,gen-chap-18-interest-and-value-of-money,fill,'4',4,เจอแต่ไม่อยู่ท้าย,28,🟡 อาจเป็นการเอ่ยกลางทาง ⛔ ไม่ใช่ผลสรุป
gen-chap-18-interest-and-value-of-money-q63,gen-chap-18-interest-and-value-of-money,fill,'6',6,เจอแต่ไม่อยู่ท้าย,28,🟡 อาจเป็นการเอ่ยกลางทาง ⛔ ไม่ใช่ผลสรุป
gen-chap-18-interest-and-value-of-money-q64,gen-chap-18-interest-and-value-of-money,fill,'40',40,เจอแต่ไม่อยู่ท้าย,28,🟡 อาจเป็นการเอ่ยกลางทาง ⛔ ไม่ใช่ผลสรุป
gen-chap-12-probability-rv001,gen-chap-12-probability,fill,'0.2',0.2,เจอแต่ไม่อยู่ท้าย,22,🟡 อาจเป็นการเอ่ยกลางทาง ⛔ ไม่ใช่ผลสรุป
gen-chap-12-probability-rv002,gen-chap-12-probability,mc,1,$0.6$,เจอแต่ไม่อยู่ท้าย,22,🟡 อาจเป็นการเอ่ยกลางทาง ⛔ ไม่ใช่ผลสรุป
gen-chap-12-probability-rv003,gen-chap-12-probability,mc,2,$0.4$,เจอแต่ไม่อยู่ท้าย,22,🟡 อาจเป็นการเอ่ยกลางทาง ⛔ ไม่ใช่ผลสรุป
gen-chap-12-probability-rv004,gen-chap-12-probability,fill,'0.2',0.2,เจอแต่ไม่อยู่ท้าย,22,🟡 อาจเป็นการเอ่ยกลางทาง ⛔ ไม่ใช่ผลสรุป
gen-chap-12-probability-rv005,gen-chap-12-probability,mc,0,$0.4$,เจอแต่ไม่อยู่ท้าย,22,🟡 อาจเป็นการเอ่ยกลางทาง ⛔ ไม่ใช่ผลสรุป
gen-chap-12-probability-rv006,gen-chap-12-probability,mc,1,$0.6$,เจอแต่ไม่อยู่ท้าย,22,🟡 อาจเป็นการเอ่ยกลางทาง ⛔ ไม่ใช่ผลสรุป
gen-chap-12-probability-rv007,gen-chap-12-probability,fill,'0.25',0.25,เจอแต่ไม่อยู่ท้าย,22,🟡 อาจเป็นการเอ่ยกลางทาง ⛔ ไม่ใช่ผลสรุป
gen-chap-12-probability-rv008,gen-chap-12-probability,mc,3,$0.3$,เจอแต่ไม่อยู่ท้าย,22,🟡 อาจเป็นการเอ่ยกลางทาง ⛔ ไม่ใช่ผลสรุป
gen-chap-12-probability-rv009,gen-chap-12-probability,mc,0,$0.5$,เจอแต่ไม่อยู่ท้าย,22,🟡 อาจเป็นการเอ่ยกลางทาง ⛔ ไม่ใช่ผลสรุป
gen-chap-12-probability-rv010,gen-chap-12-probability,fill,'0.2',0.2,เจอแต่ไม่อยู่ท้าย,22,🟡 อาจเป็นการเอ่ยกลางทาง ⛔ ไม่ใช่ผลสรุป
gen-chap-12-probability-rv011,gen-chap-12-probability,fill,'0.8',0.8,เจอแต่ไม่อยู่ท้าย,25,🟡 อาจเป็นการเอ่ยกลางทาง ⛔ ไม่ใช่ผลสรุป
gen-chap-12-probability-rv012,gen-chap-12-probability,mc,1,$0.9$,เจอแต่ไม่อยู่ท้าย,25,🟡 อาจเป็นการเอ่ยกลางทาง ⛔ ไม่ใช่ผลสรุป
gen-chap-12-probability-rv013,gen-chap-12-probability,mc,2,$0.7$,เจอแต่ไม่อยู่ท้าย,25,🟡 อาจเป็นการเอ่ยกลางทาง ⛔ ไม่ใช่ผลสรุป
gen-chap-12-probability-rv014,gen-chap-12-probability,fill,'0.8',0.8,เจอแต่ไม่อยู่ท้าย,25,🟡 อาจเป็นการเอ่ยกลางทาง ⛔ ไม่ใช่ผลสรุป
gen-chap-12-probability-rv015,gen-chap-12-probability,mc,0,$0.6$,เจอแต่ไม่อยู่ท้าย,25,🟡 อาจเป็นการเอ่ยกลางทาง ⛔ ไม่ใช่ผลสรุป
gen-chap-12-probability-rv016,gen-chap-12-probability,mc,1,$0.9$,เจอแต่ไม่อยู่ท้าย,25,🟡 อาจเป็นการเอ่ยกลางทาง ⛔ ไม่ใช่ผลสรุป
gen-chap-12-probability-rv017,gen-chap-12-probability,fill,'0.75',0.75,เจอแต่ไม่อยู่ท้าย,25,🟡 อาจเป็นการเอ่ยกลางทาง ⛔ ไม่ใช่ผลสรุป
gen-chap-12-probability-rv018,gen-chap-12-probability,mc,3,$0.5$,เจอแต่ไม่อยู่ท้าย,25,🟡 อาจเป็นการเอ่ยกลางทาง ⛔ ไม่ใช่ผลสรุป
gen-chap-12-probability-rv019,gen-chap-12-probability,fill,'0.9',0.9,เจอแต่ไม่อยู่ท้าย,25,🟡 อาจเป็นการเอ่ยกลางทาง ⛔ ไม่ใช่ผลสรุป
gen-chap-12-probability-rv020,gen-chap-12-probability,fill,'0.8',0.8,เจอแต่ไม่อยู่ท้าย,25,🟡 อาจเป็นการเอ่ยกลางทาง ⛔ ไม่ใช่ผลสรุป
gen-chap-12-probability-rv021,gen-chap-12-probability,fill,'2.2',2.2,เจอแต่ไม่อยู่ท้าย,23,🟡 อาจเป็นการเอ่ยกลางทาง ⛔ ไม่ใช่ผลสรุป
gen-chap-12-probability-rv022,gen-chap-12-probability,mc,1,$2.4$,เจอแต่ไม่อยู่ท้าย,23,🟡 อาจเป็นการเอ่ยกลางทาง ⛔ ไม่ใช่ผลสรุป
gen-chap-12-probability-rv023,gen-chap-12-probability,mc,2,$2.2$,เจอแต่ไม่อยู่ท้าย,23,🟡 อาจเป็นการเอ่ยกลางทาง ⛔ ไม่ใช่ผลสรุป
gen-chap-12-probability-rv024,gen-chap-12-probability,mc,3,$2.6$,เจอแต่ไม่อยู่ท้าย,23,🟡 อาจเป็นการเอ่ยกลางทาง ⛔ ไม่ใช่ผลสรุป
gen-chap-12-probability-rv025,gen-chap-12-probability,fill,'1.6',1.6,เจอแต่ไม่อยู่ท้าย,23,🟡 อาจเป็นการเอ่ยกลางทาง ⛔ ไม่ใช่ผลสรุป
gen-chap-12-probability-rv026,gen-chap-12-probability,mc,1,$3$,เจอแต่ไม่อยู่ท้าย,23,🟡 อาจเป็นการเอ่ยกลางทาง ⛔ ไม่ใช่ผลสรุป
gen-chap-12-probability-rv027,gen-chap-12-probability,mc,2,$2$,เจอแต่ไม่อยู่ท้าย,23,🟡 อาจเป็นการเอ่ยกลางทาง ⛔ ไม่ใช่ผลสรุป
gen-chap-12-probability-rv028,gen-chap-12-probability,mc,3,$1.4$,เจอแต่ไม่อยู่ท้าย,23,🟡 อาจเป็นการเอ่ยกลางทาง ⛔ ไม่ใช่ผลสรุป
gen-chap-12-probability-rv029,gen-chap-12-probability,mc,0,$2.8$,เจอแต่ไม่อยู่ท้าย,24,🟡 อาจเป็นการเอ่ยกลางทาง ⛔ ไม่ใช่ผลสรุป
gen-chap-12-probability-rv030,gen-chap-12-probability,fill,'0.5',0.5,เจอแต่ไม่อยู่ท้าย,26,🟡 อาจเป็นการเอ่ยกลางทาง ⛔ ไม่ใช่ผลสรุป
gen-chap-12-probability-rv031,gen-chap-12-probability,mc,2,$3.2$,เจอแต่ไม่อยู่ท้าย,24,🟡 อาจเป็นการเอ่ยกลางทาง ⛔ ไม่ใช่ผลสรุป
gen-chap-12-probability-rv032,gen-chap-12-probability,mc,3,$0.5$,เจอแต่ไม่อยู่ท้าย,26,🟡 อาจเป็นการเอ่ยกลางทาง ⛔ ไม่ใช่ผลสรุป
gen-chap-12-probability-rv033,gen-chap-12-probability,mc,0,$3.2$,เจอแต่ไม่อยู่ท้าย,24,🟡 อาจเป็นการเอ่ยกลางทาง ⛔ ไม่ใช่ผลสรุป
gen-chap-12-probability-rv034,gen-chap-12-probability,mc,1,$0.5$,เจอแต่ไม่อยู่ท้าย,26,🟡 อาจเป็นการเอ่ยกลางทาง ⛔ ไม่ใช่ผลสรุป
gen-chap-12-probability-rv035,gen-chap-12-probability,mc,2,$2.6$,เจอแต่ไม่อยู่ท้าย,24,🟡 อาจเป็นการเอ่ยกลางทาง ⛔ ไม่ใช่ผลสรุป
gen-chap-12-probability-rv036,gen-chap-12-probability,fill,'0.5',0.5,เจอแต่ไม่อยู่ท้าย,26,🟡 อาจเป็นการเอ่ยกลางทาง ⛔ ไม่ใช่ผลสรุป
gen-chap-12-probability-rv037,gen-chap-12-probability,mc,0,$3$,เจอแต่ไม่อยู่ท้าย,24,🟡 อาจเป็นการเอ่ยกลางทาง ⛔ ไม่ใช่ผลสรุป
gen-chap-12-probability-rv038,gen-chap-12-probability,mc,1,$0.5$,เจอแต่ไม่อยู่ท้าย,26,🟡 อาจเป็นการเอ่ยกลางทาง ⛔ ไม่ใช่ผลสรุป
gen-chap-12-probability-rv039,gen-chap-12-probability,mc,2,$3.8$,เจอแต่ไม่อยู่ท้าย,24,🟡 อาจเป็นการเอ่ยกลางทาง ⛔ ไม่ใช่ผลสรุป
gen-chap-12-probability-rv040,gen-chap-12-probability,fill,'0.5',0.5,เจอแต่ไม่อยู่ท้าย,27,🟡 อาจเป็นการเอ่ยกลางทาง ⛔ ไม่ใช่ผลสรุป
gen-chap-12-probability-rv041,gen-chap-12-probability,mc,1,$0.5$,เจอแต่ไม่อยู่ท้าย,27,🟡 อาจเป็นการเอ่ยกลางทาง ⛔ ไม่ใช่ผลสรุป
gen-chap-12-probability-rv042,gen-chap-12-probability,mc,2,$0.5$,เจอแต่ไม่อยู่ท้าย,27,🟡 อาจเป็นการเอ่ยกลางทาง ⛔ ไม่ใช่ผลสรุป
gen-chap-12-probability-rv043,gen-chap-12-probability,fill,'0.69',0.69,เจอแต่ไม่อยู่ท้าย,25,🟡 อาจเป็นการเอ่ยกลางทาง ⛔ ไม่ใช่ผลสรุป
gen-chap-12-probability-rv044,gen-chap-12-probability,mc,1,$0.61$,เจอแต่ไม่อยู่ท้าย,25,🟡 อาจเป็นการเอ่ยกลางทาง ⛔ ไม่ใช่ผลสรุป
gen-chap-12-probability-rv045,gen-chap-12-probability,mc,2,$0.56$,เจอแต่ไม่อยู่ท้าย,25,🟡 อาจเป็นการเอ่ยกลางทาง ⛔ ไม่ใช่ผลสรุป
gen-chap-12-probability-rv046,gen-chap-12-probability,fill,'0.45',0.45,เจอแต่ไม่อยู่ท้าย,25,🟡 อาจเป็นการเอ่ยกลางทาง ⛔ ไม่ใช่ผลสรุป
gen-chap-12-probability-rv047,gen-chap-12-probability,mc,0,$0.5$,เจอแต่ไม่อยู่ท้าย,25,🟡 อาจเป็นการเอ่ยกลางทาง ⛔ ไม่ใช่ผลสรุป
gen-chap-12-probability-rv048,gen-chap-12-probability,mc,1,$0.61$,เจอแต่ไม่อยู่ท้าย,25,🟡 อาจเป็นการเอ่ยกลางทาง ⛔ ไม่ใช่ผลสรุป
gen-chap-12-probability-rv049,gen-chap-12-probability,fill,'0.44',0.44,เจอแต่ไม่อยู่ท้าย,25,🟡 อาจเป็นการเอ่ยกลางทาง ⛔ ไม่ใช่ผลสรุป
gen-chap-12-probability-rv050,gen-chap-12-probability,mc,3,$0.64$,เจอแต่ไม่อยู่ท้าย,25,🟡 อาจเป็นการเอ่ยกลางทาง ⛔ ไม่ใช่ผลสรุป
gen-chap-12-probability-rv051,gen-chap-12-probability,mc,0,$1.6$,เจอแต่ไม่อยู่ท้าย,27,🟡 อาจเป็นการเอ่ยกลางทาง ⛔ ไม่ใช่ผลสรุป
gen-chap-12-probability-rv052,gen-chap-12-probability,fill,'1.4',1.4,เจอแต่ไม่อยู่ท้าย,27,🟡 อาจเป็นการเอ่ยกลางทาง ⛔ ไม่ใช่ผลสรุป
gen-chap-12-probability-rv053,gen-chap-12-probability,mc,2,$1.2$,เจอแต่ไม่อยู่ท้าย,27,🟡 อาจเป็นการเอ่ยกลางทาง ⛔ ไม่ใช่ผลสรุป
gen-chap-12-probability-rv054,gen-chap-12-probability,mc,3,$1.6$,เจอแต่ไม่อยู่ท้าย,27,🟡 อาจเป็นการเอ่ยกลางทาง ⛔ ไม่ใช่ผลสรุป
gen-chap-12-probability-rv055,gen-chap-12-probability,fill,'0.7',0.7,เจอแต่ไม่อยู่ท้าย,27,🟡 อาจเป็นการเอ่ยกลางทาง ⛔ ไม่ใช่ผลสรุป
gen-chap-12-probability-rv056,gen-chap-12-probability,mc,1,$0.6$,เจอแต่ไม่อยู่ท้าย,27,🟡 อาจเป็นการเอ่ยกลางทาง ⛔ ไม่ใช่ผลสรุป
gen-chap-12-probability-rv057,gen-chap-12-probability,mc,2,$0.8$,เจอแต่ไม่อยู่ท้าย,27,🟡 อาจเป็นการเอ่ยกลางทาง ⛔ ไม่ใช่ผลสรุป
gen-chap-12-probability-rv058,gen-chap-12-probability,fill,'0.9',0.9,เจอแต่ไม่อยู่ท้าย,27,🟡 อาจเป็นการเอ่ยกลางทาง ⛔ ไม่ใช่ผลสรุป
gen-chap-12-probability-rv059,gen-chap-12-probability,mc,0,$0.9$,เจอแต่ไม่อยู่ท้าย,27,🟡 อาจเป็นการเอ่ยกลางทาง ⛔ ไม่ใช่ผลสรุป
gen-chap-12-probability-rv060,gen-chap-12-probability,mc,1,$0.81$,เจอแต่ไม่อยู่ท้าย,25,🟡 อาจเป็นการเอ่ยกลางทาง ⛔ ไม่ใช่ผลสรุป
gen-chap-12-probability-rv061,gen-chap-12-probability,fill,'1.04',1.04,เจอแต่ไม่อยู่ท้าย,25,🟡 อาจเป็นการเอ่ยกลางทาง ⛔ ไม่ใช่ผลสรุป
gen-chap-12-probability-rv062,gen-chap-12-probability,mc,3,$0.89$,เจอแต่ไม่อยู่ท้าย,25,🟡 อาจเป็นการเอ่ยกลางทาง ⛔ ไม่ใช่ผลสรุป
gen-chap-12-probability-rv063,gen-chap-12-probability,mc,0,$3.24$,เจอแต่ไม่อยู่ท้าย,17,🟡 อาจเป็นการเอ่ยกลางทาง ⛔ ไม่ใช่ผลสรุป
gen-chap-12-probability-rv064,gen-chap-12-probability,mc,1,$7$,เจอแต่ไม่อยู่ท้าย,17,🟡 อาจเป็นการเอ่ยกลางทาง ⛔ ไม่ใช่ผลสรุป
gen-chap-12-probability-rv065,gen-chap-12-probability,mc,2,$4$,เจอแต่ไม่อยู่ท้าย,17,🟡 อาจเป็นการเอ่ยกลางทาง ⛔ ไม่ใช่ผลสรุป
gen-chap-12-probability-rv066,gen-chap-12-probability,fill,'64',64,เจอแต่ไม่อยู่ท้าย,17,🟡 อาจเป็นการเอ่ยกลางทาง ⛔ ไม่ใช่ผลสรุป
gen-chap-12-probability-rv067,gen-chap-12-probability,mc,0,$2.25$,เจอแต่ไม่อยู่ท้าย,17,🟡 อาจเป็นการเอ่ยกลางทาง ⛔ ไม่ใช่ผลสรุป
gen-chap-12-probability-rv068,gen-chap-12-probability,mc,1,$3$,เจอแต่ไม่อยู่ท้าย,17,🟡 อาจเป็นการเอ่ยกลางทาง ⛔ ไม่ใช่ผลสรุป
gen-chap-12-probability-rv069,gen-chap-12-probability,mc,2,$36$,เจอแต่ไม่อยู่ท้าย,17,🟡 อาจเป็นการเอ่ยกลางทาง ⛔ ไม่ใช่ผลสรุป
gen-chap-12-probability-rv070,gen-chap-12-probability,fill,'5',5,เจอแต่ไม่อยู่ท้าย,17,🟡 อาจเป็นการเอ่ยกลางทาง ⛔ ไม่ใช่ผลสรุป
gen-chap-12-probability-rv071,gen-chap-12-probability,mc,0,$1.2$,เจอแต่ไม่อยู่ท้าย,17,🟡 อาจเป็นการเอ่ยกลางทาง ⛔ ไม่ใช่ผลสรุป
gen-chap-12-probability-rv072,gen-chap-12-probability,mc,1,$4$,เจอแต่ไม่อยู่ท้าย,17,🟡 อาจเป็นการเอ่ยกลางทาง ⛔ ไม่ใช่ผลสรุป
gen-chap-12-probability-rv073,gen-chap-12-probability,mc,2,$144$,เจอแต่ไม่อยู่ท้าย,17,🟡 อาจเป็นการเอ่ยกลางทาง ⛔ ไม่ใช่ผลสรุป
gen-chap-12-probability-rv074,gen-chap-12-probability,fill,'18',18,เจอแต่ไม่อยู่ท้าย,17,🟡 อาจเป็นการเอ่ยกลางทาง ⛔ ไม่ใช่ผลสรุป
gen-chap-12-probability-rv075,gen-chap-12-probability,fill,"'a=2, b=3'","a=2, b=3",ไม่เจอเลย,20,🔴 คำตอบไม่ปรากฏในเฉลยเลย
gen-chap-12-probability-rv076,gen-chap-12-probability,mc,1,$22$,เจอแต่ไม่อยู่ท้าย,17,🟡 อาจเป็นการเอ่ยกลางทาง ⛔ ไม่ใช่ผลสรุป
gen-chap-12-probability-rv077,gen-chap-12-probability,fill,"'a=2, b=4'","a=2, b=4",ไม่เจอเลย,20,🔴 คำตอบไม่ปรากฏในเฉลยเลย
gen-chap-12-probability-rv078,gen-chap-12-probability,fill,'20.25',20.25,เจอแต่ไม่อยู่ท้าย,17,🟡 อาจเป็นการเอ่ยกลางทาง ⛔ ไม่ใช่ผลสรุป
gen-chap-12-probability-rv079,gen-chap-12-probability,mc,0,$0.375$,เจอแต่ไม่อยู่ท้าย,21,🟡 อาจเป็นการเอ่ยกลางทาง ⛔ ไม่ใช่ผลสรุป
gen-chap-12-probability-rv080,gen-chap-12-probability,mc,1,$0.375$,เจอแต่ไม่อยู่ท้าย,21,🟡 อาจเป็นการเอ่ยกลางทาง ⛔ ไม่ใช่ผลสรุป
gen-chap-12-probability-rv081,gen-chap-12-probability,fill,'0.2048',0.2048,เจอแต่ไม่อยู่ท้าย,21,🟡 อาจเป็นการเอ่ยกลางทาง ⛔ ไม่ใช่ผลสรุป
gen-chap-12-probability-rv082,gen-chap-12-probability,mc,1,$0.2304$,เจอแต่ไม่อยู่ท้าย,21,🟡 อาจเป็นการเอ่ยกลางทาง ⛔ ไม่ใช่ผลสรุป
gen-chap-12-probability-rv083,gen-chap-12-probability,mc,2,$0.2344$,เจอแต่ไม่อยู่ท้าย,21,🟡 อาจเป็นการเอ่ยกลางทาง ⛔ ไม่ใช่ผลสรุป
gen-chap-12-probability-rv084,gen-chap-12-probability,fill,'0.4219',0.4219,เจอแต่ไม่อยู่ท้าย,21,🟡 อาจเป็นการเอ่ยกลางทาง ⛔ ไม่ใช่ผลสรุป
gen-chap-12-probability-rv085,gen-chap-12-probability,mc,0,$0.3456$,เจอแต่ไม่อยู่ท้าย,21,🟡 อาจเป็นการเอ่ยกลางทาง ⛔ ไม่ใช่ผลสรุป
gen-chap-12-probability-rv086,gen-chap-12-probability,mc,1,$0.3241$,เจอแต่ไม่อยู่ท้าย,21,🟡 อาจเป็นการเอ่ยกลางทาง ⛔ ไม่ใช่ผลสรุป
gen-chap-12-probability-rv087,gen-chap-12-probability,fill,'0.375',0.375,เจอแต่ไม่อยู่ท้าย,21,🟡 อาจเป็นการเอ่ยกลางทาง ⛔ ไม่ใช่ผลสรุป
gen-chap-12-probability-rv088,gen-chap-12-probability,mc,3,$0.4096$,เจอแต่ไม่อยู่ท้าย,21,🟡 อาจเป็นการเอ่ยกลางทาง ⛔ ไม่ใช่ผลสรุป
gen-chap-12-probability-rv089,gen-chap-12-probability,mc,0,$0.3125$,เจอแต่ไม่อยู่ท้าย,21,🟡 อาจเป็นการเอ่ยกลางทาง ⛔ ไม่ใช่ผลสรุป
gen-chap-12-probability-rv090,gen-chap-12-probability,fill,'0.3456',0.3456,เจอแต่ไม่อยู่ท้าย,21,🟡 อาจเป็นการเอ่ยกลางทาง ⛔ ไม่ใช่ผลสรุป
gen-chap-12-probability-rv091,gen-chap-12-probability,mc,2,$0.4219$,เจอแต่ไม่อยู่ท้าย,21,🟡 อาจเป็นการเอ่ยกลางทาง ⛔ ไม่ใช่ผลสรุป
gen-chap-12-probability-rv092,gen-chap-12-probability,mc,3,$0.2458$,เจอแต่ไม่อยู่ท้าย,21,🟡 อาจเป็นการเอ่ยกลางทาง ⛔ ไม่ใช่ผลสรุป
gen-chap-12-probability-rv093,gen-chap-12-probability,fill,'0.3125',0.3125,เจอแต่ไม่อยู่ท้าย,22,🟡 อาจเป็นการเอ่ยกลางทาง ⛔ ไม่ใช่ผลสรุป
gen-chap-12-probability-rv094,gen-chap-12-probability,mc,1,$0.2627$,เจอแต่ไม่อยู่ท้าย,22,🟡 อาจเป็นการเอ่ยกลางทาง ⛔ ไม่ใช่ผลสรุป
gen-chap-12-probability-rv095,gen-chap-12-probability,fill,'0.6836',0.6836,เจอแต่ไม่อยู่ท้าย,22,🟡 อาจเป็นการเอ่ยกลางทาง ⛔ ไม่ใช่ผลสรุป
gen-chap-12-probability-rv096,gen-chap-12-probability,mc,2,$0.1875$,เจอแต่ไม่อยู่ท้าย,22,🟡 อาจเป็นการเอ่ยกลางทาง ⛔ ไม่ใช่ผลสรุป
gen-chap-12-probability-rv097,gen-chap-12-probability,fill,"'n=10, p=0.4'","n=10, p=0.4",ไม่เจอเลย,22,🔴 คำตอบไม่ปรากฏในเฉลยเลย
gen-chap-12-probability-rv098,gen-chap-12-probability,fill,"'n=8, p=0.5'","n=8, p=0.5",ไม่เจอเลย,22,🔴 คำตอบไม่ปรากฏในเฉลยเลย
gen-chap-12-probability-rv099,gen-chap-12-probability,fill,"'n=20, p=0.2'","n=20, p=0.2",ไม่เจอเลย,22,🔴 คำตอบไม่ปรากฏในเฉลยเลย
gen-chap-12-probability-rv100,gen-chap-12-probability,fill,"'n=12, p=0.25'","n=12, p=0.25",ไม่เจอเลย,22,🔴 คำตอบไม่ปรากฏในเฉลยเลย
gen-chap-01-set-q001,gen-chap-01-set,fill,'2',2,เจอแต่ไม่อยู่ท้าย,31,🟡 อาจเป็นการเอ่ยกลางทาง ⛔ ไม่ใช่ผลสรุป
gen-chap-01-set-q002,gen-chap-01-set,fill,"'\\{1,2,3,4,5\\}'","\{1,2,3,4,5\}",เจอแต่ไม่อยู่ท้าย,26,🟡 อาจเป็นการเอ่ยกลางทาง ⛔ ไม่ใช่ผลสรุป
gen-chap-01-set-q003,gen-chap-01-set,fill,"'\\{4,6\\}'","\{4,6\}",เจอแต่ไม่อยู่ท้าย,28,🟡 อาจเป็นการเอ่ยกลางทาง ⛔ ไม่ใช่ผลสรุป
gen-chap-01-set-q004,gen-chap-01-set,mc,2,"$\{0,-1\}\in A$",เจอแต่ไม่อยู่ท้าย,27,🟡 อาจเป็นการเอ่ยกลางทาง ⛔ ไม่ใช่ผลสรุป
gen-chap-01-set-q005,gen-chap-01-set,fill,'8',8,เจอแต่ไม่อยู่ท้าย,26,🟡 อาจเป็นการเอ่ยกลางทาง ⛔ ไม่ใช่ผลสรุป
gen-chap-01-set-q006,gen-chap-01-set,fill,'3',3,เจอแต่ไม่อยู่ท้าย,25,🟡 อาจเป็นการเอ่ยกลางทาง ⛔ ไม่ใช่ผลสรุป
gen-chap-01-set-q007,gen-chap-01-set,mc,2,$15$,เจอแต่ไม่อยู่ท้าย,25,🟡 อาจเป็นการเอ่ยกลางทาง ⛔ ไม่ใช่ผลสรุป
gen-chap-01-set-q008,gen-chap-01-set,fill,'5',5,เจอแต่ไม่อยู่ท้าย,27,🟡 อาจเป็นการเอ่ยกลางทาง ⛔ ไม่ใช่ผลสรุป
gen-chap-01-set-q009,gen-chap-01-set,fill,'10',10,เจอแต่ไม่อยู่ท้าย,25,🟡 อาจเป็นการเอ่ยกลางทาง ⛔ ไม่ใช่ผลสรุป
gen-chap-01-set-q010,gen-chap-01-set,fill,'7',7,เจอแต่ไม่อยู่ท้าย,25,🟡 อาจเป็นการเอ่ยกลางทาง ⛔ ไม่ใช่ผลสรุป
gen-chap-01-set-q011,gen-chap-01-set,fill,'8',8,เจอแต่ไม่อยู่ท้าย,25,🟡 อาจเป็นการเอ่ยกลางทาง ⛔ ไม่ใช่ผลสรุป
gen-chap-01-set-q012,gen-chap-01-set,fill,'15',15,เจอแต่ไม่อยู่ท้าย,25,🟡 อาจเป็นการเอ่ยกลางทาง ⛔ ไม่ใช่ผลสรุป
gen-chap-01-set-q013,gen-chap-01-set,fill,'7',7,เจอแต่ไม่อยู่ท้าย,28,🟡 อาจเป็นการเอ่ยกลางทาง ⛔ ไม่ใช่ผลสรุป
gen-chap-01-set-q014,gen-chap-01-set,fill,'12',12,เจอแต่ไม่อยู่ท้าย,26,🟡 อาจเป็นการเอ่ยกลางทาง ⛔ ไม่ใช่ผลสรุป
gen-chap-01-set-q016,gen-chap-01-set,fill,'18',18,เจอแต่ไม่อยู่ท้าย,27,🟡 อาจเป็นการเอ่ยกลางทาง ⛔ ไม่ใช่ผลสรุป
gen-chap-01-set-q017,gen-chap-01-set,mc,1,$30$,เจอแต่ไม่อยู่ท้าย,26,🟡 อาจเป็นการเอ่ยกลางทาง ⛔ ไม่ใช่ผลสรุป
gen-chap-01-set-q018,gen-chap-01-set,fill,'8',8,เจอแต่ไม่อยู่ท้าย,26,🟡 อาจเป็นการเอ่ยกลางทาง ⛔ ไม่ใช่ผลสรุป
gen-chap-01-set-q019,gen-chap-01-set,fill,'5',5,เจอแต่ไม่อยู่ท้าย,27,🟡 อาจเป็นการเอ่ยกลางทาง ⛔ ไม่ใช่ผลสรุป
gen-chap-01-set-q020,gen-chap-01-set,fill,'5',5,เจอแต่ไม่อยู่ท้าย,27,🟡 อาจเป็นการเอ่ยกลางทาง ⛔ ไม่ใช่ผลสรุป
gen-chap-01-set-q021,gen-chap-01-set,fill,'11',11,เจอแต่ไม่อยู่ท้าย,26,🟡 อาจเป็นการเอ่ยกลางทาง ⛔ ไม่ใช่ผลสรุป
gen-chap-01-set-q022,gen-chap-01-set,fill,'12',12,เจอแต่ไม่อยู่ท้าย,26,🟡 อาจเป็นการเอ่ยกลางทาง ⛔ ไม่ใช่ผลสรุป
gen-chap-01-set-q023,gen-chap-01-set,fill,'16',16,เจอแต่ไม่อยู่ท้าย,26,🟡 อาจเป็นการเอ่ยกลางทาง ⛔ ไม่ใช่ผลสรุป
gen-chap-01-set-q024,gen-chap-01-set,fill,'8',8,เจอแต่ไม่อยู่ท้าย,26,🟡 อาจเป็นการเอ่ยกลางทาง ⛔ ไม่ใช่ผลสรุป
gen-chap-01-set-q025,gen-chap-01-set,fill,'8',8,เจอแต่ไม่อยู่ท้าย,26,🟡 อาจเป็นการเอ่ยกลางทาง ⛔ ไม่ใช่ผลสรุป
gen-chap-01-set-q027,gen-chap-01-set,mc,2,$3$,เจอแต่ไม่อยู่ท้าย,29,🟡 อาจเป็นการเอ่ยกลางทาง ⛔ ไม่ใช่ผลสรุป
gen-chap-01-set-q028,gen-chap-01-set,fill,'4',4,เจอแต่ไม่อยู่ท้าย,28,🟡 อาจเป็นการเอ่ยกลางทาง ⛔ ไม่ใช่ผลสรุป
gen-chap-01-set-q030,gen-chap-01-set,fill,'6',6,เจอแต่ไม่อยู่ท้าย,28,🟡 อาจเป็นการเอ่ยกลางทาง ⛔ ไม่ใช่ผลสรุป
gen-chap-01-set-q033,gen-chap-01-set,fill,'10',10,เจอแต่ไม่อยู่ท้าย,27,🟡 อาจเป็นการเอ่ยกลางทาง ⛔ ไม่ใช่ผลสรุป
gen-chap-01-set-q037,gen-chap-01-set,fill,'3',3,เจอแต่ไม่อยู่ท้าย,28,🟡 อาจเป็นการเอ่ยกลางทาง ⛔ ไม่ใช่ผลสรุป
gen-chap-01-set-q038,gen-chap-01-set,mc,2,$10$,เจอแต่ไม่อยู่ท้าย,26,🟡 อาจเป็นการเอ่ยกลางทาง ⛔ ไม่ใช่ผลสรุป
gen-chap-01-set-q039,gen-chap-01-set,fill,'3',3,เจอแต่ไม่อยู่ท้าย,26,🟡 อาจเป็นการเอ่ยกลางทาง ⛔ ไม่ใช่ผลสรุป
gen-chap-01-set-q041,gen-chap-01-set,fill,'7',7,เจอแต่ไม่อยู่ท้าย,27,🟡 อาจเป็นการเอ่ยกลางทาง ⛔ ไม่ใช่ผลสรุป
gen-chap-01-set-q044,gen-chap-01-set,mc,2,$A\cup B=A\cap B$ ก็ต่อเมื่อ $A\ne B$,เจอแต่ไม่อยู่ท้าย,29,🟡 อาจเป็นการเอ่ยกลางทาง ⛔ ไม่ใช่ผลสรุป
gen-chap-01-set-q045,gen-chap-01-set,fill,'29',29,เจอแต่ไม่อยู่ท้าย,35,🟡 อาจเป็นการเอ่ยกลางทาง ⛔ ไม่ใช่ผลสรุป
gen-chap-01-set-q047,gen-chap-01-set,mc,2,$5$,เจอแต่ไม่อยู่ท้าย,32,🟡 อาจเป็นการเอ่ยกลางทาง ⛔ ไม่ใช่ผลสรุป
gen-chap-01-set-q048,gen-chap-01-set,mc,1,"$\{x\mid x^2-3x=0\}=\{0,3\}$",เจอแต่ไม่อยู่ท้าย,35,🟡 อาจเป็นการเอ่ยกลางทาง ⛔ ไม่ใช่ผลสรุป
gen-chap-01-set-q049,gen-chap-01-set,fill,'3',3,เจอแต่ไม่อยู่ท้าย,32,🟡 อาจเป็นการเอ่ยกลางทาง ⛔ ไม่ใช่ผลสรุป
gen-chap-01-set-q050,gen-chap-01-set,fill,'3',3,เจอแต่ไม่อยู่ท้าย,32,🟡 อาจเป็นการเอ่ยกลางทาง ⛔ ไม่ใช่ผลสรุป
gen-chap-01-set-q051,gen-chap-01-set,fill,'8',8,เจอแต่ไม่อยู่ท้าย,29,🟡 อาจเป็นการเอ่ยกลางทาง ⛔ ไม่ใช่ผลสรุป
gen-chap-01-set-q054,gen-chap-01-set,fill,'8',8,เจอแต่ไม่อยู่ท้าย,29,🟡 อาจเป็นการเอ่ยกลางทาง ⛔ ไม่ใช่ผลสรุป
gen-chap-01-set-q055,gen-chap-01-set,fill,'5',5,เจอแต่ไม่อยู่ท้าย,33,🟡 อาจเป็นการเอ่ยกลางทาง ⛔ ไม่ใช่ผลสรุป
gen-chap-01-set-q056,gen-chap-01-set,fill,'8',8,เจอแต่ไม่อยู่ท้าย,30,🟡 อาจเป็นการเอ่ยกลางทาง ⛔ ไม่ใช่ผลสรุป
gen-chap-01-set-q057,gen-chap-01-set,mc,1,เซต $A$ ใด ๆ จะมีสับเซตแท้เสมอ,เจอแต่ไม่อยู่ท้าย,35,🟡 อาจเป็นการเอ่ยกลางทาง ⛔ ไม่ใช่ผลสรุป
gen-chap-01-set-q058,gen-chap-01-set,fill,'46',46,เจอแต่ไม่อยู่ท้าย,31,🟡 อาจเป็นการเอ่ยกลางทาง ⛔ ไม่ใช่ผลสรุป
gen-chap-01-set-q059,gen-chap-01-set,mc,1,"$\{-2,3\}$",เจอแต่ไม่อยู่ท้าย,32,🟡 อาจเป็นการเอ่ยกลางทาง ⛔ ไม่ใช่ผลสรุป
gen-chap-01-set-q060,gen-chap-01-set,fill,'4',4,เจอแต่ไม่อยู่ท้าย,32,🟡 อาจเป็นการเอ่ยกลางทาง ⛔ ไม่ใช่ผลสรุป
gen-chap-01-set-q061,gen-chap-01-set,fill,'146',146,เจอแต่ไม่อยู่ท้าย,38,🟡 อาจเป็นการเอ่ยกลางทาง ⛔ ไม่ใช่ผลสรุป
gen-chap-01-set-q062,gen-chap-01-set,fill,'4',4,เจอแต่ไม่อยู่ท้าย,37,🟡 อาจเป็นการเอ่ยกลางทาง ⛔ ไม่ใช่ผลสรุป
gen-chap-01-set-q063,gen-chap-01-set,fill,'48',48,เจอแต่ไม่อยู่ท้าย,30,🟡 อาจเป็นการเอ่ยกลางทาง ⛔ ไม่ใช่ผลสรุป
gen-chap-01-set-q064,gen-chap-01-set,fill,'8',8,เจอแต่ไม่อยู่ท้าย,33,🟡 อาจเป็นการเอ่ยกลางทาง ⛔ ไม่ใช่ผลสรุป
gen-chap-01-set-q066,gen-chap-01-set,fill,'44',44,เจอแต่ไม่อยู่ท้าย,35,🟡 อาจเป็นการเอ่ยกลางทาง ⛔ ไม่ใช่ผลสรุป
gen-chap-01-set-q068,gen-chap-01-set,fill,'32',32,เจอแต่ไม่อยู่ท้าย,29,🟡 อาจเป็นการเอ่ยกลางทาง ⛔ ไม่ใช่ผลสรุป
gen-chap-01-set-q072,gen-chap-01-set,fill,'9',9,เจอแต่ไม่อยู่ท้าย,33,🟡 อาจเป็นการเอ่ยกลางทาง ⛔ ไม่ใช่ผลสรุป
gen-chap-01-set-q073,gen-chap-01-set,fill,'32',32,เจอแต่ไม่อยู่ท้าย,29,🟡 อาจเป็นการเอ่ยกลางทาง ⛔ ไม่ใช่ผลสรุป
gen-chap-01-set-q074,gen-chap-01-set,mc,2,$81$,เจอแต่ไม่อยู่ท้าย,31,🟡 อาจเป็นการเอ่ยกลางทาง ⛔ ไม่ใช่ผลสรุป
gen-chap-01-set-q075,gen-chap-01-set,fill,'35',35,เจอแต่ไม่อยู่ท้าย,32,🟡 อาจเป็นการเอ่ยกลางทาง ⛔ ไม่ใช่ผลสรุป
gen-chap-01-set-q076,gen-chap-01-set,fill,'19',19,เจอแต่ไม่อยู่ท้าย,33,🟡 อาจเป็นการเอ่ยกลางทาง ⛔ ไม่ใช่ผลสรุป
gen-chap-01-set-q077,gen-chap-01-set,fill,'4',4,เจอแต่ไม่อยู่ท้าย,30,🟡 อาจเป็นการเอ่ยกลางทาง ⛔ ไม่ใช่ผลสรุป
gen-chap-01-set-q078,gen-chap-01-set,mc,2,$24$,เจอแต่ไม่อยู่ท้าย,36,🟡 อาจเป็นการเอ่ยกลางทาง ⛔ ไม่ใช่ผลสรุป
gen-chap-01-set-q079,gen-chap-01-set,fill,'400',400,เจอแต่ไม่อยู่ท้าย,36,🟡 อาจเป็นการเอ่ยกลางทาง ⛔ ไม่ใช่ผลสรุป
gen-chap-01-set-q080,gen-chap-01-set,fill,'243',243,เจอแต่ไม่อยู่ท้าย,34,🟡 อาจเป็นการเอ่ยกลางทาง ⛔ ไม่ใช่ผลสรุป
gen-chap-01-set-q081,gen-chap-01-set,fill,'6',6,เจอแต่ไม่อยู่ท้าย,32,🟡 อาจเป็นการเอ่ยกลางทาง ⛔ ไม่ใช่ผลสรุป
gen-chap-01-set-q083,gen-chap-01-set,mc,1,"$\{4*x\mid x\in S\}=\{0,2,4\}$",เจอแต่ไม่อยู่ท้าย,30,🟡 อาจเป็นการเอ่ยกลางทาง ⛔ ไม่ใช่ผลสรุป
gen-chap-01-set-q085,gen-chap-01-set,mc,1,$12$,เจอแต่ไม่อยู่ท้าย,33,🟡 อาจเป็นการเอ่ยกลางทาง ⛔ ไม่ใช่ผลสรุป
gen-chap-01-set-q086,gen-chap-01-set,fill,'10',10,เจอแต่ไม่อยู่ท้าย,32,🟡 อาจเป็นการเอ่ยกลางทาง ⛔ ไม่ใช่ผลสรุป
gen-chap-01-set-q087,gen-chap-01-set,fill,'12',12,เจอแต่ไม่อยู่ท้าย,39,🟡 อาจเป็นการเอ่ยกลางทาง ⛔ ไม่ใช่ผลสรุป
gen-chap-01-set-q088,gen-chap-01-set,fill,'8',8,เจอแต่ไม่อยู่ท้าย,30,🟡 อาจเป็นการเอ่ยกลางทาง ⛔ ไม่ใช่ผลสรุป
gen-chap-01-set-q089,gen-chap-01-set,fill,'8',8,เจอแต่ไม่อยู่ท้าย,34,🟡 อาจเป็นการเอ่ยกลางทาง ⛔ ไม่ใช่ผลสรุป
gen-chap-01-set-q091,gen-chap-01-set,mc,0,$\big[(A\cup B)\cap(C\cup B)\big]'=(A'\cup C')\cap B'$,เจอแต่ไม่อยู่ท้าย,37,🟡 อาจเป็นการเอ่ยกลางทาง ⛔ ไม่ใช่ผลสรุป
gen-chap-01-set-q092,gen-chap-01-set,fill,'4',4,เจอแต่ไม่อยู่ท้าย,40,🟡 อาจเป็นการเอ่ยกลางทาง ⛔ ไม่ใช่ผลสรุป
gen-chap-01-set-q093,gen-chap-01-set,fill,'5',5,เจอแต่ไม่อยู่ท้าย,39,🟡 อาจเป็นการเอ่ยกลางทาง ⛔ ไม่ใช่ผลสรุป
gen-chap-01-set-q094,gen-chap-01-set,fill,'10',10,เจอแต่ไม่อยู่ท้าย,34,🟡 อาจเป็นการเอ่ยกลางทาง ⛔ ไม่ใช่ผลสรุป
gen-chap-01-set-q095,gen-chap-01-set,fill,'1',1,เจอแต่ไม่อยู่ท้าย,35,🟡 อาจเป็นการเอ่ยกลางทาง ⛔ ไม่ใช่ผลสรุป
gen-chap-01-set-q096,gen-chap-01-set,mc,0,$(D-A)\cap D\in E$,เจอแต่ไม่อยู่ท้าย,32,🟡 อาจเป็นการเอ่ยกลางทาง ⛔ ไม่ใช่ผลสรุป
gen-chap-01-set-q097,gen-chap-01-set,fill,'36',36,เจอแต่ไม่อยู่ท้าย,35,🟡 อาจเป็นการเอ่ยกลางทาง ⛔ ไม่ใช่ผลสรุป
gen-chap-01-set-q098,gen-chap-01-set,fill,'18',18,เจอแต่ไม่อยู่ท้าย,38,🟡 อาจเป็นการเอ่ยกลางทาง ⛔ ไม่ใช่ผลสรุป
gen-chap-01-set-q099,gen-chap-01-set,mc,1,$(A-B)-C$,เจอแต่ไม่อยู่ท้าย,32,🟡 อาจเป็นการเอ่ยกลางทาง ⛔ ไม่ใช่ผลสรุป
gen-chap-01-set-q100,gen-chap-01-set,fill,'10',10,เจอแต่ไม่อยู่ท้าย,34,🟡 อาจเป็นการเอ่ยกลางทาง ⛔ ไม่ใช่ผลสรุป
gen-chap-01-set-q103,gen-chap-01-set,mc,2,$29$,เจอแต่ไม่อยู่ท้าย,33,🟡 อาจเป็นการเอ่ยกลางทาง ⛔ ไม่ใช่ผลสรุป
gen-chap-01-set-q104,gen-chap-01-set,fill,'7',7,เจอแต่ไม่อยู่ท้าย,32,🟡 อาจเป็นการเอ่ยกลางทาง ⛔ ไม่ใช่ผลสรุป
gen-chap-01-set-q105,gen-chap-01-set,fill,'1',1,เจอแต่ไม่อยู่ท้าย,35,🟡 อาจเป็นการเอ่ยกลางทาง ⛔ ไม่ใช่ผลสรุป
gen-chap-01-set-q106,gen-chap-01-set,fill,'17',17,เจอแต่ไม่อยู่ท้าย,37,🟡 อาจเป็นการเอ่ยกลางทาง ⛔ ไม่ใช่ผลสรุป
gen-chap-01-set-q107,gen-chap-01-set,fill,'49',49,เจอแต่ไม่อยู่ท้าย,41,🟡 อาจเป็นการเอ่ยกลางทาง ⛔ ไม่ใช่ผลสรุป
gen-chap-01-set-q108,gen-chap-01-set,fill,'30',30,เจอแต่ไม่อยู่ท้าย,39,🟡 อาจเป็นการเอ่ยกลางทาง ⛔ ไม่ใช่ผลสรุป
gen-chap-01-set-q109,gen-chap-01-set,fill,'6',6,เจอแต่ไม่อยู่ท้าย,34,🟡 อาจเป็นการเอ่ยกลางทาง ⛔ ไม่ใช่ผลสรุป
gen-chap-01-set-q110,gen-chap-01-set,mc,1,$n(A\cap B\cap C)=1$,เจอแต่ไม่อยู่ท้าย,37,🟡 อาจเป็นการเอ่ยกลางทาง ⛔ ไม่ใช่ผลสรุป
gen-chap-01-set-q112,gen-chap-01-set,mc,1,$5$,เจอแต่ไม่อยู่ท้าย,34,🟡 อาจเป็นการเอ่ยกลางทาง ⛔ ไม่ใช่ผลสรุป
gen-chap-01-set-q113,gen-chap-01-set,fill,'2',2,เจอแต่ไม่อยู่ท้าย,33,🟡 อาจเป็นการเอ่ยกลางทาง ⛔ ไม่ใช่ผลสรุป
gen-chap-01-set-q114,gen-chap-01-set,fill,'5',5,เจอแต่ไม่อยู่ท้าย,33,🟡 อาจเป็นการเอ่ยกลางทาง ⛔ ไม่ใช่ผลสรุป
gen-chap-01-set-q115,gen-chap-01-set,fill,'8',8,เจอแต่ไม่อยู่ท้าย,34,🟡 อาจเป็นการเอ่ยกลางทาง ⛔ ไม่ใช่ผลสรุป
gen-chap-01-set-q116,gen-chap-01-set,fill,'8',8,เจอแต่ไม่อยู่ท้าย,34,🟡 อาจเป็นการเอ่ยกลางทาง ⛔ ไม่ใช่ผลสรุป
gen-chap-01-set-q117,gen-chap-01-set,mc,1,$16$,เจอแต่ไม่อยู่ท้าย,38,🟡 อาจเป็นการเอ่ยกลางทาง ⛔ ไม่ใช่ผลสรุป
gen-chap-01-set-q118,gen-chap-01-set,mc,1,$(A-B)\cap(C-D)$,เจอแต่ไม่อยู่ท้าย,35,🟡 อาจเป็นการเอ่ยกลางทาง ⛔ ไม่ใช่ผลสรุป
gen-chap-01-set-q120,gen-chap-01-set,fill,'3',3,เจอแต่ไม่อยู่ท้าย,37,🟡 อาจเป็นการเอ่ยกลางทาง ⛔ ไม่ใช่ผลสรุป
gen-chap-01-set-q121,gen-chap-01-set,fill,'94',94,เจอแต่ไม่อยู่ท้าย,40,🟡 อาจเป็นการเอ่ยกลางทาง ⛔ ไม่ใช่ผลสรุป
gen-chap-01-set-q122,gen-chap-01-set,fill,'7',7,เจอแต่ไม่อยู่ท้าย,45,🟡 อาจเป็นการเอ่ยกลางทาง ⛔ ไม่ใช่ผลสรุป
gen-chap-01-set-q124,gen-chap-01-set,fill,'7',7,เจอแต่ไม่อยู่ท้าย,42,🟡 อาจเป็นการเอ่ยกลางทาง ⛔ ไม่ใช่ผลสรุป
gen-chap-01-set-q126,gen-chap-01-set,mc,1,$8$,เจอแต่ไม่อยู่ท้าย,43,🟡 อาจเป็นการเอ่ยกลางทาง ⛔ ไม่ใช่ผลสรุป
gen-chap-01-set-q127,gen-chap-01-set,mc,1,$0$,เจอแต่ไม่อยู่ท้าย,38,🟡 อาจเป็นการเอ่ยกลางทาง ⛔ ไม่ใช่ผลสรุป
gen-chap-01-set-q128,gen-chap-01-set,mc,1,$20$,เจอแต่ไม่อยู่ท้าย,31,🟡 อาจเป็นการเอ่ยกลางทาง ⛔ ไม่ใช่ผลสรุป
gen-chap-01-set-q129,gen-chap-01-set,fill,'5',5,เจอแต่ไม่อยู่ท้าย,34,🟡 อาจเป็นการเอ่ยกลางทาง ⛔ ไม่ใช่ผลสรุป
gen-chap-01-set-q130,gen-chap-01-set,fill,'9',9,เจอแต่ไม่อยู่ท้าย,34,🟡 อาจเป็นการเอ่ยกลางทาง ⛔ ไม่ใช่ผลสรุป
gen-chap-01-set-q132,gen-chap-01-set,fill,'20',20,เจอแต่ไม่อยู่ท้าย,35,🟡 อาจเป็นการเอ่ยกลางทาง ⛔ ไม่ใช่ผลสรุป
gen-chap-01-set-q133,gen-chap-01-set,fill,'6305',6305,เจอแต่ไม่อยู่ท้าย,32,🟡 อาจเป็นการเอ่ยกลางทาง ⛔ ไม่ใช่ผลสรุป
gen-chap-01-set-q134,gen-chap-01-set,mc,1,$240$,เจอแต่ไม่อยู่ท้าย,33,🟡 อาจเป็นการเอ่ยกลางทาง ⛔ ไม่ใช่ผลสรุป
gen-chap-01-set-q135,gen-chap-01-set,mc,1,$256$,เจอแต่ไม่อยู่ท้าย,28,🟡 อาจเป็นการเอ่ยกลางทาง ⛔ ไม่ใช่ผลสรุป
gen-chap-01-set-q136,gen-chap-01-set,fill,'96',96,เจอแต่ไม่อยู่ท้าย,34,🟡 อาจเป็นการเอ่ยกลางทาง ⛔ ไม่ใช่ผลสรุป
gen-chap-01-set-q137,gen-chap-01-set,fill,'49',49,เจอแต่ไม่อยู่ท้าย,36,🟡 อาจเป็นการเอ่ยกลางทาง ⛔ ไม่ใช่ผลสรุป
gen-chap-01-set-q138,gen-chap-01-set,fill,'180',180,เจอแต่ไม่อยู่ท้าย,32,🟡 อาจเป็นการเอ่ยกลางทาง ⛔ ไม่ใช่ผลสรุป
gen-chap-01-set-q139,gen-chap-01-set,fill,'9',9,เจอแต่ไม่อยู่ท้าย,31,🟡 อาจเป็นการเอ่ยกลางทาง ⛔ ไม่ใช่ผลสรุป
gen-chap-01-set-q140,gen-chap-01-set,fill,'17',17,เจอแต่ไม่อยู่ท้าย,30,🟡 อาจเป็นการเอ่ยกลางทาง ⛔ ไม่ใช่ผลสรุป
gen-chap-01-set-q141,gen-chap-01-set,fill,'25',25,เจอแต่ไม่อยู่ท้าย,37,🟡 อาจเป็นการเอ่ยกลางทาง ⛔ ไม่ใช่ผลสรุป
gen-chap-01-set-q142,gen-chap-01-set,fill,'7',7,เจอแต่ไม่อยู่ท้าย,33,🟡 อาจเป็นการเอ่ยกลางทาง ⛔ ไม่ใช่ผลสรุป
gen-chap-01-set-q143,gen-chap-01-set,fill,'7',7,เจอแต่ไม่อยู่ท้าย,32,🟡 อาจเป็นการเอ่ยกลางทาง ⛔ ไม่ใช่ผลสรุป
gen-chap-01-set-q145,gen-chap-01-set,mc,1,$28$,เจอแต่ไม่อยู่ท้าย,39,🟡 อาจเป็นการเอ่ยกลางทาง ⛔ ไม่ใช่ผลสรุป
gen-chap-01-set-q146,gen-chap-01-set,fill,'31',31,เจอแต่ไม่อยู่ท้าย,36,🟡 อาจเป็นการเอ่ยกลางทาง ⛔ ไม่ใช่ผลสรุป
gen-chap-01-set-q147,gen-chap-01-set,fill,'7',7,เจอแต่ไม่อยู่ท้าย,42,🟡 อาจเป็นการเอ่ยกลางทาง ⛔ ไม่ใช่ผลสรุป
gen-chap-01-set-q148,gen-chap-01-set,fill,'56',56,เจอแต่ไม่อยู่ท้าย,39,🟡 อาจเป็นการเอ่ยกลางทาง ⛔ ไม่ใช่ผลสรุป
gen-chap-01-set-q149,gen-chap-01-set,fill,'22',22,เจอแต่ไม่อยู่ท้าย,35,🟡 อาจเป็นการเอ่ยกลางทาง ⛔ ไม่ใช่ผลสรุป
gen-chap-01-set-q151,gen-chap-01-set,fill,'128',128,เจอแต่ไม่อยู่ท้าย,35,🟡 อาจเป็นการเอ่ยกลางทาง ⛔ ไม่ใช่ผลสรุป
gen-chap-01-set-q153,gen-chap-01-set,fill,'7',7,เจอแต่ไม่อยู่ท้าย,33,🟡 อาจเป็นการเอ่ยกลางทาง ⛔ ไม่ใช่ผลสรุป
gen-chap-01-set-q155,gen-chap-01-set,fill,'32',32,เจอแต่ไม่อยู่ท้าย,34,🟡 อาจเป็นการเอ่ยกลางทาง ⛔ ไม่ใช่ผลสรุป
gen-chap-01-set-q157,gen-chap-01-set,fill,'5',5,เจอแต่ไม่อยู่ท้าย,38,🟡 อาจเป็นการเอ่ยกลางทาง ⛔ ไม่ใช่ผลสรุป
gen-chap-01-set-q158,gen-chap-01-set,fill,'4',4,เจอแต่ไม่อยู่ท้าย,39,🟡 อาจเป็นการเอ่ยกลางทาง ⛔ ไม่ใช่ผลสรุป
gen-chap-01-set-q159,gen-chap-01-set,fill,'16',16,เจอแต่ไม่อยู่ท้าย,37,🟡 อาจเป็นการเอ่ยกลางทาง ⛔ ไม่ใช่ผลสรุป
gen-chap-01-set-q160,gen-chap-01-set,fill,'4',4,เจอแต่ไม่อยู่ท้าย,32,🟡 อาจเป็นการเอ่ยกลางทาง ⛔ ไม่ใช่ผลสรุป
gen-chap-01-set-q162,gen-chap-01-set,mc,1,$8$,เจอแต่ไม่อยู่ท้าย,36,🟡 อาจเป็นการเอ่ยกลางทาง ⛔ ไม่ใช่ผลสรุป
gen-chap-01-set-q163,gen-chap-01-set,fill,'64',64,เจอแต่ไม่อยู่ท้าย,36,🟡 อาจเป็นการเอ่ยกลางทาง ⛔ ไม่ใช่ผลสรุป
gen-chap-01-set-q165,gen-chap-01-set,mc,1,$30$,เจอแต่ไม่อยู่ท้าย,38,🟡 อาจเป็นการเอ่ยกลางทาง ⛔ ไม่ใช่ผลสรุป
gen-chap-01-set-q166,gen-chap-01-set,fill,'27',27,เจอแต่ไม่อยู่ท้าย,39,🟡 อาจเป็นการเอ่ยกลางทาง ⛔ ไม่ใช่ผลสรุป
gen-chap-01-set-q167,gen-chap-01-set,mc,1,$6$,เจอแต่ไม่อยู่ท้าย,36,🟡 อาจเป็นการเอ่ยกลางทาง ⛔ ไม่ใช่ผลสรุป
gen-chap-01-set-q169,gen-chap-01-set,fill,'16',16,เจอแต่ไม่อยู่ท้าย,37,🟡 อาจเป็นการเอ่ยกลางทาง ⛔ ไม่ใช่ผลสรุป
gen-chap-01-set-q170,gen-chap-01-set,fill,'4',4,เจอแต่ไม่อยู่ท้าย,34,🟡 อาจเป็นการเอ่ยกลางทาง ⛔ ไม่ใช่ผลสรุป
gen-chap-01-set-q171,gen-chap-01-set,mc,1,$C\subset A$,เจอแต่ไม่อยู่ท้าย,34,🟡 อาจเป็นการเอ่ยกลางทาง ⛔ ไม่ใช่ผลสรุป
gen-chap-01-set-q172,gen-chap-01-set,fill,'10',10,เจอแต่ไม่อยู่ท้าย,34,🟡 อาจเป็นการเอ่ยกลางทาง ⛔ ไม่ใช่ผลสรุป
gen-chap-01-set-q173,gen-chap-01-set,fill,'34',34,เจอแต่ไม่อยู่ท้าย,41,🟡 อาจเป็นการเอ่ยกลางทาง ⛔ ไม่ใช่ผลสรุป
gen-chap-01-set-q174,gen-chap-01-set,fill,'60',60,เจอแต่ไม่อยู่ท้าย,39,🟡 อาจเป็นการเอ่ยกลางทาง ⛔ ไม่ใช่ผลสรุป
gen-chap-01-set-q175,gen-chap-01-set,fill,'17',17,เจอแต่ไม่อยู่ท้าย,31,🟡 อาจเป็นการเอ่ยกลางทาง ⛔ ไม่ใช่ผลสรุป
gen-chap-01-set-q176,gen-chap-01-set,fill,'32',32,เจอแต่ไม่อยู่ท้าย,32,🟡 อาจเป็นการเอ่ยกลางทาง ⛔ ไม่ใช่ผลสรุป
gen-chap-01-set-q177,gen-chap-01-set,mc,1,$P(A\cup B)=P(A)\cup P(B)$,เจอแต่ไม่อยู่ท้าย,32,🟡 อาจเป็นการเอ่ยกลางทาง ⛔ ไม่ใช่ผลสรุป
gen-chap-01-set-q178,gen-chap-01-set,fill,'14',14,เจอแต่ไม่อยู่ท้าย,41,🟡 อาจเป็นการเอ่ยกลางทาง ⛔ ไม่ใช่ผลสรุป
gen-chap-01-set-q179,gen-chap-01-set,fill,'3',3,เจอแต่ไม่อยู่ท้าย,29,🟡 อาจเป็นการเอ่ยกลางทาง ⛔ ไม่ใช่ผลสรุป
gen-chap-01-set-q180,gen-chap-01-set,mc,1,$A\cap B'\cap C'$,เจอแต่ไม่อยู่ท้าย,36,🟡 อาจเป็นการเอ่ยกลางทาง ⛔ ไม่ใช่ผลสรุป
gen-chap-01-set-q181,gen-chap-01-set,fill,'377',377,เจอแต่ไม่อยู่ท้าย,39,🟡 อาจเป็นการเอ่ยกลางทาง ⛔ ไม่ใช่ผลสรุป
gen-chap-01-set-q182,gen-chap-01-set,fill,'344',344,เจอแต่ไม่อยู่ท้าย,41,🟡 อาจเป็นการเอ่ยกลางทาง ⛔ ไม่ใช่ผลสรุป
gen-chap-01-set-q183,gen-chap-01-set,mc,1,$14$,เจอแต่ไม่อยู่ท้าย,39,🟡 อาจเป็นการเอ่ยกลางทาง ⛔ ไม่ใช่ผลสรุป
gen-chap-01-set-q184,gen-chap-01-set,fill,'2401',2401,เจอแต่ไม่อยู่ท้าย,38,🟡 อาจเป็นการเอ่ยกลางทาง ⛔ ไม่ใช่ผลสรุป
gen-chap-01-set-q185,gen-chap-01-set,fill,'672',672,เจอแต่ไม่อยู่ท้าย,35,🟡 อาจเป็นการเอ่ยกลางทาง ⛔ ไม่ใช่ผลสรุป
gen-chap-01-set-q186,gen-chap-01-set,fill,'15',15,เจอแต่ไม่อยู่ท้าย,36,🟡 อาจเป็นการเอ่ยกลางทาง ⛔ ไม่ใช่ผลสรุป
gen-chap-01-set-q187,gen-chap-01-set,mc,1,$10$,เจอแต่ไม่อยู่ท้าย,37,🟡 อาจเป็นการเอ่ยกลางทาง ⛔ ไม่ใช่ผลสรุป
gen-chap-01-set-q188,gen-chap-01-set,fill,'81',81,เจอแต่ไม่อยู่ท้าย,34,🟡 อาจเป็นการเอ่ยกลางทาง ⛔ ไม่ใช่ผลสรุป
gen-chap-01-set-q189,gen-chap-01-set,fill,'64',64,เจอแต่ไม่อยู่ท้าย,38,🟡 อาจเป็นการเอ่ยกลางทาง ⛔ ไม่ใช่ผลสรุป
gen-chap-01-set-q190,gen-chap-01-set,fill,'123',123,เจอแต่ไม่อยู่ท้าย,37,🟡 อาจเป็นการเอ่ยกลางทาง ⛔ ไม่ใช่ผลสรุป
gen-chap-01-set-q191,gen-chap-01-set,fill,'53',53,เจอแต่ไม่อยู่ท้าย,43,🟡 อาจเป็นการเอ่ยกลางทาง ⛔ ไม่ใช่ผลสรุป
gen-chap-01-set-q192,gen-chap-01-set,fill,'48',48,เจอแต่ไม่อยู่ท้าย,35,🟡 อาจเป็นการเอ่ยกลางทาง ⛔ ไม่ใช่ผลสรุป
gen-chap-01-set-q193,gen-chap-01-set,fill,'92',92,เจอแต่ไม่อยู่ท้าย,37,🟡 อาจเป็นการเอ่ยกลางทาง ⛔ ไม่ใช่ผลสรุป
gen-chap-01-set-q194,gen-chap-01-set,mc,1,$15$,เจอแต่ไม่อยู่ท้าย,38,🟡 อาจเป็นการเอ่ยกลางทาง ⛔ ไม่ใช่ผลสรุป
gen-chap-01-set-q195,gen-chap-01-set,mc,1,$6$,เจอแต่ไม่อยู่ท้าย,39,🟡 อาจเป็นการเอ่ยกลางทาง ⛔ ไม่ใช่ผลสรุป
gen-chap-01-set-q196,gen-chap-01-set,mc,1,$7$,เจอแต่ไม่อยู่ท้าย,40,🟡 อาจเป็นการเอ่ยกลางทาง ⛔ ไม่ใช่ผลสรุป
gen-chap-01-set-q197,gen-chap-01-set,mc,1,$6$,เจอแต่ไม่อยู่ท้าย,36,🟡 อาจเป็นการเอ่ยกลางทาง ⛔ ไม่ใช่ผลสรุป
gen-chap-01-set-q198,gen-chap-01-set,fill,'11',11,เจอแต่ไม่อยู่ท้าย,30,🟡 อาจเป็นการเอ่ยกลางทาง ⛔ ไม่ใช่ผลสรุป
gen-chap-01-set-q201,gen-chap-01-set,fill,'3',3,เจอแต่ไม่อยู่ท้าย,25,🟡 อาจเป็นการเอ่ยกลางทาง ⛔ ไม่ใช่ผลสรุป
gen-chap-01-set-q203,gen-chap-01-set,fill,'3',3,เจอแต่ไม่อยู่ท้าย,25,🟡 อาจเป็นการเอ่ยกลางทาง ⛔ ไม่ใช่ผลสรุป
gen-chap-01-set-q204,gen-chap-01-set,fill,'10',10,เจอแต่ไม่อยู่ท้าย,25,🟡 อาจเป็นการเอ่ยกลางทาง ⛔ ไม่ใช่ผลสรุป
gen-chap-01-set-q205,gen-chap-01-set,fill,'5',5,เจอแต่ไม่อยู่ท้าย,29,🟡 อาจเป็นการเอ่ยกลางทาง ⛔ ไม่ใช่ผลสรุป
gen-chap-01-set-q206,gen-chap-01-set,mc,0,"$\{2,3\}$",เจอแต่ไม่อยู่ท้าย,25,🟡 อาจเป็นการเอ่ยกลางทาง ⛔ ไม่ใช่ผลสรุป
gen-chap-01-set-q207,gen-chap-01-set,fill,'13',13,เจอแต่ไม่อยู่ท้าย,27,🟡 อาจเป็นการเอ่ยกลางทาง ⛔ ไม่ใช่ผลสรุป
gen-chap-01-set-q208,gen-chap-01-set,mc,3,$42$,เจอแต่ไม่อยู่ท้าย,28,🟡 อาจเป็นการเอ่ยกลางทาง ⛔ ไม่ใช่ผลสรุป
gen-chap-01-set-q209,gen-chap-01-set,mc,2,"$\{-1,0,1,2,3\}$",เจอแต่ไม่อยู่ท้าย,28,🟡 อาจเป็นการเอ่ยกลางทาง ⛔ ไม่ใช่ผลสรุป
gen-chap-01-set-q210,gen-chap-01-set,fill,'30',30,เจอแต่ไม่อยู่ท้าย,25,🟡 อาจเป็นการเอ่ยกลางทาง ⛔ ไม่ใช่ผลสรุป
gen-chap-01-set-q211,gen-chap-01-set,fill,'21',21,เจอแต่ไม่อยู่ท้าย,27,🟡 อาจเป็นการเอ่ยกลางทาง ⛔ ไม่ใช่ผลสรุป
gen-chap-01-set-q212,gen-chap-01-set,fill,'0',0,เจอแต่ไม่อยู่ท้าย,28,🟡 อาจเป็นการเอ่ยกลางทาง ⛔ ไม่ใช่ผลสรุป
gen-chap-01-set-q213,gen-chap-01-set,mc,2,$A'\cap B'\cap C'$,เจอแต่ไม่อยู่ท้าย,25,🟡 อาจเป็นการเอ่ยกลางทาง ⛔ ไม่ใช่ผลสรุป
gen-chap-01-set-q214,gen-chap-01-set,fill,'20',20,เจอแต่ไม่อยู่ท้าย,35,🟡 อาจเป็นการเอ่ยกลางทาง ⛔ ไม่ใช่ผลสรุป
gen-chap-01-set-q215,gen-chap-01-set,mc,3,$240$,เจอแต่ไม่อยู่ท้าย,28,🟡 อาจเป็นการเอ่ยกลางทาง ⛔ ไม่ใช่ผลสรุป
gen-chap-01-set-q217,gen-chap-01-set,mc,2,$12$,เจอแต่ไม่อยู่ท้าย,33,🟡 อาจเป็นการเอ่ยกลางทาง ⛔ ไม่ใช่ผลสรุป
gen-chap-01-set-q218,gen-chap-01-set,fill,'100',100,เจอแต่ไม่อยู่ท้าย,28,🟡 อาจเป็นการเอ่ยกลางทาง ⛔ ไม่ใช่ผลสรุป
gen-chap-01-set-q219,gen-chap-01-set,fill,'55',55,เจอแต่ไม่อยู่ท้าย,30,🟡 อาจเป็นการเอ่ยกลางทาง ⛔ ไม่ใช่ผลสรุป
gen-chap-01-set-q220,gen-chap-01-set,fill,'343',343,เจอแต่ไม่อยู่ท้าย,29,🟡 อาจเป็นการเอ่ยกลางทาง ⛔ ไม่ใช่ผลสรุป
gen-chap-01-set-q221,gen-chap-01-set,fill,'4',4,เจอแต่ไม่อยู่ท้าย,25,🟡 อาจเป็นการเอ่ยกลางทาง ⛔ ไม่ใช่ผลสรุป
gen-chap-01-set-q222,gen-chap-01-set,mc,1,"$\{1,2,3\}=\{3,2,1\}$",เจอแต่ไม่อยู่ท้าย,27,🟡 อาจเป็นการเอ่ยกลางทาง ⛔ ไม่ใช่ผลสรุป
gen-chap-01-set-q223,gen-chap-01-set,fill,'0',0,เจอแต่ไม่อยู่ท้าย,25,🟡 อาจเป็นการเอ่ยกลางทาง ⛔ ไม่ใช่ผลสรุป
gen-chap-01-set-q224,gen-chap-01-set,fill,'16',16,เจอแต่ไม่อยู่ท้าย,26,🟡 อาจเป็นการเอ่ยกลางทาง ⛔ ไม่ใช่ผลสรุป
gen-chap-01-set-q225,gen-chap-01-set,mc,1,"$\{6,8\}$",เจอแต่ไม่อยู่ท้าย,25,🟡 อาจเป็นการเอ่ยกลางทาง ⛔ ไม่ใช่ผลสรุป
gen-chap-01-set-q226,gen-chap-01-set,fill,'8',8,เจอแต่ไม่อยู่ท้าย,26,🟡 อาจเป็นการเอ่ยกลางทาง ⛔ ไม่ใช่ผลสรุป
gen-chap-01-set-q227,gen-chap-01-set,fill,'7',7,เจอแต่ไม่อยู่ท้าย,28,🟡 อาจเป็นการเอ่ยกลางทาง ⛔ ไม่ใช่ผลสรุป
gen-chap-01-set-q228,gen-chap-01-set,fill,'15',15,เจอแต่ไม่อยู่ท้าย,27,🟡 อาจเป็นการเอ่ยกลางทาง ⛔ ไม่ใช่ผลสรุป
gen-chap-01-set-q229,gen-chap-01-set,fill,'19',19,เจอแต่ไม่อยู่ท้าย,26,🟡 อาจเป็นการเอ่ยกลางทาง ⛔ ไม่ใช่ผลสรุป
gen-chap-01-set-q230,gen-chap-01-set,mc,2,"$\{1,2,3,4\}$",เจอแต่ไม่อยู่ท้าย,28,🟡 อาจเป็นการเอ่ยกลางทาง ⛔ ไม่ใช่ผลสรุป
gen-chap-01-set-q231,gen-chap-01-set,fill,'24',24,เจอแต่ไม่อยู่ท้าย,28,🟡 อาจเป็นการเอ่ยกลางทาง ⛔ ไม่ใช่ผลสรุป
gen-chap-01-set-q234,gen-chap-01-set,fill,'15',15,เจอแต่ไม่อยู่ท้าย,31,🟡 อาจเป็นการเอ่ยกลางทาง ⛔ ไม่ใช่ผลสรุป
gen-chap-01-set-q235,gen-chap-01-set,fill,'23',23,เจอแต่ไม่อยู่ท้าย,30,🟡 อาจเป็นการเอ่ยกลางทาง ⛔ ไม่ใช่ผลสรุป
gen-chap-01-set-q236,gen-chap-01-set,fill,'32',32,เจอแต่ไม่อยู่ท้าย,34,🟡 อาจเป็นการเอ่ยกลางทาง ⛔ ไม่ใช่ผลสรุป
gen-chap-01-set-q237,gen-chap-01-set,fill,'74',74,เจอแต่ไม่อยู่ท้าย,33,🟡 อาจเป็นการเอ่ยกลางทาง ⛔ ไม่ใช่ผลสรุป
gen-chap-01-set-q238,gen-chap-01-set,mc,0,$4$,เจอแต่ไม่อยู่ท้าย,28,🟡 อาจเป็นการเอ่ยกลางทาง ⛔ ไม่ใช่ผลสรุป
gen-chap-01-set-q239,gen-chap-01-set,mc,1,$465$,เจอแต่ไม่อยู่ท้าย,33,🟡 อาจเป็นการเอ่ยกลางทาง ⛔ ไม่ใช่ผลสรุป
gen-chap-01-set-q240,gen-chap-01-set,mc,1,$208$,เจอแต่ไม่อยู่ท้าย,35,🟡 อาจเป็นการเอ่ยกลางทาง ⛔ ไม่ใช่ผลสรุป
gen-chap-01-set-q241,gen-chap-01-set,fill,'12',12,เจอแต่ไม่อยู่ท้าย,26,🟡 อาจเป็นการเอ่ยกลางทาง ⛔ ไม่ใช่ผลสรุป
gen-chap-01-set-q242,gen-chap-01-set,mc,1,$16$,เจอแต่ไม่อยู่ท้าย,29,🟡 อาจเป็นการเอ่ยกลางทาง ⛔ ไม่ใช่ผลสรุป
gen-chap-01-set-q243,gen-chap-01-set,fill,'5',5,เจอแต่ไม่อยู่ท้าย,30,🟡 อาจเป็นการเอ่ยกลางทาง ⛔ ไม่ใช่ผลสรุป
gen-chap-01-set-q244,gen-chap-01-set,fill,'7',7,เจอแต่ไม่อยู่ท้าย,27,🟡 อาจเป็นการเอ่ยกลางทาง ⛔ ไม่ใช่ผลสรุป
gen-chap-01-set-q245,gen-chap-01-set,mc,2,$8$,เจอแต่ไม่อยู่ท้าย,26,🟡 อาจเป็นการเอ่ยกลางทาง ⛔ ไม่ใช่ผลสรุป
gen-chap-01-set-q246,gen-chap-01-set,fill,'64',64,เจอแต่ไม่อยู่ท้าย,27,🟡 อาจเป็นการเอ่ยกลางทาง ⛔ ไม่ใช่ผลสรุป
gen-chap-01-set-q247,gen-chap-01-set,fill,'17',17,เจอแต่ไม่อยู่ท้าย,36,🟡 อาจเป็นการเอ่ยกลางทาง ⛔ ไม่ใช่ผลสรุป
gen-chap-01-set-q248,gen-chap-01-set,fill,'19',19,เจอแต่ไม่อยู่ท้าย,29,🟡 อาจเป็นการเอ่ยกลางทาง ⛔ ไม่ใช่ผลสรุป
gen-chap-01-set-q252,gen-chap-01-set,fill,'41',41,เจอแต่ไม่อยู่ท้าย,30,🟡 อาจเป็นการเอ่ยกลางทาง ⛔ ไม่ใช่ผลสรุป
gen-chap-01-set-q253,gen-chap-01-set,fill,'17',17,เจอแต่ไม่อยู่ท้าย,26,🟡 อาจเป็นการเอ่ยกลางทาง ⛔ ไม่ใช่ผลสรุป
gen-chap-01-set-q254,gen-chap-01-set,fill,'224',224,เจอแต่ไม่อยู่ท้าย,30,🟡 อาจเป็นการเอ่ยกลางทาง ⛔ ไม่ใช่ผลสรุป
gen-chap-01-set-q257,gen-chap-01-set,mc,2,$64$,เจอแต่ไม่อยู่ท้าย,26,🟡 อาจเป็นการเอ่ยกลางทาง ⛔ ไม่ใช่ผลสรุป
gen-chap-01-set-q258,gen-chap-01-set,mc,1,$256$,เจอแต่ไม่อยู่ท้าย,31,🟡 อาจเป็นการเอ่ยกลางทาง ⛔ ไม่ใช่ผลสรุป
gen-chap-01-set-q259,gen-chap-01-set,fill,'85',85,เจอแต่ไม่อยู่ท้าย,31,🟡 อาจเป็นการเอ่ยกลางทาง ⛔ ไม่ใช่ผลสรุป
gen-chap-01-set-q260,gen-chap-01-set,fill,'25',25,เจอแต่ไม่อยู่ท้าย,36,🟡 อาจเป็นการเอ่ยกลางทาง ⛔ ไม่ใช่ผลสรุป
gen-chap-01-set-q261,gen-chap-01-set,fill,'12',12,เจอแต่ไม่อยู่ท้าย,27,🟡 อาจเป็นการเอ่ยกลางทาง ⛔ ไม่ใช่ผลสรุป
gen-chap-01-set-q262,gen-chap-01-set,fill,"'$\\{1,3,5,6,8\\}$'","$\{1,3,5,6,8\}$",เจอแต่ไม่อยู่ท้าย,35,🟡 อาจเป็นการเอ่ยกลางทาง ⛔ ไม่ใช่ผลสรุป
gen-chap-01-set-q263,gen-chap-01-set,mc,2,$7$,เจอแต่ไม่อยู่ท้าย,33,🟡 อาจเป็นการเอ่ยกลางทาง ⛔ ไม่ใช่ผลสรุป
gen-chap-01-set-q264,gen-chap-01-set,fill,'16',16,เจอแต่ไม่อยู่ท้าย,28,🟡 อาจเป็นการเอ่ยกลางทาง ⛔ ไม่ใช่ผลสรุป
gen-chap-01-set-q265,gen-chap-01-set,fill,'10',10,เจอแต่ไม่อยู่ท้าย,29,🟡 อาจเป็นการเอ่ยกลางทาง ⛔ ไม่ใช่ผลสรุป
gen-chap-01-set-q266,gen-chap-01-set,mc,1,$\{\varnothing\}\in A$,เจอแต่ไม่อยู่ท้าย,28,🟡 อาจเป็นการเอ่ยกลางทาง ⛔ ไม่ใช่ผลสรุป
gen-chap-01-set-q267,gen-chap-01-set,fill,'16',16,เจอแต่ไม่อยู่ท้าย,26,🟡 อาจเป็นการเอ่ยกลางทาง ⛔ ไม่ใช่ผลสรุป
gen-chap-01-set-q268,gen-chap-01-set,mc,2,$64$,เจอแต่ไม่อยู่ท้าย,27,🟡 อาจเป็นการเอ่ยกลางทาง ⛔ ไม่ใช่ผลสรุป
gen-chap-01-set-q269,gen-chap-01-set,fill,'22',22,เจอแต่ไม่อยู่ท้าย,37,🟡 อาจเป็นการเอ่ยกลางทาง ⛔ ไม่ใช่ผลสรุป
gen-chap-01-set-q270,gen-chap-01-set,fill,'6',6,เจอแต่ไม่อยู่ท้าย,28,🟡 อาจเป็นการเอ่ยกลางทาง ⛔ ไม่ใช่ผลสรุป
gen-chap-01-set-q271,gen-chap-01-set,mc,0,$17$,เจอแต่ไม่อยู่ท้าย,34,🟡 อาจเป็นการเอ่ยกลางทาง ⛔ ไม่ใช่ผลสรุป
gen-chap-01-set-q272,gen-chap-01-set,fill,'32',32,เจอแต่ไม่อยู่ท้าย,26,🟡 อาจเป็นการเอ่ยกลางทาง ⛔ ไม่ใช่ผลสรุป
gen-chap-01-set-q274,gen-chap-01-set,fill,'81',81,เจอแต่ไม่อยู่ท้าย,31,🟡 อาจเป็นการเอ่ยกลางทาง ⛔ ไม่ใช่ผลสรุป
gen-chap-01-set-q275,gen-chap-01-set,fill,'4',4,เจอแต่ไม่อยู่ท้าย,29,🟡 อาจเป็นการเอ่ยกลางทาง ⛔ ไม่ใช่ผลสรุป
gen-chap-01-set-q276,gen-chap-01-set,mc,2,$32$,เจอแต่ไม่อยู่ท้าย,34,🟡 อาจเป็นการเอ่ยกลางทาง ⛔ ไม่ใช่ผลสรุป
gen-chap-01-set-q277,gen-chap-01-set,fill,'5',5,เจอแต่ไม่อยู่ท้าย,31,🟡 อาจเป็นการเอ่ยกลางทาง ⛔ ไม่ใช่ผลสรุป
gen-chap-01-set-q278,gen-chap-01-set,fill,'96',96,เจอแต่ไม่อยู่ท้าย,30,🟡 อาจเป็นการเอ่ยกลางทาง ⛔ ไม่ใช่ผลสรุป
gen-chap-01-set-q279,gen-chap-01-set,fill,'14',14,เจอแต่ไม่อยู่ท้าย,30,🟡 อาจเป็นการเอ่ยกลางทาง ⛔ ไม่ใช่ผลสรุป
gen-chap-01-set-q280,gen-chap-01-set,mc,2,$405$,เจอแต่ไม่อยู่ท้าย,30,🟡 อาจเป็นการเอ่ยกลางทาง ⛔ ไม่ใช่ผลสรุป
gen-chap-01-set-q281,gen-chap-01-set,fill,'5',5,เจอแต่ไม่อยู่ท้าย,33,🟡 อาจเป็นการเอ่ยกลางทาง ⛔ ไม่ใช่ผลสรุป
gen-chap-01-set-q282,gen-chap-01-set,fill,'3',3,เจอแต่ไม่อยู่ท้าย,26,🟡 อาจเป็นการเอ่ยกลางทาง ⛔ ไม่ใช่ผลสรุป
gen-chap-01-set-q283,gen-chap-01-set,mc,2,$35$,เจอแต่ไม่อยู่ท้าย,26,🟡 อาจเป็นการเอ่ยกลางทาง ⛔ ไม่ใช่ผลสรุป
gen-chap-01-set-q284,gen-chap-01-set,mc,2,$A-(B\cup C)=(A-B)\cap(A-C)$,เจอแต่ไม่อยู่ท้าย,26,🟡 อาจเป็นการเอ่ยกลางทาง ⛔ ไม่ใช่ผลสรุป
gen-chap-01-set-q285,gen-chap-01-set,fill,'4',4,เจอแต่ไม่อยู่ท้าย,27,🟡 อาจเป็นการเอ่ยกลางทาง ⛔ ไม่ใช่ผลสรุป
gen-chap-01-set-q286,gen-chap-01-set,mc,2,"$\{-3,3\}$",เจอแต่ไม่อยู่ท้าย,26,🟡 อาจเป็นการเอ่ยกลางทาง ⛔ ไม่ใช่ผลสรุป
gen-chap-01-set-q287,gen-chap-01-set,fill,'5',5,เจอแต่ไม่อยู่ท้าย,29,🟡 อาจเป็นการเอ่ยกลางทาง ⛔ ไม่ใช่ผลสรุป
gen-chap-01-set-q288,gen-chap-01-set,fill,'5',5,เจอแต่ไม่อยู่ท้าย,27,🟡 อาจเป็นการเอ่ยกลางทาง ⛔ ไม่ใช่ผลสรุป
gen-chap-01-set-q289,gen-chap-01-set,fill,'23',23,เจอแต่ไม่อยู่ท้าย,26,🟡 อาจเป็นการเอ่ยกลางทาง ⛔ ไม่ใช่ผลสรุป
gen-chap-01-set-q290,gen-chap-01-set,mc,2,$8$,เจอแต่ไม่อยู่ท้าย,29,🟡 อาจเป็นการเอ่ยกลางทาง ⛔ ไม่ใช่ผลสรุป
gen-chap-01-set-q291,gen-chap-01-set,mc,2,$16$,เจอแต่ไม่อยู่ท้าย,25,🟡 อาจเป็นการเอ่ยกลางทาง ⛔ ไม่ใช่ผลสรุป
gen-chap-01-set-q292,gen-chap-01-set,fill,'5',5,เจอแต่ไม่อยู่ท้าย,26,🟡 อาจเป็นการเอ่ยกลางทาง ⛔ ไม่ใช่ผลสรุป
gen-chap-01-set-q293,gen-chap-01-set,mc,0,"$[-2,3]$",เจอแต่ไม่อยู่ท้าย,27,🟡 อาจเป็นการเอ่ยกลางทาง ⛔ ไม่ใช่ผลสรุป
gen-chap-01-set-q294,gen-chap-01-set,fill,'243',243,เจอแต่ไม่อยู่ท้าย,32,🟡 อาจเป็นการเอ่ยกลางทาง ⛔ ไม่ใช่ผลสรุป
gen-chap-01-set-q295,gen-chap-01-set,fill,'74',74,เจอแต่ไม่อยู่ท้าย,28,🟡 อาจเป็นการเอ่ยกลางทาง ⛔ ไม่ใช่ผลสรุป
gen-chap-01-set-q296,gen-chap-01-set,mc,3,$81$,เจอแต่ไม่อยู่ท้าย,27,🟡 อาจเป็นการเอ่ยกลางทาง ⛔ ไม่ใช่ผลสรุป
gen-chap-01-set-q297,gen-chap-01-set,fill,'21',21,เจอแต่ไม่อยู่ท้าย,30,🟡 อาจเป็นการเอ่ยกลางทาง ⛔ ไม่ใช่ผลสรุป
gen-chap-01-set-q298,gen-chap-01-set,fill,'57',57,เจอแต่ไม่อยู่ท้าย,35,🟡 อาจเป็นการเอ่ยกลางทาง ⛔ ไม่ใช่ผลสรุป
gen-chap-01-set-q299,gen-chap-01-set,fill,'772',772,เจอแต่ไม่อยู่ท้าย,34,🟡 อาจเป็นการเอ่ยกลางทาง ⛔ ไม่ใช่ผลสรุป
gen-chap-01-set-q300,gen-chap-01-set,fill,'468',468,เจอแต่ไม่อยู่ท้าย,40,🟡 อาจเป็นการเอ่ยกลางทาง ⛔ ไม่ใช่ผลสรุป
gen-chap-01-set-q301,gen-chap-01-set,fill,'10',10,เจอแต่ไม่อยู่ท้าย,25,🟡 อาจเป็นการเอ่ยกลางทาง ⛔ ไม่ใช่ผลสรุป
gen-chap-01-set-q302,gen-chap-01-set,fill,'5',5,เจอแต่ไม่อยู่ท้าย,33,🟡 อาจเป็นการเอ่ยกลางทาง ⛔ ไม่ใช่ผลสรุป
gen-chap-01-set-q303,gen-chap-01-set,mc,0,"$\{1,2,3\}=\{3,2,1\}$",เจอแต่ไม่อยู่ท้าย,24,🟡 อาจเป็นการเอ่ยกลางทาง ⛔ ไม่ใช่ผลสรุป
gen-chap-01-set-q304,gen-chap-01-set,mc,0,$16$,เจอแต่ไม่อยู่ท้าย,25,🟡 อาจเป็นการเอ่ยกลางทาง ⛔ ไม่ใช่ผลสรุป
gen-chap-01-set-q306,gen-chap-01-set,mc,0,"$[-2,\,3)$",เจอแต่ไม่อยู่ท้าย,27,🟡 อาจเป็นการเอ่ยกลางทาง ⛔ ไม่ใช่ผลสรุป
gen-chap-01-set-q307,gen-chap-01-set,fill,'64',64,เจอแต่ไม่อยู่ท้าย,25,🟡 อาจเป็นการเอ่ยกลางทาง ⛔ ไม่ใช่ผลสรุป
gen-chap-01-set-q308,gen-chap-01-set,fill,'20',20,เจอแต่ไม่อยู่ท้าย,26,🟡 อาจเป็นการเอ่ยกลางทาง ⛔ ไม่ใช่ผลสรุป
gen-chap-01-set-q309,gen-chap-01-set,mc,0,$16$,เจอแต่ไม่อยู่ท้าย,25,🟡 อาจเป็นการเอ่ยกลางทาง ⛔ ไม่ใช่ผลสรุป
gen-chap-01-set-q310,gen-chap-01-set,fill,'22',22,เจอแต่ไม่อยู่ท้าย,30,🟡 อาจเป็นการเอ่ยกลางทาง ⛔ ไม่ใช่ผลสรุป
gen-chap-01-set-q311,gen-chap-01-set,fill,'20',20,เจอแต่ไม่อยู่ท้าย,27,🟡 อาจเป็นการเอ่ยกลางทาง ⛔ ไม่ใช่ผลสรุป
gen-chap-01-set-q312,gen-chap-01-set,mc,0,$A\oplus A=\varnothing$,เจอแต่ไม่อยู่ท้าย,23,🟡 อาจเป็นการเอ่ยกลางทาง ⛔ ไม่ใช่ผลสรุป
gen-chap-01-set-q313,gen-chap-01-set,mc,0,$128$,เจอแต่ไม่อยู่ท้าย,27,🟡 อาจเป็นการเอ่ยกลางทาง ⛔ ไม่ใช่ผลสรุป
gen-chap-01-set-q314,gen-chap-01-set,fill,'15',15,เจอแต่ไม่อยู่ท้าย,30,🟡 อาจเป็นการเอ่ยกลางทาง ⛔ ไม่ใช่ผลสรุป
gen-chap-01-set-q315,gen-chap-01-set,fill,'84',84,เจอแต่ไม่อยู่ท้าย,24,🟡 อาจเป็นการเอ่ยกลางทาง ⛔ ไม่ใช่ผลสรุป
gen-chap-01-set-q316,gen-chap-01-set,fill,'38',38,เจอแต่ไม่อยู่ท้าย,27,🟡 อาจเป็นการเอ่ยกลางทาง ⛔ ไม่ใช่ผลสรุป
gen-chap-01-set-q317,gen-chap-01-set,fill,'48',48,เจอแต่ไม่อยู่ท้าย,30,🟡 อาจเป็นการเอ่ยกลางทาง ⛔ ไม่ใช่ผลสรุป
gen-chap-01-set-q318,gen-chap-01-set,mc,0,$A\times(B\cup C)=(A\times B)\cup(A\times C)$,เจอแต่ไม่อยู่ท้าย,24,🟡 อาจเป็นการเอ่ยกลางทาง ⛔ ไม่ใช่ผลสรุป
gen-chap-01-set-q319,gen-chap-01-set,fill,'46',46,เจอแต่ไม่อยู่ท้าย,34,🟡 อาจเป็นการเอ่ยกลางทาง ⛔ ไม่ใช่ผลสรุป
gen-chap-01-set-q320,gen-chap-01-set,fill,'1024',1024,เจอแต่ไม่อยู่ท้าย,30,🟡 อาจเป็นการเอ่ยกลางทาง ⛔ ไม่ใช่ผลสรุป
gen-chap-01-set-q321,gen-chap-01-set,fill,'6',6,เจอแต่ไม่อยู่ท้าย,29,🟡 อาจเป็นการเอ่ยกลางทาง ⛔ ไม่ใช่ผลสรุป
gen-chap-01-set-q322,gen-chap-01-set,mc,2,"$\{a,b\}\in P(A)$",เจอแต่ไม่อยู่ท้าย,28,🟡 อาจเป็นการเอ่ยกลางทาง ⛔ ไม่ใช่ผลสรุป
gen-chap-01-set-q323,gen-chap-01-set,fill,'5',5,เจอแต่ไม่อยู่ท้าย,27,🟡 อาจเป็นการเอ่ยกลางทาง ⛔ ไม่ใช่ผลสรุป
gen-chap-01-set-q325,gen-chap-01-set,fill,'1',1,เจอแต่ไม่อยู่ท้าย,27,🟡 อาจเป็นการเอ่ยกลางทาง ⛔ ไม่ใช่ผลสรุป
gen-chap-01-set-q326,gen-chap-01-set,mc,1,$\{x\in\mathbb{R}\mid x^2+9=0\}$,เจอแต่ไม่อยู่ท้าย,25,🟡 อาจเป็นการเอ่ยกลางทาง ⛔ ไม่ใช่ผลสรุป
gen-chap-01-set-q327,gen-chap-01-set,fill,'8',8,เจอแต่ไม่อยู่ท้าย,30,🟡 อาจเป็นการเอ่ยกลางทาง ⛔ ไม่ใช่ผลสรุป
gen-chap-01-set-q328,gen-chap-01-set,fill,'16',16,เจอแต่ไม่อยู่ท้าย,27,🟡 อาจเป็นการเอ่ยกลางทาง ⛔ ไม่ใช่ผลสรุป
gen-chap-01-set-q329,gen-chap-01-set,fill,'64',64,เจอแต่ไม่อยู่ท้าย,26,🟡 อาจเป็นการเอ่ยกลางทาง ⛔ ไม่ใช่ผลสรุป
gen-chap-01-set-q330,gen-chap-01-set,mc,1,"$\{-2,-1,0,1,2\}$",เจอแต่ไม่อยู่ท้าย,29,🟡 อาจเป็นการเอ่ยกลางทาง ⛔ ไม่ใช่ผลสรุป
gen-chap-01-set-q331,gen-chap-01-set,fill,'2',2,เจอแต่ไม่อยู่ท้าย,29,🟡 อาจเป็นการเอ่ยกลางทาง ⛔ ไม่ใช่ผลสรุป
gen-chap-01-set-q332,gen-chap-01-set,mc,1,$1$,เจอแต่ไม่อยู่ท้าย,26,🟡 อาจเป็นการเอ่ยกลางทาง ⛔ ไม่ใช่ผลสรุป
gen-chap-01-set-q333,gen-chap-01-set,fill,'17',17,เจอแต่ไม่อยู่ท้าย,29,🟡 อาจเป็นการเอ่ยกลางทาง ⛔ ไม่ใช่ผลสรุป
gen-chap-01-set-q334,gen-chap-01-set,mc,0,$240$,เจอแต่ไม่อยู่ท้าย,31,🟡 อาจเป็นการเอ่ยกลางทาง ⛔ ไม่ใช่ผลสรุป
gen-chap-01-set-q335,gen-chap-01-set,fill,'16',16,เจอแต่ไม่อยู่ท้าย,29,🟡 อาจเป็นการเอ่ยกลางทาง ⛔ ไม่ใช่ผลสรุป
gen-chap-01-set-q336,gen-chap-01-set,fill,'266',266,เจอแต่ไม่อยู่ท้าย,31,🟡 อาจเป็นการเอ่ยกลางทาง ⛔ ไม่ใช่ผลสรุป
gen-chap-01-set-q337,gen-chap-01-set,fill,'23',23,เจอแต่ไม่อยู่ท้าย,29,🟡 อาจเป็นการเอ่ยกลางทาง ⛔ ไม่ใช่ผลสรุป
gen-chap-01-set-q338,gen-chap-01-set,fill,'128',128,เจอแต่ไม่อยู่ท้าย,27,🟡 อาจเป็นการเอ่ยกลางทาง ⛔ ไม่ใช่ผลสรุป
gen-chap-01-set-q339,gen-chap-01-set,mc,0,$144$,เจอแต่ไม่อยู่ท้าย,27,🟡 อาจเป็นการเอ่ยกลางทาง ⛔ ไม่ใช่ผลสรุป
gen-chap-01-set-q341,gen-chap-01-set,mc,0,$5$,เจอแต่ไม่อยู่ท้าย,34,🟡 อาจเป็นการเอ่ยกลางทาง ⛔ ไม่ใช่ผลสรุป
gen-chap-01-set-q342,gen-chap-01-set,fill,'24',24,เจอแต่ไม่อยู่ท้าย,25,🟡 อาจเป็นการเอ่ยกลางทาง ⛔ ไม่ใช่ผลสรุป
gen-chap-01-set-q343,gen-chap-01-set,mc,0,$256$,เจอแต่ไม่อยู่ท้าย,27,🟡 อาจเป็นการเอ่ยกลางทาง ⛔ ไม่ใช่ผลสรุป
gen-chap-01-set-q344,gen-chap-01-set,mc,0,$16$,เจอแต่ไม่อยู่ท้าย,26,🟡 อาจเป็นการเอ่ยกลางทาง ⛔ ไม่ใช่ผลสรุป
gen-chap-01-set-q345,gen-chap-01-set,fill,'62',62,เจอแต่ไม่อยู่ท้าย,27,🟡 อาจเป็นการเอ่ยกลางทาง ⛔ ไม่ใช่ผลสรุป
gen-chap-01-set-q346,gen-chap-01-set,fill,'1',1,เจอแต่ไม่อยู่ท้าย,30,🟡 อาจเป็นการเอ่ยกลางทาง ⛔ ไม่ใช่ผลสรุป
gen-chap-01-set-q347,gen-chap-01-set,fill,'10',10,เจอแต่ไม่อยู่ท้าย,29,🟡 อาจเป็นการเอ่ยกลางทาง ⛔ ไม่ใช่ผลสรุป
gen-chap-01-set-q348,gen-chap-01-set,fill,'11',11,เจอแต่ไม่อยู่ท้าย,29,🟡 อาจเป็นการเอ่ยกลางทาง ⛔ ไม่ใช่ผลสรุป
gen-chap-01-set-q349,gen-chap-01-set,fill,'5',5,เจอแต่ไม่อยู่ท้าย,30,🟡 อาจเป็นการเอ่ยกลางทาง ⛔ ไม่ใช่ผลสรุป
gen-chap-01-set-q350,gen-chap-01-set,mc,0,$4096$,เจอแต่ไม่อยู่ท้าย,27,🟡 อาจเป็นการเอ่ยกลางทาง ⛔ ไม่ใช่ผลสรุป
gen-chap-01-set-q351,gen-chap-01-set,fill,'20',20,เจอแต่ไม่อยู่ท้าย,25,🟡 อาจเป็นการเอ่ยกลางทาง ⛔ ไม่ใช่ผลสรุป
gen-chap-01-set-q352,gen-chap-01-set,fill,'7',7,เจอแต่ไม่อยู่ท้าย,29,🟡 อาจเป็นการเอ่ยกลางทาง ⛔ ไม่ใช่ผลสรุป
gen-chap-01-set-q353,gen-chap-01-set,fill,'15',15,เจอแต่ไม่อยู่ท้าย,26,🟡 อาจเป็นการเอ่ยกลางทาง ⛔ ไม่ใช่ผลสรุป
gen-chap-01-set-q354,gen-chap-01-set,fill,'15',15,เจอแต่ไม่อยู่ท้าย,41,🟡 อาจเป็นการเอ่ยกลางทาง ⛔ ไม่ใช่ผลสรุป
gen-chap-01-set-q355,gen-chap-01-set,mc,0,$1024$,เจอแต่ไม่อยู่ท้าย,27,🟡 อาจเป็นการเอ่ยกลางทาง ⛔ ไม่ใช่ผลสรุป
gen-chap-01-set-q356,gen-chap-01-set,fill,'9',9,เจอแต่ไม่อยู่ท้าย,32,🟡 อาจเป็นการเอ่ยกลางทาง ⛔ ไม่ใช่ผลสรุป
gen-chap-01-set-q357,gen-chap-01-set,fill,'961',961,เจอแต่ไม่อยู่ท้าย,31,🟡 อาจเป็นการเอ่ยกลางทาง ⛔ ไม่ใช่ผลสรุป
gen-chap-01-set-q358,gen-chap-01-set,fill,'192',192,เจอแต่ไม่อยู่ท้าย,31,🟡 อาจเป็นการเอ่ยกลางทาง ⛔ ไม่ใช่ผลสรุป
gen-chap-01-set-q359,gen-chap-01-set,mc,0,$15$,เจอแต่ไม่อยู่ท้าย,32,🟡 อาจเป็นการเอ่ยกลางทาง ⛔ ไม่ใช่ผลสรุป
gen-chap-01-set-q360,gen-chap-01-set,mc,0,$31$,เจอแต่ไม่อยู่ท้าย,35,🟡 อาจเป็นการเอ่ยกลางทาง ⛔ ไม่ใช่ผลสรุป
gen-chap-01-set-q361,gen-chap-01-set,fill,'5',5,เจอแต่ไม่อยู่ท้าย,28,🟡 อาจเป็นการเอ่ยกลางทาง ⛔ ไม่ใช่ผลสรุป
gen-chap-01-set-q362,gen-chap-01-set,fill,'14',14,เจอแต่ไม่อยู่ท้าย,26,🟡 อาจเป็นการเอ่ยกลางทาง ⛔ ไม่ใช่ผลสรุป
gen-chap-01-set-q363,gen-chap-01-set,mc,1,$16$,เจอแต่ไม่อยู่ท้าย,25,🟡 อาจเป็นการเอ่ยกลางทาง ⛔ ไม่ใช่ผลสรุป
gen-chap-01-set-q368,gen-chap-01-set,fill,'12',12,เจอแต่ไม่อยู่ท้าย,28,🟡 อาจเป็นการเอ่ยกลางทาง ⛔ ไม่ใช่ผลสรุป
gen-chap-01-set-q370,gen-chap-01-set,fill,'8',8,เจอแต่ไม่อยู่ท้าย,25,🟡 อาจเป็นการเอ่ยกลางทาง ⛔ ไม่ใช่ผลสรุป
gen-chap-01-set-q371,gen-chap-01-set,fill,'93',93,เจอแต่ไม่อยู่ท้าย,31,🟡 อาจเป็นการเอ่ยกลางทาง ⛔ ไม่ใช่ผลสรุป
gen-chap-01-set-q372,gen-chap-01-set,mc,2,$5$,เจอแต่ไม่อยู่ท้าย,25,🟡 อาจเป็นการเอ่ยกลางทาง ⛔ ไม่ใช่ผลสรุป
gen-chap-01-set-q373,gen-chap-01-set,fill,'12',12,เจอแต่ไม่อยู่ท้าย,26,🟡 อาจเป็นการเอ่ยกลางทาง ⛔ ไม่ใช่ผลสรุป
gen-chap-01-set-q374,gen-chap-01-set,fill,'32',32,เจอแต่ไม่อยู่ท้าย,31,🟡 อาจเป็นการเอ่ยกลางทาง ⛔ ไม่ใช่ผลสรุป
gen-chap-01-set-q375,gen-chap-01-set,fill,'55',55,เจอแต่ไม่อยู่ท้าย,30,🟡 อาจเป็นการเอ่ยกลางทาง ⛔ ไม่ใช่ผลสรุป
gen-chap-01-set-q376,gen-chap-01-set,mc,1,$10$,เจอแต่ไม่อยู่ท้าย,30,🟡 อาจเป็นการเอ่ยกลางทาง ⛔ ไม่ใช่ผลสรุป
gen-chap-01-set-q377,gen-chap-01-set,fill,'23',23,เจอแต่ไม่อยู่ท้าย,28,🟡 อาจเป็นการเอ่ยกลางทาง ⛔ ไม่ใช่ผลสรุป
gen-chap-01-set-q378,gen-chap-01-set,mc,1,$11$,เจอแต่ไม่อยู่ท้าย,35,🟡 อาจเป็นการเอ่ยกลางทาง ⛔ ไม่ใช่ผลสรุป
gen-chap-01-set-q379,gen-chap-01-set,fill,'10944',10944,เจอแต่ไม่อยู่ท้าย,32,🟡 อาจเป็นการเอ่ยกลางทาง ⛔ ไม่ใช่ผลสรุป
gen-chap-01-set-q380,gen-chap-01-set,fill,'78',78,เจอแต่ไม่อยู่ท้าย,32,🟡 อาจเป็นการเอ่ยกลางทาง ⛔ ไม่ใช่ผลสรุป
gen-chap-01-set-q381,gen-chap-01-set,fill,'12',12,เจอแต่ไม่อยู่ท้าย,26,🟡 อาจเป็นการเอ่ยกลางทาง ⛔ ไม่ใช่ผลสรุป
gen-chap-01-set-q382,gen-chap-01-set,fill,"'{2, 6, 12}'","{2, 6, 12}",เจอแต่ไม่อยู่ท้าย,28,🟡 อาจเป็นการเอ่ยกลางทาง ⛔ ไม่ใช่ผลสรุป
gen-chap-01-set-q383,gen-chap-01-set,fill,'64',64,เจอแต่ไม่อยู่ท้าย,25,🟡 อาจเป็นการเอ่ยกลางทาง ⛔ ไม่ใช่ผลสรุป
gen-chap-01-set-q384,gen-chap-01-set,mc,1,"$\{1,2,5,6,7,8\}$",เจอแต่ไม่อยู่ท้าย,27,🟡 อาจเป็นการเอ่ยกลางทาง ⛔ ไม่ใช่ผลสรุป
gen-chap-01-set-q385,gen-chap-01-set,fill,'1',1,เจอแต่ไม่อยู่ท้าย,31,🟡 อาจเป็นการเอ่ยกลางทาง ⛔ ไม่ใช่ผลสรุป
gen-chap-01-set-q386,gen-chap-01-set,mc,1,$5$,เจอแต่ไม่อยู่ท้าย,26,🟡 อาจเป็นการเอ่ยกลางทาง ⛔ ไม่ใช่ผลสรุป
gen-chap-01-set-q389,gen-chap-01-set,mc,1,$47$,เจอแต่ไม่อยู่ท้าย,26,🟡 อาจเป็นการเอ่ยกลางทาง ⛔ ไม่ใช่ผลสรุป
gen-chap-01-set-q390,gen-chap-01-set,fill,'4096',4096,เจอแต่ไม่อยู่ท้าย,28,🟡 อาจเป็นการเอ่ยกลางทาง ⛔ ไม่ใช่ผลสรุป
gen-chap-01-set-q391,gen-chap-01-set,fill,'18',18,เจอแต่ไม่อยู่ท้าย,33,🟡 อาจเป็นการเอ่ยกลางทาง ⛔ ไม่ใช่ผลสรุป
gen-chap-01-set-q392,gen-chap-01-set,mc,2,"$\{1,3,5,6,8\}$",เจอแต่ไม่อยู่ท้าย,28,🟡 อาจเป็นการเอ่ยกลางทาง ⛔ ไม่ใช่ผลสรุป
gen-chap-01-set-q393,gen-chap-01-set,fill,'4',4,เจอแต่ไม่อยู่ท้าย,26,🟡 อาจเป็นการเอ่ยกลางทาง ⛔ ไม่ใช่ผลสรุป
gen-chap-01-set-q394,gen-chap-01-set,fill,'20',20,เจอแต่ไม่อยู่ท้าย,30,🟡 อาจเป็นการเอ่ยกลางทาง ⛔ ไม่ใช่ผลสรุป
gen-chap-01-set-q395,gen-chap-01-set,fill,'13',13,เจอแต่ไม่อยู่ท้าย,29,🟡 อาจเป็นการเอ่ยกลางทาง ⛔ ไม่ใช่ผลสรุป
gen-chap-01-set-q396,gen-chap-01-set,fill,'266',266,เจอแต่ไม่อยู่ท้าย,36,🟡 อาจเป็นการเอ่ยกลางทาง ⛔ ไม่ใช่ผลสรุป
gen-chap-01-set-q397,gen-chap-01-set,mc,1,$512$,เจอแต่ไม่อยู่ท้าย,31,🟡 อาจเป็นการเอ่ยกลางทาง ⛔ ไม่ใช่ผลสรุป
gen-chap-01-set-q398,gen-chap-01-set,mc,1,$448$,เจอแต่ไม่อยู่ท้าย,34,🟡 อาจเป็นการเอ่ยกลางทาง ⛔ ไม่ใช่ผลสรุป
gen-chap-01-set-q399,gen-chap-01-set,fill,'28',28,เจอแต่ไม่อยู่ท้าย,27,🟡 อาจเป็นการเอ่ยกลางทาง ⛔ ไม่ใช่ผลสรุป
gen-chap-01-set-q400,gen-chap-01-set,fill,'176',176,เจอแต่ไม่อยู่ท้าย,37,🟡 อาจเป็นการเอ่ยกลางทาง ⛔ ไม่ใช่ผลสรุป
gen-chap-02-logic-q001,gen-chap-02-logic,mc,2,$(p\wedge q)\vee({\sim} p\wedge r)$,เจอแต่ไม่อยู่ท้าย,29,🟡 อาจเป็นการเอ่ยกลางทาง ⛔ ไม่ใช่ผลสรุป
gen-chap-02-logic-q002,gen-chap-02-logic,mc,0,$({\sim} p\vee q)\wedge({\sim} q\vee r)$,เจอแต่ไม่อยู่ท้าย,29,🟡 อาจเป็นการเอ่ยกลางทาง ⛔ ไม่ใช่ผลสรุป
gen-chap-02-logic-q004,gen-chap-02-logic,mc,3,$p\leftrightarrow(q\vee r)$,เจอแต่ไม่อยู่ท้าย,29,🟡 อาจเป็นการเอ่ยกลางทาง ⛔ ไม่ใช่ผลสรุป
gen-chap-02-logic-q005,gen-chap-02-logic,fill,'เท็จ',เท็จ,เจอแต่ไม่อยู่ท้าย,29,🟡 อาจเป็นการเอ่ยกลางทาง ⛔ ไม่ใช่ผลสรุป
gen-chap-02-logic-q006,gen-chap-02-logic,mc,1,$(p\to q)\leftrightarrow(q\to p)$,เจอแต่ไม่อยู่ท้าย,29,🟡 อาจเป็นการเอ่ยกลางทาง ⛔ ไม่ใช่ผลสรุป
gen-chap-02-logic-q008,gen-chap-02-logic,mc,2,${\sim}(p\to q)\vee(r\wedge{\sim} p)$,เจอแต่ไม่อยู่ท้าย,29,🟡 อาจเป็นการเอ่ยกลางทาง ⛔ ไม่ใช่ผลสรุป
gen-chap-02-logic-q010,gen-chap-02-logic,mc,3,$(p\wedge q)\vee(q\wedge r)\vee(p\wedge r)$,เจอแต่ไม่อยู่ท้าย,28,🟡 อาจเป็นการเอ่ยกลางทาง ⛔ ไม่ใช่ผลสรุป
gen-chap-02-logic-q011,gen-chap-02-logic,mc,0,${\sim}((p\to q)\wedge(q\to r))$,เจอแต่ไม่อยู่ท้าย,28,🟡 อาจเป็นการเอ่ยกลางทาง ⛔ ไม่ใช่ผลสรุป
gen-chap-02-logic-q013,gen-chap-02-logic,mc,2,$(p\vee q)\to(r\wedge s)$,เจอแต่ไม่อยู่ท้าย,28,🟡 อาจเป็นการเอ่ยกลางทาง ⛔ ไม่ใช่ผลสรุป
gen-chap-02-logic-q014,gen-chap-02-logic,mc,1,$p\leftrightarrow q\leftrightarrow r$,เจอแต่ไม่อยู่ท้าย,28,🟡 อาจเป็นการเอ่ยกลางทาง ⛔ ไม่ใช่ผลสรุป
gen-chap-02-logic-q015,gen-chap-02-logic,mc,3,$(p\wedge r)\vee q$,เจอแต่ไม่อยู่ท้าย,28,🟡 อาจเป็นการเอ่ยกลางทาง ⛔ ไม่ใช่ผลสรุป
gen-chap-02-logic-q016,gen-chap-02-logic,mc,0,${\sim} p\vee{\sim} q$,เจอแต่ไม่อยู่ท้าย,26,🟡 อาจเป็นการเอ่ยกลางทาง ⛔ ไม่ใช่ผลสรุป
gen-chap-02-logic-q017,gen-chap-02-logic,fill,'1',1,เจอแต่ไม่อยู่ท้าย,26,🟡 อาจเป็นการเอ่ยกลางทาง ⛔ ไม่ใช่ผลสรุป
gen-chap-02-logic-q018,gen-chap-02-logic,mc,1,$p\wedge{\sim} q$,เจอแต่ไม่อยู่ท้าย,29,🟡 อาจเป็นการเอ่ยกลางทาง ⛔ ไม่ใช่ผลสรุป
gen-chap-02-logic-q019,gen-chap-02-logic,mc,3,${\sim} p\vee q$,เจอแต่ไม่อยู่ท้าย,28,🟡 อาจเป็นการเอ่ยกลางทาง ⛔ ไม่ใช่ผลสรุป
gen-chap-02-logic-q020,gen-chap-02-logic,mc,1,$p\wedge q$,เจอแต่ไม่อยู่ท้าย,27,🟡 อาจเป็นการเอ่ยกลางทาง ⛔ ไม่ใช่ผลสรุป
gen-chap-02-logic-q022,gen-chap-02-logic,mc,2,$p\wedge({\sim} q\vee{\sim} r)$,เจอแต่ไม่อยู่ท้าย,26,🟡 อาจเป็นการเอ่ยกลางทาง ⛔ ไม่ใช่ผลสรุป
gen-chap-02-logic-q023,gen-chap-02-logic,mc,1,$(p\vee q)\wedge{\sim} r$,เจอแต่ไม่อยู่ท้าย,26,🟡 อาจเป็นการเอ่ยกลางทาง ⛔ ไม่ใช่ผลสรุป
gen-chap-02-logic-q024,gen-chap-02-logic,mc,2,$({\sim} p\vee{\sim} q)\wedge{\sim} r$,เจอแต่ไม่อยู่ท้าย,25,🟡 อาจเป็นการเอ่ยกลางทาง ⛔ ไม่ใช่ผลสรุป
gen-chap-02-logic-q025,gen-chap-02-logic,fill,'1',1,เจอแต่ไม่อยู่ท้าย,27,🟡 อาจเป็นการเอ่ยกลางทาง ⛔ ไม่ใช่ผลสรุป
gen-chap-02-logic-q026,gen-chap-02-logic,mc,2,${\sim} p\wedge({\sim} q\vee{\sim} r)$,เจอแต่ไม่อยู่ท้าย,26,🟡 อาจเป็นการเอ่ยกลางทาง ⛔ ไม่ใช่ผลสรุป
gen-chap-02-logic-q027,gen-chap-02-logic,mc,1,$(p\wedge{\sim} q)\vee({\sim} p\wedge q)$,เจอแต่ไม่อยู่ท้าย,27,🟡 อาจเป็นการเอ่ยกลางทาง ⛔ ไม่ใช่ผลสรุป
gen-chap-02-logic-q028,gen-chap-02-logic,mc,1,$(p\wedge{\sim} q)\vee({\sim} p\wedge q)$,เจอแต่ไม่อยู่ท้าย,29,🟡 อาจเป็นการเอ่ยกลางทาง ⛔ ไม่ใช่ผลสรุป
gen-chap-02-logic-q029,gen-chap-02-logic,mc,1,ฝนตก และน้ำไม่ท่วม,เจอแต่ไม่อยู่ท้าย,27,🟡 อาจเป็นการเอ่ยกลางทาง ⛔ ไม่ใช่ผลสรุป
gen-chap-02-logic-q030,gen-chap-02-logic,mc,2,${\sim} p\vee({\sim} q\wedge{\sim} r)$,เจอแต่ไม่อยู่ท้าย,26,🟡 อาจเป็นการเอ่ยกลางทาง ⛔ ไม่ใช่ผลสรุป
gen-chap-02-logic-q031,gen-chap-02-logic,mc,2,${\sim} q\to p$,เจอแต่ไม่อยู่ท้าย,27,🟡 อาจเป็นการเอ่ยกลางทาง ⛔ ไม่ใช่ผลสรุป
gen-chap-02-logic-q032,gen-chap-02-logic,mc,0,ถ้า $n$ หารด้วย 6 ไม่ลงตัว แล้ว $n$ ไม่เป็นจำนวนคู่,เจอแต่ไม่อยู่ท้าย,26,🟡 อาจเป็นการเอ่ยกลางทาง ⛔ ไม่ใช่ผลสรุป
gen-chap-02-logic-q035,gen-chap-02-logic,mc,2,ถ้ารูปหนึ่งเป็นรูปสี่เหลี่ยมมุมฉาก แล้วรูปนั้นเป็นรูปสี่เหลี่ยมจัตุรัส,เจอแต่ไม่อยู่ท้าย,26,🟡 อาจเป็นการเอ่ยกลางทาง ⛔ ไม่ใช่ผลสรุป
gen-chap-02-logic-q036,gen-chap-02-logic,mc,0,ถ้า $n$ ไม่เป็นจำนวนคี่ แล้ว $n$ ไม่เป็นจำนวนเฉพาะที่มากกว่า 2,เจอแต่ไม่อยู่ท้าย,25,🟡 อาจเป็นการเอ่ยกลางทาง ⛔ ไม่ใช่ผลสรุป
gen-chap-02-logic-q037,gen-chap-02-logic,mc,3,${\sim} p\to q$,เจอแต่ไม่อยู่ท้าย,27,🟡 อาจเป็นการเอ่ยกลางทาง ⛔ ไม่ใช่ผลสรุป
gen-chap-02-logic-q038,gen-chap-02-logic,mc,1,ถ้าอุณหภูมิไม่ถึง 100 องศาเซลเซียส แล้วน้ำไม่เดือด,เจอแต่ไม่อยู่ท้าย,25,🟡 อาจเป็นการเอ่ยกลางทาง ⛔ ไม่ใช่ผลสรุป
gen-chap-02-logic-q039,gen-chap-02-logic,mc,2,${\sim} p\vee{\sim} q$,เจอแต่ไม่อยู่ท้าย,26,🟡 อาจเป็นการเอ่ยกลางทาง ⛔ ไม่ใช่ผลสรุป
gen-chap-02-logic-q042,gen-chap-02-logic,mc,1,$(p\wedge q)\vee(p\wedge r)$,เจอแต่ไม่อยู่ท้าย,26,🟡 อาจเป็นการเอ่ยกลางทาง ⛔ ไม่ใช่ผลสรุป
gen-chap-02-logic-q044,gen-chap-02-logic,mc,2,$(p\to q)\wedge(q\to p)$,เจอแต่ไม่อยู่ท้าย,28,🟡 อาจเป็นการเอ่ยกลางทาง ⛔ ไม่ใช่ผลสรุป
gen-chap-02-logic-q047,gen-chap-02-logic,mc,0,$(p\wedge q)\to p$,เจอแต่ไม่อยู่ท้าย,31,🟡 อาจเป็นการเอ่ยกลางทาง ⛔ ไม่ใช่ผลสรุป
gen-chap-02-logic-q048,gen-chap-02-logic,mc,0,$p\to(p\vee q)$,เจอแต่ไม่อยู่ท้าย,28,🟡 อาจเป็นการเอ่ยกลางทาง ⛔ ไม่ใช่ผลสรุป
gen-chap-02-logic-q049,gen-chap-02-logic,mc,0,$p\wedge{\sim} p$,เจอแต่ไม่อยู่ท้าย,29,🟡 อาจเป็นการเอ่ยกลางทาง ⛔ ไม่ใช่ผลสรุป
gen-chap-02-logic-q050,gen-chap-02-logic,mc,0,$p\vee q$ เป็นจริง เมื่อ $p$ หรือ $q$ อย่างน้อยหนึ่งตัวเป็นจริง,ไม่เจอเลย,29,🔴 คำตอบไม่ปรากฏในเฉลยเลย
gen-chap-02-logic-q051,gen-chap-02-logic,mc,0,$\forall x[x^2\ge x]$,เจอแต่ไม่อยู่ท้าย,30,🟡 อาจเป็นการเอ่ยกลางทาง ⛔ ไม่ใช่ผลสรุป
gen-chap-02-logic-q052,gen-chap-02-logic,mc,0,$\exists x[x^2=4]$,เจอแต่ไม่อยู่ท้าย,30,🟡 อาจเป็นการเอ่ยกลางทาง ⛔ ไม่ใช่ผลสรุป
gen-chap-02-logic-q053,gen-chap-02-logic,mc,1,$\exists x[3\mid x]$,เจอแต่ไม่อยู่ท้าย,30,🟡 อาจเป็นการเอ่ยกลางทาง ⛔ ไม่ใช่ผลสรุป
gen-chap-02-logic-q054,gen-chap-02-logic,mc,2,$\forall x[x^2\ge 0]$,เจอแต่ไม่อยู่ท้าย,30,🟡 อาจเป็นการเอ่ยกลางทาง ⛔ ไม่ใช่ผลสรุป
gen-chap-02-logic-q055,gen-chap-02-logic,mc,1,$\exists x[x^2=x]$,เจอแต่ไม่อยู่ท้าย,30,🟡 อาจเป็นการเอ่ยกลางทาง ⛔ ไม่ใช่ผลสรุป
gen-chap-02-logic-q056,gen-chap-02-logic,mc,0,$\exists x[|x|=3]$,เจอแต่ไม่อยู่ท้าย,30,🟡 อาจเป็นการเอ่ยกลางทาง ⛔ ไม่ใช่ผลสรุป
gen-chap-02-logic-q057,gen-chap-02-logic,mc,0,$\forall x[2\mid x]$,เจอแต่ไม่อยู่ท้าย,30,🟡 อาจเป็นการเอ่ยกลางทาง ⛔ ไม่ใช่ผลสรุป
gen-chap-02-logic-q058,gen-chap-02-logic,mc,3,$\exists x[x^2=1]$,เจอแต่ไม่อยู่ท้าย,30,🟡 อาจเป็นการเอ่ยกลางทาง ⛔ ไม่ใช่ผลสรุป
gen-chap-02-logic-q059,gen-chap-02-logic,mc,2,$\exists x[x^2=9]$,เจอแต่ไม่อยู่ท้าย,30,🟡 อาจเป็นการเอ่ยกลางทาง ⛔ ไม่ใช่ผลสรุป
gen-chap-02-logic-q060,gen-chap-02-logic,mc,0,$\exists x[{\sim} P(x)]$,เจอแต่ไม่อยู่ท้าย,31,🟡 อาจเป็นการเอ่ยกลางทาง ⛔ ไม่ใช่ผลสรุป
gen-chap-02-logic-q061,gen-chap-02-logic,mc,2,$[(p\to q)\wedge(r\to s)\wedge(p\vee r)]\to(q\vee s)$,เจอแต่ไม่อยู่ท้าย,33,🟡 อาจเป็นการเอ่ยกลางทาง ⛔ ไม่ใช่ผลสรุป
gen-chap-02-logic-q062,gen-chap-02-logic,mc,1,$[(p\vee q)\wedge({\sim} p\vee r)]\to(q\vee r)$,เจอแต่ไม่อยู่ท้าย,33,🟡 อาจเป็นการเอ่ยกลางทาง ⛔ ไม่ใช่ผลสรุป
gen-chap-02-logic-q063,gen-chap-02-logic,mc,0,$(p\wedge{\sim} q)\vee r$,เจอแต่ไม่อยู่ท้าย,27,🟡 อาจเป็นการเอ่ยกลางทาง ⛔ ไม่ใช่ผลสรุป
gen-chap-02-logic-q065,gen-chap-02-logic,mc,2,$(p\to r)\wedge(q\to r)$,เจอแต่ไม่อยู่ท้าย,29,🟡 อาจเป็นการเอ่ยกลางทาง ⛔ ไม่ใช่ผลสรุป
gen-chap-02-logic-q067,gen-chap-02-logic,mc,3,$[(p\to q)\wedge q]\to p$,เจอแต่ไม่อยู่ท้าย,30,🟡 อาจเป็นการเอ่ยกลางทาง ⛔ ไม่ใช่ผลสรุป
gen-chap-02-logic-q071,gen-chap-02-logic,mc,2,$[(p\to q)\wedge(q\to r)\wedge(r\to s)]\to(p\to s)$,เจอแต่ไม่อยู่ท้าย,32,🟡 อาจเป็นการเอ่ยกลางทาง ⛔ ไม่ใช่ผลสรุป
gen-chap-02-logic-q072,gen-chap-02-logic,mc,2,$(p\vee q)\wedge(p\vee r)$,เจอแต่ไม่อยู่ท้าย,26,🟡 อาจเป็นการเอ่ยกลางทาง ⛔ ไม่ใช่ผลสรุป
gen-chap-02-logic-q073,gen-chap-02-logic,mc,3,$p\to q$ กับ $q\to p$,เจอแต่ไม่อยู่ท้าย,30,🟡 อาจเป็นการเอ่ยกลางทาง ⛔ ไม่ใช่ผลสรุป
gen-chap-02-logic-q075,gen-chap-02-logic,mc,0,เราถึงที่ประชุมทัน,เจอแต่ไม่อยู่ท้าย,29,🟡 อาจเป็นการเอ่ยกลางทาง ⛔ ไม่ใช่ผลสรุป
gen-chap-02-logic-q076,gen-chap-02-logic,mc,0,${\sim} p\vee{\sim} q$,เจอแต่ไม่อยู่ท้าย,29,🟡 อาจเป็นการเอ่ยกลางทาง ⛔ ไม่ใช่ผลสรุป
gen-chap-02-logic-q077,gen-chap-02-logic,mc,0,ถ้าเศรษฐกิจดี แล้วการบริโภคสูงขึ้น,เจอแต่ไม่อยู่ท้าย,29,🟡 อาจเป็นการเอ่ยกลางทาง ⛔ ไม่ใช่ผลสรุป
gen-chap-02-logic-q079,gen-chap-02-logic,mc,0,เราอยู่บ้านหรือไปทะเล,เจอแต่ไม่อยู่ท้าย,31,🟡 อาจเป็นการเอ่ยกลางทาง ⛔ ไม่ใช่ผลสรุป
gen-chap-02-logic-q081,gen-chap-02-logic,mc,0,วันนี้เราไปห้องสมุด,เจอแต่ไม่อยู่ท้าย,28,🟡 อาจเป็นการเอ่ยกลางทาง ⛔ ไม่ใช่ผลสรุป
gen-chap-02-logic-q082,gen-chap-02-logic,mc,0,$b\vee d$,เจอแต่ไม่อยู่ท้าย,31,🟡 อาจเป็นการเอ่ยกลางทาง ⛔ ไม่ใช่ผลสรุป
gen-chap-02-logic-q083,gen-chap-02-logic,mc,3,สรุปแน่นอนไม่ได้,เจอแต่ไม่อยู่ท้าย,32,🟡 อาจเป็นการเอ่ยกลางทาง ⛔ ไม่ใช่ผลสรุป
gen-chap-02-logic-q084,gen-chap-02-logic,mc,0,สารนี้ไม่เป็นกรด,เจอแต่ไม่อยู่ท้าย,28,🟡 อาจเป็นการเอ่ยกลางทาง ⛔ ไม่ใช่ผลสรุป
gen-chap-02-logic-q085,gen-chap-02-logic,mc,0,${\sim} p$,เจอแต่ไม่อยู่ท้าย,28,🟡 อาจเป็นการเอ่ยกลางทาง ⛔ ไม่ใช่ผลสรุป
gen-chap-02-logic-q086,gen-chap-02-logic,mc,3,สรุปแน่นอนไม่ได้,เจอแต่ไม่อยู่ท้าย,32,🟡 อาจเป็นการเอ่ยกลางทาง ⛔ ไม่ใช่ผลสรุป
gen-chap-02-logic-q088,gen-chap-02-logic,mc,0,โครงการถูกเลื่อนออกไป,เจอแต่ไม่อยู่ท้าย,33,🟡 อาจเป็นการเอ่ยกลางทาง ⛔ ไม่ใช่ผลสรุป
gen-chap-02-logic-q089,gen-chap-02-logic,mc,2,ไม่สมเหตุสมผล เพราะเป็นการยอมรับผลเพื่อสรุปเหตุ (affirming the consequent),เจอแต่ไม่อยู่ท้าย,36,🟡 อาจเป็นการเอ่ยกลางทาง ⛔ ไม่ใช่ผลสรุป
gen-chap-02-logic-q090,gen-chap-02-logic,mc,1,ไม่สมเหตุสมผล เพราะเป็นการปฏิเสธเหตุเพื่อสรุปปฏิเสธผล (denying the antecedent),เจอแต่ไม่อยู่ท้าย,35,🟡 อาจเป็นการเอ่ยกลางทาง ⛔ ไม่ใช่ผลสรุป
gen-chap-02-logic-q091,gen-chap-02-logic,mc,2,สมเหตุสมผล เพราะเป็นการปฏิเสธผล (modus tollens) ซึ่งสมมูลกับ contrapositive,เจอแต่ไม่อยู่ท้าย,32,🟡 อาจเป็นการเอ่ยกลางทาง ⛔ ไม่ใช่ผลสรุป
gen-chap-02-logic-q092,gen-chap-02-logic,mc,0,สมเหตุสมผล เพราะเมื่อตัวเลือกหนึ่งของ 'หรือ' เป็นเท็จ อีกตัวต้องจริง (disjunctiv,เจอแต่ไม่อยู่ท้าย,29,🟡 อาจเป็นการเอ่ยกลางทาง ⛔ ไม่ใช่ผลสรุป
gen-chap-02-logic-q093,gen-chap-02-logic,mc,1,ไม่สมเหตุสมผล เพราะ 'หรือ' แบบรวมยอมให้ทั้งสองข้อจริงพร้อมกันได้ จึงสรุปว่าอีกข้,ไม่เจอเลย,30,🔴 คำตอบไม่ปรากฏในเฉลยเลย
gen-chap-02-logic-q094,gen-chap-02-logic,mc,1,สมเหตุสมผล เพราะไล่ปฏิเสธผลเป็นลูกโซ่: ${\sim} r$ ให้ ${\sim} q$ แล้ว ${\sim} q$,ไม่เจอเลย,31,🔴 คำตอบไม่ปรากฏในเฉลยเลย
gen-chap-02-logic-q095,gen-chap-02-logic,mc,1,สมเหตุสมผล เพราะไม่ว่าจะเป็นกรณี $p$ จริงหรือ $r$ จริง ก็นำไปสู่ $q$ หรือ $s$ อย,ไม่เจอเลย,35,🔴 คำตอบไม่ปรากฏในเฉลยเลย
gen-chap-02-logic-q103,gen-chap-02-logic,mc,0,$\exists x[x^2=9]$,เจอแต่ไม่อยู่ท้าย,30,🟡 อาจเป็นการเอ่ยกลางทาง ⛔ ไม่ใช่ผลสรุป
gen-chap-02-logic-q104,gen-chap-02-logic,mc,1,$\exists x[x^2=1]$,เจอแต่ไม่อยู่ท้าย,30,🟡 อาจเป็นการเอ่ยกลางทาง ⛔ ไม่ใช่ผลสรุป
gen-chap-02-logic-q105,gen-chap-02-logic,mc,2,$\forall x[x^2\le 9]$,เจอแต่ไม่อยู่ท้าย,30,🟡 อาจเป็นการเอ่ยกลางทาง ⛔ ไม่ใช่ผลสรุป
gen-chap-02-logic-q106,gen-chap-02-logic,mc,1,$\exists x$ ที่ $x$ เป็นจำนวนเฉพาะ,เจอแต่ไม่อยู่ท้าย,30,🟡 อาจเป็นการเอ่ยกลางทาง ⛔ ไม่ใช่ผลสรุป
gen-chap-02-logic-q107,gen-chap-02-logic,mc,1,$\exists x[x^2=4]$,เจอแต่ไม่อยู่ท้าย,30,🟡 อาจเป็นการเอ่ยกลางทาง ⛔ ไม่ใช่ผลสรุป
gen-chap-02-logic-q108,gen-chap-02-logic,mc,2,$\forall x[x^2=x]$,เจอแต่ไม่อยู่ท้าย,30,🟡 อาจเป็นการเอ่ยกลางทาง ⛔ ไม่ใช่ผลสรุป
gen-chap-02-logic-q109,gen-chap-02-logic,mc,0,$\exists x[x\ge 4]$ ซึ่งเป็นจริง,เจอแต่ไม่อยู่ท้าย,31,🟡 อาจเป็นการเอ่ยกลางทาง ⛔ ไม่ใช่ผลสรุป
gen-chap-02-logic-q111,gen-chap-02-logic,mc,2,$\exists x[9\mid x]$,เจอแต่ไม่อยู่ท้าย,30,🟡 อาจเป็นการเอ่ยกลางทาง ⛔ ไม่ใช่ผลสรุป
gen-chap-02-logic-q112,gen-chap-02-logic,mc,0,$\exists x[2\mid x]$ ซึ่งเป็นจริง,เจอแต่ไม่อยู่ท้าย,31,🟡 อาจเป็นการเอ่ยกลางทาง ⛔ ไม่ใช่ผลสรุป
gen-chap-02-logic-q113,gen-chap-02-logic,mc,2,$\forall x[x^2\le 3x]$,เจอแต่ไม่อยู่ท้าย,30,🟡 อาจเป็นการเอ่ยกลางทาง ⛔ ไม่ใช่ผลสรุป
gen-chap-02-logic-q114,gen-chap-02-logic,mc,0,$\exists x[x^2\gt 4]$ ซึ่งเป็นจริง,เจอแต่ไม่อยู่ท้าย,31,🟡 อาจเป็นการเอ่ยกลางทาง ⛔ ไม่ใช่ผลสรุป
gen-chap-02-logic-q115,gen-chap-02-logic,mc,1,$\forall x[x^3=x]$,เจอแต่ไม่อยู่ท้าย,31,🟡 อาจเป็นการเอ่ยกลางทาง ⛔ ไม่ใช่ผลสรุป
gen-chap-02-logic-q116,gen-chap-02-logic,mc,3,$\exists x$ ที่ $x$ เป็นจำนวนเฉพาะ,เจอแต่ไม่อยู่ท้าย,30,🟡 อาจเป็นการเอ่ยกลางทาง ⛔ ไม่ใช่ผลสรุป
gen-chap-02-logic-q117,gen-chap-02-logic,mc,2,$\exists x[P(x)\wedge{\sim}Q(x)]$,เจอแต่ไม่อยู่ท้าย,31,🟡 อาจเป็นการเอ่ยกลางทาง ⛔ ไม่ใช่ผลสรุป
gen-chap-02-logic-q118,gen-chap-02-logic,mc,0,$\forall x[{\sim}P(x)\vee{\sim}Q(x)]$,เจอแต่ไม่อยู่ท้าย,29,🟡 อาจเป็นการเอ่ยกลางทาง ⛔ ไม่ใช่ผลสรุป
gen-chap-02-logic-q119,gen-chap-02-logic,mc,3,"$\exists x\,\forall y\,[{\sim}P(x,y)]$",เจอแต่ไม่อยู่ท้าย,31,🟡 อาจเป็นการเอ่ยกลางทาง ⛔ ไม่ใช่ผลสรุป
gen-chap-02-logic-q120,gen-chap-02-logic,mc,1,$\exists x[{\sim}P(x)]\vee\forall y[{\sim}Q(y)]$,เจอแต่ไม่อยู่ท้าย,28,🟡 อาจเป็นการเอ่ยกลางทาง ⛔ ไม่ใช่ผลสรุป
gen-chap-02-logic-q121,gen-chap-02-logic,mc,2,${\sim}[\exists x(x^2=2)]$,เจอแต่ไม่อยู่ท้าย,29,🟡 อาจเป็นการเอ่ยกลางทาง ⛔ ไม่ใช่ผลสรุป
gen-chap-02-logic-q122,gen-chap-02-logic,mc,1,${\sim}[\forall x(x\gt 0\to x^2\gt 1)]$,เจอแต่ไม่อยู่ท้าย,31,🟡 อาจเป็นการเอ่ยกลางทาง ⛔ ไม่ใช่ผลสรุป
gen-chap-02-logic-q123,gen-chap-02-logic,mc,3,$\exists x[{\sim}P(x)]\wedge\forall y[{\sim}Q(y)]$,เจอแต่ไม่อยู่ท้าย,28,🟡 อาจเป็นการเอ่ยกลางทาง ⛔ ไม่ใช่ผลสรุป
gen-chap-02-logic-q124,gen-chap-02-logic,mc,1,"$p$ เป็นเท็จ, $r$ เป็นจริง",เจอแต่ไม่อยู่ท้าย,31,🟡 อาจเป็นการเอ่ยกลางทาง ⛔ ไม่ใช่ผลสรุป
gen-chap-02-logic-q125,gen-chap-02-logic,fill,'4',4,เจอแต่ไม่อยู่ท้าย,33,🟡 อาจเป็นการเอ่ยกลางทาง ⛔ ไม่ใช่ผลสรุป
gen-chap-02-logic-q126,gen-chap-02-logic,fill,'3',3,เจอแต่ไม่อยู่ท้าย,33,🟡 อาจเป็นการเอ่ยกลางทาง ⛔ ไม่ใช่ผลสรุป
gen-chap-02-logic-q127,gen-chap-02-logic,mc,2,"$p$ เป็นจริง, $r$ เป็นเท็จ ส่วน $q$ เป็นได้ทั้งจริงและเท็จ",เจอแต่ไม่อยู่ท้าย,30,🟡 อาจเป็นการเอ่ยกลางทาง ⛔ ไม่ใช่ผลสรุป
gen-chap-02-logic-q128,gen-chap-02-logic,mc,0,$\Phi$ เป็นจริง,เจอแต่ไม่อยู่ท้าย,34,🟡 อาจเป็นการเอ่ยกลางทาง ⛔ ไม่ใช่ผลสรุป
gen-chap-02-logic-q129,gen-chap-02-logic,mc,1,$\Psi$ เป็นจริง,เจอแต่ไม่อยู่ท้าย,34,🟡 อาจเป็นการเอ่ยกลางทาง ⛔ ไม่ใช่ผลสรุป
gen-chap-02-logic-q131,gen-chap-02-logic,mc,1,${\sim} p\wedge{\sim} q$,เจอแต่ไม่อยู่ท้าย,45,🟡 อาจเป็นการเอ่ยกลางทาง ⛔ ไม่ใช่ผลสรุป
gen-chap-02-logic-q135,gen-chap-02-logic,mc,2,${\sim} p\vee{\sim} r$,เจอแต่ไม่อยู่ท้าย,39,🟡 อาจเป็นการเอ่ยกลางทาง ⛔ ไม่ใช่ผลสรุป
gen-chap-02-logic-q137,gen-chap-02-logic,mc,3,สรุปแน่นอนไม่ได้,เจอแต่ไม่อยู่ท้าย,35,🟡 อาจเป็นการเอ่ยกลางทาง ⛔ ไม่ใช่ผลสรุป
gen-chap-02-logic-q143,gen-chap-02-logic,mc,0,$p\wedge r$,เจอแต่ไม่อยู่ท้าย,41,🟡 อาจเป็นการเอ่ยกลางทาง ⛔ ไม่ใช่ผลสรุป
gen-chap-02-logic-q144,gen-chap-02-logic,mc,2,"$\forall x\,\exists y\,[x+y=1]$",เจอแต่ไม่อยู่ท้าย,34,🟡 อาจเป็นการเอ่ยกลางทาง ⛔ ไม่ใช่ผลสรุป
gen-chap-02-logic-q145,gen-chap-02-logic,mc,3,"$\forall x\,\exists y\,[xy=1]$",เจอแต่ไม่อยู่ท้าย,35,🟡 อาจเป็นการเอ่ยกลางทาง ⛔ ไม่ใช่ผลสรุป
gen-chap-02-logic-q146,gen-chap-02-logic,mc,0,"$\forall x\,\forall y\,[x^2-xy+y^2\ge 0]$",เจอแต่ไม่อยู่ท้าย,35,🟡 อาจเป็นการเอ่ยกลางทาง ⛔ ไม่ใช่ผลสรุป
gen-chap-02-logic-q147,gen-chap-02-logic,mc,0,"$\exists x\,\exists y\,[x^2+y^2=0]$",เจอแต่ไม่อยู่ท้าย,31,🟡 อาจเป็นการเอ่ยกลางทาง ⛔ ไม่ใช่ผลสรุป
gen-chap-02-logic-q148,gen-chap-02-logic,mc,0,"$\forall x\,\exists y\,[x+y=0]$",เจอแต่ไม่อยู่ท้าย,29,🟡 อาจเป็นการเอ่ยกลางทาง ⛔ ไม่ใช่ผลสรุป
gen-chap-02-logic-q149,gen-chap-02-logic,mc,0,"$\forall x\,\exists y\,[x=2y\vee x=2y+1]$",เจอแต่ไม่อยู่ท้าย,28,🟡 อาจเป็นการเอ่ยกลางทาง ⛔ ไม่ใช่ผลสรุป
gen-chap-02-logic-q150,gen-chap-02-logic,mc,0,"$\forall x\,\exists y\,[x\lt y\wedge y\lt x+1]$",เจอแต่ไม่อยู่ท้าย,29,🟡 อาจเป็นการเอ่ยกลางทาง ⛔ ไม่ใช่ผลสรุป
gen-chap-02-logic-q151,gen-chap-02-logic,mc,0,"$\forall x\,\exists y\,[x=y^3]$",เจอแต่ไม่อยู่ท้าย,33,🟡 อาจเป็นการเอ่ยกลางทาง ⛔ ไม่ใช่ผลสรุป
gen-chap-02-logic-q152,gen-chap-02-logic,mc,0,"$\exists x\,\forall y\,[xy\le 1]$",เจอแต่ไม่อยู่ท้าย,28,🟡 อาจเป็นการเอ่ยกลางทาง ⛔ ไม่ใช่ผลสรุป
gen-chap-02-logic-q153,gen-chap-02-logic,mc,0,"${\sim}\exists x\,\forall y\,[x\le y]$",เจอแต่ไม่อยู่ท้าย,34,🟡 อาจเป็นการเอ่ยกลางทาง ⛔ ไม่ใช่ผลสรุป
gen-chap-02-logic-q154,gen-chap-02-logic,mc,1,$P$ เป็นจริงก็ต่อเมื่อ $c=0$,เจอแต่ไม่อยู่ท้าย,35,🟡 อาจเป็นการเอ่ยกลางทาง ⛔ ไม่ใช่ผลสรุป
gen-chap-02-logic-q155,gen-chap-02-logic,mc,1,"$\forall y\,\exists x\,[x\lt y]$",เจอแต่ไม่อยู่ท้าย,28,🟡 อาจเป็นการเอ่ยกลางทาง ⛔ ไม่ใช่ผลสรุป
gen-chap-02-logic-q156,gen-chap-02-logic,mc,0,"$\exists x\,\exists y\,[2x+3y=1]$",เจอแต่ไม่อยู่ท้าย,28,🟡 อาจเป็นการเอ่ยกลางทาง ⛔ ไม่ใช่ผลสรุป
gen-chap-02-logic-q158,gen-chap-02-logic,fill,'3',3,เจอแต่ไม่อยู่ท้าย,36,🟡 อาจเป็นการเอ่ยกลางทาง ⛔ ไม่ใช่ผลสรุป
gen-chap-02-logic-q160,gen-chap-02-logic,fill,'2',2,เจอแต่ไม่อยู่ท้าย,35,🟡 อาจเป็นการเอ่ยกลางทาง ⛔ ไม่ใช่ผลสรุป
gen-chap-02-logic-q161,gen-chap-02-logic,fill,'3',3,เจอแต่ไม่อยู่ท้าย,31,🟡 อาจเป็นการเอ่ยกลางทาง ⛔ ไม่ใช่ผลสรุป
gen-chap-02-logic-q162,gen-chap-02-logic,fill,'4',4,เจอแต่ไม่อยู่ท้าย,36,🟡 อาจเป็นการเอ่ยกลางทาง ⛔ ไม่ใช่ผลสรุป
gen-chap-02-logic-q166,gen-chap-02-logic,mc,0,"$(F,F,F,T)$",เจอแต่ไม่อยู่ท้าย,30,🟡 อาจเป็นการเอ่ยกลางทาง ⛔ ไม่ใช่ผลสรุป
gen-chap-02-logic-q168,gen-chap-02-logic,fill,'3',3,เจอแต่ไม่อยู่ท้าย,32,🟡 อาจเป็นการเอ่ยกลางทาง ⛔ ไม่ใช่ผลสรุป
gen-chap-02-logic-q169,gen-chap-02-logic,mc,0,$q\wedge{\sim} r$,เจอแต่ไม่อยู่ท้าย,32,🟡 อาจเป็นการเอ่ยกลางทาง ⛔ ไม่ใช่ผลสรุป
gen-chap-02-logic-q170,gen-chap-02-logic,mc,0,$r\vee s$,เจอแต่ไม่อยู่ท้าย,36,🟡 อาจเป็นการเอ่ยกลางทาง ⛔ ไม่ใช่ผลสรุป
gen-chap-02-logic-q172,gen-chap-02-logic,mc,1,$q\wedge(p\vee r)$,เจอแต่ไม่อยู่ท้าย,39,🟡 อาจเป็นการเอ่ยกลางทาง ⛔ ไม่ใช่ผลสรุป
gen-chap-02-logic-q173,gen-chap-02-logic,mc,3,${\sim}p$,เจอแต่ไม่อยู่ท้าย,37,🟡 อาจเป็นการเอ่ยกลางทาง ⛔ ไม่ใช่ผลสรุป
gen-chap-02-logic-q174,gen-chap-02-logic,mc,2,$p\wedge q$,เจอแต่ไม่อยู่ท้าย,37,🟡 อาจเป็นการเอ่ยกลางทาง ⛔ ไม่ใช่ผลสรุป
gen-chap-02-logic-q176,gen-chap-02-logic,mc,2,$k\gt 4$,เจอแต่ไม่อยู่ท้าย,35,🟡 อาจเป็นการเอ่ยกลางทาง ⛔ ไม่ใช่ผลสรุป
gen-chap-02-logic-q177,gen-chap-02-logic,mc,1,$\forall x[x^2+1\ge 2x]$,เจอแต่ไม่อยู่ท้าย,37,🟡 อาจเป็นการเอ่ยกลางทาง ⛔ ไม่ใช่ผลสรุป
gen-chap-02-logic-q178,gen-chap-02-logic,mc,3,$m\ge 1$,เจอแต่ไม่อยู่ท้าย,35,🟡 อาจเป็นการเอ่ยกลางทาง ⛔ ไม่ใช่ผลสรุป
gen-chap-02-logic-q179,gen-chap-02-logic,mc,0,$k\lt 9$,เจอแต่ไม่อยู่ท้าย,35,🟡 อาจเป็นการเอ่ยกลางทาง ⛔ ไม่ใช่ผลสรุป
gen-chap-02-logic-q180,gen-chap-02-logic,mc,0,$\forall x[2x^2-4x+3\gt 0]$,เจอแต่ไม่อยู่ท้าย,35,🟡 อาจเป็นการเอ่ยกลางทาง ⛔ ไม่ใช่ผลสรุป
gen-chap-02-logic-q181,gen-chap-02-logic,fill,'2',2,เจอแต่ไม่อยู่ท้าย,38,🟡 อาจเป็นการเอ่ยกลางทาง ⛔ ไม่ใช่ผลสรุป
gen-chap-02-logic-q183,gen-chap-02-logic,fill,'2',2,เจอแต่ไม่อยู่ท้าย,41,🟡 อาจเป็นการเอ่ยกลางทาง ⛔ ไม่ใช่ผลสรุป
gen-chap-02-logic-q184,gen-chap-02-logic,mc,2,ปากที่ 2 และปากที่ 3 พูดจริง,เจอแต่ไม่อยู่ท้าย,38,🟡 อาจเป็นการเอ่ยกลางทาง ⛔ ไม่ใช่ผลสรุป
gen-chap-02-logic-q185,gen-chap-02-logic,fill,'1',1,เจอแต่ไม่อยู่ท้าย,38,🟡 อาจเป็นการเอ่ยกลางทาง ⛔ ไม่ใช่ผลสรุป
gen-chap-02-logic-q187,gen-chap-02-logic,fill,'9',9,เจอแต่ไม่อยู่ท้าย,30,🟡 อาจเป็นการเอ่ยกลางทาง ⛔ ไม่ใช่ผลสรุป
gen-chap-02-logic-q188,gen-chap-02-logic,fill,'6',6,เจอแต่ไม่อยู่ท้าย,30,🟡 อาจเป็นการเอ่ยกลางทาง ⛔ ไม่ใช่ผลสรุป
gen-chap-02-logic-q189,gen-chap-02-logic,fill,'8',8,เจอแต่ไม่อยู่ท้าย,33,🟡 อาจเป็นการเอ่ยกลางทาง ⛔ ไม่ใช่ผลสรุป
gen-chap-02-logic-q190,gen-chap-02-logic,fill,'7',7,เจอแต่ไม่อยู่ท้าย,35,🟡 อาจเป็นการเอ่ยกลางทาง ⛔ ไม่ใช่ผลสรุป
gen-chap-02-logic-q191,gen-chap-02-logic,mc,1,"$\forall x\,\forall y\,[x^2+y^2+1\ge xy+x+y]$",เจอแต่ไม่อยู่ท้าย,35,🟡 อาจเป็นการเอ่ยกลางทาง ⛔ ไม่ใช่ผลสรุป
gen-chap-02-logic-q192,gen-chap-02-logic,mc,2,"$\forall x\,\exists y\,[y^2=x^2+1]$",เจอแต่ไม่อยู่ท้าย,29,🟡 อาจเป็นการเอ่ยกลางทาง ⛔ ไม่ใช่ผลสรุป
gen-chap-02-logic-q193,gen-chap-02-logic,mc,1,"$\exists a\,\forall x\,[x^2+ax+1\gt 0]$",เจอแต่ไม่อยู่ท้าย,29,🟡 อาจเป็นการเอ่ยกลางทาง ⛔ ไม่ใช่ผลสรุป
gen-chap-02-logic-q194,gen-chap-02-logic,mc,1,"$\forall n\,\exists m\,[n^2+n=2m]$",เจอแต่ไม่อยู่ท้าย,34,🟡 อาจเป็นการเอ่ยกลางทาง ⛔ ไม่ใช่ผลสรุป
gen-chap-02-logic-q195,gen-chap-02-logic,mc,0,"$\forall x\,\exists y\,\forall z\,[x+y\ne z]$",เจอแต่ไม่อยู่ท้าย,33,🟡 อาจเป็นการเอ่ยกลางทาง ⛔ ไม่ใช่ผลสรุป
gen-chap-02-logic-q200,gen-chap-02-logic,mc,0,${\sim} u$,เจอแต่ไม่อยู่ท้าย,47,🟡 อาจเป็นการเอ่ยกลางทาง ⛔ ไม่ใช่ผลสรุป
gen-chap-02-logic-q214,gen-chap-02-logic,mc,1,$5$ กรณี,เจอแต่ไม่อยู่ท้าย,13,🟡 อาจเป็นการเอ่ยกลางทาง ⛔ ไม่ใช่ผลสรุป
gen-chap-02-logic-q216,gen-chap-02-logic,mc,1,$\big((p\to r)\wedge(q\to r)\big)\to\big((p\vee q)\to r\big)$,เจอแต่ไม่อยู่ท้าย,13,🟡 อาจเป็นการเอ่ยกลางทาง ⛔ ไม่ใช่ผลสรุป
gen-chap-02-logic-q218,gen-chap-02-logic,mc,1,$p\wedge{\sim}q$,เจอแต่ไม่อยู่ท้าย,13,🟡 อาจเป็นการเอ่ยกลางทาง ⛔ ไม่ใช่ผลสรุป
gen-chap-02-logic-q219,gen-chap-02-logic,mc,2,$\big((p\wedge q)\vee({\sim}p\wedge{\sim}q)\big)\wedge{\sim}r\wedge{\sim}s$,เจอแต่ไม่อยู่ท้าย,13,🟡 อาจเป็นการเอ่ยกลางทาง ⛔ ไม่ใช่ผลสรุป
gen-chap-02-logic-q220,gen-chap-02-logic,mc,2,$\big(p\to(q\to r)\big)\to\big((p\to q)\to(p\to r)\big)$,เจอแต่ไม่อยู่ท้าย,13,🟡 อาจเป็นการเอ่ยกลางทาง ⛔ ไม่ใช่ผลสรุป
gen-chap-02-logic-q221,gen-chap-02-logic,mc,0,$\forall x[x<5]$,ไม่เจอเลย,24,🔴 คำตอบไม่ปรากฏในเฉลยเลย
gen-chap-02-logic-q222,gen-chap-02-logic,mc,0,$\exists x[x^2=x+6]$,เจอแต่ไม่อยู่ท้าย,24,🟡 อาจเป็นการเอ่ยกลางทาง ⛔ ไม่ใช่ผลสรุป
gen-chap-02-logic-q223,gen-chap-02-logic,mc,0,$\forall x[{\sim}P(x)]$,เจอแต่ไม่อยู่ท้าย,23,🟡 อาจเป็นการเอ่ยกลางทาง ⛔ ไม่ใช่ผลสรุป
gen-chap-02-logic-q224,gen-chap-02-logic,fill,'4',4,เจอแต่ไม่อยู่ท้าย,25,🟡 อาจเป็นการเอ่ยกลางทาง ⛔ ไม่ใช่ผลสรุป
gen-chap-02-logic-q225,gen-chap-02-logic,mc,1,$\exists x[3\mid x]$,เจอแต่ไม่อยู่ท้าย,24,🟡 อาจเป็นการเอ่ยกลางทาง ⛔ ไม่ใช่ผลสรุป
gen-chap-02-logic-q226,gen-chap-02-logic,mc,0,$\exists x[x^3=-8]$,เจอแต่ไม่อยู่ท้าย,23,🟡 อาจเป็นการเอ่ยกลางทาง ⛔ ไม่ใช่ผลสรุป
gen-chap-02-logic-q227,gen-chap-02-logic,mc,0,$(p\wedge q)\to r$,เจอแต่ไม่อยู่ท้าย,27,🟡 อาจเป็นการเอ่ยกลางทาง ⛔ ไม่ใช่ผลสรุป
gen-chap-02-logic-q230,gen-chap-02-logic,mc,1,$\exists x[x^2-5x+6=0]$,เจอแต่ไม่อยู่ท้าย,25,🟡 อาจเป็นการเอ่ยกลางทาง ⛔ ไม่ใช่ผลสรุป
gen-chap-02-logic-q231,gen-chap-02-logic,fill,'3',3,เจอแต่ไม่อยู่ท้าย,25,🟡 อาจเป็นการเอ่ยกลางทาง ⛔ ไม่ใช่ผลสรุป
gen-chap-02-logic-q232,gen-chap-02-logic,mc,0,$(p\to r)\wedge(q\to r)$,เจอแต่ไม่อยู่ท้าย,27,🟡 อาจเป็นการเอ่ยกลางทาง ⛔ ไม่ใช่ผลสรุป
gen-chap-02-logic-q233,gen-chap-02-logic,mc,0,"$\exists x\forall y[{\sim}P(x,y)]$",เจอแต่ไม่อยู่ท้าย,24,🟡 อาจเป็นการเอ่ยกลางทาง ⛔ ไม่ใช่ผลสรุป
gen-chap-02-logic-q234,gen-chap-02-logic,mc,0,$\forall x\exists y[x+y=0]$,เจอแต่ไม่อยู่ท้าย,28,🟡 อาจเป็นการเอ่ยกลางทาง ⛔ ไม่ใช่ผลสรุป
gen-chap-02-logic-q235,gen-chap-02-logic,mc,0,$s$,เจอแต่ไม่อยู่ท้าย,32,🟡 อาจเป็นการเอ่ยกลางทาง ⛔ ไม่ใช่ผลสรุป
gen-chap-02-logic-q236,gen-chap-02-logic,mc,0,$(p\wedge r)\wedge{\sim}s$,เจอแต่ไม่อยู่ท้าย,29,🟡 อาจเป็นการเอ่ยกลางทาง ⛔ ไม่ใช่ผลสรุป
gen-chap-02-logic-q237,gen-chap-02-logic,mc,0,$\exists x[x^2\bmod 7=2]$,เจอแต่ไม่อยู่ท้าย,28,🟡 อาจเป็นการเอ่ยกลางทาง ⛔ ไม่ใช่ผลสรุป
gen-chap-02-logic-q238,gen-chap-02-logic,mc,0,${\sim}[\exists x(x>3\wedge x<2)]$,ไม่เจอเลย,26,🔴 คำตอบไม่ปรากฏในเฉลยเลย
gen-chap-02-logic-q239,gen-chap-02-logic,mc,2,$2$,เจอแต่ไม่อยู่ท้าย,36,🟡 อาจเป็นการเอ่ยกลางทาง ⛔ ไม่ใช่ผลสรุป
gen-chap-02-logic-q240,gen-chap-02-logic,fill,'2',2,เจอแต่ไม่อยู่ท้าย,29,🟡 อาจเป็นการเอ่ยกลางทาง ⛔ ไม่ใช่ผลสรุป
gen-chap-02-logic-q258,gen-chap-02-logic,mc,0,${\sim}p\wedge{\sim}r$,เจอแต่ไม่อยู่ท้าย,12,🟡 อาจเป็นการเอ่ยกลางทาง ⛔ ไม่ใช่ผลสรุป
gen-chap-02-logic-q259,gen-chap-02-logic,mc,0,ก เท่านั้น,เจอแต่ไม่อยู่ท้าย,12,🟡 อาจเป็นการเอ่ยกลางทาง ⛔ ไม่ใช่ผลสรุป
gen-chap-02-logic-q261,gen-chap-02-logic,mc,2,$3$,เจอแต่ไม่อยู่ท้าย,26,🟡 อาจเป็นการเอ่ยกลางทาง ⛔ ไม่ใช่ผลสรุป
gen-chap-02-logic-q263,gen-chap-02-logic,mc,2,$p\wedge{\sim}q$,เจอแต่ไม่อยู่ท้าย,28,🟡 อาจเป็นการเอ่ยกลางทาง ⛔ ไม่ใช่ผลสรุป
gen-chap-02-logic-q265,gen-chap-02-logic,mc,3,$q\to p$,เจอแต่ไม่อยู่ท้าย,28,🟡 อาจเป็นการเอ่ยกลางทาง ⛔ ไม่ใช่ผลสรุป
gen-chap-02-logic-q266,gen-chap-02-logic,mc,2,$5$,เจอแต่ไม่อยู่ท้าย,30,🟡 อาจเป็นการเอ่ยกลางทาง ⛔ ไม่ใช่ผลสรุป
gen-chap-02-logic-q267,gen-chap-02-logic,mc,1,$5$,เจอแต่ไม่อยู่ท้าย,29,🟡 อาจเป็นการเอ่ยกลางทาง ⛔ ไม่ใช่ผลสรุป
gen-chap-02-logic-q268,gen-chap-02-logic,mc,2,$q\wedge{\sim}r$,เจอแต่ไม่อยู่ท้าย,32,🟡 อาจเป็นการเอ่ยกลางทาง ⛔ ไม่ใช่ผลสรุป
gen-chap-02-logic-q269,gen-chap-02-logic,mc,2,${\sim}(p\vee q\vee r)$,เจอแต่ไม่อยู่ท้าย,32,🟡 อาจเป็นการเอ่ยกลางทาง ⛔ ไม่ใช่ผลสรุป
gen-chap-02-logic-q272,gen-chap-02-logic,mc,2,$6$,เจอแต่ไม่อยู่ท้าย,29,🟡 อาจเป็นการเอ่ยกลางทาง ⛔ ไม่ใช่ผลสรุป
gen-chap-02-logic-q273,gen-chap-02-logic,mc,2,$q\wedge r$,เจอแต่ไม่อยู่ท้าย,32,🟡 อาจเป็นการเอ่ยกลางทาง ⛔ ไม่ใช่ผลสรุป
gen-chap-02-logic-q274,gen-chap-02-logic,mc,1,$5$,เจอแต่ไม่อยู่ท้าย,38,🟡 อาจเป็นการเอ่ยกลางทาง ⛔ ไม่ใช่ผลสรุป
gen-chap-02-logic-q275,gen-chap-02-logic,mc,1,$s\wedge{\sim}q$,เจอแต่ไม่อยู่ท้าย,36,🟡 อาจเป็นการเอ่ยกลางทาง ⛔ ไม่ใช่ผลสรุป
gen-chap-02-logic-q276,gen-chap-02-logic,mc,2,$6$,เจอแต่ไม่อยู่ท้าย,32,🟡 อาจเป็นการเอ่ยกลางทาง ⛔ ไม่ใช่ผลสรุป
gen-chap-02-logic-q277,gen-chap-02-logic,fill,'5',5,เจอแต่ไม่อยู่ท้าย,32,🟡 อาจเป็นการเอ่ยกลางทาง ⛔ ไม่ใช่ผลสรุป
gen-chap-02-logic-q278,gen-chap-02-logic,mc,1,$3$,เจอแต่ไม่อยู่ท้าย,34,🟡 อาจเป็นการเอ่ยกลางทาง ⛔ ไม่ใช่ผลสรุป
gen-chap-02-logic-q280,gen-chap-02-logic,mc,2,$2$,เจอแต่ไม่อยู่ท้าย,39,🟡 อาจเป็นการเอ่ยกลางทาง ⛔ ไม่ใช่ผลสรุป
gen-chap-02-logic-q281,gen-chap-02-logic,mc,0,$\exists x[x^2=2x]$,เจอแต่ไม่อยู่ท้าย,28,🟡 อาจเป็นการเอ่ยกลางทาง ⛔ ไม่ใช่ผลสรุป
gen-chap-02-logic-q282,gen-chap-02-logic,mc,0,$\forall x[x^2\ge 1]$,เจอแต่ไม่อยู่ท้าย,26,🟡 อาจเป็นการเอ่ยกลางทาง ⛔ ไม่ใช่ผลสรุป
gen-chap-02-logic-q283,gen-chap-02-logic,mc,3,$\forall x[x^2\le 3]$,เจอแต่ไม่อยู่ท้าย,26,🟡 อาจเป็นการเอ่ยกลางทาง ⛔ ไม่ใช่ผลสรุป
gen-chap-02-logic-q284,gen-chap-02-logic,mc,0,$\forall x[x^2\ge x]$,เจอแต่ไม่อยู่ท้าย,26,🟡 อาจเป็นการเอ่ยกลางทาง ⛔ ไม่ใช่ผลสรุป
gen-chap-02-logic-q285,gen-chap-02-logic,mc,0,$\forall x[2\mid x]$,เจอแต่ไม่อยู่ท้าย,26,🟡 อาจเป็นการเอ่ยกลางทาง ⛔ ไม่ใช่ผลสรุป
gen-chap-02-logic-q286,gen-chap-02-logic,mc,0,"$\exists x[\,|x-1|=2\,]$",เจอแต่ไม่อยู่ท้าย,28,🟡 อาจเป็นการเอ่ยกลางทาง ⛔ ไม่ใช่ผลสรุป
gen-chap-02-logic-q287,gen-chap-02-logic,mc,0,$\exists x[x^3-x=6]$,เจอแต่ไม่อยู่ท้าย,29,🟡 อาจเป็นการเอ่ยกลางทาง ⛔ ไม่ใช่ผลสรุป
gen-chap-02-logic-q288,gen-chap-02-logic,fill,'4',4,เจอแต่ไม่อยู่ท้าย,28,🟡 อาจเป็นการเอ่ยกลางทาง ⛔ ไม่ใช่ผลสรุป
gen-chap-02-logic-q289,gen-chap-02-logic,mc,0,$\forall x[x>0\to x^2\ge 1]$,เจอแต่ไม่อยู่ท้าย,29,🟡 อาจเป็นการเอ่ยกลางทาง ⛔ ไม่ใช่ผลสรุป
gen-chap-02-logic-q290,gen-chap-02-logic,mc,0,$\forall x[x\ge 0\to \exists y(y^2=x)]$,เจอแต่ไม่อยู่ท้าย,29,🟡 อาจเป็นการเอ่ยกลางทาง ⛔ ไม่ใช่ผลสรุป
gen-chap-02-logic-q291,gen-chap-02-logic,mc,0,$\exists x[x^2=5x-6]$,เจอแต่ไม่อยู่ท้าย,33,🟡 อาจเป็นการเอ่ยกลางทาง ⛔ ไม่ใช่ผลสรุป
gen-chap-02-logic-q292,gen-chap-02-logic,mc,0,$\forall x[x^2\ne 5]$,เจอแต่ไม่อยู่ท้าย,26,🟡 อาจเป็นการเอ่ยกลางทาง ⛔ ไม่ใช่ผลสรุป
gen-chap-02-logic-q293,gen-chap-02-logic,mc,0,$\exists x[x\le 0]$,เจอแต่ไม่อยู่ท้าย,30,🟡 อาจเป็นการเอ่ยกลางทาง ⛔ ไม่ใช่ผลสรุป
gen-chap-02-logic-q294,gen-chap-02-logic,mc,1,$3$,เจอแต่ไม่อยู่ท้าย,34,🟡 อาจเป็นการเอ่ยกลางทาง ⛔ ไม่ใช่ผลสรุป
gen-chap-02-logic-q295,gen-chap-02-logic,mc,2,"$\exists y\,\forall x[x\ge y]$",เจอแต่ไม่อยู่ท้าย,29,🟡 อาจเป็นการเอ่ยกลางทาง ⛔ ไม่ใช่ผลสรุป
gen-chap-02-logic-q296,gen-chap-02-logic,mc,0,"$\exists x\,\forall y[xy\ne 1]$",เจอแต่ไม่อยู่ท้าย,28,🟡 อาจเป็นการเอ่ยกลางทาง ⛔ ไม่ใช่ผลสรุป
gen-chap-02-logic-q297,gen-chap-02-logic,fill,'1',1,เจอแต่ไม่อยู่ท้าย,38,🟡 อาจเป็นการเอ่ยกลางทาง ⛔ ไม่ใช่ผลสรุป
gen-chap-02-logic-q298,gen-chap-02-logic,mc,0,$\forall x[x^2\le 2x]$,เจอแต่ไม่อยู่ท้าย,32,🟡 อาจเป็นการเอ่ยกลางทาง ⛔ ไม่ใช่ผลสรุป
gen-chap-02-logic-q299,gen-chap-02-logic,mc,0,"$\forall x[\,2\nmid x\ \vee\ x^2=4\,]$",เจอแต่ไม่อยู่ท้าย,33,🟡 อาจเป็นการเอ่ยกลางทาง ⛔ ไม่ใช่ผลสรุป
gen-chap-02-logic-q300,gen-chap-02-logic,fill,'1',1,เจอแต่ไม่อยู่ท้าย,40,🟡 อาจเป็นการเอ่ยกลางทาง ⛔ ไม่ใช่ผลสรุป
gen-chap-02-logic-q301,gen-chap-02-logic,mc,3,$(p\leftrightarrow q)\wedge{\sim}r$,เจอแต่ไม่อยู่ท้าย,30,🟡 อาจเป็นการเอ่ยกลางทาง ⛔ ไม่ใช่ผลสรุป
gen-chap-02-logic-q302,gen-chap-02-logic,mc,0,$p\wedge{\sim}q\wedge{\sim}r$,เจอแต่ไม่อยู่ท้าย,26,🟡 อาจเป็นการเอ่ยกลางทาง ⛔ ไม่ใช่ผลสรุป
gen-chap-02-logic-q304,gen-chap-02-logic,mc,0,$q\to{\sim}p$,เจอแต่ไม่อยู่ท้าย,28,🟡 อาจเป็นการเอ่ยกลางทาง ⛔ ไม่ใช่ผลสรุป
gen-chap-02-logic-q305,gen-chap-02-logic,mc,1,"$\exists x\,[\,x^2=4\,]$",เจอแต่ไม่อยู่ท้าย,30,🟡 อาจเป็นการเอ่ยกลางทาง ⛔ ไม่ใช่ผลสรุป
gen-chap-02-logic-q306,gen-chap-02-logic,mc,0,$\big(p\wedge(p\to q)\big)\to q$,เจอแต่ไม่อยู่ท้าย,32,🟡 อาจเป็นการเอ่ยกลางทาง ⛔ ไม่ใช่ผลสรุป
gen-chap-02-logic-q309,gen-chap-02-logic,mc,2,"$\exists x\,[\,x^2=36\,]$",เจอแต่ไม่อยู่ท้าย,32,🟡 อาจเป็นการเอ่ยกลางทาง ⛔ ไม่ใช่ผลสรุป
gen-chap-02-logic-q310,gen-chap-02-logic,mc,1,"$\exists x\,[\,(2\nmid x)\wedge(x>2)\,]$",เจอแต่ไม่อยู่ท้าย,30,🟡 อาจเป็นการเอ่ยกลางทาง ⛔ ไม่ใช่ผลสรุป
gen-chap-02-logic-q311,gen-chap-02-logic,fill,'3',3,เจอแต่ไม่อยู่ท้าย,28,🟡 อาจเป็นการเอ่ยกลางทาง ⛔ ไม่ใช่ผลสรุป
gen-chap-02-logic-q313,gen-chap-02-logic,mc,2,$5$,เจอแต่ไม่อยู่ท้าย,30,🟡 อาจเป็นการเอ่ยกลางทาง ⛔ ไม่ใช่ผลสรุป
gen-chap-02-logic-q315,gen-chap-02-logic,mc,0,$t$,เจอแต่ไม่อยู่ท้าย,36,🟡 อาจเป็นการเอ่ยกลางทาง ⛔ ไม่ใช่ผลสรุป
gen-chap-02-logic-q317,gen-chap-02-logic,fill,'5',5,เจอแต่ไม่อยู่ท้าย,33,🟡 อาจเป็นการเอ่ยกลางทาง ⛔ ไม่ใช่ผลสรุป
gen-chap-02-logic-q318,gen-chap-02-logic,mc,3,"$\forall x\,\exists y\,[\,(x-1)y=0\,]$",เจอแต่ไม่อยู่ท้าย,33,🟡 อาจเป็นการเอ่ยกลางทาง ⛔ ไม่ใช่ผลสรุป
gen-chap-02-logic-q319,gen-chap-02-logic,mc,1,$1$ คน,เจอแต่ไม่อยู่ท้าย,34,🟡 อาจเป็นการเอ่ยกลางทาง ⛔ ไม่ใช่ผลสรุป
gen-chap-02-logic-q320,gen-chap-02-logic,mc,1,$4$,เจอแต่ไม่อยู่ท้าย,33,🟡 อาจเป็นการเอ่ยกลางทาง ⛔ ไม่ใช่ผลสรุป
gen-chap-02-logic-q321,gen-chap-02-logic,mc,3,$(p\leftrightarrow q)\wedge(r\to q)$,เจอแต่ไม่อยู่ท้าย,26,🟡 อาจเป็นการเอ่ยกลางทาง ⛔ ไม่ใช่ผลสรุป
gen-chap-02-logic-q322,gen-chap-02-logic,mc,1,$p\to(q\leftrightarrow r)$,เจอแต่ไม่อยู่ท้าย,27,🟡 อาจเป็นการเอ่ยกลางทาง ⛔ ไม่ใช่ผลสรุป
gen-chap-02-logic-q324,gen-chap-02-logic,mc,1,${\sim}p\vee q\vee r$,เจอแต่ไม่อยู่ท้าย,26,🟡 อาจเป็นการเอ่ยกลางทาง ⛔ ไม่ใช่ผลสรุป
gen-chap-02-logic-q325,gen-chap-02-logic,mc,1,${\sim}r\to({\sim}p\wedge{\sim}q)$,เจอแต่ไม่อยู่ท้าย,24,🟡 อาจเป็นการเอ่ยกลางทาง ⛔ ไม่ใช่ผลสรุป
gen-chap-02-logic-q326,gen-chap-02-logic,mc,0,$p\wedge({\sim}q\vee{\sim}r)$,เจอแต่ไม่อยู่ท้าย,24,🟡 อาจเป็นการเอ่ยกลางทาง ⛔ ไม่ใช่ผลสรุป
gen-chap-02-logic-q327,gen-chap-02-logic,mc,0,$(p\to q)\wedge(p\to r)$,เจอแต่ไม่อยู่ท้าย,26,🟡 อาจเป็นการเอ่ยกลางทาง ⛔ ไม่ใช่ผลสรุป
gen-chap-02-logic-q329,gen-chap-02-logic,mc,2,$({\sim}q\to r)\wedge(p\vee q)$,เจอแต่ไม่อยู่ท้าย,27,🟡 อาจเป็นการเอ่ยกลางทาง ⛔ ไม่ใช่ผลสรุป
gen-chap-02-logic-q332,gen-chap-02-logic,mc,0,$p\to{\sim}r$,เจอแต่ไม่อยู่ท้าย,32,🟡 อาจเป็นการเอ่ยกลางทาง ⛔ ไม่ใช่ผลสรุป
gen-chap-02-logic-q333,gen-chap-02-logic,mc,1,"$\exists x\,[x^2=x+6]$",เจอแต่ไม่อยู่ท้าย,27,🟡 อาจเป็นการเอ่ยกลางทาง ⛔ ไม่ใช่ผลสรุป
gen-chap-02-logic-q334,gen-chap-02-logic,mc,1,A และ C,เจอแต่ไม่อยู่ท้าย,30,🟡 อาจเป็นการเอ่ยกลางทาง ⛔ ไม่ใช่ผลสรุป
gen-chap-02-logic-q335,gen-chap-02-logic,mc,1,1 คน,เจอแต่ไม่อยู่ท้าย,30,🟡 อาจเป็นการเอ่ยกลางทาง ⛔ ไม่ใช่ผลสรุป
gen-chap-02-logic-q336,gen-chap-02-logic,mc,1,$12$,เจอแต่ไม่อยู่ท้าย,30,🟡 อาจเป็นการเอ่ยกลางทาง ⛔ ไม่ใช่ผลสรุป
gen-chap-02-logic-q337,gen-chap-02-logic,mc,2,"$\forall x\,\exists y\,[\,x+y>x\,]$",เจอแต่ไม่อยู่ท้าย,33,🟡 อาจเป็นการเอ่ยกลางทาง ⛔ ไม่ใช่ผลสรุป
gen-chap-02-logic-q338,gen-chap-02-logic,mc,1,$s\wedge p$,เจอแต่ไม่อยู่ท้าย,33,🟡 อาจเป็นการเอ่ยกลางทาง ⛔ ไม่ใช่ผลสรุป
gen-chap-02-logic-q339,gen-chap-02-logic,fill,'3',3,เจอแต่ไม่อยู่ท้าย,33,🟡 อาจเป็นการเอ่ยกลางทาง ⛔ ไม่ใช่ผลสรุป
gen-chap-02-logic-q340,gen-chap-02-logic,mc,1,B และ D,เจอแต่ไม่อยู่ท้าย,30,🟡 อาจเป็นการเอ่ยกลางทาง ⛔ ไม่ใช่ผลสรุป
gen-chap-02-logic-q341,gen-chap-02-logic,mc,2,$3$,เจอแต่ไม่อยู่ท้าย,28,🟡 อาจเป็นการเอ่ยกลางทาง ⛔ ไม่ใช่ผลสรุป
gen-chap-02-logic-q342,gen-chap-02-logic,mc,0,$(p\to q)\vee(q\to p)$,เจอแต่ไม่อยู่ท้าย,27,🟡 อาจเป็นการเอ่ยกลางทาง ⛔ ไม่ใช่ผลสรุป
gen-chap-02-logic-q343,gen-chap-02-logic,fill,'7',7,เจอแต่ไม่อยู่ท้าย,26,🟡 อาจเป็นการเอ่ยกลางทาง ⛔ ไม่ใช่ผลสรุป
gen-chap-02-logic-q344,gen-chap-02-logic,mc,2,$3$,เจอแต่ไม่อยู่ท้าย,27,🟡 อาจเป็นการเอ่ยกลางทาง ⛔ ไม่ใช่ผลสรุป
gen-chap-02-logic-q345,gen-chap-02-logic,mc,2,$(p\wedge q)\to(p\vee q)$,เจอแต่ไม่อยู่ท้าย,27,🟡 อาจเป็นการเอ่ยกลางทาง ⛔ ไม่ใช่ผลสรุป
gen-chap-02-logic-q346,gen-chap-02-logic,mc,3,$(p\vee q)\wedge r$,เจอแต่ไม่อยู่ท้าย,26,🟡 อาจเป็นการเอ่ยกลางทาง ⛔ ไม่ใช่ผลสรุป
gen-chap-02-logic-q348,gen-chap-02-logic,mc,1,${\sim}(p\wedge q)\leftrightarrow({\sim} p\vee{\sim} q)$,เจอแต่ไม่อยู่ท้าย,26,🟡 อาจเป็นการเอ่ยกลางทาง ⛔ ไม่ใช่ผลสรุป
gen-chap-02-logic-q349,gen-chap-02-logic,mc,2,$\forall x[x^2+1>x]$,เจอแต่ไม่อยู่ท้าย,26,🟡 อาจเป็นการเอ่ยกลางทาง ⛔ ไม่ใช่ผลสรุป
gen-chap-02-logic-q350,gen-chap-02-logic,fill,'6',6,เจอแต่ไม่อยู่ท้าย,29,🟡 อาจเป็นการเอ่ยกลางทาง ⛔ ไม่ใช่ผลสรุป
gen-chap-02-logic-q351,gen-chap-02-logic,mc,2,$4$,เจอแต่ไม่อยู่ท้าย,31,🟡 อาจเป็นการเอ่ยกลางทาง ⛔ ไม่ใช่ผลสรุป
gen-chap-02-logic-q352,gen-chap-02-logic,mc,0,$(p\wedge{\sim} q)\to r$,เจอแต่ไม่อยู่ท้าย,28,🟡 อาจเป็นการเอ่ยกลางทาง ⛔ ไม่ใช่ผลสรุป
gen-chap-02-logic-q353,gen-chap-02-logic,mc,2,$5$,เจอแต่ไม่อยู่ท้าย,26,🟡 อาจเป็นการเอ่ยกลางทาง ⛔ ไม่ใช่ผลสรุป
gen-chap-02-logic-q355,gen-chap-02-logic,mc,1,$5$,เจอแต่ไม่อยู่ท้าย,36,🟡 อาจเป็นการเอ่ยกลางทาง ⛔ ไม่ใช่ผลสรุป
gen-chap-02-logic-q357,gen-chap-02-logic,mc,0,${\sim} p\wedge{\sim} q$,เจอแต่ไม่อยู่ท้าย,36,🟡 อาจเป็นการเอ่ยกลางทาง ⛔ ไม่ใช่ผลสรุป
gen-chap-02-logic-q358,gen-chap-02-logic,fill,'13',13,เจอแต่ไม่อยู่ท้าย,35,🟡 อาจเป็นการเอ่ยกลางทาง ⛔ ไม่ใช่ผลสรุป
gen-chap-02-logic-q359,gen-chap-02-logic,mc,3,$15$,เจอแต่ไม่อยู่ท้าย,33,🟡 อาจเป็นการเอ่ยกลางทาง ⛔ ไม่ใช่ผลสรุป
gen-chap-02-logic-q360,gen-chap-02-logic,mc,1,$11$,เจอแต่ไม่อยู่ท้าย,30,🟡 อาจเป็นการเอ่ยกลางทาง ⛔ ไม่ใช่ผลสรุป
gen-chap-02-logic-q361,gen-chap-02-logic,mc,2,"$\forall x[\,x^2\le 4\,]$",เจอแต่ไม่อยู่ท้าย,30,🟡 อาจเป็นการเอ่ยกลางทาง ⛔ ไม่ใช่ผลสรุป
gen-chap-02-logic-q362,gen-chap-02-logic,mc,2,$(p\wedge r)\vee(q\wedge s)$,เจอแต่ไม่อยู่ท้าย,30,🟡 อาจเป็นการเอ่ยกลางทาง ⛔ ไม่ใช่ผลสรุป
gen-chap-02-logic-q363,gen-chap-02-logic,fill,'จริง',จริง,เจอแต่ไม่อยู่ท้าย,30,🟡 อาจเป็นการเอ่ยกลางทาง ⛔ ไม่ใช่ผลสรุป
gen-chap-02-logic-q365,gen-chap-02-logic,mc,1,$5$,เจอแต่ไม่อยู่ท้าย,29,🟡 อาจเป็นการเอ่ยกลางทาง ⛔ ไม่ใช่ผลสรุป
gen-chap-02-logic-q366,gen-chap-02-logic,mc,0,"$\exists x[\,x^2\le x\,]$",เจอแต่ไม่อยู่ท้าย,27,🟡 อาจเป็นการเอ่ยกลางทาง ⛔ ไม่ใช่ผลสรุป
gen-chap-02-logic-q367,gen-chap-02-logic,mc,0,ระดับน้ำทะเลสูงขึ้น,เจอแต่ไม่อยู่ท้าย,27,🟡 อาจเป็นการเอ่ยกลางทาง ⛔ ไม่ใช่ผลสรุป
gen-chap-02-logic-q368,gen-chap-02-logic,mc,0,"$\forall x[\,x^2\ge 2x-1\,]$",เจอแต่ไม่อยู่ท้าย,30,🟡 อาจเป็นการเอ่ยกลางทาง ⛔ ไม่ใช่ผลสรุป
gen-chap-02-logic-q372,gen-chap-02-logic,mc,0,"$\forall x\,\exists y\,[\,x+y=0\,]$",เจอแต่ไม่อยู่ท้าย,30,🟡 อาจเป็นการเอ่ยกลางทาง ⛔ ไม่ใช่ผลสรุป
gen-chap-02-logic-q374,gen-chap-02-logic,mc,3,"$\forall x\,\exists y\,[\,x=y^2\,]$",เจอแต่ไม่อยู่ท้าย,33,🟡 อาจเป็นการเอ่ยกลางทาง ⛔ ไม่ใช่ผลสรุป
gen-chap-02-logic-q376,gen-chap-02-logic,fill,'5',5,เจอแต่ไม่อยู่ท้าย,34,🟡 อาจเป็นการเอ่ยกลางทาง ⛔ ไม่ใช่ผลสรุป
gen-chap-02-logic-q379,gen-chap-02-logic,mc,0,$q\wedge t$,เจอแต่ไม่อยู่ท้าย,36,🟡 อาจเป็นการเอ่ยกลางทาง ⛔ ไม่ใช่ผลสรุป
gen-chap-02-logic-q380,gen-chap-02-logic,mc,0,"$\exists x\,\forall y\,[\,xy\ne 1\,]$",เจอแต่ไม่อยู่ท้าย,33,🟡 อาจเป็นการเอ่ยกลางทาง ⛔ ไม่ใช่ผลสรุป
gen-chap-02-logic-q399,gen-chap-02-logic,mc,2,2 คน,เจอแต่ไม่อยู่ท้าย,16,🟡 อาจเป็นการเอ่ยกลางทาง ⛔ ไม่ใช่ผลสรุป
gen-chap-03-real-q001,gen-chap-03-real,mc,0,"$(-\infty,-2)\cup[1,\infty)$",เจอแต่ไม่อยู่ท้าย,31,🟡 อาจเป็นการเอ่ยกลางทาง ⛔ ไม่ใช่ผลสรุป
gen-chap-03-real-q002,gen-chap-03-real,mc,1,"$[-4,1)$",เจอแต่ไม่อยู่ท้าย,31,🟡 อาจเป็นการเอ่ยกลางทาง ⛔ ไม่ใช่ผลสรุป
gen-chap-03-real-q003,gen-chap-03-real,mc,2,"$(-\infty,-1)\cup(2,\infty)$",เจอแต่ไม่อยู่ท้าย,31,🟡 อาจเป็นการเอ่ยกลางทาง ⛔ ไม่ใช่ผลสรุป
gen-chap-03-real-q004,gen-chap-03-real,mc,3,"$(-3,1]$",เจอแต่ไม่อยู่ท้าย,31,🟡 อาจเป็นการเอ่ยกลางทาง ⛔ ไม่ใช่ผลสรุป
gen-chap-03-real-q005,gen-chap-03-real,fill,'4',4,เจอแต่ไม่อยู่ท้าย,31,🟡 อาจเป็นการเอ่ยกลางทาง ⛔ ไม่ใช่ผลสรุป
gen-chap-03-real-q006,gen-chap-03-real,mc,0,"$(-\infty,-5]\cup[1,\infty)$",เจอแต่ไม่อยู่ท้าย,31,🟡 อาจเป็นการเอ่ยกลางทาง ⛔ ไม่ใช่ผลสรุป
gen-chap-03-real-q007,gen-chap-03-real,mc,1,"$(-\infty,-5)\cup(2,\infty)$",เจอแต่ไม่อยู่ท้าย,31,🟡 อาจเป็นการเอ่ยกลางทาง ⛔ ไม่ใช่ผลสรุป
gen-chap-03-real-q009,gen-chap-03-real,mc,2,$-34$,เจอแต่ไม่อยู่ท้าย,28,🟡 อาจเป็นการเอ่ยกลางทาง ⛔ ไม่ใช่ผลสรุป
gen-chap-03-real-q010,gen-chap-03-real,fill,'6',6,เจอแต่ไม่อยู่ท้าย,30,🟡 อาจเป็นการเอ่ยกลางทาง ⛔ ไม่ใช่ผลสรุป
gen-chap-03-real-q011,gen-chap-03-real,fill,'6',6,เจอแต่ไม่อยู่ท้าย,31,🟡 อาจเป็นการเอ่ยกลางทาง ⛔ ไม่ใช่ผลสรุป
gen-chap-03-real-q013,gen-chap-03-real,fill,'4',4,เจอแต่ไม่อยู่ท้าย,31,🟡 อาจเป็นการเอ่ยกลางทาง ⛔ ไม่ใช่ผลสรุป
gen-chap-03-real-q014,gen-chap-03-real,fill,'1',1,เจอแต่ไม่อยู่ท้าย,29,🟡 อาจเป็นการเอ่ยกลางทาง ⛔ ไม่ใช่ผลสรุป
gen-chap-03-real-q017,gen-chap-03-real,mc,1,$6$,เจอแต่ไม่อยู่ท้าย,29,🟡 อาจเป็นการเอ่ยกลางทาง ⛔ ไม่ใช่ผลสรุป
gen-chap-03-real-q018,gen-chap-03-real,fill,'7/2',7/2,ไม่เจอเลย,28,🔴 คำตอบไม่ปรากฏในเฉลยเลย
gen-chap-03-real-q019,gen-chap-03-real,mc,2,$-\dfrac23$,เจอแต่ไม่อยู่ท้าย,28,🟡 อาจเป็นการเอ่ยกลางทาง ⛔ ไม่ใช่ผลสรุป
gen-chap-03-real-q020,gen-chap-03-real,fill,'5',5,เจอแต่ไม่อยู่ท้าย,30,🟡 อาจเป็นการเอ่ยกลางทาง ⛔ ไม่ใช่ผลสรุป
gen-chap-03-real-q021,gen-chap-03-real,mc,3,"$[-2,1)\cup[2,\infty)$",เจอแต่ไม่อยู่ท้าย,31,🟡 อาจเป็นการเอ่ยกลางทาง ⛔ ไม่ใช่ผลสรุป
gen-chap-03-real-q022,gen-chap-03-real,mc,0,"$(-\infty,-3)\cup[2,3)$",เจอแต่ไม่อยู่ท้าย,31,🟡 อาจเป็นการเอ่ยกลางทาง ⛔ ไม่ใช่ผลสรุป
gen-chap-03-real-q023,gen-chap-03-real,mc,1,"$(-\infty,-2)\cup[-1,1]\cup(2,\infty)$",เจอแต่ไม่อยู่ท้าย,31,🟡 อาจเป็นการเอ่ยกลางทาง ⛔ ไม่ใช่ผลสรุป
gen-chap-03-real-q024,gen-chap-03-real,mc,2,"$(-2,1]\cup(3,\infty)$",เจอแต่ไม่อยู่ท้าย,31,🟡 อาจเป็นการเอ่ยกลางทาง ⛔ ไม่ใช่ผลสรุป
gen-chap-03-real-q025,gen-chap-03-real,fill,'6',6,เจอแต่ไม่อยู่ท้าย,33,🟡 อาจเป็นการเอ่ยกลางทาง ⛔ ไม่ใช่ผลสรุป
gen-chap-03-real-q026,gen-chap-03-real,mc,3,"$[-2,4]$",เจอแต่ไม่อยู่ท้าย,33,🟡 อาจเป็นการเอ่ยกลางทาง ⛔ ไม่ใช่ผลสรุป
gen-chap-03-real-q028,gen-chap-03-real,mc,0,"$(-\infty,0]\cup[2,\infty)$",เจอแต่ไม่อยู่ท้าย,33,🟡 อาจเป็นการเอ่ยกลางทาง ⛔ ไม่ใช่ผลสรุป
gen-chap-03-real-q030,gen-chap-03-real,fill,'5',5,เจอแต่ไม่อยู่ท้าย,31,🟡 อาจเป็นการเอ่ยกลางทาง ⛔ ไม่ใช่ผลสรุป
gen-chap-03-real-q031,gen-chap-03-real,mc,1,$k=1$,เจอแต่ไม่อยู่ท้าย,29,🟡 อาจเป็นการเอ่ยกลางทาง ⛔ ไม่ใช่ผลสรุป
gen-chap-03-real-q034,gen-chap-03-real,mc,2,$2$,เจอแต่ไม่อยู่ท้าย,29,🟡 อาจเป็นการเอ่ยกลางทาง ⛔ ไม่ใช่ผลสรุป
gen-chap-03-real-q035,gen-chap-03-real,mc,3,$x=\tfrac13$,เจอแต่ไม่อยู่ท้าย,28,🟡 อาจเป็นการเอ่ยกลางทาง ⛔ ไม่ใช่ผลสรุป
gen-chap-03-real-q036,gen-chap-03-real,fill,'3',3,เจอแต่ไม่อยู่ท้าย,29,🟡 อาจเป็นการเอ่ยกลางทาง ⛔ ไม่ใช่ผลสรุป
gen-chap-03-real-q037,gen-chap-03-real,fill,'4',4,เจอแต่ไม่อยู่ท้าย,28,🟡 อาจเป็นการเอ่ยกลางทาง ⛔ ไม่ใช่ผลสรุป
gen-chap-03-real-q038,gen-chap-03-real,mc,0,$-1$,เจอแต่ไม่อยู่ท้าย,29,🟡 อาจเป็นการเอ่ยกลางทาง ⛔ ไม่ใช่ผลสรุป
gen-chap-03-real-q040,gen-chap-03-real,mc,1,เซตของจำนวนเต็มมีสมบัติปิดภายใต้การลบ,เจอแต่ไม่อยู่ท้าย,31,🟡 อาจเป็นการเอ่ยกลางทาง ⛔ ไม่ใช่ผลสรุป
gen-chap-03-real-q041,gen-chap-03-real,mc,0,"$(-\infty,-2]\cup[1,3]$",เจอแต่ไม่อยู่ท้าย,31,🟡 อาจเป็นการเอ่ยกลางทาง ⛔ ไม่ใช่ผลสรุป
gen-chap-03-real-q042,gen-chap-03-real,mc,2,"$(-\infty,-1)\cup(0,2)\cup(2,\infty)$",เจอแต่ไม่อยู่ท้าย,31,🟡 อาจเป็นการเอ่ยกลางทาง ⛔ ไม่ใช่ผลสรุป
gen-chap-03-real-q043,gen-chap-03-real,mc,3,"$(-\infty,-1)\cup(1,3)$",เจอแต่ไม่อยู่ท้าย,31,🟡 อาจเป็นการเอ่ยกลางทาง ⛔ ไม่ใช่ผลสรุป
gen-chap-03-real-q044,gen-chap-03-real,mc,0,"$[-2,-1)\cup[1,3)$",เจอแต่ไม่อยู่ท้าย,31,🟡 อาจเป็นการเอ่ยกลางทาง ⛔ ไม่ใช่ผลสรุป
gen-chap-03-real-q045,gen-chap-03-real,mc,1,"$(-\infty,-3)\cup(-1,2)\cup(3,\infty)$",เจอแต่ไม่อยู่ท้าย,31,🟡 อาจเป็นการเอ่ยกลางทาง ⛔ ไม่ใช่ผลสรุป
gen-chap-03-real-q046,gen-chap-03-real,mc,2,"$(1,\infty)$",เจอแต่ไม่อยู่ท้าย,31,🟡 อาจเป็นการเอ่ยกลางทาง ⛔ ไม่ใช่ผลสรุป
gen-chap-03-real-q047,gen-chap-03-real,mc,3,"$[-\sqrt7,-1]\cup[1,\sqrt7]$",เจอแต่ไม่อยู่ท้าย,31,🟡 อาจเป็นการเอ่ยกลางทาง ⛔ ไม่ใช่ผลสรุป
gen-chap-03-real-q049,gen-chap-03-real,fill,'3',3,เจอแต่ไม่อยู่ท้าย,31,🟡 อาจเป็นการเอ่ยกลางทาง ⛔ ไม่ใช่ผลสรุป
gen-chap-03-real-q050,gen-chap-03-real,fill,'-2',-2,เจอแต่ไม่อยู่ท้าย,30,🟡 อาจเป็นการเอ่ยกลางทาง ⛔ ไม่ใช่ผลสรุป
gen-chap-03-real-q052,gen-chap-03-real,mc,0,"$\{-4,-2,2,4\}$",เจอแต่ไม่อยู่ท้าย,40,🟡 อาจเป็นการเอ่ยกลางทาง ⛔ ไม่ใช่ผลสรุป
gen-chap-03-real-q053,gen-chap-03-real,fill,'4',4,เจอแต่ไม่อยู่ท้าย,36,🟡 อาจเป็นการเอ่ยกลางทาง ⛔ ไม่ใช่ผลสรุป
gen-chap-03-real-q054,gen-chap-03-real,mc,1,"$[-2,0]\cup[2,4]$",เจอแต่ไม่อยู่ท้าย,37,🟡 อาจเป็นการเอ่ยกลางทาง ⛔ ไม่ใช่ผลสรุป
gen-chap-03-real-q055,gen-chap-03-real,mc,2,"$\left[-\tfrac23,\tfrac83\right]$",เจอแต่ไม่อยู่ท้าย,37,🟡 อาจเป็นการเอ่ยกลางทาง ⛔ ไม่ใช่ผลสรุป
gen-chap-03-real-q057,gen-chap-03-real,fill,'3',3,เจอแต่ไม่อยู่ท้าย,35,🟡 อาจเป็นการเอ่ยกลางทาง ⛔ ไม่ใช่ผลสรุป
gen-chap-03-real-q058,gen-chap-03-real,mc,0,"$[-1,4]$",เจอแต่ไม่อยู่ท้าย,38,🟡 อาจเป็นการเอ่ยกลางทาง ⛔ ไม่ใช่ผลสรุป
gen-chap-03-real-q059,gen-chap-03-real,fill,'3',3,เจอแต่ไม่อยู่ท้าย,39,🟡 อาจเป็นการเอ่ยกลางทาง ⛔ ไม่ใช่ผลสรุป
gen-chap-03-real-q061,gen-chap-03-real,mc,2,"$[1,5)$",เจอแต่ไม่อยู่ท้าย,42,🟡 อาจเป็นการเอ่ยกลางทาง ⛔ ไม่ใช่ผลสรุป
gen-chap-03-real-q064,gen-chap-03-real,fill,'8',8,เจอแต่ไม่อยู่ท้าย,38,🟡 อาจเป็นการเอ่ยกลางทาง ⛔ ไม่ใช่ผลสรุป
gen-chap-03-real-q065,gen-chap-03-real,fill,'5',5,เจอแต่ไม่อยู่ท้าย,40,🟡 อาจเป็นการเอ่ยกลางทาง ⛔ ไม่ใช่ผลสรุป
gen-chap-03-real-q066,gen-chap-03-real,mc,0,"$(-\infty,6)$",เจอแต่ไม่อยู่ท้าย,39,🟡 อาจเป็นการเอ่ยกลางทาง ⛔ ไม่ใช่ผลสรุป
gen-chap-03-real-q068,gen-chap-03-real,fill,'3',3,เจอแต่ไม่อยู่ท้าย,37,🟡 อาจเป็นการเอ่ยกลางทาง ⛔ ไม่ใช่ผลสรุป
gen-chap-03-real-q069,gen-chap-03-real,mc,1,"$(-\infty,0)\cup\left(\tfrac12,\infty\right)$",เจอแต่ไม่อยู่ท้าย,38,🟡 อาจเป็นการเอ่ยกลางทาง ⛔ ไม่ใช่ผลสรุป
gen-chap-03-real-q070,gen-chap-03-real,mc,2,"$(-\infty,1)\cup[3,\infty)$",เจอแต่ไม่อยู่ท้าย,39,🟡 อาจเป็นการเอ่ยกลางทาง ⛔ ไม่ใช่ผลสรุป
gen-chap-03-real-q071,gen-chap-03-real,mc,3,"$(-2,1)$",เจอแต่ไม่อยู่ท้าย,38,🟡 อาจเป็นการเอ่ยกลางทาง ⛔ ไม่ใช่ผลสรุป
gen-chap-03-real-q072,gen-chap-03-real,mc,0,"$[-1,1]\cup(2,\infty)$",เจอแต่ไม่อยู่ท้าย,37,🟡 อาจเป็นการเอ่ยกลางทาง ⛔ ไม่ใช่ผลสรุป
gen-chap-03-real-q074,gen-chap-03-real,mc,1,"$(-2,1)\cup(1,2)$",เจอแต่ไม่อยู่ท้าย,35,🟡 อาจเป็นการเอ่ยกลางทาง ⛔ ไม่ใช่ผลสรุป
gen-chap-03-real-q075,gen-chap-03-real,mc,2,$\{4\}$,เจอแต่ไม่อยู่ท้าย,37,🟡 อาจเป็นการเอ่ยกลางทาง ⛔ ไม่ใช่ผลสรุป
gen-chap-03-real-q077,gen-chap-03-real,mc,3,"$\{-3,1\}$",เจอแต่ไม่อยู่ท้าย,37,🟡 อาจเป็นการเอ่ยกลางทาง ⛔ ไม่ใช่ผลสรุป
gen-chap-03-real-q078,gen-chap-03-real,fill,'6',6,เจอแต่ไม่อยู่ท้าย,38,🟡 อาจเป็นการเอ่ยกลางทาง ⛔ ไม่ใช่ผลสรุป
gen-chap-03-real-q079,gen-chap-03-real,mc,0,$\mathbb{R}$ (จำนวนจริงทุกจำนวน),ไม่เจอเลย,39,🔴 คำตอบไม่ปรากฏในเฉลยเลย
gen-chap-03-real-q080,gen-chap-03-real,mc,1,"$\left(\tfrac52,\infty\right)$",เจอแต่ไม่อยู่ท้าย,39,🟡 อาจเป็นการเอ่ยกลางทาง ⛔ ไม่ใช่ผลสรุป
gen-chap-03-real-q081,gen-chap-03-real,fill,'3',3,เจอแต่ไม่อยู่ท้าย,33,🟡 อาจเป็นการเอ่ยกลางทาง ⛔ ไม่ใช่ผลสรุป
gen-chap-03-real-q082,gen-chap-03-real,mc,2,"$[-2,3]$",เจอแต่ไม่อยู่ท้าย,32,🟡 อาจเป็นการเอ่ยกลางทาง ⛔ ไม่ใช่ผลสรุป
gen-chap-03-real-q083,gen-chap-03-real,mc,3,"$(-\infty,-3)$",เจอแต่ไม่อยู่ท้าย,31,🟡 อาจเป็นการเอ่ยกลางทาง ⛔ ไม่ใช่ผลสรุป
gen-chap-03-real-q084,gen-chap-03-real,mc,0,"$(-\infty,-1]\cup\{2\}\cup(4,\infty)$",เจอแต่ไม่อยู่ท้าย,31,🟡 อาจเป็นการเอ่ยกลางทาง ⛔ ไม่ใช่ผลสรุป
gen-chap-03-real-q085,gen-chap-03-real,fill,'6',6,เจอแต่ไม่อยู่ท้าย,32,🟡 อาจเป็นการเอ่ยกลางทาง ⛔ ไม่ใช่ผลสรุป
gen-chap-03-real-q086,gen-chap-03-real,fill,'-3',-3,เจอแต่ไม่อยู่ท้าย,36,🟡 อาจเป็นการเอ่ยกลางทาง ⛔ ไม่ใช่ผลสรุป
gen-chap-03-real-q087,gen-chap-03-real,fill,'4',4,เจอแต่ไม่อยู่ท้าย,35,🟡 อาจเป็นการเอ่ยกลางทาง ⛔ ไม่ใช่ผลสรุป
gen-chap-03-real-q089,gen-chap-03-real,fill,'13/4',13/4,ไม่เจอเลย,43,🔴 คำตอบไม่ปรากฏในเฉลยเลย
gen-chap-03-real-q091,gen-chap-03-real,fill,'36',36,เจอแต่ไม่อยู่ท้าย,30,🟡 อาจเป็นการเอ่ยกลางทาง ⛔ ไม่ใช่ผลสรุป
gen-chap-03-real-q092,gen-chap-03-real,fill,'2',2,เจอแต่ไม่อยู่ท้าย,39,🟡 อาจเป็นการเอ่ยกลางทาง ⛔ ไม่ใช่ผลสรุป
gen-chap-03-real-q093,gen-chap-03-real,fill,'4',4,เจอแต่ไม่อยู่ท้าย,39,🟡 อาจเป็นการเอ่ยกลางทาง ⛔ ไม่ใช่ผลสรุป
gen-chap-03-real-q094,gen-chap-03-real,fill,'-1',-1,เจอแต่ไม่อยู่ท้าย,38,🟡 อาจเป็นการเอ่ยกลางทาง ⛔ ไม่ใช่ผลสรุป
gen-chap-03-real-q095,gen-chap-03-real,fill,'9',9,เจอแต่ไม่อยู่ท้าย,39,🟡 อาจเป็นการเอ่ยกลางทาง ⛔ ไม่ใช่ผลสรุป
gen-chap-03-real-q097,gen-chap-03-real,fill,'3',3,เจอแต่ไม่อยู่ท้าย,34,🟡 อาจเป็นการเอ่ยกลางทาง ⛔ ไม่ใช่ผลสรุป
gen-chap-03-real-q098,gen-chap-03-real,fill,'7',7,เจอแต่ไม่อยู่ท้าย,40,🟡 อาจเป็นการเอ่ยกลางทาง ⛔ ไม่ใช่ผลสรุป
gen-chap-03-real-q099,gen-chap-03-real,fill,'4',4,เจอแต่ไม่อยู่ท้าย,40,🟡 อาจเป็นการเอ่ยกลางทาง ⛔ ไม่ใช่ผลสรุป
gen-chap-03-real-q100,gen-chap-03-real,fill,'2',2,เจอแต่ไม่อยู่ท้าย,40,🟡 อาจเป็นการเอ่ยกลางทาง ⛔ ไม่ใช่ผลสรุป
gen-chap-03-real-q101,gen-chap-03-real,fill,'4',4,เจอแต่ไม่อยู่ท้าย,29,🟡 อาจเป็นการเอ่ยกลางทาง ⛔ ไม่ใช่ผลสรุป
gen-chap-03-real-q102,gen-chap-03-real,fill,'47',47,เจอแต่ไม่อยู่ท้าย,31,🟡 อาจเป็นการเอ่ยกลางทาง ⛔ ไม่ใช่ผลสรุป
gen-chap-03-real-q103,gen-chap-03-real,fill,'6',6,เจอแต่ไม่อยู่ท้าย,31,🟡 อาจเป็นการเอ่ยกลางทาง ⛔ ไม่ใช่ผลสรุป
gen-chap-03-real-q104,gen-chap-03-real,fill,'8',8,เจอแต่ไม่อยู่ท้าย,33,🟡 อาจเป็นการเอ่ยกลางทาง ⛔ ไม่ใช่ผลสรุป
gen-chap-03-real-q105,gen-chap-03-real,fill,'1/3',1/3,ไม่เจอเลย,36,🔴 คำตอบไม่ปรากฏในเฉลยเลย
gen-chap-03-real-q106,gen-chap-03-real,fill,'4',4,เจอแต่ไม่อยู่ท้าย,37,🟡 อาจเป็นการเอ่ยกลางทาง ⛔ ไม่ใช่ผลสรุป
gen-chap-03-real-q114,gen-chap-03-real,mc,0,การดำเนินการนี้ไม่มีเอกลักษณ์สองด้าน,เจอแต่ไม่อยู่ท้าย,30,🟡 อาจเป็นการเอ่ยกลางทาง ⛔ ไม่ใช่ผลสรุป
gen-chap-03-real-q115,gen-chap-03-real,mc,0,$*$ ไม่มีการสลับที่ โดย $(-2)*3\neq 3*(-2)$,เจอแต่ไม่อยู่ท้าย,29,🟡 อาจเป็นการเอ่ยกลางทาง ⛔ ไม่ใช่ผลสรุป
gen-chap-03-real-q117,gen-chap-03-real,mc,0,ผลคูณของจำนวนอตรรกยะสองจำนวน เป็นจำนวนอตรรกยะเสมอ,ไม่เจอเลย,29,🔴 คำตอบไม่ปรากฏในเฉลยเลย
gen-chap-03-real-q118,gen-chap-03-real,mc,0,$2^{\frac{1}{2}}$,เจอแต่ไม่อยู่ท้าย,29,🟡 อาจเป็นการเอ่ยกลางทาง ⛔ ไม่ใช่ผลสรุป
gen-chap-03-real-q119,gen-chap-03-real,mc,0,$\dfrac{1}{|x|}\lt\dfrac{1}{|b|}$,เจอแต่ไม่อยู่ท้าย,28,🟡 อาจเป็นการเอ่ยกลางทาง ⛔ ไม่ใช่ผลสรุป
gen-chap-03-real-q121,gen-chap-03-real,mc,0,ก และ ข ถูก แต่ ค ผิด,เจอแต่ไม่อยู่ท้าย,28,🟡 อาจเป็นการเอ่ยกลางทาง ⛔ ไม่ใช่ผลสรุป
gen-chap-03-real-q122,gen-chap-03-real,mc,1,การดำเนินการนี้ไม่มีเอกลักษณ์ จึงไม่เป็นกรุป,ไม่เจอเลย,29,🔴 คำตอบไม่ปรากฏในเฉลยเลย
gen-chap-03-real-q123,gen-chap-03-real,mc,0,ก ผิด แต่ ข ถูก,เจอแต่ไม่อยู่ท้าย,29,🟡 อาจเป็นการเอ่ยกลางทาง ⛔ ไม่ใช่ผลสรุป
gen-chap-03-real-q124,gen-chap-03-real,mc,2,ค และ ง,เจอแต่ไม่อยู่ท้าย,29,🟡 อาจเป็นการเอ่ยกลางทาง ⛔ ไม่ใช่ผลสรุป
gen-chap-03-real-q127,gen-chap-03-real,mc,1,$\dfrac{3}{2}\lt 1.7\lt\sqrt{3}\lt\sqrt{\dfrac{7}{2}}$,เจอแต่ไม่อยู่ท้าย,30,🟡 อาจเป็นการเอ่ยกลางทาง ⛔ ไม่ใช่ผลสรุป
gen-chap-03-real-q128,gen-chap-03-real,mc,2,$6$ กับ $7$,เจอแต่ไม่อยู่ท้าย,27,🟡 อาจเป็นการเอ่ยกลางทาง ⛔ ไม่ใช่ผลสรุป
gen-chap-03-real-q129,gen-chap-03-real,mc,3,"$(-\infty,-1)\cup(4,\infty)$",เจอแต่ไม่อยู่ท้าย,31,🟡 อาจเป็นการเอ่ยกลางทาง ⛔ ไม่ใช่ผลสรุป
gen-chap-03-real-q130,gen-chap-03-real,mc,0,"$[2,5]$",เจอแต่ไม่อยู่ท้าย,31,🟡 อาจเป็นการเอ่ยกลางทาง ⛔ ไม่ใช่ผลสรุป
gen-chap-03-real-q131,gen-chap-03-real,fill,'5/11',5/11,ไม่เจอเลย,31,🔴 คำตอบไม่ปรากฏในเฉลยเลย
gen-chap-03-real-q132,gen-chap-03-real,fill,'7/15',7/15,ไม่เจอเลย,32,🔴 คำตอบไม่ปรากฏในเฉลยเลย
gen-chap-03-real-q133,gen-chap-03-real,fill,'4',4,เจอแต่ไม่อยู่ท้าย,34,🟡 อาจเป็นการเอ่ยกลางทาง ⛔ ไม่ใช่ผลสรุป
gen-chap-03-real-q134,gen-chap-03-real,fill,'14',14,เจอแต่ไม่อยู่ท้าย,30,🟡 อาจเป็นการเอ่ยกลางทาง ⛔ ไม่ใช่ผลสรุป
gen-chap-03-real-q135,gen-chap-03-real,fill,'9',9,เจอแต่ไม่อยู่ท้าย,30,🟡 อาจเป็นการเอ่ยกลางทาง ⛔ ไม่ใช่ผลสรุป
gen-chap-03-real-q136,gen-chap-03-real,fill,'5',5,เจอแต่ไม่อยู่ท้าย,29,🟡 อาจเป็นการเอ่ยกลางทาง ⛔ ไม่ใช่ผลสรุป
gen-chap-03-real-q137,gen-chap-03-real,mc,1,"$[1,5]$",เจอแต่ไม่อยู่ท้าย,29,🟡 อาจเป็นการเอ่ยกลางทาง ⛔ ไม่ใช่ผลสรุป
gen-chap-03-real-q139,gen-chap-03-real,mc,2,"$(-2,1)\cup(1,4)$",เจอแต่ไม่อยู่ท้าย,32,🟡 อาจเป็นการเอ่ยกลางทาง ⛔ ไม่ใช่ผลสรุป
gen-chap-03-real-q140,gen-chap-03-real,mc,3,"$(2,3]$",เจอแต่ไม่อยู่ท้าย,33,🟡 อาจเป็นการเอ่ยกลางทาง ⛔ ไม่ใช่ผลสรุป
gen-chap-03-real-q141,gen-chap-03-real,mc,0,"$(-\infty,-2]$",เจอแต่ไม่อยู่ท้าย,33,🟡 อาจเป็นการเอ่ยกลางทาง ⛔ ไม่ใช่ผลสรุป
gen-chap-03-real-q142,gen-chap-03-real,mc,1,"$[-2,0]\cup[2,\infty)$",เจอแต่ไม่อยู่ท้าย,31,🟡 อาจเป็นการเอ่ยกลางทาง ⛔ ไม่ใช่ผลสรุป
gen-chap-03-real-q143,gen-chap-03-real,fill,'5',5,เจอแต่ไม่อยู่ท้าย,31,🟡 อาจเป็นการเอ่ยกลางทาง ⛔ ไม่ใช่ผลสรุป
gen-chap-03-real-q144,gen-chap-03-real,mc,2,"$(-\infty,0)\cup[1,2)$",เจอแต่ไม่อยู่ท้าย,36,🟡 อาจเป็นการเอ่ยกลางทาง ⛔ ไม่ใช่ผลสรุป
gen-chap-03-real-q145,gen-chap-03-real,mc,3,"$(-2,1)\cup(7,\infty)$",เจอแต่ไม่อยู่ท้าย,39,🟡 อาจเป็นการเอ่ยกลางทาง ⛔ ไม่ใช่ผลสรุป
gen-chap-03-real-q146,gen-chap-03-real,mc,0,"$(-\infty,-1)\cup\left[-\tfrac17,1\right)$",เจอแต่ไม่อยู่ท้าย,39,🟡 อาจเป็นการเอ่ยกลางทาง ⛔ ไม่ใช่ผลสรุป
gen-chap-03-real-q147,gen-chap-03-real,mc,1,"$\{-7,\,2\}$",เจอแต่ไม่อยู่ท้าย,31,🟡 อาจเป็นการเอ่ยกลางทาง ⛔ ไม่ใช่ผลสรุป
gen-chap-03-real-q149,gen-chap-03-real,fill,'1',1,เจอแต่ไม่อยู่ท้าย,30,🟡 อาจเป็นการเอ่ยกลางทาง ⛔ ไม่ใช่ผลสรุป
gen-chap-03-real-q150,gen-chap-03-real,fill,'8',8,เจอแต่ไม่อยู่ท้าย,28,🟡 อาจเป็นการเอ่ยกลางทาง ⛔ ไม่ใช่ผลสรุป
gen-chap-03-real-q152,gen-chap-03-real,mc,3,"$\{-1,\,5\}$",เจอแต่ไม่อยู่ท้าย,29,🟡 อาจเป็นการเอ่ยกลางทาง ⛔ ไม่ใช่ผลสรุป
gen-chap-03-real-q155,gen-chap-03-real,mc,0,"$(-\infty,-2)\cup(1,\infty)$",เจอแต่ไม่อยู่ท้าย,33,🟡 อาจเป็นการเอ่ยกลางทาง ⛔ ไม่ใช่ผลสรุป
gen-chap-03-real-q156,gen-chap-03-real,mc,1,"$\left(-\dfrac{1}{2},0\right)$",เจอแต่ไม่อยู่ท้าย,34,🟡 อาจเป็นการเอ่ยกลางทาง ⛔ ไม่ใช่ผลสรุป
gen-chap-03-real-q157,gen-chap-03-real,mc,2,"$(-2,-1)\cup(1,3)$",เจอแต่ไม่อยู่ท้าย,32,🟡 อาจเป็นการเอ่ยกลางทาง ⛔ ไม่ใช่ผลสรุป
gen-chap-03-real-q158,gen-chap-03-real,mc,3,"$(-\infty,-2)\cup(3,\infty)$",เจอแต่ไม่อยู่ท้าย,32,🟡 อาจเป็นการเอ่ยกลางทาง ⛔ ไม่ใช่ผลสรุป
gen-chap-03-real-q159,gen-chap-03-real,mc,0,$\{5\}$,เจอแต่ไม่อยู่ท้าย,28,🟡 อาจเป็นการเอ่ยกลางทาง ⛔ ไม่ใช่ผลสรุป
gen-chap-03-real-q160,gen-chap-03-real,fill,'4',4,เจอแต่ไม่อยู่ท้าย,33,🟡 อาจเป็นการเอ่ยกลางทาง ⛔ ไม่ใช่ผลสรุป
gen-chap-03-real-q161,gen-chap-03-real,mc,1,"$[-6,-4]\cup[0,2]$",เจอแต่ไม่อยู่ท้าย,35,🟡 อาจเป็นการเอ่ยกลางทาง ⛔ ไม่ใช่ผลสรุป
gen-chap-03-real-q162,gen-chap-03-real,fill,'6',6,เจอแต่ไม่อยู่ท้าย,33,🟡 อาจเป็นการเอ่ยกลางทาง ⛔ ไม่ใช่ผลสรุป
gen-chap-03-real-q163,gen-chap-03-real,mc,2,"$\{-2,\,0,\,3\}$",เจอแต่ไม่อยู่ท้าย,33,🟡 อาจเป็นการเอ่ยกลางทาง ⛔ ไม่ใช่ผลสรุป
gen-chap-03-real-q164,gen-chap-03-real,fill,'4',4,เจอแต่ไม่อยู่ท้าย,28,🟡 อาจเป็นการเอ่ยกลางทาง ⛔ ไม่ใช่ผลสรุป
gen-chap-03-real-q165,gen-chap-03-real,fill,'12',12,เจอแต่ไม่อยู่ท้าย,33,🟡 อาจเป็นการเอ่ยกลางทาง ⛔ ไม่ใช่ผลสรุป
gen-chap-03-real-q167,gen-chap-03-real,fill,'75',75,เจอแต่ไม่อยู่ท้าย,32,🟡 อาจเป็นการเอ่ยกลางทาง ⛔ ไม่ใช่ผลสรุป
gen-chap-03-real-q168,gen-chap-03-real,fill,'7',7,เจอแต่ไม่อยู่ท้าย,27,🟡 อาจเป็นการเอ่ยกลางทาง ⛔ ไม่ใช่ผลสรุป
gen-chap-03-real-q169,gen-chap-03-real,mc,3,ไม่มีคำตอบ ($0$ คำตอบ),เจอแต่ไม่อยู่ท้าย,27,🟡 อาจเป็นการเอ่ยกลางทาง ⛔ ไม่ใช่ผลสรุป
gen-chap-03-real-q170,gen-chap-03-real,mc,0,$|b|\lt|c|\lt|a|$,เจอแต่ไม่อยู่ท้าย,27,🟡 อาจเป็นการเอ่ยกลางทาง ⛔ ไม่ใช่ผลสรุป
gen-chap-03-real-q171,gen-chap-03-real,mc,1,"$(1,3]$",เจอแต่ไม่อยู่ท้าย,29,🟡 อาจเป็นการเอ่ยกลางทาง ⛔ ไม่ใช่ผลสรุป
gen-chap-03-real-q172,gen-chap-03-real,fill,'184',184,เจอแต่ไม่อยู่ท้าย,31,🟡 อาจเป็นการเอ่ยกลางทาง ⛔ ไม่ใช่ผลสรุป
gen-chap-03-real-q173,gen-chap-03-real,fill,'3',3,เจอแต่ไม่อยู่ท้าย,30,🟡 อาจเป็นการเอ่ยกลางทาง ⛔ ไม่ใช่ผลสรุป
gen-chap-03-real-q176,gen-chap-03-real,fill,'11',11,เจอแต่ไม่อยู่ท้าย,30,🟡 อาจเป็นการเอ่ยกลางทาง ⛔ ไม่ใช่ผลสรุป
gen-chap-03-real-q178,gen-chap-03-real,mc,2,$\{5\}$,เจอแต่ไม่อยู่ท้าย,36,🟡 อาจเป็นการเอ่ยกลางทาง ⛔ ไม่ใช่ผลสรุป
gen-chap-03-real-q179,gen-chap-03-real,mc,3,"$(4,\infty)$",เจอแต่ไม่อยู่ท้าย,37,🟡 อาจเป็นการเอ่ยกลางทาง ⛔ ไม่ใช่ผลสรุป
gen-chap-03-real-q180,gen-chap-03-real,fill,'0',0,เจอแต่ไม่อยู่ท้าย,36,🟡 อาจเป็นการเอ่ยกลางทาง ⛔ ไม่ใช่ผลสรุป
gen-chap-03-real-q182,gen-chap-03-real,fill,'14',14,เจอแต่ไม่อยู่ท้าย,27,🟡 อาจเป็นการเอ่ยกลางทาง ⛔ ไม่ใช่ผลสรุป
gen-chap-03-real-q183,gen-chap-03-real,mc,0,$3x-3$,เจอแต่ไม่อยู่ท้าย,28,🟡 อาจเป็นการเอ่ยกลางทาง ⛔ ไม่ใช่ผลสรุป
gen-chap-03-real-q184,gen-chap-03-real,mc,1,"$[1,5]$",เจอแต่ไม่อยู่ท้าย,41,🟡 อาจเป็นการเอ่ยกลางทาง ⛔ ไม่ใช่ผลสรุป
gen-chap-03-real-q185,gen-chap-03-real,mc,2,$\sqrt{x-4}+2$,เจอแต่ไม่อยู่ท้าย,36,🟡 อาจเป็นการเอ่ยกลางทาง ⛔ ไม่ใช่ผลสรุป
gen-chap-03-real-q186,gen-chap-03-real,fill,'6',6,เจอแต่ไม่อยู่ท้าย,36,🟡 อาจเป็นการเอ่ยกลางทาง ⛔ ไม่ใช่ผลสรุป
gen-chap-03-real-q187,gen-chap-03-real,fill,'10',10,เจอแต่ไม่อยู่ท้าย,28,🟡 อาจเป็นการเอ่ยกลางทาง ⛔ ไม่ใช่ผลสรุป
gen-chap-03-real-q188,gen-chap-03-real,fill,'4',4,เจอแต่ไม่อยู่ท้าย,32,🟡 อาจเป็นการเอ่ยกลางทาง ⛔ ไม่ใช่ผลสรุป
gen-chap-03-real-q189,gen-chap-03-real,fill,'21',21,เจอแต่ไม่อยู่ท้าย,27,🟡 อาจเป็นการเอ่ยกลางทาง ⛔ ไม่ใช่ผลสรุป
gen-chap-03-real-q193,gen-chap-03-real,fill,'9',9,เจอแต่ไม่อยู่ท้าย,41,🟡 อาจเป็นการเอ่ยกลางทาง ⛔ ไม่ใช่ผลสรุป
gen-chap-03-real-q194,gen-chap-03-real,mc,3,$2\sqrt5$,เจอแต่ไม่อยู่ท้าย,27,🟡 อาจเป็นการเอ่ยกลางทาง ⛔ ไม่ใช่ผลสรุป
gen-chap-03-real-q196,gen-chap-03-real,fill,'4',4,เจอแต่ไม่อยู่ท้าย,37,🟡 อาจเป็นการเอ่ยกลางทาง ⛔ ไม่ใช่ผลสรุป
gen-chap-03-real-q197,gen-chap-03-real,fill,'8',8,เจอแต่ไม่อยู่ท้าย,37,🟡 อาจเป็นการเอ่ยกลางทาง ⛔ ไม่ใช่ผลสรุป
gen-chap-03-real-q198,gen-chap-03-real,fill,'4',4,เจอแต่ไม่อยู่ท้าย,35,🟡 อาจเป็นการเอ่ยกลางทาง ⛔ ไม่ใช่ผลสรุป
gen-chap-03-real-q200,gen-chap-03-real,mc,1,"$[-5,4]$",เจอแต่ไม่อยู่ท้าย,39,🟡 อาจเป็นการเอ่ยกลางทาง ⛔ ไม่ใช่ผลสรุป
gen-chap-03-real-q201,gen-chap-03-real,fill,'724',724,เจอแต่ไม่อยู่ท้าย,34,🟡 อาจเป็นการเอ่ยกลางทาง ⛔ ไม่ใช่ผลสรุป
gen-chap-03-real-q202,gen-chap-03-real,fill,'3',3,เจอแต่ไม่อยู่ท้าย,40,🟡 อาจเป็นการเอ่ยกลางทาง ⛔ ไม่ใช่ผลสรุป
gen-chap-03-real-q203,gen-chap-03-real,fill,'5',5,เจอแต่ไม่อยู่ท้าย,32,🟡 อาจเป็นการเอ่ยกลางทาง ⛔ ไม่ใช่ผลสรุป
gen-chap-03-real-q204,gen-chap-03-real,fill,'-8/5',-8/5,ไม่เจอเลย,38,🔴 คำตอบไม่ปรากฏในเฉลยเลย
gen-chap-03-real-q205,gen-chap-03-real,fill,'0',0,เจอแต่ไม่อยู่ท้าย,37,🟡 อาจเป็นการเอ่ยกลางทาง ⛔ ไม่ใช่ผลสรุป
gen-chap-03-real-q206,gen-chap-03-real,fill,'140',140,เจอแต่ไม่อยู่ท้าย,37,🟡 อาจเป็นการเอ่ยกลางทาง ⛔ ไม่ใช่ผลสรุป
gen-chap-03-real-q209,gen-chap-03-real,mc,0,$-\dfrac{4}{3}$,เจอแต่ไม่อยู่ท้าย,32,🟡 อาจเป็นการเอ่ยกลางทาง ⛔ ไม่ใช่ผลสรุป
gen-chap-03-real-q210,gen-chap-03-real,mc,1,ผลคูณของจำนวนอตรรกยะสองจำนวน เป็นจำนวนอตรรกยะเสมอ,เจอแต่ไม่อยู่ท้าย,32,🟡 อาจเป็นการเอ่ยกลางทาง ⛔ ไม่ใช่ผลสรุป
gen-chap-03-real-q212,gen-chap-03-real,mc,3,เฉพาะ ค ถูก,เจอแต่ไม่อยู่ท้าย,29,🟡 อาจเป็นการเอ่ยกลางทาง ⛔ ไม่ใช่ผลสรุป
gen-chap-03-real-q213,gen-chap-03-real,mc,1,$*$ มีสมบัติสลับที่ (commutative),ไม่เจอเลย,32,🔴 คำตอบไม่ปรากฏในเฉลยเลย
gen-chap-03-real-q214,gen-chap-03-real,mc,2,ก และ ข ถูก แต่ ค ผิด,เจอแต่ไม่อยู่ท้าย,29,🟡 อาจเป็นการเอ่ยกลางทาง ⛔ ไม่ใช่ผลสรุป
gen-chap-03-real-q216,gen-chap-03-real,mc,1,$*$ ไม่ปิด (not closed) บน $\mathbb{Z}$,ไม่เจอเลย,28,🔴 คำตอบไม่ปรากฏในเฉลยเลย
gen-chap-03-real-q217,gen-chap-03-real,mc,2,เฉพาะ ข ถูก,เจอแต่ไม่อยู่ท้าย,29,🟡 อาจเป็นการเอ่ยกลางทาง ⛔ ไม่ใช่ผลสรุป
gen-chap-03-real-q218,gen-chap-03-real,mc,0,ถูกทั้ง ก และ ข,เจอแต่ไม่อยู่ท้าย,28,🟡 อาจเป็นการเอ่ยกลางทาง ⛔ ไม่ใช่ผลสรุป
gen-chap-03-real-q219,gen-chap-03-real,mc,3,"$\langle\mathbb{Z},*\rangle$ เป็นกรุป ที่มีเอกลักษณ์ $1$",เจอแต่ไม่อยู่ท้าย,35,🟡 อาจเป็นการเอ่ยกลางทาง ⛔ ไม่ใช่ผลสรุป
gen-chap-03-real-q220,gen-chap-03-real,mc,1,ก และ ค,เจอแต่ไม่อยู่ท้าย,35,🟡 อาจเป็นการเอ่ยกลางทาง ⛔ ไม่ใช่ผลสรุป
gen-chap-03-real-q221,gen-chap-03-real,mc,2,ก และ ค,เจอแต่ไม่อยู่ท้าย,32,🟡 อาจเป็นการเอ่ยกลางทาง ⛔ ไม่ใช่ผลสรุป
gen-chap-03-real-q222,gen-chap-03-real,mc,0,"$\langle\mathbb{Z},*\rangle$ ไม่เป็นกรุป เพราะ $1$ ไม่มีอินเวอร์สใน $\mathbb{Z}$",เจอแต่ไม่อยู่ท้าย,35,🟡 อาจเป็นการเอ่ยกลางทาง ⛔ ไม่ใช่ผลสรุป
gen-chap-03-real-q224,gen-chap-03-real,mc,1,$0$ เป็นเอกลักษณ์ขวา (right identity) แต่ $*$ ไม่มีเอกลักษณ์ซ้าย,ไม่เจอเลย,31,🔴 คำตอบไม่ปรากฏในเฉลยเลย
gen-chap-03-real-q225,gen-chap-03-real,mc,2,ถูกทั้ง ก และ ข,เจอแต่ไม่อยู่ท้าย,27,🟡 อาจเป็นการเอ่ยกลางทาง ⛔ ไม่ใช่ผลสรุป
gen-chap-03-real-q226,gen-chap-03-real,mc,3,ก และ ข ถูก แต่ ค ผิด,เจอแต่ไม่อยู่ท้าย,29,🟡 อาจเป็นการเอ่ยกลางทาง ⛔ ไม่ใช่ผลสรุป
gen-chap-03-real-q228,gen-chap-03-real,fill,'6',6,เจอแต่ไม่อยู่ท้าย,26,🟡 อาจเป็นการเอ่ยกลางทาง ⛔ ไม่ใช่ผลสรุป
gen-chap-03-real-q229,gen-chap-03-real,mc,0,"$[1,7]$",เจอแต่ไม่อยู่ท้าย,29,🟡 อาจเป็นการเอ่ยกลางทาง ⛔ ไม่ใช่ผลสรุป
gen-chap-03-real-q230,gen-chap-03-real,mc,1,"$[-3,\infty)$",เจอแต่ไม่อยู่ท้าย,29,🟡 อาจเป็นการเอ่ยกลางทาง ⛔ ไม่ใช่ผลสรุป
gen-chap-03-real-q231,gen-chap-03-real,mc,2,"$[-1,2]\cup[4,\infty)$",เจอแต่ไม่อยู่ท้าย,31,🟡 อาจเป็นการเอ่ยกลางทาง ⛔ ไม่ใช่ผลสรุป
gen-chap-03-real-q232,gen-chap-03-real,mc,3,"$(-\infty,-4]\cup[0,3]$",เจอแต่ไม่อยู่ท้าย,31,🟡 อาจเป็นการเอ่ยกลางทาง ⛔ ไม่ใช่ผลสรุป
gen-chap-03-real-q234,gen-chap-03-real,fill,'5',5,เจอแต่ไม่อยู่ท้าย,31,🟡 อาจเป็นการเอ่ยกลางทาง ⛔ ไม่ใช่ผลสรุป
gen-chap-03-real-q235,gen-chap-03-real,fill,'13/4',13/4,ไม่เจอเลย,27,🔴 คำตอบไม่ปรากฏในเฉลยเลย
gen-chap-03-real-q236,gen-chap-03-real,fill,'10',10,เจอแต่ไม่อยู่ท้าย,31,🟡 อาจเป็นการเอ่ยกลางทาง ⛔ ไม่ใช่ผลสรุป
gen-chap-03-real-q237,gen-chap-03-real,mc,0,"$(-\infty,-3]\cup\left[\dfrac{1}{2},2\right]$",เจอแต่ไม่อยู่ท้าย,32,🟡 อาจเป็นการเอ่ยกลางทาง ⛔ ไม่ใช่ผลสรุป
gen-chap-03-real-q238,gen-chap-03-real,fill,'-1',-1,เจอแต่ไม่อยู่ท้าย,31,🟡 อาจเป็นการเอ่ยกลางทาง ⛔ ไม่ใช่ผลสรุป
gen-chap-03-real-q239,gen-chap-03-real,mc,1,"$(-4,1)\cup(1,\infty)$",เจอแต่ไม่อยู่ท้าย,31,🟡 อาจเป็นการเอ่ยกลางทาง ⛔ ไม่ใช่ผลสรุป
gen-chap-03-real-q240,gen-chap-03-real,fill,'5',5,เจอแต่ไม่อยู่ท้าย,32,🟡 อาจเป็นการเอ่ยกลางทาง ⛔ ไม่ใช่ผลสรุป
gen-chap-03-real-q241,gen-chap-03-real,mc,2,"$(-\infty,4)$",เจอแต่ไม่อยู่ท้าย,34,🟡 อาจเป็นการเอ่ยกลางทาง ⛔ ไม่ใช่ผลสรุป
gen-chap-03-real-q242,gen-chap-03-real,mc,3,$\sqrt{a}+\sqrt{b}\gt\sqrt{a+b}$,เจอแต่ไม่อยู่ท้าย,27,🟡 อาจเป็นการเอ่ยกลางทาง ⛔ ไม่ใช่ผลสรุป
gen-chap-03-real-q243,gen-chap-03-real,mc,0,"$\left(1,\dfrac{7}{3}\right]$",เจอแต่ไม่อยู่ท้าย,42,🟡 อาจเป็นการเอ่ยกลางทาง ⛔ ไม่ใช่ผลสรุป
gen-chap-03-real-q244,gen-chap-03-real,mc,1,"$(-2,3)$",เจอแต่ไม่อยู่ท้าย,40,🟡 อาจเป็นการเอ่ยกลางทาง ⛔ ไม่ใช่ผลสรุป
gen-chap-03-real-q245,gen-chap-03-real,mc,2,"$(-\infty,-1)\cup\{2\}$",เจอแต่ไม่อยู่ท้าย,37,🟡 อาจเป็นการเอ่ยกลางทาง ⛔ ไม่ใช่ผลสรุป
gen-chap-03-real-q246,gen-chap-03-real,mc,3,"$[-3,3)$",เจอแต่ไม่อยู่ท้าย,42,🟡 อาจเป็นการเอ่ยกลางทาง ⛔ ไม่ใช่ผลสรุป
gen-chap-03-real-q247,gen-chap-03-real,mc,0,$a^2\lt a\lt\sqrt{a}$,เจอแต่ไม่อยู่ท้าย,27,🟡 อาจเป็นการเอ่ยกลางทาง ⛔ ไม่ใช่ผลสรุป
gen-chap-03-real-q248,gen-chap-03-real,fill,'50',50,เจอแต่ไม่อยู่ท้าย,24,🟡 อาจเป็นการเอ่ยกลางทาง ⛔ ไม่ใช่ผลสรุป
gen-chap-03-real-q249,gen-chap-03-real,mc,1,$x=2$,เจอแต่ไม่อยู่ท้าย,31,🟡 อาจเป็นการเอ่ยกลางทาง ⛔ ไม่ใช่ผลสรุป
gen-chap-03-real-q251,gen-chap-03-real,fill,'5',5,เจอแต่ไม่อยู่ท้าย,30,🟡 อาจเป็นการเอ่ยกลางทาง ⛔ ไม่ใช่ผลสรุป
gen-chap-03-real-q253,gen-chap-03-real,fill,'8',8,เจอแต่ไม่อยู่ท้าย,27,🟡 อาจเป็นการเอ่ยกลางทาง ⛔ ไม่ใช่ผลสรุป
gen-chap-03-real-q254,gen-chap-03-real,mc,2,"$(-\infty,-3]\cup(1,3]$",เจอแต่ไม่อยู่ท้าย,30,🟡 อาจเป็นการเอ่ยกลางทาง ⛔ ไม่ใช่ผลสรุป
gen-chap-03-real-q256,gen-chap-03-real,mc,3,"$(-1,4)$",เจอแต่ไม่อยู่ท้าย,36,🟡 อาจเป็นการเอ่ยกลางทาง ⛔ ไม่ใช่ผลสรุป
gen-chap-03-real-q257,gen-chap-03-real,fill,'6',6,เจอแต่ไม่อยู่ท้าย,31,🟡 อาจเป็นการเอ่ยกลางทาง ⛔ ไม่ใช่ผลสรุป
gen-chap-03-real-q258,gen-chap-03-real,fill,'14',14,เจอแต่ไม่อยู่ท้าย,31,🟡 อาจเป็นการเอ่ยกลางทาง ⛔ ไม่ใช่ผลสรุป
gen-chap-03-real-q260,gen-chap-03-real,mc,1,"$(-\infty,-7]\cup[-3,1]\cup[5,\infty)$",เจอแต่ไม่อยู่ท้าย,43,🟡 อาจเป็นการเอ่ยกลางทาง ⛔ ไม่ใช่ผลสรุป
gen-chap-03-real-q262,gen-chap-03-real,mc,2,"$\left[\dfrac{5}{2},\infty\right)$",เจอแต่ไม่อยู่ท้าย,40,🟡 อาจเป็นการเอ่ยกลางทาง ⛔ ไม่ใช่ผลสรุป
gen-chap-03-real-q263,gen-chap-03-real,mc,3,"$(-\infty,-1)\cup[1,3]$",เจอแต่ไม่อยู่ท้าย,40,🟡 อาจเป็นการเอ่ยกลางทาง ⛔ ไม่ใช่ผลสรุป
gen-chap-03-real-q264,gen-chap-03-real,fill,'4',4,เจอแต่ไม่อยู่ท้าย,30,🟡 อาจเป็นการเอ่ยกลางทาง ⛔ ไม่ใช่ผลสรุป
gen-chap-03-real-q265,gen-chap-03-real,fill,'23',23,เจอแต่ไม่อยู่ท้าย,39,🟡 อาจเป็นการเอ่ยกลางทาง ⛔ ไม่ใช่ผลสรุป
gen-chap-03-real-q266,gen-chap-03-real,fill,'7',7,เจอแต่ไม่อยู่ท้าย,42,🟡 อาจเป็นการเอ่ยกลางทาง ⛔ ไม่ใช่ผลสรุป
gen-chap-03-real-q267,gen-chap-03-real,fill,'21/8',21/8,ไม่เจอเลย,24,🔴 คำตอบไม่ปรากฏในเฉลยเลย
gen-chap-03-real-q268,gen-chap-03-real,fill,'7/3',7/3,ไม่เจอเลย,30,🔴 คำตอบไม่ปรากฏในเฉลยเลย
gen-chap-03-real-q269,gen-chap-03-real,fill,'6',6,เจอแต่ไม่อยู่ท้าย,27,🟡 อาจเป็นการเอ่ยกลางทาง ⛔ ไม่ใช่ผลสรุป
gen-chap-03-real-q271,gen-chap-03-real,fill,'3',3,เจอแต่ไม่อยู่ท้าย,31,🟡 อาจเป็นการเอ่ยกลางทาง ⛔ ไม่ใช่ผลสรุป
gen-chap-03-real-q272,gen-chap-03-real,fill,'4',4,เจอแต่ไม่อยู่ท้าย,30,🟡 อาจเป็นการเอ่ยกลางทาง ⛔ ไม่ใช่ผลสรุป
gen-chap-03-real-q273,gen-chap-03-real,fill,'2',2,เจอแต่ไม่อยู่ท้าย,30,🟡 อาจเป็นการเอ่ยกลางทาง ⛔ ไม่ใช่ผลสรุป
gen-chap-03-real-q274,gen-chap-03-real,mc,1,"$\{2\}\cup(5,\infty)$",เจอแต่ไม่อยู่ท้าย,32,🟡 อาจเป็นการเอ่ยกลางทาง ⛔ ไม่ใช่ผลสรุป
gen-chap-03-real-q275,gen-chap-03-real,fill,'1',1,เจอแต่ไม่อยู่ท้าย,30,🟡 อาจเป็นการเอ่ยกลางทาง ⛔ ไม่ใช่ผลสรุป
gen-chap-03-real-q276,gen-chap-03-real,mc,2,"$(-\infty,-2]\cup(1,\infty)$",เจอแต่ไม่อยู่ท้าย,33,🟡 อาจเป็นการเอ่ยกลางทาง ⛔ ไม่ใช่ผลสรุป
gen-chap-03-real-q277,gen-chap-03-real,mc,3,$6^{1/6}\lt 2^{1/2}\lt 3^{1/3}$,เจอแต่ไม่อยู่ท้าย,28,🟡 อาจเป็นการเอ่ยกลางทาง ⛔ ไม่ใช่ผลสรุป
gen-chap-03-real-q278,gen-chap-03-real,fill,'5',5,เจอแต่ไม่อยู่ท้าย,38,🟡 อาจเป็นการเอ่ยกลางทาง ⛔ ไม่ใช่ผลสรุป
gen-chap-03-real-q281,gen-chap-03-real,mc,1,"$\left[-\dfrac{3}{2},\,3\right]$",เจอแต่ไม่อยู่ท้าย,42,🟡 อาจเป็นการเอ่ยกลางทาง ⛔ ไม่ใช่ผลสรุป
gen-chap-03-real-q282,gen-chap-03-real,fill,'1',1,เจอแต่ไม่อยู่ท้าย,34,🟡 อาจเป็นการเอ่ยกลางทาง ⛔ ไม่ใช่ผลสรุป
gen-chap-03-real-q284,gen-chap-03-real,fill,'11/6',11/6,ไม่เจอเลย,28,🔴 คำตอบไม่ปรากฏในเฉลยเลย
gen-chap-03-real-q286,gen-chap-03-real,fill,'5',5,เจอแต่ไม่อยู่ท้าย,34,🟡 อาจเป็นการเอ่ยกลางทาง ⛔ ไม่ใช่ผลสรุป
gen-chap-03-real-q287,gen-chap-03-real,mc,2,$\sqrt{20}$,เจอแต่ไม่อยู่ท้าย,30,🟡 อาจเป็นการเอ่ยกลางทาง ⛔ ไม่ใช่ผลสรุป
gen-chap-03-real-q288,gen-chap-03-real,mc,3,"$(-\infty,-2]\cup[4,\infty)$",เจอแต่ไม่อยู่ท้าย,30,🟡 อาจเป็นการเอ่ยกลางทาง ⛔ ไม่ใช่ผลสรุป
gen-chap-03-real-q289,gen-chap-03-real,fill,'4',4,เจอแต่ไม่อยู่ท้าย,30,🟡 อาจเป็นการเอ่ยกลางทาง ⛔ ไม่ใช่ผลสรุป
gen-chap-03-real-q290,gen-chap-03-real,mc,1,"$[-\sqrt{7},\sqrt{7}]$",เจอแต่ไม่อยู่ท้าย,31,🟡 อาจเป็นการเอ่ยกลางทาง ⛔ ไม่ใช่ผลสรุป
gen-chap-03-real-q291,gen-chap-03-real,fill,'2',2,เจอแต่ไม่อยู่ท้าย,34,🟡 อาจเป็นการเอ่ยกลางทาง ⛔ ไม่ใช่ผลสรุป
gen-chap-03-real-q292,gen-chap-03-real,fill,'4',4,เจอแต่ไม่อยู่ท้าย,34,🟡 อาจเป็นการเอ่ยกลางทาง ⛔ ไม่ใช่ผลสรุป
gen-chap-03-real-q293,gen-chap-03-real,mc,2,"$(-2,-1]\cup[3,\infty)$",เจอแต่ไม่อยู่ท้าย,37,🟡 อาจเป็นการเอ่ยกลางทาง ⛔ ไม่ใช่ผลสรุป
gen-chap-03-real-q294,gen-chap-03-real,mc,3,$a^3\lt b^3$,เจอแต่ไม่อยู่ท้าย,35,🟡 อาจเป็นการเอ่ยกลางทาง ⛔ ไม่ใช่ผลสรุป
gen-chap-03-real-q295,gen-chap-03-real,mc,1,$\tfrac52$,เจอแต่ไม่อยู่ท้าย,32,🟡 อาจเป็นการเอ่ยกลางทาง ⛔ ไม่ใช่ผลสรุป
gen-chap-03-real-q296,gen-chap-03-real,fill,'-5/6',-5/6,ไม่เจอเลย,27,🔴 คำตอบไม่ปรากฏในเฉลยเลย
gen-chap-03-real-q297,gen-chap-03-real,fill,'3',3,เจอแต่ไม่อยู่ท้าย,36,🟡 อาจเป็นการเอ่ยกลางทาง ⛔ ไม่ใช่ผลสรุป
gen-chap-03-real-q298,gen-chap-03-real,fill,'5',5,เจอแต่ไม่อยู่ท้าย,33,🟡 อาจเป็นการเอ่ยกลางทาง ⛔ ไม่ใช่ผลสรุป
gen-chap-03-real-q299,gen-chap-03-real,fill,'3',3,เจอแต่ไม่อยู่ท้าย,33,🟡 อาจเป็นการเอ่ยกลางทาง ⛔ ไม่ใช่ผลสรุป
gen-chap-03-real-q300,gen-chap-03-real,fill,'198',198,เจอแต่ไม่อยู่ท้าย,32,🟡 อาจเป็นการเอ่ยกลางทาง ⛔ ไม่ใช่ผลสรุป
gen-chap-03-real-q301,gen-chap-03-real,fill,'3/2',3/2,ไม่เจอเลย,34,🔴 คำตอบไม่ปรากฏในเฉลยเลย
gen-chap-03-real-q302,gen-chap-03-real,fill,'2',2,เจอแต่ไม่อยู่ท้าย,33,🟡 อาจเป็นการเอ่ยกลางทาง ⛔ ไม่ใช่ผลสรุป
gen-chap-03-real-q303,gen-chap-03-real,fill,'-6',-6,เจอแต่ไม่อยู่ท้าย,34,🟡 อาจเป็นการเอ่ยกลางทาง ⛔ ไม่ใช่ผลสรุป
gen-chap-03-real-q304,gen-chap-03-real,fill,'6',6,เจอแต่ไม่อยู่ท้าย,33,🟡 อาจเป็นการเอ่ยกลางทาง ⛔ ไม่ใช่ผลสรุป
gen-chap-03-real-q305,gen-chap-03-real,fill,'-4',-4,เจอแต่ไม่อยู่ท้าย,33,🟡 อาจเป็นการเอ่ยกลางทาง ⛔ ไม่ใช่ผลสรุป
gen-chap-03-real-q306,gen-chap-03-real,fill,'7/2',7/2,ไม่เจอเลย,28,🔴 คำตอบไม่ปรากฏในเฉลยเลย
gen-chap-03-real-q307,gen-chap-03-real,mc,1,$14$,เจอแต่ไม่อยู่ท้าย,28,🟡 อาจเป็นการเอ่ยกลางทาง ⛔ ไม่ใช่ผลสรุป
gen-chap-03-real-q309,gen-chap-03-real,mc,1,มีจำนวนตรรกยะ $a$ ที่ทำให้ $a^2=3$,ไม่เจอเลย,29,🔴 คำตอบไม่ปรากฏในเฉลยเลย
gen-chap-03-real-q310,gen-chap-03-real,mc,0,$\sqrt{a}\lt\sqrt{b}$,เจอแต่ไม่อยู่ท้าย,29,🟡 อาจเป็นการเอ่ยกลางทาง ⛔ ไม่ใช่ผลสรุป
gen-chap-03-real-q312,gen-chap-03-real,mc,0,$O$ ปิดภายใต้การคูณ,เจอแต่ไม่อยู่ท้าย,29,🟡 อาจเป็นการเอ่ยกลางทาง ⛔ ไม่ใช่ผลสรุป
gen-chap-03-real-q313,gen-chap-03-real,mc,2,"$\langle\mathbb{R},*\rangle$ ไม่เป็นกรุป เพราะ $\dfrac12$ ไม่มีอินเวอร์ส",ไม่เจอเลย,33,🔴 คำตอบไม่ปรากฏในเฉลยเลย
gen-chap-03-real-q314,gen-chap-03-real,mc,1,มีเอกลักษณ์ขวา (right identity) คือ $0$ แต่ไม่มีเอกลักษณ์ซ้าย,ไม่เจอเลย,28,🔴 คำตอบไม่ปรากฏในเฉลยเลย
gen-chap-03-real-q315,gen-chap-03-real,mc,2,$*$ ไม่มีทั้งสมบัติสลับที่และสมบัติเปลี่ยนหมู่,ไม่เจอเลย,28,🔴 คำตอบไม่ปรากฏในเฉลยเลย
gen-chap-03-real-q316,gen-chap-03-real,mc,0,ก และ ค,เจอแต่ไม่อยู่ท้าย,31,🟡 อาจเป็นการเอ่ยกลางทาง ⛔ ไม่ใช่ผลสรุป
gen-chap-03-real-q317,gen-chap-03-real,mc,0,เฉพาะ ข,เจอแต่ไม่อยู่ท้าย,28,🟡 อาจเป็นการเอ่ยกลางทาง ⛔ ไม่ใช่ผลสรุป
gen-chap-03-real-q318,gen-chap-03-real,mc,2,$N$ ไม่ปิดภายใต้การคูณ,เจอแต่ไม่อยู่ท้าย,28,🟡 อาจเป็นการเอ่ยกลางทาง ⛔ ไม่ใช่ผลสรุป
gen-chap-03-real-q320,gen-chap-03-real,mc,2,ก และ ข,เจอแต่ไม่อยู่ท้าย,33,🟡 อาจเป็นการเอ่ยกลางทาง ⛔ ไม่ใช่ผลสรุป
gen-chap-03-real-q321,gen-chap-03-real,mc,1,เป็นกรุปที่มีเอกลักษณ์ $2$ และอินเวอร์สของ $a$ คือ $\dfrac{4}{a}$,ไม่เจอเลย,33,🔴 คำตอบไม่ปรากฏในเฉลยเลย
gen-chap-03-real-q322,gen-chap-03-real,mc,3,ก และ ค,เจอแต่ไม่อยู่ท้าย,28,🟡 อาจเป็นการเอ่ยกลางทาง ⛔ ไม่ใช่ผลสรุป
gen-chap-03-real-q323,gen-chap-03-real,mc,0,ก และ ข,เจอแต่ไม่อยู่ท้าย,33,🟡 อาจเป็นการเอ่ยกลางทาง ⛔ ไม่ใช่ผลสรุป
gen-chap-03-real-q324,gen-chap-03-real,mc,1,"$\langle\mathbb{Z},*\rangle$ ไม่เป็นกรุป เพราะ $1$ ไม่มีอินเวอร์สใน $\mathbb{Z}$",ไม่เจอเลย,32,🔴 คำตอบไม่ปรากฏในเฉลยเลย
gen-chap-03-real-q325,gen-chap-03-real,mc,1,ก และ ค,เจอแต่ไม่อยู่ท้าย,28,🟡 อาจเป็นการเอ่ยกลางทาง ⛔ ไม่ใช่ผลสรุป
gen-chap-03-real-q326,gen-chap-03-real,mc,0,ก และ ข,เจอแต่ไม่อยู่ท้าย,33,🟡 อาจเป็นการเอ่ยกลางทาง ⛔ ไม่ใช่ผลสรุป
gen-chap-03-real-q327,gen-chap-03-real,fill,'4',4,เจอแต่ไม่อยู่ท้าย,30,🟡 อาจเป็นการเอ่ยกลางทาง ⛔ ไม่ใช่ผลสรุป
gen-chap-03-real-q328,gen-chap-03-real,fill,'38',38,เจอแต่ไม่อยู่ท้าย,29,🟡 อาจเป็นการเอ่ยกลางทาง ⛔ ไม่ใช่ผลสรุป
gen-chap-03-real-q329,gen-chap-03-real,fill,'6',6,เจอแต่ไม่อยู่ท้าย,37,🟡 อาจเป็นการเอ่ยกลางทาง ⛔ ไม่ใช่ผลสรุป
gen-chap-03-real-q330,gen-chap-03-real,mc,2,"$(-5,1)\cup(3,9)$",เจอแต่ไม่อยู่ท้าย,36,🟡 อาจเป็นการเอ่ยกลางทาง ⛔ ไม่ใช่ผลสรุป
gen-chap-03-real-q331,gen-chap-03-real,fill,'-1',-1,เจอแต่ไม่อยู่ท้าย,39,🟡 อาจเป็นการเอ่ยกลางทาง ⛔ ไม่ใช่ผลสรุป
gen-chap-03-real-q333,gen-chap-03-real,mc,3,"$(-1,0]\cup[3,4)$",เจอแต่ไม่อยู่ท้าย,38,🟡 อาจเป็นการเอ่ยกลางทาง ⛔ ไม่ใช่ผลสรุป
gen-chap-03-real-q335,gen-chap-03-real,fill,'-2',-2,เจอแต่ไม่อยู่ท้าย,35,🟡 อาจเป็นการเอ่ยกลางทาง ⛔ ไม่ใช่ผลสรุป
gen-chap-03-real-q336,gen-chap-03-real,fill,'2',2,เจอแต่ไม่อยู่ท้าย,38,🟡 อาจเป็นการเอ่ยกลางทาง ⛔ ไม่ใช่ผลสรุป
gen-chap-03-real-q338,gen-chap-03-real,fill,'20',20,เจอแต่ไม่อยู่ท้าย,37,🟡 อาจเป็นการเอ่ยกลางทาง ⛔ ไม่ใช่ผลสรุป
gen-chap-03-real-q339,gen-chap-03-real,fill,'4',4,เจอแต่ไม่อยู่ท้าย,41,🟡 อาจเป็นการเอ่ยกลางทาง ⛔ ไม่ใช่ผลสรุป
gen-chap-03-real-q340,gen-chap-03-real,mc,0,"$[-4,2)\cup(2,\infty)$",เจอแต่ไม่อยู่ท้าย,36,🟡 อาจเป็นการเอ่ยกลางทาง ⛔ ไม่ใช่ผลสรุป
gen-chap-03-real-q341,gen-chap-03-real,fill,'-4',-4,เจอแต่ไม่อยู่ท้าย,33,🟡 อาจเป็นการเอ่ยกลางทาง ⛔ ไม่ใช่ผลสรุป
gen-chap-03-real-q342,gen-chap-03-real,fill,'513/64',513/64,ไม่เจอเลย,30,🔴 คำตอบไม่ปรากฏในเฉลยเลย
gen-chap-03-real-q343,gen-chap-03-real,fill,'3',3,เจอแต่ไม่อยู่ท้าย,40,🟡 อาจเป็นการเอ่ยกลางทาง ⛔ ไม่ใช่ผลสรุป
gen-chap-03-real-q344,gen-chap-03-real,mc,1,$\dfrac{1+\sqrt{2}}{4}$,เจอแต่ไม่อยู่ท้าย,39,🟡 อาจเป็นการเอ่ยกลางทาง ⛔ ไม่ใช่ผลสรุป
gen-chap-03-real-q346,gen-chap-03-real,fill,'1/8',1/8,ไม่เจอเลย,40,🔴 คำตอบไม่ปรากฏในเฉลยเลย
gen-chap-03-real-q347,gen-chap-03-real,fill,'27',27,เจอแต่ไม่อยู่ท้าย,27,🟡 อาจเป็นการเอ่ยกลางทาง ⛔ ไม่ใช่ผลสรุป
gen-chap-03-real-q348,gen-chap-03-real,fill,'8',8,เจอแต่ไม่อยู่ท้าย,30,🟡 อาจเป็นการเอ่ยกลางทาง ⛔ ไม่ใช่ผลสรุป
gen-chap-03-real-q350,gen-chap-03-real,mc,2,$\sqrt{x^{4}}=x^{2}$ และ $\sqrt{x^{6}}=|x^{3}|$,เจอแต่ไม่อยู่ท้าย,29,🟡 อาจเป็นการเอ่ยกลางทาง ⛔ ไม่ใช่ผลสรุป
gen-chap-03-real-q352,gen-chap-03-real,fill,'14',14,เจอแต่ไม่อยู่ท้าย,31,🟡 อาจเป็นการเอ่ยกลางทาง ⛔ ไม่ใช่ผลสรุป
gen-chap-03-real-q353,gen-chap-03-real,mc,0,$|x-5|\lt 0$ ไม่มีคำตอบ และ $|x-5|=0$ มีคำตอบเดียวคือ $x=5$,ไม่เจอเลย,28,🔴 คำตอบไม่ปรากฏในเฉลยเลย
gen-chap-03-real-q354,gen-chap-03-real,fill,'12',12,เจอแต่ไม่อยู่ท้าย,25,🟡 อาจเป็นการเอ่ยกลางทาง ⛔ ไม่ใช่ผลสรุป
gen-chap-03-real-q355,gen-chap-03-real,mc,1,"$[-2,8]$",เจอแต่ไม่อยู่ท้าย,31,🟡 อาจเป็นการเอ่ยกลางทาง ⛔ ไม่ใช่ผลสรุป
gen-chap-03-real-q356,gen-chap-03-real,mc,2,$\sqrt{a^{2}}=|a|$ เสมอ แต่ $(\sqrt{a})^{2}=a$ ต่อเมื่อ $a\ge 0$,ไม่เจอเลย,28,🔴 คำตอบไม่ปรากฏในเฉลยเลย
gen-chap-03-real-q358,gen-chap-03-real,mc,3,"$(3,\infty)$",เจอแต่ไม่อยู่ท้าย,31,🟡 อาจเป็นการเอ่ยกลางทาง ⛔ ไม่ใช่ผลสรุป
gen-chap-03-real-q359,gen-chap-03-real,fill,'4',4,เจอแต่ไม่อยู่ท้าย,31,🟡 อาจเป็นการเอ่ยกลางทาง ⛔ ไม่ใช่ผลสรุป
gen-chap-03-real-q360,gen-chap-03-real,mc,0,"$(-\infty,-2)\cup[1,4]$",เจอแต่ไม่อยู่ท้าย,31,🟡 อาจเป็นการเอ่ยกลางทาง ⛔ ไม่ใช่ผลสรุป
gen-chap-03-real-q361,gen-chap-03-real,fill,'2',2,เจอแต่ไม่อยู่ท้าย,31,🟡 อาจเป็นการเอ่ยกลางทาง ⛔ ไม่ใช่ผลสรุป
gen-chap-03-real-q363,gen-chap-03-real,fill,'8',8,เจอแต่ไม่อยู่ท้าย,28,🟡 อาจเป็นการเอ่ยกลางทาง ⛔ ไม่ใช่ผลสรุป
gen-chap-03-real-q365,gen-chap-03-real,fill,'4',4,เจอแต่ไม่อยู่ท้าย,31,🟡 อาจเป็นการเอ่ยกลางทาง ⛔ ไม่ใช่ผลสรุป
gen-chap-03-real-q366,gen-chap-03-real,fill,'8',8,เจอแต่ไม่อยู่ท้าย,31,🟡 อาจเป็นการเอ่ยกลางทาง ⛔ ไม่ใช่ผลสรุป
gen-chap-03-real-q369,gen-chap-03-real,fill,'5',5,เจอแต่ไม่อยู่ท้าย,28,🟡 อาจเป็นการเอ่ยกลางทาง ⛔ ไม่ใช่ผลสรุป
gen-chap-03-real-q370,gen-chap-03-real,fill,'-49',-49,เจอแต่ไม่อยู่ท้าย,27,🟡 อาจเป็นการเอ่ยกลางทาง ⛔ ไม่ใช่ผลสรุป
gen-chap-03-real-q371,gen-chap-03-real,fill,'18',18,เจอแต่ไม่อยู่ท้าย,26,🟡 อาจเป็นการเอ่ยกลางทาง ⛔ ไม่ใช่ผลสรุป
gen-chap-03-real-q372,gen-chap-03-real,mc,1,$3^{20}\gt 2^{30}$,เจอแต่ไม่อยู่ท้าย,27,🟡 อาจเป็นการเอ่ยกลางทาง ⛔ ไม่ใช่ผลสรุป
gen-chap-03-real-q373,gen-chap-03-real,fill,'4',4,เจอแต่ไม่อยู่ท้าย,27,🟡 อาจเป็นการเอ่ยกลางทาง ⛔ ไม่ใช่ผลสรุป
gen-chap-03-real-q374,gen-chap-03-real,mc,2,"$(-\sqrt{13},-2]\cup[2,\sqrt{13})$",เจอแต่ไม่อยู่ท้าย,28,🟡 อาจเป็นการเอ่ยกลางทาง ⛔ ไม่ใช่ผลสรุป
gen-chap-03-real-q376,gen-chap-03-real,fill,'1',1,เจอแต่ไม่อยู่ท้าย,28,🟡 อาจเป็นการเอ่ยกลางทาง ⛔ ไม่ใช่ผลสรุป
gen-chap-03-real-q377,gen-chap-03-real,fill,'52',52,เจอแต่ไม่อยู่ท้าย,27,🟡 อาจเป็นการเอ่ยกลางทาง ⛔ ไม่ใช่ผลสรุป
gen-chap-03-real-q378,gen-chap-03-real,mc,3,"$(-\infty,0]\cup[6,\infty)$",เจอแต่ไม่อยู่ท้าย,29,🟡 อาจเป็นการเอ่ยกลางทาง ⛔ ไม่ใช่ผลสรุป
gen-chap-03-real-q379,gen-chap-03-real,mc,0,$\sqrt{3}+\sqrt{6}\gt\sqrt{2}+\sqrt{7}$,เจอแต่ไม่อยู่ท้าย,27,🟡 อาจเป็นการเอ่ยกลางทาง ⛔ ไม่ใช่ผลสรุป
gen-chap-03-real-q380,gen-chap-03-real,fill,'5',5,เจอแต่ไม่อยู่ท้าย,28,🟡 อาจเป็นการเอ่ยกลางทาง ⛔ ไม่ใช่ผลสรุป
gen-chap-03-real-q381,gen-chap-03-real,mc,1,"$(1,2]$",เจอแต่ไม่อยู่ท้าย,30,🟡 อาจเป็นการเอ่ยกลางทาง ⛔ ไม่ใช่ผลสรุป
gen-chap-03-real-q382,gen-chap-03-real,mc,2,"$[2,5]$",เจอแต่ไม่อยู่ท้าย,30,🟡 อาจเป็นการเอ่ยกลางทาง ⛔ ไม่ใช่ผลสรุป
gen-chap-03-real-q383,gen-chap-03-real,fill,'4',4,เจอแต่ไม่อยู่ท้าย,35,🟡 อาจเป็นการเอ่ยกลางทาง ⛔ ไม่ใช่ผลสรุป
gen-chap-03-real-q385,gen-chap-03-real,mc,0,"$[0,1]$",เจอแต่ไม่อยู่ท้าย,35,🟡 อาจเป็นการเอ่ยกลางทาง ⛔ ไม่ใช่ผลสรุป
gen-chap-03-real-q386,gen-chap-03-real,mc,3,"$[-2,-1)\cup(1,2]$",เจอแต่ไม่อยู่ท้าย,35,🟡 อาจเป็นการเอ่ยกลางทาง ⛔ ไม่ใช่ผลสรุป
gen-chap-03-real-q387,gen-chap-03-real,fill,'5',5,เจอแต่ไม่อยู่ท้าย,40,🟡 อาจเป็นการเอ่ยกลางทาง ⛔ ไม่ใช่ผลสรุป
gen-chap-03-real-q388,gen-chap-03-real,fill,'5',5,เจอแต่ไม่อยู่ท้าย,39,🟡 อาจเป็นการเอ่ยกลางทาง ⛔ ไม่ใช่ผลสรุป
gen-chap-03-real-q389,gen-chap-03-real,fill,'21/2',21/2,ไม่เจอเลย,27,🔴 คำตอบไม่ปรากฏในเฉลยเลย
gen-chap-03-real-q390,gen-chap-03-real,fill,'16',16,เจอแต่ไม่อยู่ท้าย,41,🟡 อาจเป็นการเอ่ยกลางทาง ⛔ ไม่ใช่ผลสรุป
gen-chap-03-real-q392,gen-chap-03-real,fill,'1',1,เจอแต่ไม่อยู่ท้าย,41,🟡 อาจเป็นการเอ่ยกลางทาง ⛔ ไม่ใช่ผลสรุป
gen-chap-03-real-q393,gen-chap-03-real,mc,3,"$\left[\dfrac{3-\sqrt{13}}{2},\,1\right)\cup\left[\dfrac{3+\sqrt{13}}{2},\,\inft",เจอแต่ไม่อยู่ท้าย,42,🟡 อาจเป็นการเอ่ยกลางทาง ⛔ ไม่ใช่ผลสรุป
gen-chap-03-real-q394,gen-chap-03-real,fill,'4',4,เจอแต่ไม่อยู่ท้าย,33,🟡 อาจเป็นการเอ่ยกลางทาง ⛔ ไม่ใช่ผลสรุป
gen-chap-03-real-q395,gen-chap-03-real,fill,'3',3,เจอแต่ไม่อยู่ท้าย,31,🟡 อาจเป็นการเอ่ยกลางทาง ⛔ ไม่ใช่ผลสรุป
gen-chap-03-real-q396,gen-chap-03-real,fill,'-5',-5,เจอแต่ไม่อยู่ท้าย,43,🟡 อาจเป็นการเอ่ยกลางทาง ⛔ ไม่ใช่ผลสรุป
gen-chap-03-real-q397,gen-chap-03-real,fill,'11/2',11/2,ไม่เจอเลย,35,🔴 คำตอบไม่ปรากฏในเฉลยเลย
gen-chap-03-real-q398,gen-chap-03-real,fill,'27',27,เจอแต่ไม่อยู่ท้าย,36,🟡 อาจเป็นการเอ่ยกลางทาง ⛔ ไม่ใช่ผลสรุป
gen-chap-03-real-q400,gen-chap-03-real,mc,3,$\sqrt{\dfrac{a^2+b^2}{2}}\le\dfrac{a+b}{2}$,เจอแต่ไม่อยู่ท้าย,37,🟡 อาจเป็นการเอ่ยกลางทาง ⛔ ไม่ใช่ผลสรุป
gen-chap-04-coord-q002,gen-chap-04-coord,fill,"'(1,3)'","(1,3)",เจอแต่ไม่อยู่ท้าย,26,🟡 อาจเป็นการเอ่ยกลางทาง ⛔ ไม่ใช่ผลสรุป
gen-chap-04-coord-q003,gen-chap-04-coord,fill,"'(5,8)'","(5,8)",เจอแต่ไม่อยู่ท้าย,29,🟡 อาจเป็นการเอ่ยกลางทาง ⛔ ไม่ใช่ผลสรุป
gen-chap-04-coord-q004,gen-chap-04-coord,fill,'8',8,เจอแต่ไม่อยู่ท้าย,28,🟡 อาจเป็นการเอ่ยกลางทาง ⛔ ไม่ใช่ผลสรุป
gen-chap-04-coord-q005,gen-chap-04-coord,fill,'-2',-2,เจอแต่ไม่อยู่ท้าย,25,🟡 อาจเป็นการเอ่ยกลางทาง ⛔ ไม่ใช่ผลสรุป
gen-chap-04-coord-q006,gen-chap-04-coord,mc,1,$y=2x-8$,เจอแต่ไม่อยู่ท้าย,29,🟡 อาจเป็นการเอ่ยกลางทาง ⛔ ไม่ใช่ผลสรุป
gen-chap-04-coord-q007,gen-chap-04-coord,fill,'3/2',3/2,เจอแต่ไม่อยู่ท้าย,29,🟡 อาจเป็นการเอ่ยกลางทาง ⛔ ไม่ใช่ผลสรุป
gen-chap-04-coord-q008,gen-chap-04-coord,mc,2,$y=2x+5$,เจอแต่ไม่อยู่ท้าย,26,🟡 อาจเป็นการเอ่ยกลางทาง ⛔ ไม่ใช่ผลสรุป
gen-chap-04-coord-q009,gen-chap-04-coord,fill,'7/2',7/2,ไม่เจอเลย,26,🔴 คำตอบไม่ปรากฏในเฉลยเลย
gen-chap-04-coord-q010,gen-chap-04-coord,fill,"'(8,0),(0,-6)'","(8,0),(0,-6)",ไม่เจอเลย,26,🔴 คำตอบไม่ปรากฏในเฉลยเลย
gen-chap-04-coord-q011,gen-chap-04-coord,mc,3,$3x-5y=15$,เจอแต่ไม่อยู่ท้าย,25,🟡 อาจเป็นการเอ่ยกลางทาง ⛔ ไม่ใช่ผลสรุป
gen-chap-04-coord-q012,gen-chap-04-coord,fill,'12/5',12/5,ไม่เจอเลย,28,🔴 คำตอบไม่ปรากฏในเฉลยเลย
gen-chap-04-coord-q013,gen-chap-04-coord,fill,'4',4,เจอแต่ไม่อยู่ท้าย,28,🟡 อาจเป็นการเอ่ยกลางทาง ⛔ ไม่ใช่ผลสรุป
gen-chap-04-coord-q014,gen-chap-04-coord,fill,'45°',45°,ไม่เจอเลย,27,🔴 คำตอบไม่ปรากฏในเฉลยเลย
gen-chap-04-coord-q015,gen-chap-04-coord,fill,"'(7,6)'","(7,6)",เจอแต่ไม่อยู่ท้าย,34,🟡 อาจเป็นการเอ่ยกลางทาง ⛔ ไม่ใช่ผลสรุป
gen-chap-04-coord-q016,gen-chap-04-coord,fill,"'(3,2)'","(3,2)",เจอแต่ไม่อยู่ท้าย,28,🟡 อาจเป็นการเอ่ยกลางทาง ⛔ ไม่ใช่ผลสรุป
gen-chap-04-coord-q017,gen-chap-04-coord,fill,'9',9,เจอแต่ไม่อยู่ท้าย,28,🟡 อาจเป็นการเอ่ยกลางทาง ⛔ ไม่ใช่ผลสรุป
gen-chap-04-coord-q018,gen-chap-04-coord,fill,"'(1,3)'","(1,3)",เจอแต่ไม่อยู่ท้าย,26,🟡 อาจเป็นการเอ่ยกลางทาง ⛔ ไม่ใช่ผลสรุป
gen-chap-04-coord-q019,gen-chap-04-coord,fill,'4/3',4/3,ไม่เจอเลย,28,🔴 คำตอบไม่ปรากฏในเฉลยเลย
gen-chap-04-coord-q020,gen-chap-04-coord,mc,0,$2x-3y+1=0$,เจอแต่ไม่อยู่ท้าย,37,🟡 อาจเป็นการเอ่ยกลางทาง ⛔ ไม่ใช่ผลสรุป
gen-chap-04-coord-q021,gen-chap-04-coord,fill,"'$(3,-2),\\ r=5$'","$(3,-2),\ r=5$",ไม่เจอเลย,29,🔴 คำตอบไม่ปรากฏในเฉลยเลย
gen-chap-04-coord-q022,gen-chap-04-coord,mc,1,$x^2+y^2+2x-8y+8=0$,เจอแต่ไม่อยู่ท้าย,28,🟡 อาจเป็นการเอ่ยกลางทาง ⛔ ไม่ใช่ผลสรุป
gen-chap-04-coord-q023,gen-chap-04-coord,mc,2,$(x+1)^2+(y-1)^2=25$,เจอแต่ไม่อยู่ท้าย,29,🟡 อาจเป็นการเอ่ยกลางทาง ⛔ ไม่ใช่ผลสรุป
gen-chap-04-coord-q024,gen-chap-04-coord,fill,'$r=1$ หรือ $r=5$',$r=1$ หรือ $r=5$,เจอแต่ไม่อยู่ท้าย,29,🟡 อาจเป็นการเอ่ยกลางทาง ⛔ ไม่ใช่ผลสรุป
gen-chap-04-coord-q025,gen-chap-04-coord,mc,3,อยู่นอกวงกลม,เจอแต่ไม่อยู่ท้าย,27,🟡 อาจเป็นการเอ่ยกลางทาง ⛔ ไม่ใช่ผลสรุป
gen-chap-04-coord-q028,gen-chap-04-coord,mc,1,$0$ จุด (ไม่ตัดกัน),ไม่เจอเลย,29,🔴 คำตอบไม่ปรากฏในเฉลยเลย
gen-chap-04-coord-q029,gen-chap-04-coord,fill,'$k=4$ หรือ $k=-4$',$k=4$ หรือ $k=-4$,เจอแต่ไม่อยู่ท้าย,29,🟡 อาจเป็นการเอ่ยกลางทาง ⛔ ไม่ใช่ผลสรุป
gen-chap-04-coord-q030,gen-chap-04-coord,fill,'$4$',$4$,เจอแต่ไม่อยู่ท้าย,29,🟡 อาจเป็นการเอ่ยกลางทาง ⛔ ไม่ใช่ผลสรุป
gen-chap-04-coord-q031,gen-chap-04-coord,mc,2,$x^2+y^2-6x-4y-12=0$,เจอแต่ไม่อยู่ท้าย,36,🟡 อาจเป็นการเอ่ยกลางทาง ⛔ ไม่ใช่ผลสรุป
gen-chap-04-coord-q032,gen-chap-04-coord,mc,3,$x^2+y^2-8x-2y-8=0$,เจอแต่ไม่อยู่ท้าย,35,🟡 อาจเป็นการเอ่ยกลางทาง ⛔ ไม่ใช่ผลสรุป
gen-chap-04-coord-q035,gen-chap-04-coord,mc,1,$x^2+y^2+2x+2y-11=0$,เจอแต่ไม่อยู่ท้าย,36,🟡 อาจเป็นการเอ่ยกลางทาง ⛔ ไม่ใช่ผลสรุป
gen-chap-04-coord-q036,gen-chap-04-coord,mc,2,$x=2$ และ $3x-4y+10=0$,เจอแต่ไม่อยู่ท้าย,38,🟡 อาจเป็นการเอ่ยกลางทาง ⛔ ไม่ใช่ผลสรุป
gen-chap-04-coord-q037,gen-chap-04-coord,mc,3,$(x-1)^2+(y-1)^2=1$,เจอแต่ไม่อยู่ท้าย,35,🟡 อาจเป็นการเอ่ยกลางทาง ⛔ ไม่ใช่ผลสรุป
gen-chap-04-coord-q038,gen-chap-04-coord,mc,0,$(x-3)^2+(y-3)^2=9$,เจอแต่ไม่อยู่ท้าย,34,🟡 อาจเป็นการเอ่ยกลางทาง ⛔ ไม่ใช่ผลสรุป
gen-chap-04-coord-q039,gen-chap-04-coord,mc,1,$x^2+y^2-2x-4y+1=0$,เจอแต่ไม่อยู่ท้าย,35,🟡 อาจเป็นการเอ่ยกลางทาง ⛔ ไม่ใช่ผลสรุป
gen-chap-04-coord-q040,gen-chap-04-coord,fill,'$(x-1)^2+(y-2)^2=1$ และ $(x-5)^2+(y+2)^2=25$',$(x-1)^2+(y-2)^2=1$ และ $(x-5)^2+(y+2)^2=25$,เจอแต่ไม่อยู่ท้าย,40,🟡 อาจเป็นการเอ่ยกลางทาง ⛔ ไม่ใช่ผลสรุป
gen-chap-04-coord-q041,gen-chap-04-coord,mc,2,"โฟกัส $(3,4)$ ไดเรกตริกซ์ $y=0$",เจอแต่ไม่อยู่ท้าย,30,🟡 อาจเป็นการเอ่ยกลางทาง ⛔ ไม่ใช่ผลสรุป
gen-chap-04-coord-q042,gen-chap-04-coord,mc,3,"$(3,6)$ และ $(3,-6)$",เจอแต่ไม่อยู่ท้าย,28,🟡 อาจเป็นการเอ่ยกลางทาง ⛔ ไม่ใช่ผลสรุป
gen-chap-04-coord-q043,gen-chap-04-coord,mc,0,$(x-2)^2=8(y-1)$,เจอแต่ไม่อยู่ท้าย,35,🟡 อาจเป็นการเอ่ยกลางทาง ⛔ ไม่ใช่ผลสรุป
gen-chap-04-coord-q044,gen-chap-04-coord,mc,1,$y=x+2$,เจอแต่ไม่อยู่ท้าย,40,🟡 อาจเป็นการเอ่ยกลางทาง ⛔ ไม่ใช่ผลสรุป
gen-chap-04-coord-q045,gen-chap-04-coord,fill,'13/2',13/2,ไม่เจอเลย,29,🔴 คำตอบไม่ปรากฏในเฉลยเลย
gen-chap-04-coord-q046,gen-chap-04-coord,mc,2,"$(9,12)$ และ $(9,-12)$",เจอแต่ไม่อยู่ท้าย,28,🟡 อาจเป็นการเอ่ยกลางทาง ⛔ ไม่ใช่ผลสรุป
gen-chap-04-coord-q048,gen-chap-04-coord,mc,3,"โฟกัส $(\pm4,0)$ ความเยื้องศูนย์กลาง $\dfrac{4}{5}$",เจอแต่ไม่อยู่ท้าย,28,🟡 อาจเป็นการเอ่ยกลางทาง ⛔ ไม่ใช่ผลสรุป
gen-chap-04-coord-q049,gen-chap-04-coord,mc,0,"ศูนย์กลาง $(1,-2)$ โฟกัส $(1,-2\pm\sqrt{5})$",เจอแต่ไม่อยู่ท้าย,29,🟡 อาจเป็นการเอ่ยกลางทาง ⛔ ไม่ใช่ผลสรุป
gen-chap-04-coord-q050,gen-chap-04-coord,mc,1,$\dfrac{x^2}{25}+\dfrac{y^2}{9}=1$,เจอแต่ไม่อยู่ท้าย,34,🟡 อาจเป็นการเอ่ยกลางทาง ⛔ ไม่ใช่ผลสรุป
gen-chap-04-coord-q051,gen-chap-04-coord,mc,2,$\dfrac{x^2}{36}+\dfrac{y^2}{100}=1$,เจอแต่ไม่อยู่ท้าย,28,🟡 อาจเป็นการเอ่ยกลางทาง ⛔ ไม่ใช่ผลสรุป
gen-chap-04-coord-q052,gen-chap-04-coord,mc,3,$k=\pm5$,เจอแต่ไม่อยู่ท้าย,28,🟡 อาจเป็นการเอ่ยกลางทาง ⛔ ไม่ใช่ผลสรุป
gen-chap-04-coord-q053,gen-chap-04-coord,fill,'7',7,เจอแต่ไม่อยู่ท้าย,28,🟡 อาจเป็นการเอ่ยกลางทาง ⛔ ไม่ใช่ผลสรุป
gen-chap-04-coord-q055,gen-chap-04-coord,mc,0,"ปลาย $\left(3,\pm\dfrac{16}{5}\right)$ ยาว $\dfrac{32}{5}$",เจอแต่ไม่อยู่ท้าย,28,🟡 อาจเป็นการเอ่ยกลางทาง ⛔ ไม่ใช่ผลสรุป
gen-chap-04-coord-q056,gen-chap-04-coord,mc,1,$y^2=12x$,เจอแต่ไม่อยู่ท้าย,34,🟡 อาจเป็นการเอ่ยกลางทาง ⛔ ไม่ใช่ผลสรุป
gen-chap-04-coord-q057,gen-chap-04-coord,mc,2,$\dfrac{x^2}{16}+\dfrac{y^2}{12}=1$,เจอแต่ไม่อยู่ท้าย,28,🟡 อาจเป็นการเอ่ยกลางทาง ⛔ ไม่ใช่ผลสรุป
gen-chap-04-coord-q059,gen-chap-04-coord,mc,3,$y^2=-6x+9$,เจอแต่ไม่อยู่ท้าย,35,🟡 อาจเป็นการเอ่ยกลางทาง ⛔ ไม่ใช่ผลสรุป
gen-chap-04-coord-q060,gen-chap-04-coord,mc,0,$y^2=-12(x-5)$,เจอแต่ไม่อยู่ท้าย,35,🟡 อาจเป็นการเอ่ยกลางทาง ⛔ ไม่ใช่ผลสรุป
gen-chap-04-coord-q061,gen-chap-04-coord,mc,1,"โฟกัส $(\pm5,0)$ จุดยอด $(\pm4,0)$",เจอแต่ไม่อยู่ท้าย,28,🟡 อาจเป็นการเอ่ยกลางทาง ⛔ ไม่ใช่ผลสรุป
gen-chap-04-coord-q062,gen-chap-04-coord,mc,2,"จุดศูนย์กลาง $(1,-2)$ โฟกัส $(6,-2)$ และ $(-4,-2)$",ไม่เจอเลย,28,🔴 คำตอบไม่ปรากฏในเฉลยเลย
gen-chap-04-coord-q063,gen-chap-04-coord,mc,3,เส้นกำกับ $y=\pm\dfrac{3}{4}x$ ความเยื้องศูนย์กลาง $\dfrac{5}{3}$,ไม่เจอเลย,28,🔴 คำตอบไม่ปรากฏในเฉลยเลย
gen-chap-04-coord-q064,gen-chap-04-coord,mc,0,ไฮเพอร์โบลา (hyperbola),ไม่เจอเลย,29,🔴 คำตอบไม่ปรากฏในเฉลยเลย
gen-chap-04-coord-q065,gen-chap-04-coord,mc,1,$\dfrac{x^2}{25}-\dfrac{y^2}{144}=1$,เจอแต่ไม่อยู่ท้าย,26,🟡 อาจเป็นการเอ่ยกลางทาง ⛔ ไม่ใช่ผลสรุป
gen-chap-04-coord-q066,gen-chap-04-coord,mc,2,$\dfrac{x^2}{5}-\dfrac{y^2}{20}=1$,เจอแต่ไม่อยู่ท้าย,34,🟡 อาจเป็นการเอ่ยกลางทาง ⛔ ไม่ใช่ผลสรุป
gen-chap-04-coord-q067,gen-chap-04-coord,mc,3,$\dfrac{y^2}{36}-\dfrac{x^2}{64}=1$,เจอแต่ไม่อยู่ท้าย,28,🟡 อาจเป็นการเอ่ยกลางทาง ⛔ ไม่ใช่ผลสรุป
gen-chap-04-coord-q068,gen-chap-04-coord,mc,0,"$\dfrac{X^2}{9}-\dfrac{Y^2}{16}=1$ โดย $X=x-2,\ Y=y+3$",ไม่เจอเลย,34,🔴 คำตอบไม่ปรากฏในเฉลยเลย
gen-chap-04-coord-q069,gen-chap-04-coord,mc,1,$5x-3y-9=0$,เจอแต่ไม่อยู่ท้าย,32,🟡 อาจเป็นการเอ่ยกลางทาง ⛔ ไม่ใช่ผลสรุป
gen-chap-04-coord-q070,gen-chap-04-coord,fill,'$\\dfrac{8\\sqrt{2}}{3}$',$\dfrac{8\sqrt{2}}{3}$,เจอแต่ไม่อยู่ท้าย,30,🟡 อาจเป็นการเอ่ยกลางทาง ⛔ ไม่ใช่ผลสรุป
gen-chap-04-coord-q071,gen-chap-04-coord,mc,2,$x^2-y^2=12$ และ $e=\sqrt2$,เจอแต่ไม่อยู่ท้าย,28,🟡 อาจเป็นการเอ่ยกลางทาง ⛔ ไม่ใช่ผลสรุป
gen-chap-04-coord-q072,gen-chap-04-coord,mc,3,"โฟกัส $(0,\pm5)$ ความเยื้องศูนย์กลาง $\dfrac{5}{3}$",ไม่เจอเลย,28,🔴 คำตอบไม่ปรากฏในเฉลยเลย
gen-chap-04-coord-q073,gen-chap-04-coord,fill,'4',4,เจอแต่ไม่อยู่ท้าย,28,🟡 อาจเป็นการเอ่ยกลางทาง ⛔ ไม่ใช่ผลสรุป
gen-chap-04-coord-q074,gen-chap-04-coord,mc,0,$\dfrac{x^2}{4}-\dfrac{y^2}{5}=1$,เจอแต่ไม่อยู่ท้าย,28,🟡 อาจเป็นการเอ่ยกลางทาง ⛔ ไม่ใช่ผลสรุป
gen-chap-04-coord-q075,gen-chap-04-coord,mc,1,$\dfrac{y^2}{9}-\dfrac{x^2}{16}=1$,เจอแต่ไม่อยู่ท้าย,29,🟡 อาจเป็นการเอ่ยกลางทาง ⛔ ไม่ใช่ผลสรุป
gen-chap-04-coord-q076,gen-chap-04-coord,mc,2,$\dfrac{x^2}{9}-\dfrac{y^2}{16}=1$,เจอแต่ไม่อยู่ท้าย,29,🟡 อาจเป็นการเอ่ยกลางทาง ⛔ ไม่ใช่ผลสรุป
gen-chap-04-coord-q077,gen-chap-04-coord,fill,'$\\dfrac{3}{2}$',$\dfrac{3}{2}$,เจอแต่ไม่อยู่ท้าย,29,🟡 อาจเป็นการเอ่ยกลางทาง ⛔ ไม่ใช่ผลสรุป
gen-chap-04-coord-q078,gen-chap-04-coord,fill,'$4\\sqrt{3}$',$4\sqrt{3}$,เจอแต่ไม่อยู่ท้าย,30,🟡 อาจเป็นการเอ่ยกลางทาง ⛔ ไม่ใช่ผลสรุป
gen-chap-04-coord-q079,gen-chap-04-coord,mc,3,$x^2+y^2=25$,เจอแต่ไม่อยู่ท้าย,34,🟡 อาจเป็นการเอ่ยกลางทาง ⛔ ไม่ใช่ผลสรุป
gen-chap-04-coord-q080,gen-chap-04-coord,mc,0,$\dfrac{x^2}{169}+\dfrac{y^2}{144}=1$,เจอแต่ไม่อยู่ท้าย,35,🟡 อาจเป็นการเอ่ยกลางทาง ⛔ ไม่ใช่ผลสรุป
gen-chap-04-coord-q081,gen-chap-04-coord,fill,"'$\\left(3,-\\dfrac{15}{4}\\right)$'","$\left(3,-\dfrac{15}{4}\right)$",เจอแต่ไม่อยู่ท้าย,23,🟡 อาจเป็นการเอ่ยกลางทาง ⛔ ไม่ใช่ผลสรุป
gen-chap-04-coord-q082,gen-chap-04-coord,mc,0,$\dfrac{\sqrt{5}}{3}$,เจอแต่ไม่อยู่ท้าย,24,🟡 อาจเป็นการเอ่ยกลางทาง ⛔ ไม่ใช่ผลสรุป
gen-chap-04-coord-q083,gen-chap-04-coord,fill,'8',8,เจอแต่ไม่อยู่ท้าย,22,🟡 อาจเป็นการเอ่ยกลางทาง ⛔ ไม่ใช่ผลสรุป
gen-chap-04-coord-q084,gen-chap-04-coord,fill,'8',8,เจอแต่ไม่อยู่ท้าย,29,🟡 อาจเป็นการเอ่ยกลางทาง ⛔ ไม่ใช่ผลสรุป
gen-chap-04-coord-q085,gen-chap-04-coord,fill,'$\\sqrt{2}$',$\sqrt{2}$,เจอแต่ไม่อยู่ท้าย,29,🟡 อาจเป็นการเอ่ยกลางทาง ⛔ ไม่ใช่ผลสรุป
gen-chap-04-coord-q087,gen-chap-04-coord,fill,'12',12,เจอแต่ไม่อยู่ท้าย,23,🟡 อาจเป็นการเอ่ยกลางทาง ⛔ ไม่ใช่ผลสรุป
gen-chap-04-coord-q088,gen-chap-04-coord,fill,"'(4,1)'","(4,1)",เจอแต่ไม่อยู่ท้าย,27,🟡 อาจเป็นการเอ่ยกลางทาง ⛔ ไม่ใช่ผลสรุป
gen-chap-04-coord-q089,gen-chap-04-coord,fill,'$\\dfrac{5}{4}$',$\dfrac{5}{4}$,เจอแต่ไม่อยู่ท้าย,32,🟡 อาจเป็นการเอ่ยกลางทาง ⛔ ไม่ใช่ผลสรุป
gen-chap-04-coord-q090,gen-chap-04-coord,fill,'$\\dfrac{8}{5}$',$\dfrac{8}{5}$,เจอแต่ไม่อยู่ท้าย,31,🟡 อาจเป็นการเอ่ยกลางทาง ⛔ ไม่ใช่ผลสรุป
gen-chap-04-coord-q091,gen-chap-04-coord,fill,'5',5,เจอแต่ไม่อยู่ท้าย,27,🟡 อาจเป็นการเอ่ยกลางทาง ⛔ ไม่ใช่ผลสรุป
gen-chap-04-coord-q092,gen-chap-04-coord,fill,'5',5,เจอแต่ไม่อยู่ท้าย,28,🟡 อาจเป็นการเอ่ยกลางทาง ⛔ ไม่ใช่ผลสรุป
gen-chap-04-coord-q093,gen-chap-04-coord,fill,'$4\\sqrt{3}$',$4\sqrt{3}$,เจอแต่ไม่อยู่ท้าย,24,🟡 อาจเป็นการเอ่ยกลางทาง ⛔ ไม่ใช่ผลสรุป
gen-chap-04-coord-q094,gen-chap-04-coord,fill,'$2\\sqrt{7}$',$2\sqrt{7}$,เจอแต่ไม่อยู่ท้าย,30,🟡 อาจเป็นการเอ่ยกลางทาง ⛔ ไม่ใช่ผลสรุป
gen-chap-04-coord-q095,gen-chap-04-coord,fill,'5',5,เจอแต่ไม่อยู่ท้าย,23,🟡 อาจเป็นการเอ่ยกลางทาง ⛔ ไม่ใช่ผลสรุป
gen-chap-04-coord-q096,gen-chap-04-coord,fill,'$\\dfrac{\\sqrt{5}}{5}$',$\dfrac{\sqrt{5}}{5}$,เจอแต่ไม่อยู่ท้าย,25,🟡 อาจเป็นการเอ่ยกลางทาง ⛔ ไม่ใช่ผลสรุป
gen-chap-04-coord-q097,gen-chap-04-coord,fill,'3',3,เจอแต่ไม่อยู่ท้าย,27,🟡 อาจเป็นการเอ่ยกลางทาง ⛔ ไม่ใช่ผลสรุป
gen-chap-04-coord-q099,gen-chap-04-coord,fill,'2',2,เจอแต่ไม่อยู่ท้าย,21,🟡 อาจเป็นการเอ่ยกลางทาง ⛔ ไม่ใช่ผลสรุป
gen-chap-04-coord-q100,gen-chap-04-coord,fill,'$3\\sqrt{3}$',$3\sqrt{3}$,เจอแต่ไม่อยู่ท้าย,27,🟡 อาจเป็นการเอ่ยกลางทาง ⛔ ไม่ใช่ผลสรุป
gen-chap-04-coord-q101,gen-chap-04-coord,fill,"'(28/5, 26/5)'","(28/5, 26/5)",ไม่เจอเลย,21,🔴 คำตอบไม่ปรากฏในเฉลยเลย
gen-chap-04-coord-q103,gen-chap-04-coord,mc,1,$2x-y+10=0$ และ $2x-y-10=0$,เจอแต่ไม่อยู่ท้าย,22,🟡 อาจเป็นการเอ่ยกลางทาง ⛔ ไม่ใช่ผลสรุป
gen-chap-04-coord-q104,gen-chap-04-coord,fill,'9',9,เจอแต่ไม่อยู่ท้าย,23,🟡 อาจเป็นการเอ่ยกลางทาง ⛔ ไม่ใช่ผลสรุป
gen-chap-04-coord-q105,gen-chap-04-coord,mc,2,$2x+3y+8=0$,เจอแต่ไม่อยู่ท้าย,24,🟡 อาจเป็นการเอ่ยกลางทาง ⛔ ไม่ใช่ผลสรุป
gen-chap-04-coord-q106,gen-chap-04-coord,fill,'90',90,เจอแต่ไม่อยู่ท้าย,22,🟡 อาจเป็นการเอ่ยกลางทาง ⛔ ไม่ใช่ผลสรุป
gen-chap-04-coord-q107,gen-chap-04-coord,fill,'-5 < c < 5',-5 < c < 5,ไม่เจอเลย,22,🔴 คำตอบไม่ปรากฏในเฉลยเลย
gen-chap-04-coord-q108,gen-chap-04-coord,mc,3,$(x-2)^2+(y-3)^2=9$ หรือ $(x+4)^2+(y+3)^2=9$,ไม่เจอเลย,21,🔴 คำตอบไม่ปรากฏในเฉลยเลย
gen-chap-04-coord-q109,gen-chap-04-coord,fill,'$(x-3)^2+(y-2)^2=5$',$(x-3)^2+(y-2)^2=5$,เจอแต่ไม่อยู่ท้าย,21,🟡 อาจเป็นการเอ่ยกลางทาง ⛔ ไม่ใช่ผลสรุป
gen-chap-04-coord-q110,gen-chap-04-coord,fill,"'(4, 3/2)'","(4, 3/2)",ไม่เจอเลย,21,🔴 คำตอบไม่ปรากฏในเฉลยเลย
gen-chap-04-coord-q111,gen-chap-04-coord,fill,'$8√5/5$',$8√5/5$,ไม่เจอเลย,27,🔴 คำตอบไม่ปรากฏในเฉลยเลย
gen-chap-04-coord-q112,gen-chap-04-coord,fill,'$2√7$',$2√7$,ไม่เจอเลย,26,🔴 คำตอบไม่ปรากฏในเฉลยเลย
gen-chap-04-coord-q113,gen-chap-04-coord,fill,'-3',-3,เจอแต่ไม่อยู่ท้าย,27,🟡 อาจเป็นการเอ่ยกลางทาง ⛔ ไม่ใช่ผลสรุป
gen-chap-04-coord-q114,gen-chap-04-coord,fill,'1',1,เจอแต่ไม่อยู่ท้าย,22,🟡 อาจเป็นการเอ่ยกลางทาง ⛔ ไม่ใช่ผลสรุป
gen-chap-04-coord-q115,gen-chap-04-coord,mc,0,$x^2+y^2-3x-3y=0$,เจอแต่ไม่อยู่ท้าย,24,🟡 อาจเป็นการเอ่ยกลางทาง ⛔ ไม่ใช่ผลสรุป
gen-chap-04-coord-q116,gen-chap-04-coord,mc,1,$x^2+y^2-8x+12=0$,เจอแต่ไม่อยู่ท้าย,26,🟡 อาจเป็นการเอ่ยกลางทาง ⛔ ไม่ใช่ผลสรุป
gen-chap-04-coord-q117,gen-chap-04-coord,mc,2,$x^2+y^2+5y+\dfrac{9}{4}=0$,เจอแต่ไม่อยู่ท้าย,31,🟡 อาจเป็นการเอ่ยกลางทาง ⛔ ไม่ใช่ผลสรุป
gen-chap-04-coord-q118,gen-chap-04-coord,fill,"'(2, 1)'","(2, 1)",เจอแต่ไม่อยู่ท้าย,26,🟡 อาจเป็นการเอ่ยกลางทาง ⛔ ไม่ใช่ผลสรุป
gen-chap-04-coord-q119,gen-chap-04-coord,fill,'$2√11$',$2√11$,ไม่เจอเลย,27,🔴 คำตอบไม่ปรากฏในเฉลยเลย
gen-chap-04-coord-q120,gen-chap-04-coord,fill,'$y^2+10x-29=0$',$y^2+10x-29=0$,เจอแต่ไม่อยู่ท้าย,23,🟡 อาจเป็นการเอ่ยกลางทาง ⛔ ไม่ใช่ผลสรุป
gen-chap-04-coord-q121,gen-chap-04-coord,fill,'32/5',32/5,ไม่เจอเลย,19,🔴 คำตอบไม่ปรากฏในเฉลยเลย
gen-chap-04-coord-q122,gen-chap-04-coord,mc,3,$4x+5y=25$,เจอแต่ไม่อยู่ท้าย,21,🟡 อาจเป็นการเอ่ยกลางทาง ⛔ ไม่ใช่ผลสรุป
gen-chap-04-coord-q124,gen-chap-04-coord,fill,'37/5',37/5,ไม่เจอเลย,20,🔴 คำตอบไม่ปรากฏในเฉลยเลย
gen-chap-04-coord-q125,gen-chap-04-coord,fill,"'$(2,√3)$'","$(2,√3)$",ไม่เจอเลย,21,🔴 คำตอบไม่ปรากฏในเฉลยเลย
gen-chap-04-coord-q126,gen-chap-04-coord,fill,'9/2',9/2,ไม่เจอเลย,19,🔴 คำตอบไม่ปรากฏในเฉลยเลย
gen-chap-04-coord-q127,gen-chap-04-coord,mc,0,$3x-y=5$,เจอแต่ไม่อยู่ท้าย,26,🟡 อาจเป็นการเอ่ยกลางทาง ⛔ ไม่ใช่ผลสรุป
gen-chap-04-coord-q128,gen-chap-04-coord,mc,1,$16x+20y=125$,เจอแต่ไม่อยู่ท้าย,26,🟡 อาจเป็นการเอ่ยกลางทาง ⛔ ไม่ใช่ผลสรุป
gen-chap-04-coord-q129,gen-chap-04-coord,mc,2,$4x-3y=8$,เจอแต่ไม่อยู่ท้าย,26,🟡 อาจเป็นการเอ่ยกลางทาง ⛔ ไม่ใช่ผลสรุป
gen-chap-04-coord-q130,gen-chap-04-coord,mc,3,$x+3y=2$,เจอแต่ไม่อยู่ท้าย,21,🟡 อาจเป็นการเอ่ยกลางทาง ⛔ ไม่ใช่ผลสรุป
gen-chap-04-coord-q131,gen-chap-04-coord,fill,'4',4,เจอแต่ไม่อยู่ท้าย,20,🟡 อาจเป็นการเอ่ยกลางทาง ⛔ ไม่ใช่ผลสรุป
gen-chap-04-coord-q132,gen-chap-04-coord,fill,'5',5,เจอแต่ไม่อยู่ท้าย,22,🟡 อาจเป็นการเอ่ยกลางทาง ⛔ ไม่ใช่ผลสรุป
gen-chap-04-coord-q133,gen-chap-04-coord,fill,'-3/4',-3/4,ไม่เจอเลย,25,🔴 คำตอบไม่ปรากฏในเฉลยเลย
gen-chap-04-coord-q134,gen-chap-04-coord,fill,'25/2',25/2,ไม่เจอเลย,27,🔴 คำตอบไม่ปรากฏในเฉลยเลย
gen-chap-04-coord-q135,gen-chap-04-coord,mc,0,$18x+25y=61$,เจอแต่ไม่อยู่ท้าย,28,🟡 อาจเป็นการเอ่ยกลางทาง ⛔ ไม่ใช่ผลสรุป
gen-chap-04-coord-q136,gen-chap-04-coord,fill,'$√13$',$√13$,ไม่เจอเลย,20,🔴 คำตอบไม่ปรากฏในเฉลยเลย
gen-chap-04-coord-q137,gen-chap-04-coord,fill,'$±√55$',$±√55$,ไม่เจอเลย,19,🔴 คำตอบไม่ปรากฏในเฉลยเลย
gen-chap-04-coord-q138,gen-chap-04-coord,mc,1,$y^2=4x-8$,เจอแต่ไม่อยู่ท้าย,28,🟡 อาจเป็นการเอ่ยกลางทาง ⛔ ไม่ใช่ผลสรุป
gen-chap-04-coord-q139,gen-chap-04-coord,fill,'12',12,เจอแต่ไม่อยู่ท้าย,21,🟡 อาจเป็นการเอ่ยกลางทาง ⛔ ไม่ใช่ผลสรุป
gen-chap-04-coord-q140,gen-chap-04-coord,mc,2,ทุกค่า $k$ ที่ $k\ne 0$,เจอแต่ไม่อยู่ท้าย,22,🟡 อาจเป็นการเอ่ยกลางทาง ⛔ ไม่ใช่ผลสรุป
gen-chap-04-coord-q141,gen-chap-04-coord,mc,3,$20$,เจอแต่ไม่อยู่ท้าย,21,🟡 อาจเป็นการเอ่ยกลางทาง ⛔ ไม่ใช่ผลสรุป
gen-chap-04-coord-q142,gen-chap-04-coord,mc,0,$2\sqrt{5}$,เจอแต่ไม่อยู่ท้าย,19,🟡 อาจเป็นการเอ่ยกลางทาง ⛔ ไม่ใช่ผลสรุป
gen-chap-04-coord-q143,gen-chap-04-coord,mc,1,$\dfrac{16}{3}$,เจอแต่ไม่อยู่ท้าย,20,🟡 อาจเป็นการเอ่ยกลางทาง ⛔ ไม่ใช่ผลสรุป
gen-chap-04-coord-q144,gen-chap-04-coord,mc,2,$x=4$,เจอแต่ไม่อยู่ท้าย,21,🟡 อาจเป็นการเอ่ยกลางทาง ⛔ ไม่ใช่ผลสรุป
gen-chap-04-coord-q145,gen-chap-04-coord,mc,3,$\dfrac{x^2}{40}+\dfrac{y^2}{15}=1$,เจอแต่ไม่อยู่ท้าย,31,🟡 อาจเป็นการเอ่ยกลางทาง ⛔ ไม่ใช่ผลสรุป
gen-chap-04-coord-q146,gen-chap-04-coord,mc,0,$\dfrac{3\sqrt{5}}{5}$,เจอแต่ไม่อยู่ท้าย,22,🟡 อาจเป็นการเอ่ยกลางทาง ⛔ ไม่ใช่ผลสรุป
gen-chap-04-coord-q147,gen-chap-04-coord,mc,1,$\dfrac{17}{3}$,เจอแต่ไม่อยู่ท้าย,27,🟡 อาจเป็นการเอ่ยกลางทาง ⛔ ไม่ใช่ผลสรุป
gen-chap-04-coord-q148,gen-chap-04-coord,mc,2,$y=x+2$,เจอแต่ไม่อยู่ท้าย,27,🟡 อาจเป็นการเอ่ยกลางทาง ⛔ ไม่ใช่ผลสรุป
gen-chap-04-coord-q149,gen-chap-04-coord,mc,3,$\dfrac{34}{5}$,เจอแต่ไม่อยู่ท้าย,21,🟡 อาจเป็นการเอ่ยกลางทาง ⛔ ไม่ใช่ผลสรุป
gen-chap-04-coord-q150,gen-chap-04-coord,mc,0,"$(18,-12)$",เจอแต่ไม่อยู่ท้าย,29,🟡 อาจเป็นการเอ่ยกลางทาง ⛔ ไม่ใช่ผลสรุป
gen-chap-04-coord-q151,gen-chap-04-coord,mc,1,$2$ จุด,เจอแต่ไม่อยู่ท้าย,22,🟡 อาจเป็นการเอ่ยกลางทาง ⛔ ไม่ใช่ผลสรุป
gen-chap-04-coord-q152,gen-chap-04-coord,mc,2,$2$,เจอแต่ไม่อยู่ท้าย,21,🟡 อาจเป็นการเอ่ยกลางทาง ⛔ ไม่ใช่ผลสรุป
gen-chap-04-coord-q153,gen-chap-04-coord,mc,3,$x^2+y^2-2x=0$,เจอแต่ไม่อยู่ท้าย,30,🟡 อาจเป็นการเอ่ยกลางทาง ⛔ ไม่ใช่ผลสรุป
gen-chap-04-coord-q154,gen-chap-04-coord,mc,0,$4$ จุด,เจอแต่ไม่อยู่ท้าย,25,🟡 อาจเป็นการเอ่ยกลางทาง ⛔ ไม่ใช่ผลสรุป
gen-chap-04-coord-q155,gen-chap-04-coord,mc,1,$2\sqrt{2}$,เจอแต่ไม่อยู่ท้าย,29,🟡 อาจเป็นการเอ่ยกลางทาง ⛔ ไม่ใช่ผลสรุป
gen-chap-04-coord-q156,gen-chap-04-coord,mc,2,$9x^2+16y^2-18x-16y=0$,เจอแต่ไม่อยู่ท้าย,28,🟡 อาจเป็นการเอ่ยกลางทาง ⛔ ไม่ใช่ผลสรุป
gen-chap-04-coord-q157,gen-chap-04-coord,mc,3,$8$,เจอแต่ไม่อยู่ท้าย,23,🟡 อาจเป็นการเอ่ยกลางทาง ⛔ ไม่ใช่ผลสรุป
gen-chap-04-coord-q158,gen-chap-04-coord,mc,0,"$4$ เส้น, ยาว $12$",ไม่เจอเลย,21,🔴 คำตอบไม่ปรากฏในเฉลยเลย
gen-chap-04-coord-q159,gen-chap-04-coord,mc,1,$x^2+y^2-2x-2y+1=0$,เจอแต่ไม่อยู่ท้าย,28,🟡 อาจเป็นการเอ่ยกลางทาง ⛔ ไม่ใช่ผลสรุป
gen-chap-04-coord-q160,gen-chap-04-coord,mc,2,$\dfrac{3}{4}$,เจอแต่ไม่อยู่ท้าย,27,🟡 อาจเป็นการเอ่ยกลางทาง ⛔ ไม่ใช่ผลสรุป
gen-chap-04-coord-q161,gen-chap-04-coord,mc,3,$3x+2y-14=0$,เจอแต่ไม่อยู่ท้าย,28,🟡 อาจเป็นการเอ่ยกลางทาง ⛔ ไม่ใช่ผลสรุป
gen-chap-04-coord-q162,gen-chap-04-coord,mc,0,$2x+y-12=0$,เจอแต่ไม่อยู่ท้าย,26,🟡 อาจเป็นการเอ่ยกลางทาง ⛔ ไม่ใช่ผลสรุป
gen-chap-04-coord-q163,gen-chap-04-coord,mc,1,"ไกลสุด $7$ , ใกล้สุด $3$",เจอแต่ไม่อยู่ท้าย,26,🟡 อาจเป็นการเอ่ยกลางทาง ⛔ ไม่ใช่ผลสรุป
gen-chap-04-coord-q164,gen-chap-04-coord,mc,2,$x^2+y^2=4$,เจอแต่ไม่อยู่ท้าย,26,🟡 อาจเป็นการเอ่ยกลางทาง ⛔ ไม่ใช่ผลสรุป
gen-chap-04-coord-q165,gen-chap-04-coord,mc,3,$\dfrac{x^2}{25}+\dfrac{y^2}{16}=1$,เจอแต่ไม่อยู่ท้าย,26,🟡 อาจเป็นการเอ่ยกลางทาง ⛔ ไม่ใช่ผลสรุป
gen-chap-04-coord-q166,gen-chap-04-coord,mc,0,$\dfrac{x^2}{16}-\dfrac{y^2}{9}=1$,เจอแต่ไม่อยู่ท้าย,31,🟡 อาจเป็นการเอ่ยกลางทาง ⛔ ไม่ใช่ผลสรุป
gen-chap-04-coord-q167,gen-chap-04-coord,mc,1,$x^2+y^2=9$,เจอแต่ไม่อยู่ท้าย,31,🟡 อาจเป็นการเอ่ยกลางทาง ⛔ ไม่ใช่ผลสรุป
gen-chap-04-coord-q168,gen-chap-04-coord,fill,'10',10,เจอแต่ไม่อยู่ท้าย,26,🟡 อาจเป็นการเอ่ยกลางทาง ⛔ ไม่ใช่ผลสรุป
gen-chap-04-coord-q169,gen-chap-04-coord,mc,2,$5$,เจอแต่ไม่อยู่ท้าย,33,🟡 อาจเป็นการเอ่ยกลางทาง ⛔ ไม่ใช่ผลสรุป
gen-chap-04-coord-q170,gen-chap-04-coord,mc,3,$x^2-y^2=4$,เจอแต่ไม่อยู่ท้าย,31,🟡 อาจเป็นการเอ่ยกลางทาง ⛔ ไม่ใช่ผลสรุป
gen-chap-04-coord-q171,gen-chap-04-coord,mc,0,$\dfrac{3\sqrt{2}}{2}$,เจอแต่ไม่อยู่ท้าย,31,🟡 อาจเป็นการเอ่ยกลางทาง ⛔ ไม่ใช่ผลสรุป
gen-chap-04-coord-q172,gen-chap-04-coord,mc,1,$\dfrac{x^2}{16}+\dfrac{y^2}{64}=1$,เจอแต่ไม่อยู่ท้าย,31,🟡 อาจเป็นการเอ่ยกลางทาง ⛔ ไม่ใช่ผลสรุป
gen-chap-04-coord-q173,gen-chap-04-coord,mc,2,$\dfrac{x^2}{4}+\dfrac{y^2}{12}=1$,เจอแต่ไม่อยู่ท้าย,26,🟡 อาจเป็นการเอ่ยกลางทาง ⛔ ไม่ใช่ผลสรุป
gen-chap-04-coord-q174,gen-chap-04-coord,mc,3,$x^2+y^2=25$,เจอแต่ไม่อยู่ท้าย,27,🟡 อาจเป็นการเอ่ยกลางทาง ⛔ ไม่ใช่ผลสรุป
gen-chap-04-coord-q175,gen-chap-04-coord,mc,0,$x=-2$,เจอแต่ไม่อยู่ท้าย,31,🟡 อาจเป็นการเอ่ยกลางทาง ⛔ ไม่ใช่ผลสรุป
gen-chap-04-coord-q176,gen-chap-04-coord,mc,1,$\dfrac{(2x-3)^2}{25}+\dfrac{y^2}{4}=1$,เจอแต่ไม่อยู่ท้าย,31,🟡 อาจเป็นการเอ่ยกลางทาง ⛔ ไม่ใช่ผลสรุป
gen-chap-04-coord-q177,gen-chap-04-coord,mc,2,$y^2=2(x-4)$,เจอแต่ไม่อยู่ท้าย,33,🟡 อาจเป็นการเอ่ยกลางทาง ⛔ ไม่ใช่ผลสรุป
gen-chap-04-coord-q178,gen-chap-04-coord,fill,'6',6,เจอแต่ไม่อยู่ท้าย,33,🟡 อาจเป็นการเอ่ยกลางทาง ⛔ ไม่ใช่ผลสรุป
gen-chap-04-coord-q179,gen-chap-04-coord,mc,3,$\dfrac{6\sqrt{5}}{5}$,เจอแต่ไม่อยู่ท้าย,31,🟡 อาจเป็นการเอ่ยกลางทาง ⛔ ไม่ใช่ผลสรุป
gen-chap-04-coord-q180,gen-chap-04-coord,mc,0,$10+\sqrt{5}$,เจอแต่ไม่อยู่ท้าย,26,🟡 อาจเป็นการเอ่ยกลางทาง ⛔ ไม่ใช่ผลสรุป
gen-chap-04-coord-q181,gen-chap-04-coord,fill,'$x^2+y^2-3x=0$',$x^2+y^2-3x=0$,เจอแต่ไม่อยู่ท้าย,33,🟡 อาจเป็นการเอ่ยกลางทาง ⛔ ไม่ใช่ผลสรุป
gen-chap-04-coord-q183,gen-chap-04-coord,mc,0,"$k\lt\dfrac{1}{2}$ ตัดสองจุด, $k=\dfrac{1}{2}$ สัมผัส, $k\gt\dfrac{1}{2}$ ไม่ตัด",เจอแต่ไม่อยู่ท้าย,27,🟡 อาจเป็นการเอ่ยกลางทาง ⛔ ไม่ใช่ผลสรุป
gen-chap-04-coord-q184,gen-chap-04-coord,fill,'$\\dfrac{9}{2}$',$\dfrac{9}{2}$,เจอแต่ไม่อยู่ท้าย,34,🟡 อาจเป็นการเอ่ยกลางทาง ⛔ ไม่ใช่ผลสรุป
gen-chap-04-coord-q185,gen-chap-04-coord,fill,'5',5,เจอแต่ไม่อยู่ท้าย,31,🟡 อาจเป็นการเอ่ยกลางทาง ⛔ ไม่ใช่ผลสรุป
gen-chap-04-coord-q186,gen-chap-04-coord,fill,'3',3,เจอแต่ไม่อยู่ท้าย,25,🟡 อาจเป็นการเอ่ยกลางทาง ⛔ ไม่ใช่ผลสรุป
gen-chap-04-coord-q187,gen-chap-04-coord,fill,'25',25,เจอแต่ไม่อยู่ท้าย,32,🟡 อาจเป็นการเอ่ยกลางทาง ⛔ ไม่ใช่ผลสรุป
gen-chap-04-coord-q188,gen-chap-04-coord,fill,'12',12,เจอแต่ไม่อยู่ท้าย,31,🟡 อาจเป็นการเอ่ยกลางทาง ⛔ ไม่ใช่ผลสรุป
gen-chap-04-coord-q189,gen-chap-04-coord,fill,'8',8,เจอแต่ไม่อยู่ท้าย,27,🟡 อาจเป็นการเอ่ยกลางทาง ⛔ ไม่ใช่ผลสรุป
gen-chap-04-coord-q190,gen-chap-04-coord,fill,"'$m=\\pm\\dfrac{3}{2},\\ \\pm\\dfrac{\\sqrt{10}}{2}$'","$m=\pm\dfrac{3}{2},\ \pm\dfrac{\sqrt{10}}{2}$",เจอแต่ไม่อยู่ท้าย,35,🟡 อาจเป็นการเอ่ยกลางทาง ⛔ ไม่ใช่ผลสรุป
gen-chap-04-coord-q192,gen-chap-04-coord,fill,'$5\\sqrt{3}$',$5\sqrt{3}$,เจอแต่ไม่อยู่ท้าย,37,🟡 อาจเป็นการเอ่ยกลางทาง ⛔ ไม่ใช่ผลสรุป
gen-chap-04-coord-q193,gen-chap-04-coord,fill,'$x^2+y^2=4$',$x^2+y^2=4$,เจอแต่ไม่อยู่ท้าย,33,🟡 อาจเป็นการเอ่ยกลางทาง ⛔ ไม่ใช่ผลสรุป
gen-chap-04-coord-q194,gen-chap-04-coord,fill,'$k=3\\pm 3\\sqrt{2}$',$k=3\pm 3\sqrt{2}$,เจอแต่ไม่อยู่ท้าย,32,🟡 อาจเป็นการเอ่ยกลางทาง ⛔ ไม่ใช่ผลสรุป
gen-chap-04-coord-q195,gen-chap-04-coord,fill,'$\\dfrac{8\\sqrt{3}}{3}$',$\dfrac{8\sqrt{3}}{3}$,เจอแต่ไม่อยู่ท้าย,26,🟡 อาจเป็นการเอ่ยกลางทาง ⛔ ไม่ใช่ผลสรุป
gen-chap-04-coord-q196,gen-chap-04-coord,fill,'2x-y-6=0',2x-y-6=0,เจอแต่ไม่อยู่ท้าย,33,🟡 อาจเป็นการเอ่ยกลางทาง ⛔ ไม่ใช่ผลสรุป
gen-chap-04-coord-q197,gen-chap-04-coord,fill,"'$x-y+2=0,\\ 2x+y+1=0$'","$x-y+2=0,\ 2x+y+1=0$",เจอแต่ไม่อยู่ท้าย,34,🟡 อาจเป็นการเอ่ยกลางทาง ⛔ ไม่ใช่ผลสรุป
gen-chap-04-coord-q198,gen-chap-04-coord,fill,'2x+3y-21=0',2x+3y-21=0,เจอแต่ไม่อยู่ท้าย,25,🟡 อาจเป็นการเอ่ยกลางทาง ⛔ ไม่ใช่ผลสรุป
gen-chap-04-coord-q199,gen-chap-04-coord,fill,'x+y-3=0',x+y-3=0,เจอแต่ไม่อยู่ท้าย,25,🟡 อาจเป็นการเอ่ยกลางทาง ⛔ ไม่ใช่ผลสรุป
gen-chap-04-coord-q200,gen-chap-04-coord,fill,'x+y=7',x+y=7,เจอแต่ไม่อยู่ท้าย,21,🟡 อาจเป็นการเอ่ยกลางทาง ⛔ ไม่ใช่ผลสรุป
gen-chap-04-coord-q207,gen-chap-04-coord,mc,2,มีสองวง คือ $(x-3)^2+(y-2)^2=4$ และ $(x+5)^2+(y-10)^2=100$,ไม่เจอเลย,19,🔴 คำตอบไม่ปรากฏในเฉลยเลย
gen-chap-04-coord-q220,gen-chap-04-coord,fill,'192/25',192/25,ไม่เจอเลย,25,🔴 คำตอบไม่ปรากฏในเฉลยเลย
gen-chap-04-coord-q225,gen-chap-04-coord,fill,'25/2',25/2,ไม่เจอเลย,22,🔴 คำตอบไม่ปรากฏในเฉลยเลย
gen-chap-04-coord-q226,gen-chap-04-coord,fill,'9/2',9/2,ไม่เจอเลย,21,🔴 คำตอบไม่ปรากฏในเฉลยเลย
gen-chap-04-coord-q231,gen-chap-04-coord,fill,'1/3',1/3,ไม่เจอเลย,21,🔴 คำตอบไม่ปรากฏในเฉลยเลย
gen-chap-04-coord-q250,gen-chap-04-coord,fill,'8/5',8/5,ไม่เจอเลย,21,🔴 คำตอบไม่ปรากฏในเฉลยเลย
gen-chap-04-coord-q261,gen-chap-04-coord,fill,'32/3',32/3,ไม่เจอเลย,17,🔴 คำตอบไม่ปรากฏในเฉลยเลย
gen-chap-04-coord-q267,gen-chap-04-coord,fill,'125/9',125/9,ไม่เจอเลย,21,🔴 คำตอบไม่ปรากฏในเฉลยเลย
gen-chap-04-coord-q278,gen-chap-04-coord,fill,'$2√3/3$',$2√3/3$,ไม่เจอเลย,21,🔴 คำตอบไม่ปรากฏในเฉลยเลย
gen-chap-04-coord-q297,gen-chap-04-coord,fill,'$4√2$',$4√2$,ไม่เจอเลย,16,🔴 คำตอบไม่ปรากฏในเฉลยเลย
gen-chap-04-coord-q299,gen-chap-04-coord,fill,'25/3',25/3,ไม่เจอเลย,17,🔴 คำตอบไม่ปรากฏในเฉลยเลย
gen-chap-04-coord-q301,gen-chap-04-coord,mc,1,$6$ ตารางหน่วย,เจอแต่ไม่อยู่ท้าย,29,🟡 อาจเป็นการเอ่ยกลางทาง ⛔ ไม่ใช่ผลสรุป
gen-chap-04-coord-q302,gen-chap-04-coord,fill,'3/5',3/5,ไม่เจอเลย,29,🔴 คำตอบไม่ปรากฏในเฉลยเลย
gen-chap-04-coord-q304,gen-chap-04-coord,fill,'3',3,เจอแต่ไม่อยู่ท้าย,28,🟡 อาจเป็นการเอ่ยกลางทาง ⛔ ไม่ใช่ผลสรุป
gen-chap-04-coord-q305,gen-chap-04-coord,fill,'9/2',9/2,ไม่เจอเลย,28,🔴 คำตอบไม่ปรากฏในเฉลยเลย
gen-chap-04-coord-q307,gen-chap-04-coord,mc,1,"$(1,4)$",เจอแต่ไม่อยู่ท้าย,37,🟡 อาจเป็นการเอ่ยกลางทาง ⛔ ไม่ใช่ผลสรุป
gen-chap-04-coord-q309,gen-chap-04-coord,fill,'$2√10$',$2√10$,ไม่เจอเลย,28,🔴 คำตอบไม่ปรากฏในเฉลยเลย
gen-chap-04-coord-q310,gen-chap-04-coord,fill,'$5√2/2$',$5√2/2$,ไม่เจอเลย,33,🔴 คำตอบไม่ปรากฏในเฉลยเลย
gen-chap-04-coord-q311,gen-chap-04-coord,mc,0,$\dfrac{73}{2}$,เจอแต่ไม่อยู่ท้าย,29,🟡 อาจเป็นการเอ่ยกลางทาง ⛔ ไม่ใช่ผลสรุป
gen-chap-04-coord-q312,gen-chap-04-coord,mc,2,"$(6,6)$",เจอแต่ไม่อยู่ท้าย,34,🟡 อาจเป็นการเอ่ยกลางทาง ⛔ ไม่ใช่ผลสรุป
gen-chap-04-coord-q313,gen-chap-04-coord,fill,'7/3',7/3,ไม่เจอเลย,38,🔴 คำตอบไม่ปรากฏในเฉลยเลย
gen-chap-04-coord-q314,gen-chap-04-coord,mc,2,"$\left(\dfrac{7}{2},\dfrac{7}{2}\right)$",เจอแต่ไม่อยู่ท้าย,34,🟡 อาจเป็นการเอ่ยกลางทาง ⛔ ไม่ใช่ผลสรุป
gen-chap-04-coord-q315,gen-chap-04-coord,mc,0,"$(1,4)$",เจอแต่ไม่อยู่ท้าย,28,🟡 อาจเป็นการเอ่ยกลางทาง ⛔ ไม่ใช่ผลสรุป
gen-chap-04-coord-q316,gen-chap-04-coord,fill,'25/4',25/4,ไม่เจอเลย,34,🔴 คำตอบไม่ปรากฏในเฉลยเลย
gen-chap-04-coord-q317,gen-chap-04-coord,mc,0,$5$ หรือ $-15$,เจอแต่ไม่อยู่ท้าย,36,🟡 อาจเป็นการเอ่ยกลางทาง ⛔ ไม่ใช่ผลสรุป
gen-chap-04-coord-q318,gen-chap-04-coord,fill,'$4√5$',$4√5$,ไม่เจอเลย,28,🔴 คำตอบไม่ปรากฏในเฉลยเลย
gen-chap-04-coord-q319,gen-chap-04-coord,fill,'14',14,เจอแต่ไม่อยู่ท้าย,34,🟡 อาจเป็นการเอ่ยกลางทาง ⛔ ไม่ใช่ผลสรุป
gen-chap-04-coord-q320,gen-chap-04-coord,mc,0,$6$ ตารางหน่วย,เจอแต่ไม่อยู่ท้าย,29,🟡 อาจเป็นการเอ่ยกลางทาง ⛔ ไม่ใช่ผลสรุป
gen-chap-04-coord-q321,gen-chap-04-coord,fill,'$3\\sqrt{2}$',$3\sqrt{2}$,เจอแต่ไม่อยู่ท้าย,30,🟡 อาจเป็นการเอ่ยกลางทาง ⛔ ไม่ใช่ผลสรุป
gen-chap-04-coord-q322,gen-chap-04-coord,mc,2,$c=-8$ หรือ $c=-28$,เจอแต่ไม่อยู่ท้าย,28,🟡 อาจเป็นการเอ่ยกลางทาง ⛔ ไม่ใช่ผลสรุป
gen-chap-04-coord-q323,gen-chap-04-coord,fill,'$5$',$5$,เจอแต่ไม่อยู่ท้าย,27,🟡 อาจเป็นการเอ่ยกลางทาง ⛔ ไม่ใช่ผลสรุป
gen-chap-04-coord-q324,gen-chap-04-coord,fill,'$2\\sqrt{15}$',$2\sqrt{15}$,เจอแต่ไม่อยู่ท้าย,28,🟡 อาจเป็นการเอ่ยกลางทาง ⛔ ไม่ใช่ผลสรุป
gen-chap-04-coord-q325,gen-chap-04-coord,mc,2,$x+2y-5=0$,เจอแต่ไม่อยู่ท้าย,23,🟡 อาจเป็นการเอ่ยกลางทาง ⛔ ไม่ใช่ผลสรุป
gen-chap-04-coord-q326,gen-chap-04-coord,mc,0,$\dfrac{8}{5}$,เจอแต่ไม่อยู่ท้าย,37,🟡 อาจเป็นการเอ่ยกลางทาง ⛔ ไม่ใช่ผลสรุป
gen-chap-04-coord-q327,gen-chap-04-coord,mc,1,$3x+4y-36=0$,เจอแต่ไม่อยู่ท้าย,38,🟡 อาจเป็นการเอ่ยกลางทาง ⛔ ไม่ใช่ผลสรุป
gen-chap-04-coord-q328,gen-chap-04-coord,fill,'$2\\sqrt{21}$',$2\sqrt{21}$,เจอแต่ไม่อยู่ท้าย,28,🟡 อาจเป็นการเอ่ยกลางทาง ⛔ ไม่ใช่ผลสรุป
gen-chap-04-coord-q329,gen-chap-04-coord,fill,'$6$',$6$,เจอแต่ไม่อยู่ท้าย,29,🟡 อาจเป็นการเอ่ยกลางทาง ⛔ ไม่ใช่ผลสรุป
gen-chap-04-coord-q330,gen-chap-04-coord,mc,3,$9$ หรือ $49$,เจอแต่ไม่อยู่ท้าย,36,🟡 อาจเป็นการเอ่ยกลางทาง ⛔ ไม่ใช่ผลสรุป
gen-chap-04-coord-q331,gen-chap-04-coord,fill,'$3$',$3$,เจอแต่ไม่อยู่ท้าย,37,🟡 อาจเป็นการเอ่ยกลางทาง ⛔ ไม่ใช่ผลสรุป
gen-chap-04-coord-q332,gen-chap-04-coord,mc,0,$x^2+y^2-6x-8y+16=0$,เจอแต่ไม่อยู่ท้าย,37,🟡 อาจเป็นการเอ่ยกลางทาง ⛔ ไม่ใช่ผลสรุป
gen-chap-04-coord-q333,gen-chap-04-coord,fill,"'$\\left(-\\dfrac{1}{2},\\ \\dfrac{1}{2}\\right)$'","$\left(-\dfrac{1}{2},\ \dfrac{1}{2}\right)$",เจอแต่ไม่อยู่ท้าย,35,🟡 อาจเป็นการเอ่ยกลางทาง ⛔ ไม่ใช่ผลสรุป
gen-chap-04-coord-q334,gen-chap-04-coord,fill,'$4\\sqrt{5}$',$4\sqrt{5}$,เจอแต่ไม่อยู่ท้าย,28,🟡 อาจเป็นการเอ่ยกลางทาง ⛔ ไม่ใช่ผลสรุป
gen-chap-04-coord-q335,gen-chap-04-coord,mc,2,$x^2+y^2-6x-6y+8=0$,เจอแต่ไม่อยู่ท้าย,38,🟡 อาจเป็นการเอ่ยกลางทาง ⛔ ไม่ใช่ผลสรุป
gen-chap-04-coord-q336,gen-chap-04-coord,fill,'$2\\sqrt{10}-5$',$2\sqrt{10}-5$,เจอแต่ไม่อยู่ท้าย,36,🟡 อาจเป็นการเอ่ยกลางทาง ⛔ ไม่ใช่ผลสรุป
gen-chap-04-coord-q337,gen-chap-04-coord,mc,2,$2\sqrt{17}$,เจอแต่ไม่อยู่ท้าย,30,🟡 อาจเป็นการเอ่ยกลางทาง ⛔ ไม่ใช่ผลสรุป
gen-chap-04-coord-q338,gen-chap-04-coord,mc,1,$k=18$ หรือ $k=-32$,เจอแต่ไม่อยู่ท้าย,33,🟡 อาจเป็นการเอ่ยกลางทาง ⛔ ไม่ใช่ผลสรุป
gen-chap-04-coord-q339,gen-chap-04-coord,fill,'$2\\sqrt{3}$',$2\sqrt{3}$,เจอแต่ไม่อยู่ท้าย,37,🟡 อาจเป็นการเอ่ยกลางทาง ⛔ ไม่ใช่ผลสรุป
gen-chap-04-coord-q340,gen-chap-04-coord,mc,1,$x^2+y^2+x-y-24=0$,เจอแต่ไม่อยู่ท้าย,32,🟡 อาจเป็นการเอ่ยกลางทาง ⛔ ไม่ใช่ผลสรุป
gen-chap-04-coord-q347,gen-chap-04-coord,mc,3,"$(1,-2)$ และ $(9,6)$",เจอแต่ไม่อยู่ท้าย,22,🟡 อาจเป็นการเอ่ยกลางทาง ⛔ ไม่ใช่ผลสรุป
gen-chap-04-coord-q348,gen-chap-04-coord,fill,'24',24,เจอแต่ไม่อยู่ท้าย,23,🟡 อาจเป็นการเอ่ยกลางทาง ⛔ ไม่ใช่ผลสรุป
gen-chap-04-coord-q349,gen-chap-04-coord,mc,1,$4$,เจอแต่ไม่อยู่ท้าย,23,🟡 อาจเป็นการเอ่ยกลางทาง ⛔ ไม่ใช่ผลสรุป
gen-chap-04-coord-q351,gen-chap-04-coord,mc,0,"$(4,4)$",เจอแต่ไม่อยู่ท้าย,22,🟡 อาจเป็นการเอ่ยกลางทาง ⛔ ไม่ใช่ผลสรุป
gen-chap-04-coord-q352,gen-chap-04-coord,fill,'12',12,เจอแต่ไม่อยู่ท้าย,22,🟡 อาจเป็นการเอ่ยกลางทาง ⛔ ไม่ใช่ผลสรุป
gen-chap-04-coord-q353,gen-chap-04-coord,mc,0,$y=x+4$,เจอแต่ไม่อยู่ท้าย,21,🟡 อาจเป็นการเอ่ยกลางทาง ⛔ ไม่ใช่ผลสรุป
gen-chap-04-coord-q354,gen-chap-04-coord,fill,'10',10,เจอแต่ไม่อยู่ท้าย,22,🟡 อาจเป็นการเอ่ยกลางทาง ⛔ ไม่ใช่ผลสรุป
gen-chap-04-coord-q355,gen-chap-04-coord,fill,'6',6,เจอแต่ไม่อยู่ท้าย,23,🟡 อาจเป็นการเอ่ยกลางทาง ⛔ ไม่ใช่ผลสรุป
gen-chap-04-coord-q356,gen-chap-04-coord,mc,0,"$(-1,0)$",เจอแต่ไม่อยู่ท้าย,22,🟡 อาจเป็นการเอ่ยกลางทาง ⛔ ไม่ใช่ผลสรุป
gen-chap-04-coord-q357,gen-chap-04-coord,fill,'16',16,เจอแต่ไม่อยู่ท้าย,23,🟡 อาจเป็นการเอ่ยกลางทาง ⛔ ไม่ใช่ผลสรุป
gen-chap-04-coord-q358,gen-chap-04-coord,fill,'32',32,เจอแต่ไม่อยู่ท้าย,23,🟡 อาจเป็นการเอ่ยกลางทาง ⛔ ไม่ใช่ผลสรุป
gen-chap-04-coord-q366,gen-chap-04-coord,fill,'4',4,เจอแต่ไม่อยู่ท้าย,25,🟡 อาจเป็นการเอ่ยกลางทาง ⛔ ไม่ใช่ผลสรุป
gen-chap-04-coord-q371,gen-chap-04-coord,mc,3,$8$ เมตร,เจอแต่ไม่อยู่ท้าย,22,🟡 อาจเป็นการเอ่ยกลางทาง ⛔ ไม่ใช่ผลสรุป
gen-chap-04-coord-q381,gen-chap-04-coord,mc,2,"$(8,-2)$ และ $(-2,-2)$",เจอแต่ไม่อยู่ท้าย,30,🟡 อาจเป็นการเอ่ยกลางทาง ⛔ ไม่ใช่ผลสรุป
gen-chap-04-coord-q382,gen-chap-04-coord,fill,'13/12',13/12,ไม่เจอเลย,30,🔴 คำตอบไม่ปรากฏในเฉลยเลย
gen-chap-04-coord-q383,gen-chap-04-coord,mc,3,$y=\pm\dfrac{4}{3}x$,เจอแต่ไม่อยู่ท้าย,23,🟡 อาจเป็นการเอ่ยกลางทาง ⛔ ไม่ใช่ผลสรุป
gen-chap-04-coord-q384,gen-chap-04-coord,mc,1,"$(-2,7)$ และ $(-2,-5)$",เจอแต่ไม่อยู่ท้าย,27,🟡 อาจเป็นการเอ่ยกลางทาง ⛔ ไม่ใช่ผลสรุป
gen-chap-04-coord-q385,gen-chap-04-coord,mc,3,$\dfrac{x^2}{36}-\dfrac{y^2}{64}=1$,เจอแต่ไม่อยู่ท้าย,30,🟡 อาจเป็นการเอ่ยกลางทาง ⛔ ไม่ใช่ผลสรุป
gen-chap-04-coord-q386,gen-chap-04-coord,fill,'1',1,เจอแต่ไม่อยู่ท้าย,32,🟡 อาจเป็นการเอ่ยกลางทาง ⛔ ไม่ใช่ผลสรุป
gen-chap-04-coord-q387,gen-chap-04-coord,fill,'9/2',9/2,ไม่เจอเลย,30,🔴 คำตอบไม่ปรากฏในเฉลยเลย
gen-chap-04-coord-q388,gen-chap-04-coord,mc,1,$\dfrac{x^2}{144}-\dfrac{y^2}{25}=1$,เจอแต่ไม่อยู่ท้าย,30,🟡 อาจเป็นการเอ่ยกลางทาง ⛔ ไม่ใช่ผลสรุป
gen-chap-04-coord-q389,gen-chap-04-coord,mc,2,"$(\pm5,0)$",เจอแต่ไม่อยู่ท้าย,30,🟡 อาจเป็นการเอ่ยกลางทาง ⛔ ไม่ใช่ผลสรุป
gen-chap-04-coord-q390,gen-chap-04-coord,fill,'3/4',3/4,ไม่เจอเลย,35,🔴 คำตอบไม่ปรากฏในเฉลยเลย
gen-chap-04-coord-q391,gen-chap-04-coord,fill,'7',7,เจอแต่ไม่อยู่ท้าย,36,🟡 อาจเป็นการเอ่ยกลางทาง ⛔ ไม่ใช่ผลสรุป
gen-chap-04-coord-q393,gen-chap-04-coord,fill,'32/3',32/3,ไม่เจอเลย,30,🔴 คำตอบไม่ปรากฏในเฉลยเลย
gen-chap-04-coord-q394,gen-chap-04-coord,fill,'25',25,เจอแต่ไม่อยู่ท้าย,30,🟡 อาจเป็นการเอ่ยกลางทาง ⛔ ไม่ใช่ผลสรุป
gen-chap-04-coord-q396,gen-chap-04-coord,mc,3,$9\pi$,เจอแต่ไม่อยู่ท้าย,36,🟡 อาจเป็นการเอ่ยกลางทาง ⛔ ไม่ใช่ผลสรุป
gen-chap-04-coord-q398,gen-chap-04-coord,fill,'18',18,เจอแต่ไม่อยู่ท้าย,37,🟡 อาจเป็นการเอ่ยกลางทาง ⛔ ไม่ใช่ผลสรุป
gen-chap-04-coord-q399,gen-chap-04-coord,fill,'5/3',5/3,ไม่เจอเลย,30,🔴 คำตอบไม่ปรากฏในเฉลยเลย
gen-chap-05-function-q001,gen-chap-05-function,fill,'7/2',7/2,ไม่เจอเลย,20,🔴 คำตอบไม่ปรากฏในเฉลยเลย
gen-chap-05-function-q002,gen-chap-05-function,mc,3,"$[-4,5)\cup(5,\infty)$",เจอแต่ไม่อยู่ท้าย,20,🟡 อาจเป็นการเอ่ยกลางทาง ⛔ ไม่ใช่ผลสรุป
gen-chap-05-function-q003,gen-chap-05-function,fill,'6',6,เจอแต่ไม่อยู่ท้าย,22,🟡 อาจเป็นการเอ่ยกลางทาง ⛔ ไม่ใช่ผลสรุป
gen-chap-05-function-q005,gen-chap-05-function,fill,'3',3,เจอแต่ไม่อยู่ท้าย,23,🟡 อาจเป็นการเอ่ยกลางทาง ⛔ ไม่ใช่ผลสรุป
gen-chap-05-function-q006,gen-chap-05-function,fill,'$\\sqrt{2}$',$\sqrt{2}$,เจอแต่ไม่อยู่ท้าย,27,🟡 อาจเป็นการเอ่ยกลางทาง ⛔ ไม่ใช่ผลสรุป
gen-chap-05-function-q008,gen-chap-05-function,mc,2,"$(-\infty,-2)\cup[1,\infty)$",เจอแต่ไม่อยู่ท้าย,28,🟡 อาจเป็นการเอ่ยกลางทาง ⛔ ไม่ใช่ผลสรุป
gen-chap-05-function-q009,gen-chap-05-function,mc,3,"$\left[-\dfrac{1}{2},\ \dfrac{1}{6}\right]$",ไม่เจอเลย,29,🔴 คำตอบไม่ปรากฏในเฉลยเลย
gen-chap-05-function-q010,gen-chap-05-function,fill,'4',4,เจอแต่ไม่อยู่ท้าย,29,🟡 อาจเป็นการเอ่ยกลางทาง ⛔ ไม่ใช่ผลสรุป
gen-chap-05-function-q021,gen-chap-05-function,mc,0,"$\{x \mid x\ge -1,\ x\ne 3\}$",เจอแต่ไม่อยู่ท้าย,31,🟡 อาจเป็นการเอ่ยกลางทาง ⛔ ไม่ใช่ผลสรุป
gen-chap-05-function-q023,gen-chap-05-function,mc,3,$4x^2-12x+9$,เจอแต่ไม่อยู่ท้าย,25,🟡 อาจเป็นการเอ่ยกลางทาง ⛔ ไม่ใช่ผลสรุป
gen-chap-05-function-q024,gen-chap-05-function,fill,'$x^{2} + 2 x - 1$',$x^{2} + 2 x - 1$,เจอแต่ไม่อยู่ท้าย,25,🟡 อาจเป็นการเอ่ยกลางทาง ⛔ ไม่ใช่ผลสรุป
gen-chap-05-function-q025,gen-chap-05-function,mc,2,$\dfrac{x}{10x+1}$,เจอแต่ไม่อยู่ท้าย,30,🟡 อาจเป็นการเอ่ยกลางทาง ⛔ ไม่ใช่ผลสรุป
gen-chap-05-function-q026,gen-chap-05-function,fill,'-3',-3,เจอแต่ไม่อยู่ท้าย,32,🟡 อาจเป็นการเอ่ยกลางทาง ⛔ ไม่ใช่ผลสรุป
gen-chap-05-function-q029,gen-chap-05-function,mc,1,$x=2$ หรือ $x=4$,เจอแต่ไม่อยู่ท้าย,34,🟡 อาจเป็นการเอ่ยกลางทาง ⛔ ไม่ใช่ผลสรุป
gen-chap-05-function-q030,gen-chap-05-function,fill,'1/46',1/46,ไม่เจอเลย,28,🔴 คำตอบไม่ปรากฏในเฉลยเลย
gen-chap-05-function-q031,gen-chap-05-function,mc,0,"$f^{-1}(x)=(x-5)^2-4,\ x\le 5$",เจอแต่ไม่อยู่ท้าย,28,🟡 อาจเป็นการเอ่ยกลางทาง ⛔ ไม่ใช่ผลสรุป
gen-chap-05-function-q033,gen-chap-05-function,fill,'(x+2)/(3-x)',(x+2)/(3-x),ไม่เจอเลย,28,🔴 คำตอบไม่ปรากฏในเฉลยเลย
gen-chap-05-function-q034,gen-chap-05-function,mc,1,"$[1,\infty)$",เจอแต่ไม่อยู่ท้าย,25,🟡 อาจเป็นการเอ่ยกลางทาง ⛔ ไม่ใช่ผลสรุป
gen-chap-05-function-q035,gen-chap-05-function,fill,'4',4,เจอแต่ไม่อยู่ท้าย,35,🟡 อาจเป็นการเอ่ยกลางทาง ⛔ ไม่ใช่ผลสรุป
gen-chap-05-function-q037,gen-chap-05-function,fill,'$-2-\\sqrt{\\dfrac{x+3}{2}}$',$-2-\sqrt{\dfrac{x+3}{2}}$,เจอแต่ไม่อยู่ท้าย,35,🟡 อาจเป็นการเอ่ยกลางทาง ⛔ ไม่ใช่ผลสรุป
gen-chap-05-function-q038,gen-chap-05-function,mc,2,$\dfrac{3x-5}{2}$,เจอแต่ไม่อยู่ท้าย,26,🟡 อาจเป็นการเอ่ยกลางทาง ⛔ ไม่ใช่ผลสรุป
gen-chap-05-function-q039,gen-chap-05-function,fill,'3',3,เจอแต่ไม่อยู่ท้าย,34,🟡 อาจเป็นการเอ่ยกลางทาง ⛔ ไม่ใช่ผลสรุป
gen-chap-05-function-q040,gen-chap-05-function,fill,'2',2,เจอแต่ไม่อยู่ท้าย,33,🟡 อาจเป็นการเอ่ยกลางทาง ⛔ ไม่ใช่ผลสรุป
gen-chap-05-function-q041,gen-chap-05-function,fill,'$-1$',$-1$,เจอแต่ไม่อยู่ท้าย,25,🟡 อาจเป็นการเอ่ยกลางทาง ⛔ ไม่ใช่ผลสรุป
gen-chap-05-function-q042,gen-chap-05-function,mc,3,ไม่เป็นทั้งฟังก์ชันคู่และฟังก์ชันคี่,เจอแต่ไม่อยู่ท้าย,25,🟡 อาจเป็นการเอ่ยกลางทาง ⛔ ไม่ใช่ผลสรุป
gen-chap-05-function-q043,gen-chap-05-function,fill,'$28$',$28$,เจอแต่ไม่อยู่ท้าย,24,🟡 อาจเป็นการเอ่ยกลางทาง ⛔ ไม่ใช่ผลสรุป
gen-chap-05-function-q044,gen-chap-05-function,mc,0,$y=-|x+2|+3$,เจอแต่ไม่อยู่ท้าย,28,🟡 อาจเป็นการเอ่ยกลางทาง ⛔ ไม่ใช่ผลสรุป
gen-chap-05-function-q045,gen-chap-05-function,fill,'$2$',$2$,เจอแต่ไม่อยู่ท้าย,27,🟡 อาจเป็นการเอ่ยกลางทาง ⛔ ไม่ใช่ผลสรุป
gen-chap-05-function-q047,gen-chap-05-function,mc,0,$-4$,เจอแต่ไม่อยู่ท้าย,28,🟡 อาจเป็นการเอ่ยกลางทาง ⛔ ไม่ใช่ผลสรุป
gen-chap-05-function-q048,gen-chap-05-function,mc,3,$24$,เจอแต่ไม่อยู่ท้าย,32,🟡 อาจเป็นการเอ่ยกลางทาง ⛔ ไม่ใช่ผลสรุป
gen-chap-05-function-q050,gen-chap-05-function,fill,'$4$',$4$,เจอแต่ไม่อยู่ท้าย,36,🟡 อาจเป็นการเอ่ยกลางทาง ⛔ ไม่ใช่ผลสรุป
gen-chap-05-function-q053,gen-chap-05-function,mc,0,"$[-5,5]$ และ $[-5,5]$",ไม่เจอเลย,11,🔴 คำตอบไม่ปรากฏในเฉลยเลย
gen-chap-05-function-q057,gen-chap-05-function,mc,0,"$[-3,3]$ และ $[-4,4]$",ไม่เจอเลย,11,🔴 คำตอบไม่ปรากฏในเฉลยเลย
gen-chap-05-function-q059,gen-chap-05-function,mc,0,"โดเมนคือ $[-4,4]$ เรนจ์คือ $[0,4]$ และ $r$ เป็นฟังก์ชัน",ไม่เจอเลย,11,🔴 คำตอบไม่ปรากฏในเฉลยเลย
gen-chap-05-function-q071,gen-chap-05-function,mc,2,"$[-2,4]$",เจอแต่ไม่อยู่ท้าย,21,🟡 อาจเป็นการเอ่ยกลางทาง ⛔ ไม่ใช่ผลสรุป
gen-chap-05-function-q072,gen-chap-05-function,mc,3,"$[-4,-2)\cup(-2,3)\cup(3,\infty)$",เจอแต่ไม่อยู่ท้าย,20,🟡 อาจเป็นการเอ่ยกลางทาง ⛔ ไม่ใช่ผลสรุป
gen-chap-05-function-q074,gen-chap-05-function,mc,1,"$(-\infty,-\sqrt{3}\,]\cup[\sqrt{3},\infty)$",เจอแต่ไม่อยู่ท้าย,22,🟡 อาจเป็นการเอ่ยกลางทาง ⛔ ไม่ใช่ผลสรุป
gen-chap-05-function-q075,gen-chap-05-function,mc,2,"$[1,6]$",เจอแต่ไม่อยู่ท้าย,20,🟡 อาจเป็นการเอ่ยกลางทาง ⛔ ไม่ใช่ผลสรุป
gen-chap-05-function-q077,gen-chap-05-function,mc,3,$\mathbb{R}-\{1\}$,เจอแต่ไม่อยู่ท้าย,22,🟡 อาจเป็นการเอ่ยกลางทาง ⛔ ไม่ใช่ผลสรุป
gen-chap-05-function-q078,gen-chap-05-function,fill,'3',3,เจอแต่ไม่อยู่ท้าย,22,🟡 อาจเป็นการเอ่ยกลางทาง ⛔ ไม่ใช่ผลสรุป
gen-chap-05-function-q079,gen-chap-05-function,fill,'9',9,เจอแต่ไม่อยู่ท้าย,22,🟡 อาจเป็นการเอ่ยกลางทาง ⛔ ไม่ใช่ผลสรุป
gen-chap-05-function-q082,gen-chap-05-function,mc,1,"$[0,2]\cup[3,4]$",เจอแต่ไม่อยู่ท้าย,22,🟡 อาจเป็นการเอ่ยกลางทาง ⛔ ไม่ใช่ผลสรุป
gen-chap-05-function-q083,gen-chap-05-function,fill,'3/2',3/2,ไม่เจอเลย,26,🔴 คำตอบไม่ปรากฏในเฉลยเลย
gen-chap-05-function-q085,gen-chap-05-function,fill,'-1',-1,เจอแต่ไม่อยู่ท้าย,28,🟡 อาจเป็นการเอ่ยกลางทาง ⛔ ไม่ใช่ผลสรุป
gen-chap-05-function-q087,gen-chap-05-function,fill,'5',5,เจอแต่ไม่อยู่ท้าย,22,🟡 อาจเป็นการเอ่ยกลางทาง ⛔ ไม่ใช่ผลสรุป
gen-chap-05-function-q089,gen-chap-05-function,fill,'$2\\sqrt{2}$',$2\sqrt{2}$,เจอแต่ไม่อยู่ท้าย,29,🟡 อาจเป็นการเอ่ยกลางทาง ⛔ ไม่ใช่ผลสรุป
gen-chap-05-function-q090,gen-chap-05-function,mc,0,"$(-\infty,-3)\cup[-1,1]\cup(3,\infty)$",เจอแต่ไม่อยู่ท้าย,28,🟡 อาจเป็นการเอ่ยกลางทาง ⛔ ไม่ใช่ผลสรุป
gen-chap-05-function-q091,gen-chap-05-function,mc,3,"$[3,7]$",เจอแต่ไม่อยู่ท้าย,21,🟡 อาจเป็นการเอ่ยกลางทาง ⛔ ไม่ใช่ผลสรุป
gen-chap-05-function-q092,gen-chap-05-function,mc,3,"$[2,17]$",เจอแต่ไม่อยู่ท้าย,21,🟡 อาจเป็นการเอ่ยกลางทาง ⛔ ไม่ใช่ผลสรุป
gen-chap-05-function-q093,gen-chap-05-function,mc,1,"$[2,4]$",เจอแต่ไม่อยู่ท้าย,21,🟡 อาจเป็นการเอ่ยกลางทาง ⛔ ไม่ใช่ผลสรุป
gen-chap-05-function-q094,gen-chap-05-function,fill,'4',4,เจอแต่ไม่อยู่ท้าย,21,🟡 อาจเป็นการเอ่ยกลางทาง ⛔ ไม่ใช่ผลสรุป
gen-chap-05-function-q095,gen-chap-05-function,fill,'5',5,เจอแต่ไม่อยู่ท้าย,20,🟡 อาจเป็นการเอ่ยกลางทาง ⛔ ไม่ใช่ผลสรุป
gen-chap-05-function-q097,gen-chap-05-function,fill,'2',2,เจอแต่ไม่อยู่ท้าย,20,🟡 อาจเป็นการเอ่ยกลางทาง ⛔ ไม่ใช่ผลสรุป
gen-chap-05-function-q098,gen-chap-05-function,mc,3,"$[2,\infty)$",เจอแต่ไม่อยู่ท้าย,21,🟡 อาจเป็นการเอ่ยกลางทาง ⛔ ไม่ใช่ผลสรุป
gen-chap-05-function-q099,gen-chap-05-function,fill,'1',1,เจอแต่ไม่อยู่ท้าย,26,🟡 อาจเป็นการเอ่ยกลางทาง ⛔ ไม่ใช่ผลสรุป
gen-chap-05-function-q101,gen-chap-05-function,mc,0,"$[-4,\infty)$",เจอแต่ไม่อยู่ท้าย,26,🟡 อาจเป็นการเอ่ยกลางทาง ⛔ ไม่ใช่ผลสรุป
gen-chap-05-function-q103,gen-chap-05-function,mc,3,"$[-1,8]$",เจอแต่ไม่อยู่ท้าย,26,🟡 อาจเป็นการเอ่ยกลางทาง ⛔ ไม่ใช่ผลสรุป
gen-chap-05-function-q104,gen-chap-05-function,fill,'10',10,เจอแต่ไม่อยู่ท้าย,20,🟡 อาจเป็นการเอ่ยกลางทาง ⛔ ไม่ใช่ผลสรุป
gen-chap-05-function-q106,gen-chap-05-function,mc,3,"$[2,\sqrt{13}]$",เจอแต่ไม่อยู่ท้าย,20,🟡 อาจเป็นการเอ่ยกลางทาง ⛔ ไม่ใช่ผลสรุป
gen-chap-05-function-q109,gen-chap-05-function,mc,0,"$[0,3]$",เจอแต่ไม่อยู่ท้าย,21,🟡 อาจเป็นการเอ่ยกลางทาง ⛔ ไม่ใช่ผลสรุป
gen-chap-05-function-q110,gen-chap-05-function,mc,2,"$[1,\infty)$",เจอแต่ไม่อยู่ท้าย,26,🟡 อาจเป็นการเอ่ยกลางทาง ⛔ ไม่ใช่ผลสรุป
gen-chap-05-function-q116,gen-chap-05-function,fill,'3/4',3/4,ไม่เจอเลย,10,🔴 คำตอบไม่ปรากฏในเฉลยเลย
gen-chap-05-function-q129,gen-chap-05-function,fill,'14/3',14/3,ไม่เจอเลย,14,🔴 คำตอบไม่ปรากฏในเฉลยเลย
gen-chap-05-function-q152,gen-chap-05-function,fill,'4',4,เจอแต่ไม่อยู่ท้าย,22,🟡 อาจเป็นการเอ่ยกลางทาง ⛔ ไม่ใช่ผลสรุป
gen-chap-05-function-q153,gen-chap-05-function,mc,3,"$\{x \mid x\ge 0,\ x\ne 9\}$",เจอแต่ไม่อยู่ท้าย,25,🟡 อาจเป็นการเอ่ยกลางทาง ⛔ ไม่ใช่ผลสรุป
gen-chap-05-function-q154,gen-chap-05-function,fill,'$x^{2} - x - 2$',$x^{2} - x - 2$,เจอแต่ไม่อยู่ท้าย,23,🟡 อาจเป็นการเอ่ยกลางทาง ⛔ ไม่ใช่ผลสรุป
gen-chap-05-function-q155,gen-chap-05-function,mc,0,$x^2-2x$,เจอแต่ไม่อยู่ท้าย,25,🟡 อาจเป็นการเอ่ยกลางทาง ⛔ ไม่ใช่ผลสรุป
gen-chap-05-function-q156,gen-chap-05-function,fill,'9',9,เจอแต่ไม่อยู่ท้าย,22,🟡 อาจเป็นการเอ่ยกลางทาง ⛔ ไม่ใช่ผลสรุป
gen-chap-05-function-q157,gen-chap-05-function,mc,3,$2x+2$,เจอแต่ไม่อยู่ท้าย,22,🟡 อาจเป็นการเอ่ยกลางทาง ⛔ ไม่ใช่ผลสรุป
gen-chap-05-function-q158,gen-chap-05-function,fill,'3',3,เจอแต่ไม่อยู่ท้าย,22,🟡 อาจเป็นการเอ่ยกลางทาง ⛔ ไม่ใช่ผลสรุป
gen-chap-05-function-q159,gen-chap-05-function,mc,1,"$(-\infty,-3]\cup[3,\infty)$",เจอแต่ไม่อยู่ท้าย,31,🟡 อาจเป็นการเอ่ยกลางทาง ⛔ ไม่ใช่ผลสรุป
gen-chap-05-function-q160,gen-chap-05-function,mc,3,"$(-\infty,-2)\cup[1,\infty)$",เจอแต่ไม่อยู่ท้าย,29,🟡 อาจเป็นการเอ่ยกลางทาง ⛔ ไม่ใช่ผลสรุป
gen-chap-05-function-q161,gen-chap-05-function,fill,'$x^{2} + 2 x$',$x^{2} + 2 x$,เจอแต่ไม่อยู่ท้าย,23,🟡 อาจเป็นการเอ่ยกลางทาง ⛔ ไม่ใช่ผลสรุป
gen-chap-05-function-q163,gen-chap-05-function,fill,'$4 x^{2} - 4 x + 2$',$4 x^{2} - 4 x + 2$,เจอแต่ไม่อยู่ท้าย,21,🟡 อาจเป็นการเอ่ยกลางทาง ⛔ ไม่ใช่ผลสรุป
gen-chap-05-function-q165,gen-chap-05-function,fill,'4',4,เจอแต่ไม่อยู่ท้าย,25,🟡 อาจเป็นการเอ่ยกลางทาง ⛔ ไม่ใช่ผลสรุป
gen-chap-05-function-q167,gen-chap-05-function,mc,0,"$[-2,1)\cup[2,\infty)$",เจอแต่ไม่อยู่ท้าย,31,🟡 อาจเป็นการเอ่ยกลางทาง ⛔ ไม่ใช่ผลสรุป
gen-chap-05-function-q168,gen-chap-05-function,fill,'$2 x^{2} - 5 x + 3$',$2 x^{2} - 5 x + 3$,เจอแต่ไม่อยู่ท้าย,24,🟡 อาจเป็นการเอ่ยกลางทาง ⛔ ไม่ใช่ผลสรุป
gen-chap-05-function-q170,gen-chap-05-function,mc,0,$g(x)=\dfrac{x}{2}+1$,เจอแต่ไม่อยู่ท้าย,27,🟡 อาจเป็นการเอ่ยกลางทาง ⛔ ไม่ใช่ผลสรุป
gen-chap-05-function-q172,gen-chap-05-function,mc,1,$4$,เจอแต่ไม่อยู่ท้าย,25,🟡 อาจเป็นการเอ่ยกลางทาง ⛔ ไม่ใช่ผลสรุป
gen-chap-05-function-q173,gen-chap-05-function,fill,'91',91,เจอแต่ไม่อยู่ท้าย,25,🟡 อาจเป็นการเอ่ยกลางทาง ⛔ ไม่ใช่ผลสรุป
gen-chap-05-function-q176,gen-chap-05-function,fill,'8x+7',8x+7,เจอแต่ไม่อยู่ท้าย,25,🟡 อาจเป็นการเอ่ยกลางทาง ⛔ ไม่ใช่ผลสรุป
gen-chap-05-function-q180,gen-chap-05-function,mc,3,$-\dfrac13$,เจอแต่ไม่อยู่ท้าย,28,🟡 อาจเป็นการเอ่ยกลางทาง ⛔ ไม่ใช่ผลสรุป
gen-chap-05-function-q181,gen-chap-05-function,fill,'199/100',199/100,ไม่เจอเลย,31,🔴 คำตอบไม่ปรากฏในเฉลยเลย
gen-chap-05-function-q182,gen-chap-05-function,fill,'1/55',1/55,ไม่เจอเลย,32,🔴 คำตอบไม่ปรากฏในเฉลยเลย
gen-chap-05-function-q185,gen-chap-05-function,fill,'-1/6',-1/6,ไม่เจอเลย,30,🔴 คำตอบไม่ปรากฏในเฉลยเลย
gen-chap-05-function-q186,gen-chap-05-function,mc,0,$\dfrac{\sqrt5}{4}$,เจอแต่ไม่อยู่ท้าย,30,🟡 อาจเป็นการเอ่ยกลางทาง ⛔ ไม่ใช่ผลสรุป
gen-chap-05-function-q187,gen-chap-05-function,fill,'1/49',1/49,ไม่เจอเลย,25,🔴 คำตอบไม่ปรากฏในเฉลยเลย
gen-chap-05-function-q188,gen-chap-05-function,mc,2,$4$,เจอแต่ไม่อยู่ท้าย,34,🟡 อาจเป็นการเอ่ยกลางทาง ⛔ ไม่ใช่ผลสรุป
gen-chap-05-function-q189,gen-chap-05-function,mc,0,$3$,เจอแต่ไม่อยู่ท้าย,36,🟡 อาจเป็นการเอ่ยกลางทาง ⛔ ไม่ใช่ผลสรุป
gen-chap-05-function-q190,gen-chap-05-function,mc,2,$\dfrac{27}{23}$,เจอแต่ไม่อยู่ท้าย,29,🟡 อาจเป็นการเอ่ยกลางทาง ⛔ ไม่ใช่ผลสรุป
gen-chap-05-function-q191,gen-chap-05-function,mc,0,$f^{-1}(x)=\dfrac{4-x}{2}$,เจอแต่ไม่อยู่ท้าย,26,🟡 อาจเป็นการเอ่ยกลางทาง ⛔ ไม่ใช่ผลสรุป
gen-chap-05-function-q192,gen-chap-05-function,fill,'2/x+3',2/x+3,ไม่เจอเลย,28,🔴 คำตอบไม่ปรากฏในเฉลยเลย
gen-chap-05-function-q193,gen-chap-05-function,mc,0,$f^{-1}(x)=\dfrac{(x-1)^2+6}{2}$,เจอแต่ไม่อยู่ท้าย,28,🟡 อาจเป็นการเอ่ยกลางทาง ⛔ ไม่ใช่ผลสรุป
gen-chap-05-function-q194,gen-chap-05-function,fill,'-4',-4,เจอแต่ไม่อยู่ท้าย,28,🟡 อาจเป็นการเอ่ยกลางทาง ⛔ ไม่ใช่ผลสรุป
gen-chap-05-function-q195,gen-chap-05-function,mc,0,$2$,เจอแต่ไม่อยู่ท้าย,25,🟡 อาจเป็นการเอ่ยกลางทาง ⛔ ไม่ใช่ผลสรุป
gen-chap-05-function-q196,gen-chap-05-function,fill,'4',4,เจอแต่ไม่อยู่ท้าย,24,🟡 อาจเป็นการเอ่ยกลางทาง ⛔ ไม่ใช่ผลสรุป
gen-chap-05-function-q197,gen-chap-05-function,mc,3,$f^{-1}(x)=3+\sqrt{x+5}$,เจอแต่ไม่อยู่ท้าย,28,🟡 อาจเป็นการเอ่ยกลางทาง ⛔ ไม่ใช่ผลสรุป
gen-chap-05-function-q198,gen-chap-05-function,mc,2,"$[3,\infty)$",เจอแต่ไม่อยู่ท้าย,23,🟡 อาจเป็นการเอ่ยกลางทาง ⛔ ไม่ใช่ผลสรุป
gen-chap-05-function-q199,gen-chap-05-function,mc,2,$2x-1$,เจอแต่ไม่อยู่ท้าย,27,🟡 อาจเป็นการเอ่ยกลางทาง ⛔ ไม่ใช่ผลสรุป
gen-chap-05-function-q200,gen-chap-05-function,fill,'3',3,เจอแต่ไม่อยู่ท้าย,35,🟡 อาจเป็นการเอ่ยกลางทาง ⛔ ไม่ใช่ผลสรุป
gen-chap-05-function-q201,gen-chap-05-function,fill,'4',4,เจอแต่ไม่อยู่ท้าย,31,🟡 อาจเป็นการเอ่ยกลางทาง ⛔ ไม่ใช่ผลสรุป
gen-chap-05-function-q202,gen-chap-05-function,fill,'4',4,เจอแต่ไม่อยู่ท้าย,31,🟡 อาจเป็นการเอ่ยกลางทาง ⛔ ไม่ใช่ผลสรุป
gen-chap-05-function-q203,gen-chap-05-function,mc,2,$f(x)=\dfrac{x+3}{2-x}$,เจอแต่ไม่อยู่ท้าย,29,🟡 อาจเป็นการเอ่ยกลางทาง ⛔ ไม่ใช่ผลสรุป
gen-chap-05-function-q206,gen-chap-05-function,mc,3,$x=5$,เจอแต่ไม่อยู่ท้าย,33,🟡 อาจเป็นการเอ่ยกลางทาง ⛔ ไม่ใช่ผลสรุป
gen-chap-05-function-q207,gen-chap-05-function,mc,1,$\dfrac{x-1}{3}$,เจอแต่ไม่อยู่ท้าย,32,🟡 อาจเป็นการเอ่ยกลางทาง ⛔ ไม่ใช่ผลสรุป
gen-chap-05-function-q208,gen-chap-05-function,mc,0,$2x-2$,เจอแต่ไม่อยู่ท้าย,33,🟡 อาจเป็นการเอ่ยกลางทาง ⛔ ไม่ใช่ผลสรุป
gen-chap-05-function-q209,gen-chap-05-function,fill,'1',1,เจอแต่ไม่อยู่ท้าย,26,🟡 อาจเป็นการเอ่ยกลางทาง ⛔ ไม่ใช่ผลสรุป
gen-chap-05-function-q210,gen-chap-05-function,fill,'5',5,เจอแต่ไม่อยู่ท้าย,27,🟡 อาจเป็นการเอ่ยกลางทาง ⛔ ไม่ใช่ผลสรุป
gen-chap-05-function-q211,gen-chap-05-function,mc,2,$f^{-1}(x)=\dfrac{3x-7}{x-3}$,เจอแต่ไม่อยู่ท้าย,29,🟡 อาจเป็นการเอ่ยกลางทาง ⛔ ไม่ใช่ผลสรุป
gen-chap-05-function-q212,gen-chap-05-function,mc,3,$-9$,เจอแต่ไม่อยู่ท้าย,27,🟡 อาจเป็นการเอ่ยกลางทาง ⛔ ไม่ใช่ผลสรุป
gen-chap-05-function-q213,gen-chap-05-function,mc,0,$2$,เจอแต่ไม่อยู่ท้าย,27,🟡 อาจเป็นการเอ่ยกลางทาง ⛔ ไม่ใช่ผลสรุป
gen-chap-05-function-q215,gen-chap-05-function,fill,'6',6,เจอแต่ไม่อยู่ท้าย,26,🟡 อาจเป็นการเอ่ยกลางทาง ⛔ ไม่ใช่ผลสรุป
gen-chap-05-function-q216,gen-chap-05-function,mc,0,$-11$,เจอแต่ไม่อยู่ท้าย,25,🟡 อาจเป็นการเอ่ยกลางทาง ⛔ ไม่ใช่ผลสรุป
gen-chap-05-function-q217,gen-chap-05-function,fill,'4',4,เจอแต่ไม่อยู่ท้าย,33,🟡 อาจเป็นการเอ่ยกลางทาง ⛔ ไม่ใช่ผลสรุป
gen-chap-05-function-q218,gen-chap-05-function,mc,1,$k=6$,เจอแต่ไม่อยู่ท้าย,30,🟡 อาจเป็นการเอ่ยกลางทาง ⛔ ไม่ใช่ผลสรุป
gen-chap-05-function-q219,gen-chap-05-function,mc,0,"$f^{-1}(x)=\begin{cases} \dfrac{x-2}{3} & ,\ x\le 2 \\ \sqrt{x-2} & ,\ x\gt 2 \e",ไม่เจอเลย,33,🔴 คำตอบไม่ปรากฏในเฉลยเลย
gen-chap-05-function-q220,gen-chap-05-function,fill,'6',6,เจอแต่ไม่อยู่ท้าย,31,🟡 อาจเป็นการเอ่ยกลางทาง ⛔ ไม่ใช่ผลสรุป
gen-chap-05-function-q222,gen-chap-05-function,mc,0,$g^{-1}(x)=\dfrac{x+2}{3}$,เจอแต่ไม่อยู่ท้าย,30,🟡 อาจเป็นการเอ่ยกลางทาง ⛔ ไม่ใช่ผลสรุป
gen-chap-05-function-q223,gen-chap-05-function,fill,'(x+20)/9',(x+20)/9,ไม่เจอเลย,23,🔴 คำตอบไม่ปรากฏในเฉลยเลย
gen-chap-05-function-q226,gen-chap-05-function,fill,'10',10,เจอแต่ไม่อยู่ท้าย,33,🟡 อาจเป็นการเอ่ยกลางทาง ⛔ ไม่ใช่ผลสรุป
gen-chap-05-function-q227,gen-chap-05-function,fill,'-1',-1,เจอแต่ไม่อยู่ท้าย,25,🟡 อาจเป็นการเอ่ยกลางทาง ⛔ ไม่ใช่ผลสรุป
gen-chap-05-function-q228,gen-chap-05-function,fill,'6',6,เจอแต่ไม่อยู่ท้าย,33,🟡 อาจเป็นการเอ่ยกลางทาง ⛔ ไม่ใช่ผลสรุป
gen-chap-05-function-q229,gen-chap-05-function,fill,'-1',-1,เจอแต่ไม่อยู่ท้าย,34,🟡 อาจเป็นการเอ่ยกลางทาง ⛔ ไม่ใช่ผลสรุป
gen-chap-05-function-q230,gen-chap-05-function,mc,0,$1$,เจอแต่ไม่อยู่ท้าย,30,🟡 อาจเป็นการเอ่ยกลางทาง ⛔ ไม่ใช่ผลสรุป
gen-chap-05-function-q232,gen-chap-05-function,mc,0,$-3$,เจอแต่ไม่อยู่ท้าย,23,🟡 อาจเป็นการเอ่ยกลางทาง ⛔ ไม่ใช่ผลสรุป
gen-chap-05-function-q233,gen-chap-05-function,mc,0,$h^{-1}(x)=2+\dfrac{1}{x-3}$,เจอแต่ไม่อยู่ท้าย,31,🟡 อาจเป็นการเอ่ยกลางทาง ⛔ ไม่ใช่ผลสรุป
gen-chap-05-function-q234,gen-chap-05-function,mc,3,$5$,เจอแต่ไม่อยู่ท้าย,25,🟡 อาจเป็นการเอ่ยกลางทาง ⛔ ไม่ใช่ผลสรุป
gen-chap-05-function-q236,gen-chap-05-function,mc,3,$\dfrac{1}{2}$,เจอแต่ไม่อยู่ท้าย,26,🟡 อาจเป็นการเอ่ยกลางทาง ⛔ ไม่ใช่ผลสรุป
gen-chap-05-function-q237,gen-chap-05-function,fill,'1',1,เจอแต่ไม่อยู่ท้าย,30,🟡 อาจเป็นการเอ่ยกลางทาง ⛔ ไม่ใช่ผลสรุป
gen-chap-05-function-q238,gen-chap-05-function,mc,2,$g(x)=4x^2-8x$,เจอแต่ไม่อยู่ท้าย,24,🟡 อาจเป็นการเอ่ยกลางทาง ⛔ ไม่ใช่ผลสรุป
gen-chap-05-function-q239,gen-chap-05-function,fill,'5',5,เจอแต่ไม่อยู่ท้าย,25,🟡 อาจเป็นการเอ่ยกลางทาง ⛔ ไม่ใช่ผลสรุป
gen-chap-05-function-q240,gen-chap-05-function,mc,3,$3$,เจอแต่ไม่อยู่ท้าย,25,🟡 อาจเป็นการเอ่ยกลางทาง ⛔ ไม่ใช่ผลสรุป
gen-chap-05-function-q242,gen-chap-05-function,mc,1,$17$,เจอแต่ไม่อยู่ท้าย,23,🟡 อาจเป็นการเอ่ยกลางทาง ⛔ ไม่ใช่ผลสรุป
gen-chap-05-function-q244,gen-chap-05-function,fill,'8',8,เจอแต่ไม่อยู่ท้าย,31,🟡 อาจเป็นการเอ่ยกลางทาง ⛔ ไม่ใช่ผลสรุป
gen-chap-05-function-q245,gen-chap-05-function,fill,'5',5,เจอแต่ไม่อยู่ท้าย,25,🟡 อาจเป็นการเอ่ยกลางทาง ⛔ ไม่ใช่ผลสรุป
gen-chap-05-function-q249,gen-chap-05-function,fill,'14',14,เจอแต่ไม่อยู่ท้าย,25,🟡 อาจเป็นการเอ่ยกลางทาง ⛔ ไม่ใช่ผลสรุป
gen-chap-05-function-q250,gen-chap-05-function,mc,3,$4$,เจอแต่ไม่อยู่ท้าย,30,🟡 อาจเป็นการเอ่ยกลางทาง ⛔ ไม่ใช่ผลสรุป
gen-chap-05-function-q251,gen-chap-05-function,mc,1,"$(2,1)$",เจอแต่ไม่อยู่ท้าย,18,🟡 อาจเป็นการเอ่ยกลางทาง ⛔ ไม่ใช่ผลสรุป
gen-chap-05-function-q252,gen-chap-05-function,fill,'4',4,เจอแต่ไม่อยู่ท้าย,16,🟡 อาจเป็นการเอ่ยกลางทาง ⛔ ไม่ใช่ผลสรุป
gen-chap-05-function-q253,gen-chap-05-function,fill,'$3 \\left(x - 1\\right)^{2} - 2$',$3 \left(x - 1\right)^{2} - 2$,เจอแต่ไม่อยู่ท้าย,18,🟡 อาจเป็นการเอ่ยกลางทาง ⛔ ไม่ใช่ผลสรุป
gen-chap-05-function-q254,gen-chap-05-function,mc,2,"$(3,1)$",เจอแต่ไม่อยู่ท้าย,17,🟡 อาจเป็นการเอ่ยกลางทาง ⛔ ไม่ใช่ผลสรุป
gen-chap-05-function-q256,gen-chap-05-function,mc,0,"$[-2,1]$",เจอแต่ไม่อยู่ท้าย,18,🟡 อาจเป็นการเอ่ยกลางทาง ⛔ ไม่ใช่ผลสรุป
gen-chap-05-function-q257,gen-chap-05-function,mc,3,"$\{-2,0\}$",เจอแต่ไม่อยู่ท้าย,17,🟡 อาจเป็นการเอ่ยกลางทาง ⛔ ไม่ใช่ผลสรุป
gen-chap-05-function-q258,gen-chap-05-function,mc,1,เลื่อนขวา $2$ หน่วย และเลื่อนลง $1$ หน่วย,ไม่เจอเลย,18,🔴 คำตอบไม่ปรากฏในเฉลยเลย
gen-chap-05-function-q259,gen-chap-05-function,fill,'11',11,เจอแต่ไม่อยู่ท้าย,17,🟡 อาจเป็นการเอ่ยกลางทาง ⛔ ไม่ใช่ผลสรุป
gen-chap-05-function-q260,gen-chap-05-function,mc,2,$12$,เจอแต่ไม่อยู่ท้าย,16,🟡 อาจเป็นการเอ่ยกลางทาง ⛔ ไม่ใช่ผลสรุป
gen-chap-05-function-q261,gen-chap-05-function,fill,'$5 - 4 \\left(x - 3\\right)^{2}$',$5 - 4 \left(x - 3\right)^{2}$,ไม่เจอเลย,23,🔴 คำตอบไม่ปรากฏในเฉลยเลย
gen-chap-05-function-q264,gen-chap-05-function,mc,0,$y=\sqrt{x-1}+2$,เจอแต่ไม่อยู่ท้าย,23,🟡 อาจเป็นการเอ่ยกลางทาง ⛔ ไม่ใช่ผลสรุป
gen-chap-05-function-q265,gen-chap-05-function,fill,'8',8,เจอแต่ไม่อยู่ท้าย,23,🟡 อาจเป็นการเอ่ยกลางทาง ⛔ ไม่ใช่ผลสรุป
gen-chap-05-function-q266,gen-chap-05-function,mc,1,$y=2x^2+6$,เจอแต่ไม่อยู่ท้าย,16,🟡 อาจเป็นการเอ่ยกลางทาง ⛔ ไม่ใช่ผลสรุป
gen-chap-05-function-q269,gen-chap-05-function,fill,'-1',-1,เจอแต่ไม่อยู่ท้าย,24,🟡 อาจเป็นการเอ่ยกลางทาง ⛔ ไม่ใช่ผลสรุป
gen-chap-05-function-q270,gen-chap-05-function,fill,'1',1,เจอแต่ไม่อยู่ท้าย,23,🟡 อาจเป็นการเอ่ยกลางทาง ⛔ ไม่ใช่ผลสรุป
gen-chap-05-function-q271,gen-chap-05-function,mc,1,$-1$,เจอแต่ไม่อยู่ท้าย,28,🟡 อาจเป็นการเอ่ยกลางทาง ⛔ ไม่ใช่ผลสรุป
gen-chap-05-function-q273,gen-chap-05-function,mc,1,$27$,เจอแต่ไม่อยู่ท้าย,24,🟡 อาจเป็นการเอ่ยกลางทาง ⛔ ไม่ใช่ผลสรุป
gen-chap-05-function-q274,gen-chap-05-function,fill,'-9',-9,เจอแต่ไม่อยู่ท้าย,28,🟡 อาจเป็นการเอ่ยกลางทาง ⛔ ไม่ใช่ผลสรุป
gen-chap-05-function-q276,gen-chap-05-function,fill,'11',11,เจอแต่ไม่อยู่ท้าย,27,🟡 อาจเป็นการเอ่ยกลางทาง ⛔ ไม่ใช่ผลสรุป
gen-chap-05-function-q277,gen-chap-05-function,fill,'1-1/x',1-1/x,ไม่เจอเลย,31,🔴 คำตอบไม่ปรากฏในเฉลยเลย
gen-chap-05-function-q278,gen-chap-05-function,mc,1,$0$,เจอแต่ไม่อยู่ท้าย,33,🟡 อาจเป็นการเอ่ยกลางทาง ⛔ ไม่ใช่ผลสรุป
gen-chap-05-function-q279,gen-chap-05-function,fill,'1/3',1/3,ไม่เจอเลย,33,🔴 คำตอบไม่ปรากฏในเฉลยเลย
gen-chap-05-function-q280,gen-chap-05-function,mc,1,$-4$,เจอแต่ไม่อยู่ท้าย,32,🟡 อาจเป็นการเอ่ยกลางทาง ⛔ ไม่ใช่ผลสรุป
gen-chap-05-function-q281,gen-chap-05-function,fill,'24',24,เจอแต่ไม่อยู่ท้าย,30,🟡 อาจเป็นการเอ่ยกลางทาง ⛔ ไม่ใช่ผลสรุป
gen-chap-05-function-q283,gen-chap-05-function,fill,'19',19,เจอแต่ไม่อยู่ท้าย,25,🟡 อาจเป็นการเอ่ยกลางทาง ⛔ ไม่ใช่ผลสรุป
gen-chap-05-function-q284,gen-chap-05-function,mc,3,$10$,เจอแต่ไม่อยู่ท้าย,26,🟡 อาจเป็นการเอ่ยกลางทาง ⛔ ไม่ใช่ผลสรุป
gen-chap-05-function-q286,gen-chap-05-function,fill,'$x^{2} + \\frac{1}{x}$',$x^{2} + \frac{1}{x}$,เจอแต่ไม่อยู่ท้าย,30,🟡 อาจเป็นการเอ่ยกลางทาง ⛔ ไม่ใช่ผลสรุป
gen-chap-05-function-q287,gen-chap-05-function,mc,2,$1$,เจอแต่ไม่อยู่ท้าย,32,🟡 อาจเป็นการเอ่ยกลางทาง ⛔ ไม่ใช่ผลสรุป
gen-chap-05-function-q288,gen-chap-05-function,mc,1,$10$,เจอแต่ไม่อยู่ท้าย,25,🟡 อาจเป็นการเอ่ยกลางทาง ⛔ ไม่ใช่ผลสรุป
gen-chap-05-function-q289,gen-chap-05-function,fill,'1/2',1/2,เจอแต่ไม่อยู่ท้าย,25,🟡 อาจเป็นการเอ่ยกลางทาง ⛔ ไม่ใช่ผลสรุป
gen-chap-05-function-q291,gen-chap-05-function,mc,2,เป็นฟังก์ชันคี่ (odd),เจอแต่ไม่อยู่ท้าย,24,🟡 อาจเป็นการเอ่ยกลางทาง ⛔ ไม่ใช่ผลสรุป
gen-chap-05-function-q292,gen-chap-05-function,fill,'$2 x^{2} + 4$',$2 x^{2} + 4$,เจอแต่ไม่อยู่ท้าย,24,🟡 อาจเป็นการเอ่ยกลางทาง ⛔ ไม่ใช่ผลสรุป
gen-chap-05-function-q293,gen-chap-05-function,mc,2,$-13$,เจอแต่ไม่อยู่ท้าย,25,🟡 อาจเป็นการเอ่ยกลางทาง ⛔ ไม่ใช่ผลสรุป
gen-chap-05-function-q295,gen-chap-05-function,mc,2,เป็นฟังก์ชันคี่ (odd),เจอแต่ไม่อยู่ท้าย,25,🟡 อาจเป็นการเอ่ยกลางทาง ⛔ ไม่ใช่ผลสรุป
gen-chap-05-function-q296,gen-chap-05-function,mc,3,$2$,เจอแต่ไม่อยู่ท้าย,25,🟡 อาจเป็นการเอ่ยกลางทาง ⛔ ไม่ใช่ผลสรุป
gen-chap-05-function-q297,gen-chap-05-function,fill,'650',650,เจอแต่ไม่อยู่ท้าย,23,🟡 อาจเป็นการเอ่ยกลางทาง ⛔ ไม่ใช่ผลสรุป
gen-chap-05-function-q298,gen-chap-05-function,fill,'0.856x',0.856x,เจอแต่ไม่อยู่ท้าย,23,🟡 อาจเป็นการเอ่ยกลางทาง ⛔ ไม่ใช่ผลสรุป
gen-chap-05-function-q303,gen-chap-05-function,fill,'492',492,เจอแต่ไม่อยู่ท้าย,24,🟡 อาจเป็นการเอ่ยกลางทาง ⛔ ไม่ใช่ผลสรุป
gen-chap-05-function-q304,gen-chap-05-function,fill,'-1',-1,เจอแต่ไม่อยู่ท้าย,30,🟡 อาจเป็นการเอ่ยกลางทาง ⛔ ไม่ใช่ผลสรุป
gen-chap-05-function-q305,gen-chap-05-function,mc,3,$f(x)=x|x|$,เจอแต่ไม่อยู่ท้าย,30,🟡 อาจเป็นการเอ่ยกลางทาง ⛔ ไม่ใช่ผลสรุป
gen-chap-05-function-q307,gen-chap-05-function,fill,'33/4',33/4,ไม่เจอเลย,29,🔴 คำตอบไม่ปรากฏในเฉลยเลย
gen-chap-05-function-q308,gen-chap-05-function,fill,'-1/4',-1/4,ไม่เจอเลย,26,🔴 คำตอบไม่ปรากฏในเฉลยเลย
gen-chap-05-function-q309,gen-chap-05-function,fill,'$\\frac{x}{x^{2} - 4}$',$\frac{x}{x^{2} - 4}$,เจอแต่ไม่อยู่ท้าย,30,🟡 อาจเป็นการเอ่ยกลางทาง ⛔ ไม่ใช่ผลสรุป
gen-chap-05-function-q310,gen-chap-05-function,mc,2,$12$,เจอแต่ไม่อยู่ท้าย,25,🟡 อาจเป็นการเอ่ยกลางทาง ⛔ ไม่ใช่ผลสรุป
gen-chap-05-function-q311,gen-chap-05-function,mc,2,$10$,เจอแต่ไม่อยู่ท้าย,23,🟡 อาจเป็นการเอ่ยกลางทาง ⛔ ไม่ใช่ผลสรุป
gen-chap-05-function-q312,gen-chap-05-function,mc,1,"$\{x \mid x\ne 5,\ x\ne -3\}$",เจอแต่ไม่อยู่ท้าย,25,🟡 อาจเป็นการเอ่ยกลางทาง ⛔ ไม่ใช่ผลสรุป
gen-chap-05-function-q313,gen-chap-05-function,mc,1,"$[-3,3]$",เจอแต่ไม่อยู่ท้าย,26,🟡 อาจเป็นการเอ่ยกลางทาง ⛔ ไม่ใช่ผลสรุป
gen-chap-05-function-q314,gen-chap-05-function,fill,'$x^{2} + 2 x$',$x^{2} + 2 x$,เจอแต่ไม่อยู่ท้าย,25,🟡 อาจเป็นการเอ่ยกลางทาง ⛔ ไม่ใช่ผลสรุป
gen-chap-05-function-q315,gen-chap-05-function,mc,3,$f^{-1}(x)=\dfrac{3x+4}{2x-1}$,เจอแต่ไม่อยู่ท้าย,27,🟡 อาจเป็นการเอ่ยกลางทาง ⛔ ไม่ใช่ผลสรุป
gen-chap-05-function-q316,gen-chap-05-function,fill,'$\\left(x - 3\\right)^{2} + 2$',$\left(x - 3\right)^{2} + 2$,เจอแต่ไม่อยู่ท้าย,27,🟡 อาจเป็นการเอ่ยกลางทาง ⛔ ไม่ใช่ผลสรุป
gen-chap-05-function-q317,gen-chap-05-function,mc,3,$\dfrac{x+10}{3}$,เจอแต่ไม่อยู่ท้าย,27,🟡 อาจเป็นการเอ่ยกลางทาง ⛔ ไม่ใช่ผลสรุป
gen-chap-05-function-q318,gen-chap-05-function,fill,'$x^{2} + 2 x$',$x^{2} + 2 x$,เจอแต่ไม่อยู่ท้าย,25,🟡 อาจเป็นการเอ่ยกลางทาง ⛔ ไม่ใช่ผลสรุป
gen-chap-05-function-q319,gen-chap-05-function,mc,0,$\sqrt{x^{2}+7}$,เจอแต่ไม่อยู่ท้าย,25,🟡 อาจเป็นการเอ่ยกลางทาง ⛔ ไม่ใช่ผลสรุป
gen-chap-05-function-q320,gen-chap-05-function,mc,1,"$[1,5]$",เจอแต่ไม่อยู่ท้าย,26,🟡 อาจเป็นการเอ่ยกลางทาง ⛔ ไม่ใช่ผลสรุป
gen-chap-05-function-q321,gen-chap-05-function,mc,1,"$(-\infty,1]\cup[3,\infty)$",เจอแต่ไม่อยู่ท้าย,25,🟡 อาจเป็นการเอ่ยกลางทาง ⛔ ไม่ใช่ผลสรุป
gen-chap-05-function-q322,gen-chap-05-function,fill,'3/2',3/2,ไม่เจอเลย,27,🔴 คำตอบไม่ปรากฏในเฉลยเลย
gen-chap-05-function-q323,gen-chap-05-function,mc,1,"$[\,1-\sqrt{7},\ 1+\sqrt{7}\,]$",เจอแต่ไม่อยู่ท้าย,32,🟡 อาจเป็นการเอ่ยกลางทาง ⛔ ไม่ใช่ผลสรุป
gen-chap-05-function-q324,gen-chap-05-function,mc,0,"$\left(0,\ \dfrac{\sqrt{3}}{3}\right]$",เจอแต่ไม่อยู่ท้าย,32,🟡 อาจเป็นการเอ่ยกลางทาง ⛔ ไม่ใช่ผลสรุป
gen-chap-05-function-q325,gen-chap-05-function,fill,'$x^{2} + x + 3$',$x^{2} + x + 3$,เจอแต่ไม่อยู่ท้าย,32,🟡 อาจเป็นการเอ่ยกลางทาง ⛔ ไม่ใช่ผลสรุป
gen-chap-05-function-q326,gen-chap-05-function,mc,2,$\dfrac{3x-2}{x-1}$,เจอแต่ไม่อยู่ท้าย,33,🟡 อาจเป็นการเอ่ยกลางทาง ⛔ ไม่ใช่ผลสรุป
gen-chap-05-function-q328,gen-chap-05-function,fill,'3',3,เจอแต่ไม่อยู่ท้าย,30,🟡 อาจเป็นการเอ่ยกลางทาง ⛔ ไม่ใช่ผลสรุป
gen-chap-05-function-q329,gen-chap-05-function,fill,'(x-2)/2',(x-2)/2,ไม่เจอเลย,30,🔴 คำตอบไม่ปรากฏในเฉลยเลย
gen-chap-05-function-q330,gen-chap-05-function,mc,0,"$[0,4]$",เจอแต่ไม่อยู่ท้าย,31,🟡 อาจเป็นการเอ่ยกลางทาง ⛔ ไม่ใช่ผลสรุป
gen-chap-05-function-q331,gen-chap-05-function,fill,'8',8,เจอแต่ไม่อยู่ท้าย,26,🟡 อาจเป็นการเอ่ยกลางทาง ⛔ ไม่ใช่ผลสรุป
gen-chap-05-function-q332,gen-chap-05-function,mc,3,$6$,เจอแต่ไม่อยู่ท้าย,32,🟡 อาจเป็นการเอ่ยกลางทาง ⛔ ไม่ใช่ผลสรุป
gen-chap-05-function-q333,gen-chap-05-function,mc,3,$1$,เจอแต่ไม่อยู่ท้าย,33,🟡 อาจเป็นการเอ่ยกลางทาง ⛔ ไม่ใช่ผลสรุป
gen-chap-05-function-q335,gen-chap-05-function,mc,0,$4$,เจอแต่ไม่อยู่ท้าย,33,🟡 อาจเป็นการเอ่ยกลางทาง ⛔ ไม่ใช่ผลสรุป
gen-chap-05-function-q338,gen-chap-05-function,fill,'3',3,เจอแต่ไม่อยู่ท้าย,36,🟡 อาจเป็นการเอ่ยกลางทาง ⛔ ไม่ใช่ผลสรุป
gen-chap-05-function-q339,gen-chap-05-function,mc,1,$\dfrac{1}{3}$,เจอแต่ไม่อยู่ท้าย,33,🟡 อาจเป็นการเอ่ยกลางทาง ⛔ ไม่ใช่ผลสรุป
gen-chap-05-function-q340,gen-chap-05-function,fill,'1/9',1/9,ไม่เจอเลย,26,🔴 คำตอบไม่ปรากฏในเฉลยเลย
gen-chap-05-function-q341,gen-chap-05-function,mc,0,$513$,เจอแต่ไม่อยู่ท้าย,30,🟡 อาจเป็นการเอ่ยกลางทาง ⛔ ไม่ใช่ผลสรุป
gen-chap-05-function-q344,gen-chap-05-function,fill,'21',21,เจอแต่ไม่อยู่ท้าย,26,🟡 อาจเป็นการเอ่ยกลางทาง ⛔ ไม่ใช่ผลสรุป
gen-chap-05-function-q346,gen-chap-05-function,mc,2,$-1$,เจอแต่ไม่อยู่ท้าย,36,🟡 อาจเป็นการเอ่ยกลางทาง ⛔ ไม่ใช่ผลสรุป
gen-chap-05-function-q348,gen-chap-05-function,mc,1,$1$,เจอแต่ไม่อยู่ท้าย,25,🟡 อาจเป็นการเอ่ยกลางทาง ⛔ ไม่ใช่ผลสรุป
gen-chap-05-function-q349,gen-chap-05-function,fill,'7/4',7/4,ไม่เจอเลย,26,🔴 คำตอบไม่ปรากฏในเฉลยเลย
gen-chap-05-function-q350,gen-chap-05-function,mc,2,$\dfrac{7}{6}$,เจอแต่ไม่อยู่ท้าย,27,🟡 อาจเป็นการเอ่ยกลางทาง ⛔ ไม่ใช่ผลสรุป
gen-chap-05-function-q352,gen-chap-05-function,fill,'34',34,เจอแต่ไม่อยู่ท้าย,27,🟡 อาจเป็นการเอ่ยกลางทาง ⛔ ไม่ใช่ผลสรุป
gen-chap-05-function-q353,gen-chap-05-function,fill,'1/25',1/25,ไม่เจอเลย,33,🔴 คำตอบไม่ปรากฏในเฉลยเลย
gen-chap-05-function-q354,gen-chap-05-function,fill,'-3',-3,เจอแต่ไม่อยู่ท้าย,29,🟡 อาจเป็นการเอ่ยกลางทาง ⛔ ไม่ใช่ผลสรุป
gen-chap-05-function-q355,gen-chap-05-function,mc,1,"$[-2,2)\cup(2,6]$",เจอแต่ไม่อยู่ท้าย,30,🟡 อาจเป็นการเอ่ยกลางทาง ⛔ ไม่ใช่ผลสรุป
gen-chap-05-function-q358,gen-chap-05-function,mc,3,$1$,เจอแต่ไม่อยู่ท้าย,34,🟡 อาจเป็นการเอ่ยกลางทาง ⛔ ไม่ใช่ผลสรุป
gen-chap-05-function-q359,gen-chap-05-function,fill,'1/3',1/3,ไม่เจอเลย,31,🔴 คำตอบไม่ปรากฏในเฉลยเลย
gen-chap-05-function-q360,gen-chap-05-function,mc,0,"$[1,10]$",เจอแต่ไม่อยู่ท้าย,30,🟡 อาจเป็นการเอ่ยกลางทาง ⛔ ไม่ใช่ผลสรุป
gen-chap-05-function-q361,gen-chap-05-function,mc,2,$4$,เจอแต่ไม่อยู่ท้าย,34,🟡 อาจเป็นการเอ่ยกลางทาง ⛔ ไม่ใช่ผลสรุป
gen-chap-05-function-q362,gen-chap-05-function,fill,'-1',-1,เจอแต่ไม่อยู่ท้าย,30,🟡 อาจเป็นการเอ่ยกลางทาง ⛔ ไม่ใช่ผลสรุป
gen-chap-05-function-q364,gen-chap-05-function,mc,1,$-\dfrac23$,เจอแต่ไม่อยู่ท้าย,32,🟡 อาจเป็นการเอ่ยกลางทาง ⛔ ไม่ใช่ผลสรุป
gen-chap-05-function-q366,gen-chap-05-function,mc,0,"$(-\infty,2]\cup[3,\infty)$",เจอแต่ไม่อยู่ท้าย,33,🟡 อาจเป็นการเอ่ยกลางทาง ⛔ ไม่ใช่ผลสรุป
gen-chap-05-function-q367,gen-chap-05-function,fill,'15',15,เจอแต่ไม่อยู่ท้าย,29,🟡 อาจเป็นการเอ่ยกลางทาง ⛔ ไม่ใช่ผลสรุป
gen-chap-05-function-q368,gen-chap-05-function,mc,0,"$[-5,4]$",เจอแต่ไม่อยู่ท้าย,26,🟡 อาจเป็นการเอ่ยกลางทาง ⛔ ไม่ใช่ผลสรุป
gen-chap-05-function-q369,gen-chap-05-function,fill,'(x+5)/2',(x+5)/2,ไม่เจอเลย,22,🔴 คำตอบไม่ปรากฏในเฉลยเลย
gen-chap-05-function-q370,gen-chap-05-function,mc,0,$2x-3$,เจอแต่ไม่อยู่ท้าย,24,🟡 อาจเป็นการเอ่ยกลางทาง ⛔ ไม่ใช่ผลสรุป
gen-chap-05-function-q371,gen-chap-05-function,mc,0,"$\{-1,0,3\}$",เจอแต่ไม่อยู่ท้าย,23,🟡 อาจเป็นการเอ่ยกลางทาง ⛔ ไม่ใช่ผลสรุป
gen-chap-05-function-q372,gen-chap-05-function,mc,2,$y=x^2-4x$,เจอแต่ไม่อยู่ท้าย,25,🟡 อาจเป็นการเอ่ยกลางทาง ⛔ ไม่ใช่ผลสรุป
gen-chap-05-function-q373,gen-chap-05-function,fill,'8',8,เจอแต่ไม่อยู่ท้าย,26,🟡 อาจเป็นการเอ่ยกลางทาง ⛔ ไม่ใช่ผลสรุป
gen-chap-05-function-q374,gen-chap-05-function,fill,'0',0,เจอแต่ไม่อยู่ท้าย,25,🟡 อาจเป็นการเอ่ยกลางทาง ⛔ ไม่ใช่ผลสรุป
gen-chap-05-function-q375,gen-chap-05-function,mc,1,$-4$,เจอแต่ไม่อยู่ท้าย,24,🟡 อาจเป็นการเอ่ยกลางทาง ⛔ ไม่ใช่ผลสรุป
gen-chap-05-function-q376,gen-chap-05-function,fill,"'[0,5]'","[0,5]",เจอแต่ไม่อยู่ท้าย,37,🟡 อาจเป็นการเอ่ยกลางทาง ⛔ ไม่ใช่ผลสรุป
gen-chap-05-function-q377,gen-chap-05-function,mc,3,"$[-1,\infty)$",เจอแต่ไม่อยู่ท้าย,35,🟡 อาจเป็นการเอ่ยกลางทาง ⛔ ไม่ใช่ผลสรุป
gen-chap-05-function-q378,gen-chap-05-function,mc,1,$2$,เจอแต่ไม่อยู่ท้าย,32,🟡 อาจเป็นการเอ่ยกลางทาง ⛔ ไม่ใช่ผลสรุป
gen-chap-05-function-q379,gen-chap-05-function,fill,"'[-1,5]'","[-1,5]",เจอแต่ไม่อยู่ท้าย,29,🟡 อาจเป็นการเอ่ยกลางทาง ⛔ ไม่ใช่ผลสรุป
gen-chap-05-function-q380,gen-chap-05-function,mc,3,$40$,เจอแต่ไม่อยู่ท้าย,25,🟡 อาจเป็นการเอ่ยกลางทาง ⛔ ไม่ใช่ผลสรุป
gen-chap-05-function-q381,gen-chap-05-function,fill,'7',7,เจอแต่ไม่อยู่ท้าย,25,🟡 อาจเป็นการเอ่ยกลางทาง ⛔ ไม่ใช่ผลสรุป
gen-chap-05-function-q382,gen-chap-05-function,fill,'$x^{2} + 2 x + 1$',$x^{2} + 2 x + 1$,เจอแต่ไม่อยู่ท้าย,26,🟡 อาจเป็นการเอ่ยกลางทาง ⛔ ไม่ใช่ผลสรุป
gen-chap-05-function-q384,gen-chap-05-function,fill,"'[-3,4]'","[-3,4]",เจอแต่ไม่อยู่ท้าย,25,🟡 อาจเป็นการเอ่ยกลางทาง ⛔ ไม่ใช่ผลสรุป
gen-chap-05-function-q385,gen-chap-05-function,mc,3,$-10$,เจอแต่ไม่อยู่ท้าย,25,🟡 อาจเป็นการเอ่ยกลางทาง ⛔ ไม่ใช่ผลสรุป
gen-chap-05-function-q386,gen-chap-05-function,fill,'4',4,เจอแต่ไม่อยู่ท้าย,23,🟡 อาจเป็นการเอ่ยกลางทาง ⛔ ไม่ใช่ผลสรุป
gen-chap-05-function-q387,gen-chap-05-function,fill,'7',7,เจอแต่ไม่อยู่ท้าย,26,🟡 อาจเป็นการเอ่ยกลางทาง ⛔ ไม่ใช่ผลสรุป
gen-chap-05-function-q388,gen-chap-05-function,mc,0,$3$,เจอแต่ไม่อยู่ท้าย,23,🟡 อาจเป็นการเอ่ยกลางทาง ⛔ ไม่ใช่ผลสรุป
gen-chap-05-function-q389,gen-chap-05-function,mc,2,"$\left\{\dfrac12,\dfrac72\right\}$",เจอแต่ไม่อยู่ท้าย,32,🟡 อาจเป็นการเอ่ยกลางทาง ⛔ ไม่ใช่ผลสรุป
gen-chap-05-function-q390,gen-chap-05-function,fill,'7',7,เจอแต่ไม่อยู่ท้าย,32,🟡 อาจเป็นการเอ่ยกลางทาง ⛔ ไม่ใช่ผลสรุป
gen-chap-05-function-q391,gen-chap-05-function,mc,0,$17$,เจอแต่ไม่อยู่ท้าย,23,🟡 อาจเป็นการเอ่ยกลางทาง ⛔ ไม่ใช่ผลสรุป
gen-chap-05-function-q392,gen-chap-05-function,mc,0,$-5x^2-1$,เจอแต่ไม่อยู่ท้าย,23,🟡 อาจเป็นการเอ่ยกลางทาง ⛔ ไม่ใช่ผลสรุป
gen-chap-05-function-q393,gen-chap-05-function,fill,'(x-3)/2',(x-3)/2,ไม่เจอเลย,28,🔴 คำตอบไม่ปรากฏในเฉลยเลย
gen-chap-05-function-q394,gen-chap-05-function,fill,'1',1,เจอแต่ไม่อยู่ท้าย,28,🟡 อาจเป็นการเอ่ยกลางทาง ⛔ ไม่ใช่ผลสรุป
gen-chap-05-function-q395,gen-chap-05-function,fill,'$3 x - 1$',$3 x - 1$,เจอแต่ไม่อยู่ท้าย,27,🟡 อาจเป็นการเอ่ยกลางทาง ⛔ ไม่ใช่ผลสรุป
gen-chap-05-function-q396,gen-chap-05-function,mc,2,$253$,เจอแต่ไม่อยู่ท้าย,29,🟡 อาจเป็นการเอ่ยกลางทาง ⛔ ไม่ใช่ผลสรุป
gen-chap-05-function-q397,gen-chap-05-function,fill,'$\\frac{3 x - 11}{x - 4}$',$\frac{3 x - 11}{x - 4}$,เจอแต่ไม่อยู่ท้าย,36,🟡 อาจเป็นการเอ่ยกลางทาง ⛔ ไม่ใช่ผลสรุป
gen-chap-05-function-q398,gen-chap-05-function,mc,2,$3$,เจอแต่ไม่อยู่ท้าย,28,🟡 อาจเป็นการเอ่ยกลางทาง ⛔ ไม่ใช่ผลสรุป
gen-chap-05-function-q399,gen-chap-05-function,mc,3,$x=3$,เจอแต่ไม่อยู่ท้าย,32,🟡 อาจเป็นการเอ่ยกลางทาง ⛔ ไม่ใช่ผลสรุป
gen-chap-05-function-q400,gen-chap-05-function,fill,'$- x^{2} + \\frac{2}{x^{2}}$',$- x^{2} + \frac{2}{x^{2}}$,เจอแต่ไม่อยู่ท้าย,27,🟡 อาจเป็นการเอ่ยกลางทาง ⛔ ไม่ใช่ผลสรุป
gen-chap-05-function-q401,gen-chap-05-function,fill,'8',8,เจอแต่ไม่อยู่ท้าย,25,🟡 อาจเป็นการเอ่ยกลางทาง ⛔ ไม่ใช่ผลสรุป
gen-chap-09-vector-q001,gen-chap-09-vector,fill,'4',4,เจอแต่ไม่อยู่ท้าย,34,🟡 อาจเป็นการเอ่ยกลางทาง ⛔ ไม่ใช่ผลสรุป
gen-chap-09-vector-q002,gen-chap-09-vector,mc,2,$4\overline{i}+2\overline{j}$,เจอแต่ไม่อยู่ท้าย,27,🟡 อาจเป็นการเอ่ยกลางทาง ⛔ ไม่ใช่ผลสรุป
gen-chap-09-vector-q004,gen-chap-09-vector,mc,1,$-3$,เจอแต่ไม่อยู่ท้าย,28,🟡 อาจเป็นการเอ่ยกลางทาง ⛔ ไม่ใช่ผลสรุป
gen-chap-09-vector-q005,gen-chap-09-vector,mc,2,$\overline{p}=4\overline{i}+8\overline{j}$ และ $\overline{q}=4\overline{i}-2\ove,เจอแต่ไม่อยู่ท้าย,31,🟡 อาจเป็นการเอ่ยกลางทาง ⛔ ไม่ใช่ผลสรุป
gen-chap-07-trigonometry-q001,gen-chap-07-trigonometry,mc,3,$\dfrac{11}{5}$,เจอแต่ไม่อยู่ท้าย,65,🟡 อาจเป็นการเอ่ยกลางทาง ⛔ ไม่ใช่ผลสรุป
gen-chap-07-trigonometry-q002,gen-chap-07-trigonometry,mc,0,$-\dfrac{32}{25}$,เจอแต่ไม่อยู่ท้าย,63,🟡 อาจเป็นการเอ่ยกลางทาง ⛔ ไม่ใช่ผลสรุป
gen-chap-07-trigonometry-q003,gen-chap-07-trigonometry,mc,1,$6$ เมตร,เจอแต่ไม่อยู่ท้าย,65,🟡 อาจเป็นการเอ่ยกลางทาง ⛔ ไม่ใช่ผลสรุป
gen-chap-07-trigonometry-q005,gen-chap-07-trigonometry,mc,0,$-2$,เจอแต่ไม่อยู่ท้าย,53,🟡 อาจเป็นการเอ่ยกลางทาง ⛔ ไม่ใช่ผลสรุป
gen-chap-07-trigonometry-q007,gen-chap-07-trigonometry,mc,2,$\dfrac{4}{5}$,เจอแต่ไม่อยู่ท้าย,49,🟡 อาจเป็นการเอ่ยกลางทาง ⛔ ไม่ใช่ผลสรุป
gen-chap-07-trigonometry-q008,gen-chap-07-trigonometry,mc,0,"$\left(-\dfrac{12}{13},\ -\dfrac{5}{13}\right)$",เจอแต่ไม่อยู่ท้าย,45,🟡 อาจเป็นการเอ่ยกลางทาง ⛔ ไม่ใช่ผลสรุป
gen-chap-07-trigonometry-q009,gen-chap-07-trigonometry,mc,2,$3 + 2\sqrt{2}$,เจอแต่ไม่อยู่ท้าย,50,🟡 อาจเป็นการเอ่ยกลางทาง ⛔ ไม่ใช่ผลสรุป
gen-chap-07-trigonometry-q010,gen-chap-07-trigonometry,mc,3,$\dfrac{24}{7}$,เจอแต่ไม่อยู่ท้าย,42,🟡 อาจเป็นการเอ่ยกลางทาง ⛔ ไม่ใช่ผลสรุป
gen-chap-07-trigonometry-q011,gen-chap-07-trigonometry,mc,2,$\dfrac{17}{13}$,เจอแต่ไม่อยู่ท้าย,43,🟡 อาจเป็นการเอ่ยกลางทาง ⛔ ไม่ใช่ผลสรุป
gen-chap-07-trigonometry-q012,gen-chap-07-trigonometry,mc,0,$-\sqrt{3} - 1$,เจอแต่ไม่อยู่ท้าย,42,🟡 อาจเป็นการเอ่ยกลางทาง ⛔ ไม่ใช่ผลสรุป
gen-chap-07-trigonometry-q014,gen-chap-07-trigonometry,mc,3,$\dfrac{3}{2}$,เจอแต่ไม่อยู่ท้าย,42,🟡 อาจเป็นการเอ่ยกลางทาง ⛔ ไม่ใช่ผลสรุป
gen-chap-07-trigonometry-q015,gen-chap-07-trigonometry,mc,0,$9$,เจอแต่ไม่อยู่ท้าย,41,🟡 อาจเป็นการเอ่ยกลางทาง ⛔ ไม่ใช่ผลสรุป
gen-chap-07-trigonometry-q016,gen-chap-07-trigonometry,mc,2,$\dfrac{\sqrt{3}}{2}$,เจอแต่ไม่อยู่ท้าย,40,🟡 อาจเป็นการเอ่ยกลางทาง ⛔ ไม่ใช่ผลสรุป
gen-chap-07-trigonometry-q017,gen-chap-07-trigonometry,mc,0,$-\dfrac{8}{15}$,เจอแต่ไม่อยู่ท้าย,41,🟡 อาจเป็นการเอ่ยกลางทาง ⛔ ไม่ใช่ผลสรุป
gen-chap-07-trigonometry-q019,gen-chap-07-trigonometry,mc,1,$8\sqrt{2}$,เจอแต่ไม่อยู่ท้าย,43,🟡 อาจเป็นการเอ่ยกลางทาง ⛔ ไม่ใช่ผลสรุป
gen-chap-07-trigonometry-q021,gen-chap-07-trigonometry,mc,0,$-\dfrac{7}{5}$,เจอแต่ไม่อยู่ท้าย,44,🟡 อาจเป็นการเอ่ยกลางทาง ⛔ ไม่ใช่ผลสรุป
gen-chap-07-trigonometry-q022,gen-chap-07-trigonometry,mc,0,$-31$,เจอแต่ไม่อยู่ท้าย,46,🟡 อาจเป็นการเอ่ยกลางทาง ⛔ ไม่ใช่ผลสรุป
gen-chap-07-trigonometry-q023,gen-chap-07-trigonometry,mc,1,$\dfrac{2\pi}{3}$,เจอแต่ไม่อยู่ท้าย,50,🟡 อาจเป็นการเอ่ยกลางทาง ⛔ ไม่ใช่ผลสรุป
gen-chap-07-trigonometry-q026,gen-chap-07-trigonometry,mc,1,$y = 3\cos\left(x - \dfrac{\pi}{6}\right) - 2$,เจอแต่ไม่อยู่ท้าย,41,🟡 อาจเป็นการเอ่ยกลางทาง ⛔ ไม่ใช่ผลสรุป
gen-chap-07-trigonometry-q027,gen-chap-07-trigonometry,mc,2,$\dfrac{3\pi}{4}$,เจอแต่ไม่อยู่ท้าย,44,🟡 อาจเป็นการเอ่ยกลางทาง ⛔ ไม่ใช่ผลสรุป
gen-chap-07-trigonometry-q028,gen-chap-07-trigonometry,mc,1,$\dfrac{2\pi}{3}$,เจอแต่ไม่อยู่ท้าย,44,🟡 อาจเป็นการเอ่ยกลางทาง ⛔ ไม่ใช่ผลสรุป
gen-chap-07-trigonometry-q030,gen-chap-07-trigonometry,mc,2,$27\pi$,เจอแต่ไม่อยู่ท้าย,45,🟡 อาจเป็นการเอ่ยกลางทาง ⛔ ไม่ใช่ผลสรุป
gen-chap-07-trigonometry-q031,gen-chap-07-trigonometry,mc,3,$32$,เจอแต่ไม่อยู่ท้าย,47,🟡 อาจเป็นการเอ่ยกลางทาง ⛔ ไม่ใช่ผลสรุป
gen-chap-07-trigonometry-q032,gen-chap-07-trigonometry,mc,1,$\dfrac{3\pi}{2}$,เจอแต่ไม่อยู่ท้าย,45,🟡 อาจเป็นการเอ่ยกลางทาง ⛔ ไม่ใช่ผลสรุป
gen-chap-07-trigonometry-q033,gen-chap-07-trigonometry,mc,1,$6\pi$,เจอแต่ไม่อยู่ท้าย,44,🟡 อาจเป็นการเอ่ยกลางทาง ⛔ ไม่ใช่ผลสรุป
gen-chap-07-trigonometry-q034,gen-chap-07-trigonometry,mc,2,$\dfrac{20}{3}$,เจอแต่ไม่อยู่ท้าย,50,🟡 อาจเป็นการเอ่ยกลางทาง ⛔ ไม่ใช่ผลสรุป
gen-chap-07-trigonometry-q035,gen-chap-07-trigonometry,mc,0,$-\dfrac{17}{13}$,เจอแต่ไม่อยู่ท้าย,52,🟡 อาจเป็นการเอ่ยกลางทาง ⛔ ไม่ใช่ผลสรุป
gen-chap-07-trigonometry-q037,gen-chap-07-trigonometry,mc,1,$16$,เจอแต่ไม่อยู่ท้าย,51,🟡 อาจเป็นการเอ่ยกลางทาง ⛔ ไม่ใช่ผลสรุป
gen-chap-07-trigonometry-q038,gen-chap-07-trigonometry,mc,3,$4$,เจอแต่ไม่อยู่ท้าย,48,🟡 อาจเป็นการเอ่ยกลางทาง ⛔ ไม่ใช่ผลสรุป
gen-chap-07-trigonometry-q040,gen-chap-07-trigonometry,mc,0,$\dfrac{\pi}{12}$,เจอแต่ไม่อยู่ท้าย,54,🟡 อาจเป็นการเอ่ยกลางทาง ⛔ ไม่ใช่ผลสรุป
gen-chap-07-trigonometry-q042,gen-chap-07-trigonometry,mc,0,$\dfrac{3}{5}$,เจอแต่ไม่อยู่ท้าย,55,🟡 อาจเป็นการเอ่ยกลางทาง ⛔ ไม่ใช่ผลสรุป
gen-chap-07-trigonometry-q045,gen-chap-07-trigonometry,mc,3,จตุภาคที่ $4$,เจอแต่ไม่อยู่ท้าย,48,🟡 อาจเป็นการเอ่ยกลางทาง ⛔ ไม่ใช่ผลสรุป
gen-chap-07-trigonometry-q046,gen-chap-07-trigonometry,mc,0,$\tan 2 < \cot 2 < \cos 2 < \sin 2$,ไม่เจอเลย,57,🔴 คำตอบไม่ปรากฏในเฉลยเลย
gen-chap-07-trigonometry-q047,gen-chap-07-trigonometry,mc,2,$\dfrac{16}{3}$ นาที,เจอแต่ไม่อยู่ท้าย,64,🟡 อาจเป็นการเอ่ยกลางทาง ⛔ ไม่ใช่ผลสรุป
gen-chap-07-trigonometry-q048,gen-chap-07-trigonometry,mc,3,"$\left(\dfrac{2\pi}{3},\ \dfrac{7\pi}{6}\right)$",เจอแต่ไม่อยู่ท้าย,48,🟡 อาจเป็นการเอ่ยกลางทาง ⛔ ไม่ใช่ผลสรุป
gen-chap-07-trigonometry-q049,gen-chap-07-trigonometry,mc,3,$\dfrac{1 + \sqrt{2}}{2}$,เจอแต่ไม่อยู่ท้าย,52,🟡 อาจเป็นการเอ่ยกลางทาง ⛔ ไม่ใช่ผลสรุป
gen-chap-07-trigonometry-q050,gen-chap-07-trigonometry,mc,3,$\dfrac{9\pi^2}{8}$,เจอแต่ไม่อยู่ท้าย,57,🟡 อาจเป็นการเอ่ยกลางทาง ⛔ ไม่ใช่ผลสรุป
gen-chap-07-trigonometry-q051,gen-chap-07-trigonometry,mc,0,$c < a < b < d$,ไม่เจอเลย,57,🔴 คำตอบไม่ปรากฏในเฉลยเลย
gen-chap-07-trigonometry-q052,gen-chap-07-trigonometry,mc,3,"$[\,1-\sqrt{2},\ 1+\sqrt{2}\,]$",เจอแต่ไม่อยู่ท้าย,53,🟡 อาจเป็นการเอ่ยกลางทาง ⛔ ไม่ใช่ผลสรุป
gen-chap-07-trigonometry-q053,gen-chap-07-trigonometry,mc,1,$18$,เจอแต่ไม่อยู่ท้าย,64,🟡 อาจเป็นการเอ่ยกลางทาง ⛔ ไม่ใช่ผลสรุป
gen-chap-07-trigonometry-q054,gen-chap-07-trigonometry,mc,2,$\dfrac{21\sqrt{3}}{4}$ ตารางหน่วย,เจอแต่ไม่อยู่ท้าย,60,🟡 อาจเป็นการเอ่ยกลางทาง ⛔ ไม่ใช่ผลสรุป
gen-chap-07-trigonometry-q056,gen-chap-07-trigonometry,mc,1,$-\dfrac{7}{25}$,เจอแต่ไม่อยู่ท้าย,56,🟡 อาจเป็นการเอ่ยกลางทาง ⛔ ไม่ใช่ผลสรุป
gen-chap-07-trigonometry-q059,gen-chap-07-trigonometry,mc,1,"$\{-1,\ 1\}$",เจอแต่ไม่อยู่ท้าย,62,🟡 อาจเป็นการเอ่ยกลางทาง ⛔ ไม่ใช่ผลสรุป
gen-chap-07-trigonometry-q062,gen-chap-07-trigonometry,mc,3,$\dfrac{11\pi}{6}$ เรเดียน,เจอแต่ไม่อยู่ท้าย,45,🟡 อาจเป็นการเอ่ยกลางทาง ⛔ ไม่ใช่ผลสรุป
gen-chap-07-trigonometry-q063,gen-chap-07-trigonometry,mc,1,รูปสามเหลี่ยม $ABC$ เป็นรูปสามเหลี่ยมหน้าจั่วหรือรูปสามเหลี่ยมมุมฉาก และเกิดขึ้น,เจอแต่ไม่อยู่ท้าย,57,🟡 อาจเป็นการเอ่ยกลางทาง ⛔ ไม่ใช่ผลสรุป
gen-chap-07-trigonometry-q065,gen-chap-07-trigonometry,mc,3,$\dfrac{28}{15}$,เจอแต่ไม่อยู่ท้าย,52,🟡 อาจเป็นการเอ่ยกลางทาง ⛔ ไม่ใช่ผลสรุป
gen-chap-07-trigonometry-q066,gen-chap-07-trigonometry,mc,1,$60$,เจอแต่ไม่อยู่ท้าย,52,🟡 อาจเป็นการเอ่ยกลางทาง ⛔ ไม่ใช่ผลสรุป
gen-chap-07-trigonometry-q067,gen-chap-07-trigonometry,mc,3,$13$,เจอแต่ไม่อยู่ท้าย,44,🟡 อาจเป็นการเอ่ยกลางทาง ⛔ ไม่ใช่ผลสรุป
gen-chap-07-trigonometry-q068,gen-chap-07-trigonometry,mc,1,$800\pi$,เจอแต่ไม่อยู่ท้าย,51,🟡 อาจเป็นการเอ่ยกลางทาง ⛔ ไม่ใช่ผลสรุป
gen-chap-07-trigonometry-q069,gen-chap-07-trigonometry,mc,2,$12 < P \le 18$,ไม่เจอเลย,58,🔴 คำตอบไม่ปรากฏในเฉลยเลย
gen-chap-07-trigonometry-q070,gen-chap-07-trigonometry,mc,0,$-\dfrac{1}{2}$,เจอแต่ไม่อยู่ท้าย,50,🟡 อาจเป็นการเอ่ยกลางทาง ⛔ ไม่ใช่ผลสรุป
gen-chap-07-trigonometry-q071,gen-chap-07-trigonometry,mc,3,$\dfrac{13}{2}$,เจอแต่ไม่อยู่ท้าย,45,🟡 อาจเป็นการเอ่ยกลางทาง ⛔ ไม่ใช่ผลสรุป
gen-chap-07-trigonometry-q072,gen-chap-07-trigonometry,mc,0,$7$,เจอแต่ไม่อยู่ท้าย,54,🟡 อาจเป็นการเอ่ยกลางทาง ⛔ ไม่ใช่ผลสรุป
gen-chap-07-trigonometry-q074,gen-chap-07-trigonometry,mc,1,$0 < B \le \dfrac{\pi}{3}$,ไม่เจอเลย,64,🔴 คำตอบไม่ปรากฏในเฉลยเลย
gen-chap-07-trigonometry-q075,gen-chap-07-trigonometry,mc,2,$4\sqrt{3}$,เจอแต่ไม่อยู่ท้าย,54,🟡 อาจเป็นการเอ่ยกลางทาง ⛔ ไม่ใช่ผลสรุป
gen-chap-07-trigonometry-q077,gen-chap-07-trigonometry,mc,0,$12 - 6\sqrt{2}$,เจอแต่ไม่อยู่ท้าย,53,🟡 อาจเป็นการเอ่ยกลางทาง ⛔ ไม่ใช่ผลสรุป
gen-chap-07-trigonometry-q078,gen-chap-07-trigonometry,mc,0,"$\{0, \dfrac{\pi}{2}, \pi, \dfrac{3\pi}{2}\}$",เจอแต่ไม่อยู่ท้าย,56,🟡 อาจเป็นการเอ่ยกลางทาง ⛔ ไม่ใช่ผลสรุป
gen-chap-07-trigonometry-q080,gen-chap-07-trigonometry,mc,0,$\dfrac{9}{25}$,เจอแต่ไม่อยู่ท้าย,50,🟡 อาจเป็นการเอ่ยกลางทาง ⛔ ไม่ใช่ผลสรุป
gen-chap-07-trigonometry-q082,gen-chap-07-trigonometry,mc,1,$\dfrac{\sqrt{2}}{2}$,เจอแต่ไม่อยู่ท้าย,56,🟡 อาจเป็นการเอ่ยกลางทาง ⛔ ไม่ใช่ผลสรุป
gen-chap-07-trigonometry-q083,gen-chap-07-trigonometry,mc,3,$\dfrac{1}{5}$,เจอแต่ไม่อยู่ท้าย,58,🟡 อาจเป็นการเอ่ยกลางทาง ⛔ ไม่ใช่ผลสรุป
gen-chap-07-trigonometry-q084,gen-chap-07-trigonometry,mc,3,$\dfrac{14\sqrt{3}\pi}{9}$,เจอแต่ไม่อยู่ท้าย,65,🟡 อาจเป็นการเอ่ยกลางทาง ⛔ ไม่ใช่ผลสรุป
gen-chap-07-trigonometry-q085,gen-chap-07-trigonometry,mc,2,"$\left[-\dfrac{\pi}{2},\ \dfrac{5\pi}{2}\right]$",เจอแต่ไม่อยู่ท้าย,53,🟡 อาจเป็นการเอ่ยกลางทาง ⛔ ไม่ใช่ผลสรุป
gen-chap-07-trigonometry-q086,gen-chap-07-trigonometry,mc,2,$7$,เจอแต่ไม่อยู่ท้าย,58,🟡 อาจเป็นการเอ่ยกลางทาง ⛔ ไม่ใช่ผลสรุป
gen-chap-07-trigonometry-q088,gen-chap-07-trigonometry,mc,1,$6\sqrt{3}$,เจอแต่ไม่อยู่ท้าย,63,🟡 อาจเป็นการเอ่ยกลางทาง ⛔ ไม่ใช่ผลสรุป
gen-chap-07-trigonometry-q089,gen-chap-07-trigonometry,mc,1,$\dfrac{157\pi}{4}$,เจอแต่ไม่อยู่ท้าย,58,🟡 อาจเป็นการเอ่ยกลางทาง ⛔ ไม่ใช่ผลสรุป
gen-chap-07-trigonometry-q092,gen-chap-07-trigonometry,mc,1,$8\pi - 6\sqrt{3}$,เจอแต่ไม่อยู่ท้าย,64,🟡 อาจเป็นการเอ่ยกลางทาง ⛔ ไม่ใช่ผลสรุป
gen-chap-07-trigonometry-q093,gen-chap-07-trigonometry,mc,0,$10\left(\sqrt{6} - \sqrt{2}\right)$,เจอแต่ไม่อยู่ท้าย,70,🟡 อาจเป็นการเอ่ยกลางทาง ⛔ ไม่ใช่ผลสรุป
gen-chap-07-trigonometry-q094,gen-chap-07-trigonometry,mc,0,"$\dfrac{128\sqrt{2}\,\pi}{3}$",เจอแต่ไม่อยู่ท้าย,73,🟡 อาจเป็นการเอ่ยกลางทาง ⛔ ไม่ใช่ผลสรุป
gen-chap-07-trigonometry-q097,gen-chap-07-trigonometry,mc,1,$-\dfrac{16}{65}$,เจอแต่ไม่อยู่ท้าย,61,🟡 อาจเป็นการเอ่ยกลางทาง ⛔ ไม่ใช่ผลสรุป
gen-chap-07-trigonometry-q098,gen-chap-07-trigonometry,mc,1,$160\sqrt{3}$,เจอแต่ไม่อยู่ท้าย,77,🟡 อาจเป็นการเอ่ยกลางทาง ⛔ ไม่ใช่ผลสรุป
gen-chap-07-trigonometry-q101,gen-chap-07-trigonometry,mc,0,$-\dfrac{\sqrt{13}}{2}$,เจอแต่ไม่อยู่ท้าย,66,🟡 อาจเป็นการเอ่ยกลางทาง ⛔ ไม่ใช่ผลสรุป
gen-chap-07-trigonometry-q104,gen-chap-07-trigonometry,mc,3,$20\sqrt{7}$,เจอแต่ไม่อยู่ท้าย,93,🟡 อาจเป็นการเอ่ยกลางทาง ⛔ ไม่ใช่ผลสรุป
gen-chap-07-trigonometry-q105,gen-chap-07-trigonometry,fill,'9/40',9/40,ไม่เจอเลย,66,🔴 คำตอบไม่ปรากฏในเฉลยเลย
gen-chap-07-trigonometry-q107,gen-chap-07-trigonometry,mc,0,$\dfrac{20}{29}$,เจอแต่ไม่อยู่ท้าย,77,🟡 อาจเป็นการเอ่ยกลางทาง ⛔ ไม่ใช่ผลสรุป
gen-chap-07-trigonometry-q109,gen-chap-07-trigonometry,fill,'35/4',35/4,ไม่เจอเลย,73,🔴 คำตอบไม่ปรากฏในเฉลยเลย
gen-chap-07-trigonometry-q111,gen-chap-07-trigonometry,mc,0,$6r\left(\sqrt{6} - \sqrt{2}\right)$,เจอแต่ไม่อยู่ท้าย,73,🟡 อาจเป็นการเอ่ยกลางทาง ⛔ ไม่ใช่ผลสรุป
gen-chap-07-trigonometry-q116,gen-chap-07-trigonometry,mc,0,$4\pi$,เจอแต่ไม่อยู่ท้าย,71,🟡 อาจเป็นการเอ่ยกลางทาง ⛔ ไม่ใช่ผลสรุป
gen-chap-07-trigonometry-q117,gen-chap-07-trigonometry,mc,1,$4$,เจอแต่ไม่อยู่ท้าย,79,🟡 อาจเป็นการเอ่ยกลางทาง ⛔ ไม่ใช่ผลสรุป
gen-chap-07-trigonometry-q118,gen-chap-07-trigonometry,mc,2,$8\pi - 12\sqrt{3}$,เจอแต่ไม่อยู่ท้าย,67,🟡 อาจเป็นการเอ่ยกลางทาง ⛔ ไม่ใช่ผลสรุป
gen-chap-07-trigonometry-q123,gen-chap-07-trigonometry,mc,0,$6\sin\big(2\left(x - \dfrac{\pi}{2}\right)\big) + 5$,เจอแต่ไม่อยู่ท้าย,77,🟡 อาจเป็นการเอ่ยกลางทาง ⛔ ไม่ใช่ผลสรุป
gen-chap-07-trigonometry-q125,gen-chap-07-trigonometry,fill,'3/5',3/5,ไม่เจอเลย,60,🔴 คำตอบไม่ปรากฏในเฉลยเลย
gen-chap-07-trigonometry-q127,gen-chap-07-trigonometry,fill,'72',72,เจอแต่ไม่อยู่ท้าย,78,🟡 อาจเป็นการเอ่ยกลางทาง ⛔ ไม่ใช่ผลสรุป
gen-chap-07-trigonometry-q130,gen-chap-07-trigonometry,fill,'5/2',5/2,ไม่เจอเลย,57,🔴 คำตอบไม่ปรากฏในเฉลยเลย
gen-chap-07-trigonometry-q131,gen-chap-07-trigonometry,mc,2,"$\dfrac{4\sqrt{3}\,\pi}{9}$",เจอแต่ไม่อยู่ท้าย,72,🟡 อาจเป็นการเอ่ยกลางทาง ⛔ ไม่ใช่ผลสรุป
gen-chap-07-trigonometry-q133,gen-chap-07-trigonometry,mc,2,$72\pi-144$,เจอแต่ไม่อยู่ท้าย,65,🟡 อาจเป็นการเอ่ยกลางทาง ⛔ ไม่ใช่ผลสรุป
gen-chap-07-trigonometry-q135,gen-chap-07-trigonometry,mc,2,$\dfrac{\sqrt{3}-1}{2}$,เจอแต่ไม่อยู่ท้าย,69,🟡 อาจเป็นการเอ่ยกลางทาง ⛔ ไม่ใช่ผลสรุป
gen-chap-07-trigonometry-q136,gen-chap-07-trigonometry,fill,'31/41',31/41,ไม่เจอเลย,69,🔴 คำตอบไม่ปรากฏในเฉลยเลย
gen-chap-07-trigonometry-q138,gen-chap-07-trigonometry,fill,'-48/7',-48/7,ไม่เจอเลย,78,🔴 คำตอบไม่ปรากฏในเฉลยเลย
gen-chap-07-trigonometry-q139,gen-chap-07-trigonometry,mc,3,$9$,เจอแต่ไม่อยู่ท้าย,63,🟡 อาจเป็นการเอ่ยกลางทาง ⛔ ไม่ใช่ผลสรุป
gen-chap-07-trigonometry-q142,gen-chap-07-trigonometry,mc,2,$\dfrac{10}{9}$,เจอแต่ไม่อยู่ท้าย,69,🟡 อาจเป็นการเอ่ยกลางทาง ⛔ ไม่ใช่ผลสรุป
gen-chap-07-trigonometry-q143,gen-chap-07-trigonometry,mc,3,$\dfrac{13}{3}$,เจอแต่ไม่อยู่ท้าย,73,🟡 อาจเป็นการเอ่ยกลางทาง ⛔ ไม่ใช่ผลสรุป
gen-chap-07-trigonometry-q144,gen-chap-07-trigonometry,mc,0,$-\dfrac{33}{10}$,เจอแต่ไม่อยู่ท้าย,78,🟡 อาจเป็นการเอ่ยกลางทาง ⛔ ไม่ใช่ผลสรุป
gen-chap-07-trigonometry-q145,gen-chap-07-trigonometry,fill,'12/25',12/25,ไม่เจอเลย,57,🔴 คำตอบไม่ปรากฏในเฉลยเลย
gen-chap-07-trigonometry-q147,gen-chap-07-trigonometry,fill,'15/17',15/17,ไม่เจอเลย,66,🔴 คำตอบไม่ปรากฏในเฉลยเลย
gen-chap-07-trigonometry-q148,gen-chap-07-trigonometry,mc,2,$\dfrac{15}{8}$,เจอแต่ไม่อยู่ท้าย,76,🟡 อาจเป็นการเอ่ยกลางทาง ⛔ ไม่ใช่ผลสรุป
gen-chap-07-trigonometry-q149,gen-chap-07-trigonometry,fill,'625/168',625/168,ไม่เจอเลย,75,🔴 คำตอบไม่ปรากฏในเฉลยเลย
gen-chap-07-trigonometry-q150,gen-chap-07-trigonometry,mc,2,$1200\pi$,เจอแต่ไม่อยู่ท้าย,59,🟡 อาจเป็นการเอ่ยกลางทาง ⛔ ไม่ใช่ผลสรุป
gen-chap-07-trigonometry-q153,gen-chap-07-trigonometry,fill,'144',144,เจอแต่ไม่อยู่ท้าย,74,🟡 อาจเป็นการเอ่ยกลางทาง ⛔ ไม่ใช่ผลสรุป
gen-chap-07-trigonometry-q155,gen-chap-07-trigonometry,fill,'-64/289',-64/289,ไม่เจอเลย,61,🔴 คำตอบไม่ปรากฏในเฉลยเลย
gen-chap-07-trigonometry-q156,gen-chap-07-trigonometry,mc,1,$-10$,เจอแต่ไม่อยู่ท้าย,76,🟡 อาจเป็นการเอ่ยกลางทาง ⛔ ไม่ใช่ผลสรุป
gen-chap-07-trigonometry-q159,gen-chap-07-trigonometry,mc,2,$f(x) = \sin x\cos x$,เจอแต่ไม่อยู่ท้าย,78,🟡 อาจเป็นการเอ่ยกลางทาง ⛔ ไม่ใช่ผลสรุป
gen-chap-07-trigonometry-q161,gen-chap-07-trigonometry,fill,'49/5',49/5,ไม่เจอเลย,70,🔴 คำตอบไม่ปรากฏในเฉลยเลย
gen-chap-07-trigonometry-q165,gen-chap-07-trigonometry,fill,'1/4',1/4,ไม่เจอเลย,162,🔴 คำตอบไม่ปรากฏในเฉลยเลย
gen-chap-07-trigonometry-q166,gen-chap-07-trigonometry,mc,1,$\dfrac{\pi}{6}$,เจอแต่ไม่อยู่ท้าย,166,🟡 อาจเป็นการเอ่ยกลางทาง ⛔ ไม่ใช่ผลสรุป
gen-chap-07-trigonometry-q167,gen-chap-07-trigonometry,mc,2,"$\left\{0 , \dfrac{\pi}{3} , \pi , \dfrac{5\pi}{3}\right\}$",เจอแต่ไม่อยู่ท้าย,181,🟡 อาจเป็นการเอ่ยกลางทาง ⛔ ไม่ใช่ผลสรุป
gen-chap-07-trigonometry-q168,gen-chap-07-trigonometry,mc,1,$\dfrac{4}{5}$,เจอแต่ไม่อยู่ท้าย,152,🟡 อาจเป็นการเอ่ยกลางทาง ⛔ ไม่ใช่ผลสรุป
gen-chap-07-trigonometry-q169,gen-chap-07-trigonometry,fill,'2',2,เจอแต่ไม่อยู่ท้าย,174,🟡 อาจเป็นการเอ่ยกลางทาง ⛔ ไม่ใช่ผลสรุป
gen-chap-07-trigonometry-q170,gen-chap-07-trigonometry,fill,'1/3',1/3,ไม่เจอเลย,153,🔴 คำตอบไม่ปรากฏในเฉลยเลย
gen-chap-07-trigonometry-q171,gen-chap-07-trigonometry,fill,'161/289',161/289,ไม่เจอเลย,163,🔴 คำตอบไม่ปรากฏในเฉลยเลย
gen-chap-07-trigonometry-q172,gen-chap-07-trigonometry,mc,2,$2$,เจอแต่ไม่อยู่ท้าย,187,🟡 อาจเป็นการเอ่ยกลางทาง ⛔ ไม่ใช่ผลสรุป
gen-chap-07-trigonometry-q173,gen-chap-07-trigonometry,mc,1,$2\sqrt{7}$,เจอแต่ไม่อยู่ท้าย,182,🟡 อาจเป็นการเอ่ยกลางทาง ⛔ ไม่ใช่ผลสรุป
gen-chap-07-trigonometry-q174,gen-chap-07-trigonometry,mc,2,$120$,เจอแต่ไม่อยู่ท้าย,253,🟡 อาจเป็นการเอ่ยกลางทาง ⛔ ไม่ใช่ผลสรุป
gen-chap-07-trigonometry-q175,gen-chap-07-trigonometry,mc,3,$\dfrac{14\sqrt{3}}{3}$,เจอแต่ไม่อยู่ท้าย,171,🟡 อาจเป็นการเอ่ยกลางทาง ⛔ ไม่ใช่ผลสรุป
gen-chap-07-trigonometry-q176,gen-chap-07-trigonometry,fill,'12',12,เจอแต่ไม่อยู่ท้าย,185,🟡 อาจเป็นการเอ่ยกลางทาง ⛔ ไม่ใช่ผลสรุป
gen-chap-07-trigonometry-q178,gen-chap-07-trigonometry,mc,0,$7$,เจอแต่ไม่อยู่ท้าย,228,🟡 อาจเป็นการเอ่ยกลางทาง ⛔ ไม่ใช่ผลสรุป
gen-chap-07-trigonometry-q179,gen-chap-07-trigonometry,mc,1,$6\sqrt{3} + 6$,เจอแต่ไม่อยู่ท้าย,233,🟡 อาจเป็นการเอ่ยกลางทาง ⛔ ไม่ใช่ผลสรุป
gen-chap-07-trigonometry-q180,gen-chap-07-trigonometry,mc,2,$13$,เจอแต่ไม่อยู่ท้าย,204,🟡 อาจเป็นการเอ่ยกลางทาง ⛔ ไม่ใช่ผลสรุป
gen-chap-07-trigonometry-q181,gen-chap-07-trigonometry,mc,0,"$\left\{-\dfrac{3\pi}{4} , \dfrac{\pi}{4}\right\}$",เจอแต่ไม่อยู่ท้าย,254,🟡 อาจเป็นการเอ่ยกลางทาง ⛔ ไม่ใช่ผลสรุป
gen-chap-07-trigonometry-q182,gen-chap-07-trigonometry,fill,'120',120,เจอแต่ไม่อยู่ท้าย,188,🟡 อาจเป็นการเอ่ยกลางทาง ⛔ ไม่ใช่ผลสรุป
gen-chap-07-trigonometry-q183,gen-chap-07-trigonometry,mc,1,$30$,เจอแต่ไม่อยู่ท้าย,233,🟡 อาจเป็นการเอ่ยกลางทาง ⛔ ไม่ใช่ผลสรุป
gen-chap-07-trigonometry-q184,gen-chap-07-trigonometry,mc,2,"$\left[0 , \dfrac{3}{4}\right)$",เจอแต่ไม่อยู่ท้าย,216,🟡 อาจเป็นการเอ่ยกลางทาง ⛔ ไม่ใช่ผลสรุป
gen-chap-07-trigonometry-q185,gen-chap-07-trigonometry,mc,2,"$\sqrt{3}\,\sin\theta$",เจอแต่ไม่อยู่ท้าย,43,🟡 อาจเป็นการเอ่ยกลางทาง ⛔ ไม่ใช่ผลสรุป
gen-chap-07-trigonometry-q187,gen-chap-07-trigonometry,mc,2,$\dfrac{15}{34} - \dfrac{4\sqrt{3}}{17}$,เจอแต่ไม่อยู่ท้าย,47,🟡 อาจเป็นการเอ่ยกลางทาง ⛔ ไม่ใช่ผลสรุป
gen-chap-07-trigonometry-q188,gen-chap-07-trigonometry,mc,1,$-\dfrac{120}{169}$,เจอแต่ไม่อยู่ท้าย,42,🟡 อาจเป็นการเอ่ยกลางทาง ⛔ ไม่ใช่ผลสรุป
gen-chap-07-trigonometry-q189,gen-chap-07-trigonometry,mc,3,$\dfrac{3\pi}{2}$,เจอแต่ไม่อยู่ท้าย,55,🟡 อาจเป็นการเอ่ยกลางทาง ⛔ ไม่ใช่ผลสรุป
gen-chap-07-trigonometry-q190,gen-chap-07-trigonometry,mc,2,$\dfrac{5\pi}{6}$,เจอแต่ไม่อยู่ท้าย,38,🟡 อาจเป็นการเอ่ยกลางทาง ⛔ ไม่ใช่ผลสรุป
gen-chap-07-trigonometry-q191,gen-chap-07-trigonometry,mc,0,$-2$,เจอแต่ไม่อยู่ท้าย,45,🟡 อาจเป็นการเอ่ยกลางทาง ⛔ ไม่ใช่ผลสรุป
gen-chap-07-trigonometry-q192,gen-chap-07-trigonometry,mc,1,$-\dfrac{3}{2}$,เจอแต่ไม่อยู่ท้าย,45,🟡 อาจเป็นการเอ่ยกลางทาง ⛔ ไม่ใช่ผลสรุป
gen-chap-07-trigonometry-q193,gen-chap-07-trigonometry,mc,0,$\dfrac{\pi^2}{16}$,เจอแต่ไม่อยู่ท้าย,50,🟡 อาจเป็นการเอ่ยกลางทาง ⛔ ไม่ใช่ผลสรุป
gen-chap-07-trigonometry-q194,gen-chap-07-trigonometry,mc,2,$4 - 2\sqrt{2}$,เจอแต่ไม่อยู่ท้าย,55,🟡 อาจเป็นการเอ่ยกลางทาง ⛔ ไม่ใช่ผลสรุป
gen-chap-07-trigonometry-q195,gen-chap-07-trigonometry,mc,2,$12\pi$,เจอแต่ไม่อยู่ท้าย,33,🟡 อาจเป็นการเอ่ยกลางทาง ⛔ ไม่ใช่ผลสรุป
gen-chap-07-trigonometry-q196,gen-chap-07-trigonometry,mc,4,$\tan\theta$,เจอแต่ไม่อยู่ท้าย,34,🟡 อาจเป็นการเอ่ยกลางทาง ⛔ ไม่ใช่ผลสรุป
gen-chap-07-trigonometry-q198,gen-chap-07-trigonometry,mc,2,$10\sqrt{3}$,เจอแต่ไม่อยู่ท้าย,46,🟡 อาจเป็นการเอ่ยกลางทาง ⛔ ไม่ใช่ผลสรุป
gen-chap-07-trigonometry-q200,gen-chap-07-trigonometry,mc,3,$27$,เจอแต่ไม่อยู่ท้าย,46,🟡 อาจเป็นการเอ่ยกลางทาง ⛔ ไม่ใช่ผลสรุป
gen-chap-07-trigonometry-q205,gen-chap-07-trigonometry,mc,2,$\dfrac{2\pi}{3}$,เจอแต่ไม่อยู่ท้าย,37,🟡 อาจเป็นการเอ่ยกลางทาง ⛔ ไม่ใช่ผลสรุป
gen-chap-07-trigonometry-q207,gen-chap-07-trigonometry,mc,1,$\tan 40^\circ$,เจอแต่ไม่อยู่ท้าย,40,🟡 อาจเป็นการเอ่ยกลางทาง ⛔ ไม่ใช่ผลสรุป
gen-chap-07-trigonometry-q209,gen-chap-07-trigonometry,mc,2,$10\sqrt{3}$,เจอแต่ไม่อยู่ท้าย,42,🟡 อาจเป็นการเอ่ยกลางทาง ⛔ ไม่ใช่ผลสรุป
gen-chap-07-trigonometry-q210,gen-chap-07-trigonometry,mc,3,$\dfrac{56}{65}$,เจอแต่ไม่อยู่ท้าย,46,🟡 อาจเป็นการเอ่ยกลางทาง ⛔ ไม่ใช่ผลสรุป
gen-chap-07-trigonometry-q211,gen-chap-07-trigonometry,mc,3,$6$,เจอแต่ไม่อยู่ท้าย,49,🟡 อาจเป็นการเอ่ยกลางทาง ⛔ ไม่ใช่ผลสรุป
gen-chap-07-trigonometry-q213,gen-chap-07-trigonometry,mc,3,$\dfrac{7\pi}{3}$,เจอแต่ไม่อยู่ท้าย,54,🟡 อาจเป็นการเอ่ยกลางทาง ⛔ ไม่ใช่ผลสรุป
gen-chap-07-trigonometry-q214,gen-chap-07-trigonometry,mc,1,$\dfrac{1}{8}$,เจอแต่ไม่อยู่ท้าย,46,🟡 อาจเป็นการเอ่ยกลางทาง ⛔ ไม่ใช่ผลสรุป
gen-chap-07-trigonometry-q219,gen-chap-07-trigonometry,mc,3,$14$,เจอแต่ไม่อยู่ท้าย,46,🟡 อาจเป็นการเอ่ยกลางทาง ⛔ ไม่ใช่ผลสรุป
gen-chap-07-trigonometry-q224,gen-chap-07-trigonometry,mc,2,$\dfrac{20\sqrt{3}}{3}$,เจอแต่ไม่อยู่ท้าย,59,🟡 อาจเป็นการเอ่ยกลางทาง ⛔ ไม่ใช่ผลสรุป
gen-chap-07-trigonometry-q227,gen-chap-07-trigonometry,mc,1,$80\sqrt{3} - 80$,เจอแต่ไม่อยู่ท้าย,45,🟡 อาจเป็นการเอ่ยกลางทาง ⛔ ไม่ใช่ผลสรุป
gen-chap-07-trigonometry-q228,gen-chap-07-trigonometry,mc,3,$\dfrac{24}{7}$,เจอแต่ไม่อยู่ท้าย,41,🟡 อาจเป็นการเอ่ยกลางทาง ⛔ ไม่ใช่ผลสรุป
gen-chap-07-trigonometry-q229,gen-chap-07-trigonometry,mc,2,$0$,เจอแต่ไม่อยู่ท้าย,38,🟡 อาจเป็นการเอ่ยกลางทาง ⛔ ไม่ใช่ผลสรุป
gen-chap-07-trigonometry-q230,gen-chap-07-trigonometry,mc,2,$\dfrac{13\pi}{2}$,เจอแต่ไม่อยู่ท้าย,39,🟡 อาจเป็นการเอ่ยกลางทาง ⛔ ไม่ใช่ผลสรุป
gen-chap-07-trigonometry-q233,gen-chap-07-trigonometry,mc,0,$-2\sqrt{3}$,เจอแต่ไม่อยู่ท้าย,47,🟡 อาจเป็นการเอ่ยกลางทาง ⛔ ไม่ใช่ผลสรุป
gen-chap-07-trigonometry-q235,gen-chap-07-trigonometry,mc,1,"$\left(-\dfrac{\sqrt{3}}{2},\ \dfrac{1}{2}\right)$",เจอแต่ไม่อยู่ท้าย,36,🟡 อาจเป็นการเอ่ยกลางทาง ⛔ ไม่ใช่ผลสรุป
gen-chap-07-trigonometry-q237,gen-chap-07-trigonometry,mc,3,"$\left[1-\pi,\ 1+\pi\right]$",เจอแต่ไม่อยู่ท้าย,39,🟡 อาจเป็นการเอ่ยกลางทาง ⛔ ไม่ใช่ผลสรุป
gen-chap-07-trigonometry-q238,gen-chap-07-trigonometry,mc,4,$16\sqrt{3}$,เจอแต่ไม่อยู่ท้าย,42,🟡 อาจเป็นการเอ่ยกลางทาง ⛔ ไม่ใช่ผลสรุป
gen-chap-07-trigonometry-q239,gen-chap-07-trigonometry,mc,2,$18\pi$,เจอแต่ไม่อยู่ท้าย,34,🟡 อาจเป็นการเอ่ยกลางทาง ⛔ ไม่ใช่ผลสรุป
gen-chap-07-trigonometry-q241,gen-chap-07-trigonometry,mc,2,$\dfrac{\sqrt{2+\sqrt{2}}}{2}$,เจอแต่ไม่อยู่ท้าย,40,🟡 อาจเป็นการเอ่ยกลางทาง ⛔ ไม่ใช่ผลสรุป
gen-chap-07-trigonometry-q242,gen-chap-07-trigonometry,mc,3,$4\pi$,เจอแต่ไม่อยู่ท้าย,51,🟡 อาจเป็นการเอ่ยกลางทาง ⛔ ไม่ใช่ผลสรุป
gen-chap-07-trigonometry-q243,gen-chap-07-trigonometry,mc,2,$100\sqrt{3}$,เจอแต่ไม่อยู่ท้าย,48,🟡 อาจเป็นการเอ่ยกลางทาง ⛔ ไม่ใช่ผลสรุป
gen-chap-07-trigonometry-q244,gen-chap-07-trigonometry,mc,2,$\dfrac{1}{2}$,เจอแต่ไม่อยู่ท้าย,53,🟡 อาจเป็นการเอ่ยกลางทาง ⛔ ไม่ใช่ผลสรุป
