id,setId,type,correct,คำตอบที่คาด,ระดับ,ชิ้นเฉลย,ท่อนสรุป(ตัดมา 220 ตัวท้าย)
alvl1-2566-03-q02,alvl1-2566-03,mc,3,ข้อความ (ข) และ (ค) ถูกต้องเท่านั้น,🔴 ไม่เจอเลย,19,"ำลังสองทลายค่าสัมบูรณ์ทั้งคู่ได้เพราะ|\cdot|\ge0เสมอทำให้ไม่ต้องแบ่งกรณีเครื่องหมาย⚠️จุดที่เด็กมักผิดลืมว่าAจำกัดเฉพาะจำนวนเต็มแล้วตอบสมาชิกมากสุดเป็น\frac74;และสับสนว่าคถามค่าความจริงของ""ประพจน์นั้นเป็นเท็จ""ซึ่งเป็นจริง"
alvl1-2566-03-q04,alvl1-2566-03,mc,4,ข้อความ (ข) และ (ค) ถูกต้องเท่านั้น,🔴 ไม่เจอเลย,18,"อตัวดำเนินการนิยามด้วยตารางให้หาประพจน์มาตรฐานที่""สมมูล""ก่อนที่นี่คือ\simqแล้วงานที่เหลือกลายเป็นพีชคณิตตรรกศาสตร์ธรรมดา⚠️จุดที่เด็กมักผิดเผลอคิดว่ากเป็นสัจนิรันดร์เพราะหน้าตาเหมือนmodusponens—แต่*ไม่ใช่\toต้องแทนค่าจริง"
alvl1-2566-03-q08,alvl1-2566-03,mc,0,ข้อความ (ก) ถูกต้องเพียงข้อเดียวเท่านั้น,🔴 ไม่เจอเลย,16,"คที่ใช้เทียบจำนวนสมาชิกโดเมนกับเรนจ์:ถ้า|A|>|B|ฟังก์ชันจากAไปBย่อมไม่1-1จึงไม่มีอินเวอร์สแน่นอน⚠️จุดที่เด็กมักผิดมองข้ามเงื่อนไข2\notinBที่บีบให้Bเล็กกว่าA;และเข้าใจว่าค่าสองค่าที่กำหนดมาf-1f1ทำให้""เพิ่ม""ทั้งที่จริงมันลด"
alvl1-2566-03-q14,alvl1-2566-03,mc,4,ข้อความ (ก) (ข) และ (ค) ถูกต้อง,🔴 ไม่เจอเลย,25,✔ตรวจคำตอบลองจุดในเซตw=0.5|w|=0.5✅คำตอบ:กขคถูกต้องทั้งหมด→ตัวเลือก5💡เทคนิคที่ใช้ลดอสมการให้เหลือ|z|⚠️จุดที่เด็กมักผิดกระจายy-1^2+y+1^2ผิดพจน์\pm2yต้องตัดกัน;หรือคิดว่าw^2อาจหลุดออกจากวงกลมทั้งที่|w|<1ทำให้|w|^2ยิ่งเล็กลง
alvl1-2566-03-q20,alvl1-2566-03,mc,0,ข้อความ (ก) ถูกต้องเพียงข้อเดียวเท่านั้น,🔴 ไม่เจอเลย,17,อเดียว→ตัวเลือก1💡เทคนิคที่ใช้สร้างคอลัมน์ความถี่สะสมก่อนแล้วใช้ตำแหน่ง\frack4N+1ระบุชั้นของควอไทล์;ค่านอกเกณฑ์ใช้สูตร1.5×IQR⚠️จุดที่เด็กมักผิดเผลออ่านควอไทล์ที่2เป็น75กลางช่วงคะแนนแทนที่จะใช้ตำแหน่งจากความถี่สะสม→ได้67.5
alvl1-2566-03-q21,alvl1-2566-03,mc,1,ข้อความ (ข) ถูกต้องเพียงข้อเดียวเท่านั้น,🔴 ไม่เจอเลย,24,ลือก2💡เทคนิคที่ใช้ค่าเฉลี่ยรวมต้องถ่วงน้ำหนักด้วยจำนวนคนแต่ละกลุ่มไม่ใช่เฉลี่ยของค่าเฉลี่ย;IQRอ่านจากความสูงกล่องได้ทันที⚠️จุดที่เด็กมักผิดหาค่าเฉลี่ยรวมเป็น\frac70+552=62.5เฉลี่ยลอยๆไม่ถ่วงน้ำหนัก→ได้กผิดเพราะวิธีคิดผิด
alvl1-2566-03-q23,alvl1-2566-03,mc,0,"$f'(x) = h(x)$ และ $\displaystyle\int_0^2 h(x)\,dx = -4\int_2^4 g(x)\,",🔴 ไม่เจอเลย,24,ก1💡เทคนิคที่ใช้หาสมการเส้นตรงจากระยะตัดแกนเร็วกว่าหาความชัน;อินทิกรัลเส้นตรงคิดจากพื้นที่สามเหลี่ยมจำเครื่องหมายลบเมื่ออยู่ใต้แกน⚠️จุดที่เด็กมักผิดลืมว่า\int_2^4gdxเป็นลบกราฟอยู่ใต้แกนแล้วจับคู่สัมประสิทธิ์ผิดเครื่องหมาย
alvl1-2566-03-q24,alvl1-2566-03,mc,4,ข้อความ (ข) และ (ค) ถูกต้องเท่านั้น,🔴 ไม่เจอเลย,22,ุดซึ่งกราฟมีรอยขาด/กระโดดต้องแยกพิจารณาลิมิตซ้าย-ขวาของผลรวมก่อนสรุป—แม้แต่ละฟังก์ชันลิมิตไม่เท่ากันผลรวมอาจหาค่าได้⚠️จุดที่เด็กมักผิดสรุปว่า\limf+gที่x\to-1หาค่าไม่ได้เพราะแต่ละตัวกระโดด—แต่จริงๆผลรวมซ้าย/ขวาเท่ากันที่0
alvl1-2567-03-q04,alvl1-2567-03,mc,2,$z = \sqrt{3}(\cos\theta + i\sin\theta)$ เมื่อ $\dfrac{\pi}{3} < \thet,🔴 ไม่เจอเลย,25,\sqrt3i-i|=\sqrt3-1\approx0.73✅คำตอบ:\frac\pi3💡เทคนิคที่ใช้เปลี่ยน|z-i|⚠️จุดที่เด็กมักผิด1ลืมยกกำลังสองทั้งสองข้างก่อนทำให้ติดราก2แก้\sin\theta>\frac\sqrt32ผิดช่วง—ต้องเป็นช่วง“ระหว่าง”\frac\pi3ถึง\frac2\pi3ไม่ใช่ช่วงนอก
alvl1-2567-03-q17,alvl1-2567-03,mc,1,มีเพียงข้อความ ก. และ ข. กล่าวถูกต้อง,🔴 ไม่เจอเลย,16,อร์เซ็นไทล์มัธยฐานกับตัวที่“ดูค่า”ค่าเฉลี่ย—ตัวดูตำแหน่งเปรียบเทียบกันได้จากลำดับส่วนตัวดูค่าจะไวต่อoutlier⚠️จุดที่เด็กมักผิดเข้าใจผิดว่ามัธยฐานมากกว่าค่าเฉลี่ยเสมอข้อคจริงๆขึ้นกับการกระจายของข้อมูลสรุปทิศทางตายตัวไม่ได้
alvl1-2567-03-q19,alvl1-2567-03,mc,4,ข้อความ ก. และ ค. ถูกต้อง,🔴 ไม่เจอเลย,18,ให้เป็นการแทนค่า:g1=f0h0=f0+2แล้วอ่านค่าfจากจุดที่กราฟให้มาไม่ต้องเดารูปกราฟทั้งหมด⚠️จุดที่เด็กมักผิดสับสนทิศการเลื่อน:fx-1เลื่อน“ขวา”ไม่ใช่ซ้ายและข.ผิดเพราะเข้าใจว่าgตัดแกนXตรงจุดที่fตัดทั้งที่ต้องแทนค่าตรวจg1=f0=5\neq0
alvl1-2567-03-q20,alvl1-2567-03,mc,1,"ไฮเพอร์โบลา มีจุดยอด $(-1, 2)$ และ $(-1, 8)$",🔴 ไม่เจอเลย,26,ลับพจน์คูณ-1เพื่อให้ขวาเป็น+1พจน์ที่เป็นบวกจะบอกแกนหลักที่นี่yบวก→แนวตั้ง⚠️จุดที่เด็กมักผิด1ลืมว่าดึงตัวร่วม9และ-16ออกมาแล้วค่าที่บวกชดเชยต้องคูณตัวร่วมด้วย+9\cdot1และ-16\cdot252สับสนว่าจุดยอดอยู่แกนไหน—ดูพจน์บวกเป็นหลัก
alvl1-2568-03-v2-q04,alvl1-2568-03-v2,mc,3,เป็นรูปพาราโบลาคว่ำที่มีจุดยอดที่ $x = 80$,🔴 ไม่เจอเลย,29,ว่ำจุดยอดที่x=80→ตัวเลือก4💡เทคนิคที่ใช้โจทย์เศรษฐศาสตร์ราคา×จำนวนมักออกมาเป็นพาราโบลาคว่ำ—จุดยอดคือจุดที่ได้รายได้สูงสุด⚠️จุดที่เด็กมักผิดลืมขั้นตอนการจัดรูปสมการเป็นax^2+bx+cก่อนหรือเอาเครื่องหมายลบไปด้วยตอนใช้สูตร-b/2a
alvl1-2568-03-v2-q09,alvl1-2568-03-v2,mc,1,ข้อความ ค. ถูกต้องเพียงข้อเดียวเท่านั้น,🔴 ไม่เจอเลย,34,"ค.ทำนาย0→ถูก✓สอดคล้องกับคำตอบทุกข้อ✅คำตอบ:ค.ถูกเพียงข้อเดียว→ตัวเลือก2💡เทคนิคที่ใช้จำกฎ3ข้อของrowoperationที่กระทบ\det—สลับลบคูณkkเท่าบวกเท่าเดิม⚠️จุดที่เด็กมักผิดก.ลืมเครื่องหมายลบจากการสลับแถว—เห็นแค่""คูณ2""แต่ลืม""สลับ"""
alvl1-2568-03-v2-q24,alvl1-2568-03-v2,mc,0,ข้อความ ก. ถูกต้องเพียงข้อเดียว,🔴 ไม่เจอเลย,41,ที่ใช้ลิมิตของผลบวก/ผลคูณใช้การแยกซ้าย-ขวาแล้วคำนวณตรงๆ—ถ้าซ้าย-ขวาไม่เท่ากันลิมิตหาค่าไม่ได้⚠️จุดที่เด็กมักผิดใช้\limf+g=\limf+\limgเลยโดยลืมเช็คว่า\limfและ\limgหาค่าได้หรือไม่ในข้อนี้ทั้งคู่หาค่าไม่ได้แต่ผลรวมหาค่าได้!
alvl1-2569-03-q05,alvl1-2569-03,mc,4,$f(x) = 300x - 10x^2$,🔴 ไม่เจอเลย,16,"ยนแล้วรายได้คือราคา\timesปริมาณซึ่งจะกลายเป็นฟังก์ชันกำลังสอง⚠️จุดที่เด็กมักผิดมักลืมว่าจำนวนชิ้นลดลงตาม""ส่วนต่างของราคาx-20""ไม่ใช่ตามxตรงๆทำให้ได้100-10xซึ่งผิดและมักลืมคูณด้วยราคาxในขั้นสุดท้ายตอบเป็นจำนวนชิ้นแทนรายได้"
alvl1-2569-03-q06,alvl1-2569-03,mc,4,โดเมนคือ $\mathbb{R}$ และเรนจ์คือ $\{y \in \mathbb{R} \mid y \ge 1\}$,🔴 ไม่เจอเลย,22,ากบวกตลอดหรือไม่ใช้หาโดเมนในขั้นตอนเดียว⚠️จุดที่เด็กมักผิดเผลอตอบเรนจ์เป็นy\ge0ค่าทั่วไปของรากที่สองโดยไม่สังเกตว่าค่าใต้รากต่ำสุดเป็น1ไม่ใช่0จึงทำให้fต่ำสุดเป็น1และมักเผลอใส่เงื่อนไขโดเมนx\ge1ทั้งที่ค่าใต้รากเป็นบวกตลอด
alvl1-2569-03-q11,alvl1-2569-03,mc,0,"วงกลมจุดศูนย์กลาง $(-1, 3)$ รัศมี $4$ พร้อมเส้นตรงแนวตั้ง $x = 2$ (บริ",🔴 ไม่เจอเลย,20,-z_0|คือระยะถึงจุดz_0เสมอจากนั้นจับคู่จุดศูนย์กลางและแนวเส้นตรงให้ตรงรูป⚠️จุดที่เด็กมักผิดมักหาจุดศูนย์กลางผิดเครื่องหมายz-3i+1ให้จุดศูนย์กลาง-13ไม่ใช่1-3หรือ3-1และมักสับสนว่า\operatornameRez<2เป็นเส้นแนวตั้งไม่ใช่แนวนอน
alvl1-2569-03-q12,alvl1-2569-03,mc,4,ข้อความ (ก) (ข) และ (ค) ถูกต้อง,🔴 ไม่เจอเลย,22,"1z=2\cos\thetaเป็นจำนวนจริงเสมอและการเช็ก""รากที่nของ1""ให้ยกกำลังnด้วยเดอมัวฟร์ดูว่าได้1หรือไม่⚠️จุดที่เด็กมักผิดมักคิดว่าzเป็นรากที่5ของ1เท่านั้นเลยตอบว่าคผิดแต่รากที่5ทุกตัวเป็นรากที่10ด้วย10เป็นพหุคูณของ5ข้อความคจึงถูก"
alvl1-2569-03-q14,alvl1-2569-03,mc,3,ไฮเพอร์โบลาที่มีแกนตามขวางขนานกับแกน $X$,🔴 ไม่เจอเลย,29,อยืนยันและหาทิศของแกน⚠️จุดที่เด็กมักผิดหลังจัดรูปได้y^2-x-3^2=-1เด็กมักรีบสรุปว่าแกนตามขวางขนานกับแกนYเพราะเห็นพจน์y^2อยู่หน้าแต่ความจริงต้องคูณ-1ให้ขวามือเป็น+1ก่อนแล้วดูว่าพจน์ไหนเป็นบวกคือพจน์xแกนตามขวางจึงขนานกับแกนX
alvl1-2569-03-q18,alvl1-2569-03,mc,0,มีเพียงข้อความ (ก) เท่านั้นที่ถูกต้อง,🔴 ไม่เจอเลย,24,้วแทนมุม90^\circทันทีจะตอบได้เร็ว⚠️จุดที่เด็กมักผิดมักสับสนว่าcrossproductสลับที่ได้เหมือนdotproductความจริงcrossสลับที่แล้วต้องติดลบ\vecu\times\vecv=-\vecv\times\vecuและมักลืมว่าเวกเตอร์ตั้งฉากทำให้dotเป็น0ไม่ใช่ค่าอื่น
alvl1-2569-03-q25,alvl1-2569-03,mc,1,$\displaystyle\lim_{x \to 2^+} f(x) < \lim_{x \to 2^-} f(x) = f(2)$,🔴 ไม่เจอเลย,23,"นเข้าจากขวาลิมิตขวาและจุดทึบค่าจริงfจุดวงกลมโปร่งบอกแค่""แนวโน้ม""ไม่ใช่ค่าจริงของฟังก์ชัน⚠️จุดที่เด็กมักผิดมักสับสนระหว่างจุดทึบกับจุดโปร่งทำให้เอาค่า1จุดโปร่งไปเป็นf2และมักสลับทิศซ้าย-ขวาของลิมิต2^-คือทางซ้าย2^+คือทางขวา"
chap-01-set-q09,chap-01-set,mc,4,ข้อ ข. และข้อ ค. เท่านั้นที่ถูก,🔴 ไม่เจอเลย,36,"ล้วเช็คการเป็นสมาชิกของC=\AB\—ใช้ตัวอย่างค้านเล็กๆ\1\\12\พิสูจน์ว่าข้อก.ผิดได้เร็ว⚠️จุดที่เด็กมักผิดมักคิดว่าA\subsetCจริงสับสนA\inCกับA\subsetC—Aเป็น""สมาชิก""ของCA\inCจริงแต่ไม่ใช่""สับเซต""ของCเพราะสมาชิกของAไม่ได้อยู่ในC"
chap-01-set-q12,chap-01-set,mc,4,ไม่มีคำตอบที่ถูกต้องในข้อ 1. ถึงข้อ 4.,🔴 ไม่เจอเลย,26,"ย่างค้านเพียง1กรณีก็ตัดข้อนั้นทิ้งได้—กรณีพิเศษที่ใช้บ่อยคือA\capB=\varnothingทำให้ข้อ12ล้ม⚠️จุดที่เด็กมักผิดข้อ2ดูน่าเชื่อสุดแต่ลืมกรณีdisjointA-B=Aทำให้เท่ากันไม่ใช่น้อยกว่า—""น้อยกว่า""<เข้มกว่า""น้อยกว่าหรือเท่ากับ""\leq"
chap-01-set-q31,chap-01-set,mc,3,"32, 6",🔴 ไม่เจอเลย,20,ังคับก่อนแล้วยกกำลังสองด้วยจำนวนตัวที่เหลือเลือกอิสระส่วนเงื่อนไขผลบวกให้แจกแจงตรงๆเพราะตัวเลือกน้อย⚠️จุดที่เด็กมักผิดตอนนับYมักลืมว่าทุกเซตต้องมี1อยู่แล้วทำให้บวกผลรวมผิดหรือลืมว่า\123\ผลบวก6พอดีรับได้แต่\124\เกินตัดออก
chap-01-set-q39,chap-01-set,mc,0,$18 \leq x < 21$,🔴 ไม่เจอเลย,24,"คที่ใช้แปลงทุกค่าเป็นนิพจน์ของxyแล้วใช้สูตรยูเนียนตั้งสมการเดียวจากนั้นกำจัดตัวแปรด้วยเงื่อนไขy-x=20เหลือสมการตัวแปรเดียว⚠️จุดที่เด็กมักผิดมักลืมว่าค่า""คู่ใดๆ=y""มี3คู่ต้องลบ3yและพลาดเครื่องหมายตอนกระจาย-3x+20ทำให้ได้xผิด"
chap-01-set-q74,chap-01-set,mc,1,แผนภาพที่ 2,🔴 ไม่เจอเลย,23,วนคี่1หรือ3ให้แรเงา'จะเร็วกว่าทำทีละขั้นเพราะ\triangleเปลี่ยนหมู่ได้⚠️จุดที่เด็กมักผิดมักลืมแรเงาส่วนกลางจA\capB\capCเพราะคิดว่าส่วนซ้อนต้องไม่แรเงาแต่ตรงกลางอยู่ครบ3เซตจำนวนคี่จึงต้องแรเงาและมักแรเงาส่วนซ้อนสองเซตขงฉผิด
chap-02-logic-q102,chap-02-logic,fill,"'~f, b'","~f, b",🔴 ไม่เจอเลย,29,กกับd\veefเติม\simfและcontrapositiveของเหตุ2เพื่อได้aแล้วเติมbเพื่อตัด\simb⚠️จุดที่เด็กมักผิด1เติมfแทน\simfทำให้ตัดdไม่ได้2ลืมใช้contrapositive\sima\to\simd\equivd\toaจึงไปจากdถึงaไม่ได้3ลืมเติมbเพื่อตัด\simbใน\simb\veec
chap-02-logic-q107,chap-02-logic,mc,2,$\exists x[(p(x) \vee r(x)) \rightarrow \sim q(x)]$,🔴 ไม่เจอเลย,37,่อนสังเกตx^2+1>0ตัดทิ้งได้ทันทีในr\existsหาตัวจริงเพียงตัวเดียว\forallหาตัวค้านเพียงตัวเดียว⚠️จุดที่เด็กมักผิด1คิดว่า\sinxเป็นองศาจริงๆเป็นเรเดียน2ลืมว่า0หารด้วย5ลงตัวq0จริง3แก้rxผิดไม่เห็นว่าx^2+1\neq0จึงดูแค่x^2-5x+4=0
chap-02-logic-q108,chap-02-logic,mc,2,$\exists x[x^2 - x - 1 = 0] \rightarrow \forall x[x^2 - 4x + 4 > 0]$,🔴 ไม่เจอเลย,26,ริงด้วยดิสคริมิแนนต์และระวัง\forall[x-a^2>0]เท็จเสมอเพราะที่x=aได้0⚠️จุดที่เด็กมักผิด1ตัวเลือก3ลืมว่าx-2^2=0ที่x=2ทำให้\forall[\dots>0]เท็จ2ตัวเลือก4ไม่ตรวจดิสคริมิแนนต์จึงไม่เห็นว่าเหตุเท็จF\toจริง3ตัวเลือก2หารากร่วมผิด
chap-02-logic-q110,chap-02-logic,mc,3,$\forall x[(x - 5)|x| < 0]$,🔴 ไม่เจอเลย,51,มายของผลคูณsignanalysisแทนการแทนค่าเพราะครอบคลุมทุกตัวพร้อมกัน⚠️จุดที่เด็กมักผิดเด็กมักลืมว่าต้องหาเซตAก่อนแล้วค่อยใช้เป็นเอกภพไม่ใช่ตรวจตัวเลือกบนจำนวนจริงทั้งหมดและมักลืมแยกกรณีค่าสัมบูรณ์ให้ครบทั้ง3ช่วงทำให้ได้เซตAผิด
chap-02-logic-q114,chap-02-logic,mc,2,$\forall x \exists y[(x - y)^3 = x^3 - y^3]\;;\;\mathcal{U} = \mathbb{,🔴 ไม่เจอเลย,26,บทุกตัวที่ตามมา⚠️จุดที่เด็กมักผิดจุดพลาดที่สุดคือสลับความหมายของลำดับตัวบ่งปริมาณ—\existsy\forallxyคงที่ตัวเดียวต่างจาก\forallx\existsyyเปลี่ยนตามxได้อย่างสิ้นเชิงในตัวเลือก4ถ้าเผลออ่านเป็น\forallx\existsyจะตอบผิดว่าจริง
chap-02-logic-q115,chap-02-logic,mc,3,นิเสธของ $\forall x(x < 0 \rightarrow x^3 < 0)$ คือ $\exists x(x < 0$ ,🔴 ไม่เจอเลย,28,"e\simQ—จำว่านิเสธเงื่อนไข""ไม่ใช่""การกลับเป็นเงื่อนไขอีกอัน⚠️จุดที่เด็กมักผิดข้อผิดยอดฮิตคือ1ลืมเปลี่ยน\forall\to\existsเวลานิเสธเหมือนตัวเลือก3และ2นิเสธParrowQผิดเป็น\simParrow\simQหรือParrow\simQแทนที่จะเป็นP\wedge\simQ"
chap-02-logic-q119,chap-02-logic,fill,'essay',essay,🔴 ไม่เจอเลย,34,ธเงื่อนไข/เปลี่ยน=เป็น\neq⚠️จุดที่เด็กมักผิดจุดพลาดที่พบบ่อย:1นิเสธเงื่อนไขParrowQผิดเป็น\simParrow\simQแทนP\wedge\simQข้อค.2ลืมสลับตัวบ่งปริมาณทุกตัวมักสลับแค่ตัวแรก3ลืมว่านิเสธของ\wedgeเป็น\veeและนิเสธของ\veeเป็น\wedge
chap-02-logic-q121,chap-02-logic,mc,1,ก. ถูก และ ข. ผิด,🔴 ไม่เจอเลย,32,ละพจน์ของ\wedgeแล้วนิเสธตัวบ่งปริมาณและเงื่อนไขข้างใน⚠️จุดที่เด็กมักผิดจุดพลาดสำคัญในข้อข.คือนิเสธParrowQผิดเป็น\simParrow\simQซึ่งเป็นinverseไม่ใช่นิเสธที่ถูกต้องคือP\wedge\simQและมักลืมว่านิเสธของ\wedgeต้องกลายเป็น\vee
chap-02-logic-q122,chap-02-logic,mc,2,$\forall x \exists y[|x| < |y| \wedge x + y \leq 0]$,🔴 ไม่เจอเลย,31,ทิ้งได้⚠️จุดที่เด็กมักผิดจุดพลาดร้ายแรงคือสับสนระหว่างนิเสธP\wedge\simQกับcontrapositive\simQarrow\simP—contrapositiveสมมูลกับประพจน์เดิมเสมอจึงเป็นไปไม่ได้ที่จะเป็นนิเสธตัวเลือกที่ยังมีเครื่องหมายarrowอยู่มักไม่ใช่นิเสธ
chap-02-logic-q123,chap-02-logic,mc,3,"การอ้างเหตุผลข้างล่างนี้สมเหตุสมผล

เหตุ:
(1) $p \rightarrow (q \right",🔴 ไม่เจอเลย,35,ปรทีละขั้นModusPonens:ถ้าAจริงและAarrowBจริงแล้วBจริงถ้าได้ผลจริงทุกครั้งคือสมเหตุสมผล⚠️จุดที่เด็กมักผิดในตัวเลือก3เด็กมักนิเสธPในเงื่อนไขด้วยเปลี่ยนx+y0ทั้งที่นิเสธของParrowQคือP\wedge\simQ—ต้องคงPไว้นิเสธเฉพาะQเท่านั้น
chap-02-logic-q126,chap-02-logic,mc,3,ข้อ ก. ไม่สมเหตุสมผล แต่ข้อ ข. สมเหตุสมผล,🔴 ไม่เจอเลย,40,"ธ์ที่มักดูสมเหตุสมผลแต่จริงๆไม่ใช่⚠️จุดที่เด็กมักผิดเด็กมักหลงคิดว่าข้อก.สมเหตุสมผลเพราะ""ฟังดูเข้าท่า""—แต่การที่รัฐภูมิฉลาดไม่ได้แปลว่าต้องเรียนเก่งคนฉลาดอาจไม่ได้เรียนเก่งก็ได้นี่คือกับดัก""สมมติผลลัพธ์""ที่พบบ่อยในข้อสอบ"
chap-02-logic-q127,chap-02-logic,mc,1,$A$ และ $B$ เป็นคนที่พูดโกหกเสมอ,🔴 ไม่เจอเลย,40,"วามขัดแย้งหรือไม่—กรณีที่ไม่ขัดแย้งเลยคือคำตอบ⚠️จุดที่เด็กมักผิดเด็กมักลืมว่าต้องตรวจทั้งคำพูดทุกคนให้สอดคล้องกับประเภทที่สมมติไม่ใช่แค่คนเดียวและมักสับสนว่า""คนพูดเท็จพูดเรื่องเท็จ""คือสภาพปกติที่สอดคล้องไม่ใช่ความขัดแย้ง"
chap-02-logic-q37,chap-02-logic,mc,0,ก. และ ข. สมเหตุสมผล,🔴 ไม่เจอเลย,36,ตัดออกต่อกันจนได้\simq⚠️จุดที่เด็กมักผิดข้อก.เหตุขัดแย้งกันเองrทั้งจริงและเท็จเด็กบางคนคิดว่าเมื่อเหตุขัดแย้งจะสรุปอะไรก็ได้แต่ในการสอบระดับนี้ยึดวิธีลากเหตุไปหาผลเมื่อลากไม่ถึงpตัวแปรใหม่จึงตอบว่าไม่สมเหตุสมผลตามแนวเฉลย
chap-02-logic-q45,chap-02-logic,mc,3,"$\forall x [\, x + x = x^2 \,]$ เป็นเท็จ เพราะ $\exists x [\, x + x $ ",🔴 ไม่เจอเลย,22,sของนิเสธจริง⚠️จุดที่เด็กมักผิดเด็กมักสับสนว่า'มีตัวอย่างที่จริง'ทำให้\forallจริงตัวเลือก13หลอกตรงนี้แต่ความจริง\forallต้องจริงทุกตัวการมีตัวอย่างจริงแค่บางตัวไม่พอตรงข้ามการมีตัวอย่างค้านแค่ตัวเดียวก็ทำให้\forallเท็จได้
chap-02-logic-q50,chap-02-logic,mc,2,"$\exists x \forall y [\, (xy = 0 \wedge x $ ≠ $ 0) \wedge y $ ≠ $ 0 \,",🔴 ไม่เจอเลย,27,C\wedge\simD⚠️จุดที่เด็กมักผิดจุดพลาดสุด:นิเสธของC\toDคือC\wedge\simDไม่ใช่\simC\vee\simDหรือ\simC\to\simDตัวเลือกอื่นจงใจใส่\veeหรือสลับ=/\neqผิดเพื่อหลอกต้องคงเงื่อนไขC=xy=0\wedgex\neq0ไว้เหมือนเดิมแล้วเติม\wedgey\neq0
chap-02-logic-q51,chap-02-logic,mc,3,"$\forall x \exists y [\, (xy < 0) \wedge (x \geq 0 \wedge y \geq 0) \,",🔴 ไม่เจอเลย,24,rallทุกตัวตามลำดับ→นิเสธเงื่อนไขด้วย\simC\toD\equivC\wedge\simD→กระจายDeMorgan⚠️จุดที่เด็กมักผิด1ลืมสลับตัวบ่งปริมาณหรือสลับไม่ครบ2นิเสธC\toDผิดเป็น\simC\vee\simDหรือคง\toไว้ตัวเลือก13จงใจคง\vee3นิเสธx0แทนที่จะเป็นx\geq0
chap-02-logic-q57,chap-02-logic,mc,1,"ประโยค ""ถ้าเขียน $\sqrt{3}$ ให้อยู่ในรูปทศนิยมแล้ว จะได้ทศนิยมตำแหน่งท",🔴 ไม่เจอเลย,20,"าความจริงตายตัว=ประพจน์แม้คำนวณไม่ได้ทันทีมีตัวแปรค้าง=ประโยคเปิด⚠️จุดที่เด็กมักผิดเข้าใจผิดว่า""คำนวณค่าไม่ได้ทันที=ไม่เป็นประพจน์""—ผิด!ตราบใดที่ค่าความจริงตายตัวเช่นทศนิยมตำแหน่งที่50ของ\sqrt3มีค่าแน่นอนก็ยังเป็นประพจน์"
chap-02-logic-q59,chap-02-logic,mc,3,ประพจน์ A และประพจน์ C เท่านั้นที่มีค่าความจริงเป็นเท็จ,🔴 ไม่เจอเลย,43,"""\forall=จริงทุกตัว\exists=จริงอย่างน้อยหนึ่ง""+กฎเหตุเท็จ⚠️จุดที่เด็กมักผิด1ลืมตรวจx=0ที่\frac40ไม่นิยามทำให้Aพลาดว่าจริง2Q0Q-1เป็นค่าคงที่แทนxเฉพาะไม่ใช่ตัวแปร3\frac4xต้องเป็นจำนวนเต็มคู่—\frac43ไม่ใช่จำนวนเต็มจึงไม่คู่"
chap-02-logic-q63,chap-02-logic,mc,2,"$\exists x [\, |x + 2| < 2 - x \,]$",🔴 ไม่เจอเลย,25,า1ตัวที่จริงส่วน\forallลองหาตัวค้านที่ขอบเอกภพ⚠️จุดที่เด็กมักผิด1หาเอกภพผิด—|x-1|\leq2คือ[-13]ไม่ใช่[-22]2ตัวเลือก12พลาดที่ขอบx=3หรือx=-1ทำให้\forallเท็จ3ตัวเลือก4ลืมว่าเอกภพจำกัดที่x\leq3ทำให้\sqrtx>2ต้องx>4เป็นไปไม่ได้
chap-02-logic-q64,chap-02-logic,mc,1,"กำหนดให้ ประพจน์ $p$ มีค่าความจริงเป็นจริง, ประพจน์ $q$ มีค่าความจริงเ",🔴 ไม่เจอเลย,22,"ปรrไม่ถูกกำหนด—ถ้าค่าความจริงขึ้นกับตัวที่ไม่ระบุการอ้างว่า""จริงเสมอ""จะผิด⚠️จุดที่เด็กมักผิด1ตัวเลือก2มองข้ามว่าrไม่ถูกกำหนด—เมื่อ""จริงrightarrowr""ค่าขึ้นกับrไม่ใช่จริงเสมอ2ตัวเลือก4ลืมว่าจำนวนนับx\geq1ทำให้\frac2x>0เสมอ"
chap-02-logic-q65,chap-02-logic,mc,3,"$\exists x [\, x^3 + 5x - 1 < 4 \,] \wedge \forall x [\, |x^2 - 1| < 0",🔴 ไม่เจอเลย,19,"แรกมีx=0ที่จริง;ส่วนสองเหตุ|x^2-1|✅คำตอบ:ตัวเลือก4💡เทคนิคที่ใช้จับ""เหตุที่เป็นไปไม่ได้""|A|⚠️จุดที่เด็กมักผิด1ไม่สังเกตว่า|x^2-1|<0เป็นไปไม่ได้ค่าสัมบูรณ์ไม่เป็นลบเลยไปคำนวณส่วนผลโดยไม่จำเป็น2ลืมว่า\existsแค่หา1ตัวx=0ก็พอ"
chap-02-logic-q69,chap-02-logic,mc,3,$\mathcal{U} = $ เซตของจำนวนเต็มลบคี่,🔴 ไม่เจอเลย,36,จากนั้นหาจำนวนเต็มในช่วงเทียบกับชนิดของตัวเลือก⚠️จุดที่เด็กมักผิด1ลืมว่า\sqrtx^2-4x+4=|x-2|ไม่ใช่x-2ตรงๆ2หาส่วนร่วมผิด—ต้องอยู่ทั้งสองช่วงพร้อมกัน3-1เป็นจำนวนคี่ลบคี่—มักลืมว่า-1เป็นจำนวนเต็มเพียงตัวเดียวในช่วงที่เป็นคี่
chap-02-logic-q85,chap-02-logic,mc,2,เนื่องจากราคาน้ำตาลไม่สูงขึ้น จึงสรุปได้ว่าพ่อค้าไม่ได้กักตุนน้ำตาล,🔴 ไม่เจอเลย,20,น→ตัวเลือก3💡เทคนิคที่ใช้ตั้งตัวแปรpqแล้วจำแนกว่าการให้เหตุผลเป็นcontrapositiveถูกหรือconverse/inverseผิด⚠️จุดที่เด็กมักผิดเผลอใช้converseตัวเลือก1:ราคาสูง→กักตุนคิดว่าถูก—ที่ถูกคือcontrapositiveเท่านั้น:ไม่มีผล→ไม่มีเหตุ
chap-02-logic-q88,chap-02-logic,mc,1,ถ้า $f'(x)$ หาค่าได้ หรือ $f'(x) \neq 0$ แล้ว $x$ ไม่เป็นค่าวิกฤตของฟั,🔴 ไม่เจอเลย,34,"imP→ตัวเลือก2💡เทคนิคที่ใช้contrapositiveของP\toQ\veeRต้องนิเสธผลด้วยDeMorgan:\simQ\veeR=\simQ\wedge\simR—ใช้\wedgeไม่ใช่\vee⚠️จุดที่เด็กมักผิดทำDeMorganผิด—นิเสธ""QหรือR""ต้องได้""\simQและ\simR""ตัวเลือก2จงใจใช้""หรือ""ให้พลาด"
chap-02-logic-q90,chap-02-logic,mc,3,$[\sim (p \wedge q) \rightarrow \sim r] \wedge [\sim (p \wedge q) \rig,🔴 ไม่เจอเลย,23,simr\wedge\simsแล้วจึงดึงตัวร่วมกลับเป็นรูปเงื่อนไขเพื่อจับคู่ตัวเลือก⚠️จุดที่เด็กมักผิด1ลืมว่านิเสธของandกลายเป็นorไม่ใช่and2นิเสธเงื่อนไขผิดเป็น\simA\to\simBทั้งที่ต้องเป็นA\wedge\simB3นิเสธสองชั้น\sim\simqลืมกลับเป็นq
chap-02-logic-q98,chap-02-logic,mc,1,$[[(p \wedge q) \rightarrow r] \wedge q] \rightarrow (p \rightarrow r),🔴 ไม่เจอเลย,35,แปร=สัจนิรันดร์ตัวเลือก3ใช้ลดรูปพบว่าเป็นFเสมอ⚠️จุดที่เด็กมักผิด1ตัวเลือก2ลืมว่าqจริงในเหตุทำให้p\wedgeq\torกลายเป็นเท็จเมื่อp=Tr=F2ตัวเลือก3ไม่ลดรูปจึงไม่เห็นว่าเป็นเท็จเสมอ3ตัวเลือก4ลืมลองกรณีp=Fที่ทำให้ผลเป็นเท็จง่ายๆ
chap-03-realnumber-q01,chap-03-realnumber,mc,2,$\dfrac{1}{|x|} < \dfrac{1}{|b|}$,🔴 ไม่เจอเลย,32,"\frac12และ\frac1|b|=1จริงที่\frac12✅คำตอบ:\frac1|x|💡เทคนิคที่ใช้:เมื่อเจอจำนวนลบให้แปลงเป็นค่าสัมบูรณ์ก่อนแล้วระวังว่าลำดับจะกลับทิศ⚠️จุดที่เด็กมักผิด:มักลืมว่าเมื่อxติดลบค่าที่""มากกว่า""ใกล้ศูนย์จะมีค่าสัมบูรณ์""น้อยกว่า"""
chap-03-realnumber-q02,chap-03-realnumber,mc,0,$\dfrac{y}{x} < \dfrac{1}{z}$,🔴 ไม่เจอเลย,28,ั้นไม่พึ่งmหรือเครื่องหมายของxyจึงจริงเสมอ✅คำตอบ:\fracyx💡เทคนิคที่ใช้:มองเงื่อนไขที่ให้มาว่าเป็นค่าบวกล้วน\fracxy\textและzแล้วกลับเศษส่วนตรงๆ⚠️จุดที่เด็กมักผิด:เผลอคูณyหรือmเข้าไปโดยไม่รู้เครื่องหมายทำให้ลืมกลับทิศอสมการ
chap-03-realnumber-q03,chap-03-realnumber,mc,2,"ถ้า $x > 0$ และ $y > 0$ แล้ว $\sqrt[n]{x}\,\sqrt[n]{y} = \sqrt[n]{xy}$",🔴 ไม่เจอเลย,29,"เพียงตัวเลือก3ที่ระบุเงื่อนไขxy>0ชัดเจนจึงถูกต้อง✅คำตอบ:ตัวเลือก3💡เทคนิคที่ใช้:หาตัวอย่างค้านcounterexampleเพื่อตัดตัวเลือกที่อ้างว่า""จริงเสมอ""⚠️จุดที่เด็กมักผิด:ลืมว่า\sqrt[n]x^n=|x|เมื่อnเป็นจำนวนคู่และลืมเงื่อนไขy\ne0"
chap-03-realnumber-q04,chap-03-realnumber,mc,3,$(a - b)^{n} = 0$ เมื่อ $n$ เป็นจำนวนเต็มบวกใด ๆ,🔴 ไม่เจอเลย,27,"ghtarrowa-b=0\Leftrightarrowa=b✅คำตอบ:a-b^n=0→ตัวเลือก4💡เทคนิคที่ใช้:ทดสอบเงื่อนไขด้วยตัวอย่างที่a\nebถ้าเงื่อนไขยังจริงแสดงว่าไม่ใช่iff⚠️จุดที่เด็กมักผิด:สับสนระหว่าง""จริงเสมอ""กับ""ก็ต่อเมื่อ""—a^2=b^2ให้ได้ทั้งa=bและa=-b"
chap-03-realnumber-q05,chap-03-realnumber,mc,0,ถ้า $a$ เป็นเลขคี่แล้ว ดังนั้น $a^{2}$ เป็นเลขคี่ด้วย,🔴 ไม่เจอเลย,15,ตัวเลือก1ที่ถูกจึงตัดตัวเลือก5ที่ว่าถูกทุกข้อทิ้ง✅คำตอบ:ตัวเลือก1💡เทคนิคที่ใช้:แทนเลขคี่ด้วย2n+1แล้วกระจายกำลังสองเพื่อพิสูจน์ว่ายังเป็นเลขคี่⚠️จุดที่เด็กมักผิด:มองข้ามกรณีaเป็นทศนิยมระหว่าง0ถึง1ทำให้a^2<aและกรณีคูณด้วย0
chap-03-realnumber-q06,chap-03-realnumber,mc,3,"ถ้า $a$ เป็นจำนวนจริง แล้ว $\sqrt[n]{a^{n}} = a$ เมื่อ $n = 2, 4, 6, \",🔴 ไม่เจอเลย,16,่างa=-3n=2ได้\sqrt-3^2=\sqrt9=3ซึ่งไม่เท่ากับ-3จึงไม่จริง✅คำตอบ:ตัวเลือก4ข้อที่ไม่จริง💡เทคนิคที่ใช้:จดจำว่ารากคู่ของกำลังคู่ให้ค่าสัมบูรณ์เสมอ⚠️จุดที่เด็กมักผิด:เผลอตอบว่า\sqrt[n]a^n=aโดยลืมว่าเมื่อnคู่ต้องใส่ค่าสัมบูรณ์
chap-03-realnumber-q07,chap-03-realnumber,mc,2,"มีจำนวนอตรรกยะ $a, b$ ซึ่ง $a \ne -b$ และ $a + b$ เป็นจำนวนตรรกยะ",🔴 ไม่เจอเลย,16,เลือก3มีตัวอย่างจริงa=1+\sqrt2b=1-\sqrt2ที่a+b=2จึงถูกต้อง✅คำตอบ:ตัวเลือก3💡เทคนิคที่ใช้:สร้างคู่อตรรกยะที่หักล้างส่วนอตรรกยะกันได้เช่น1\pm\sqrt2⚠️จุดที่เด็กมักผิด:คิดว่าผลบวก/ผลคูณของอตรรกยะต้องเป็นอตรรกยะเสมอซึ่งไม่จริง
chap-03-realnumber-q08,chap-03-realnumber,mc,0,ถ้า $a$ เป็นจำนวนอตรรกยะ แล้ว $\sqrt{|a|}$ เป็นจำนวนอตรรกยะ,🔴 ไม่เจอเลย,17,อบ:เหลือเพียงตัวเลือก1ที่จริง✅คำตอบ:ตัวเลือก1💡เทคนิคที่ใช้:พิสูจน์โดยข้อขัดแย้ง—สมมติ\sqrt|a|ตรรกยะแล้วนำไปสู่ข้อขัดแย้ง⚠️จุดที่เด็กมักผิด:ลืมว่าจำนวนเชิงซ้อนเปรียบเทียบมากกว่าน้อยกว่าไม่ได้และลืมกรณีa=b=0ในสมการเชิงเส้น
chap-03-realnumber-q10,chap-03-realnumber,mc,2,$2xy \le \dfrac{(x + y)^{2} + (x - y)^{2}}{2} \le (x + y)^{2} - 2xy$,🔴 ไม่เจอเลย,24,1|✔ตรวจคำตอบ:ส่วนกลางและฝั่งขวาเท่ากันที่x^2+y^2และฝั่งซ้าย2xy\lex^2+y^2จริงเสมอ✅คำตอบ:ตัวเลือก3💡เทคนิคที่ใช้:กระจายกำลังสองเพื่อลดรูปนิพจน์แล้วใช้x-y^2\ge0⚠️จุดที่เด็กมักผิด:มองข้ามกรณีz=0ตัวเลือก1และกรณีnติดลบตัวเลือก2
chap-03-realnumber-q11,chap-03-realnumber,mc,0,"ถ้า $a > 0,\ b > 0$ และ $a \ne b$ แล้ว $\dfrac{a}{b} + \dfrac{b}{a} < ",🔴 ไม่เจอเลย,24,ตัวเลือก1ได้\frac12+2=\frac52=2.5ซึ่งไม่น้อยกว่า2ยืนยันว่าตัวเลือก1ผิด✅คำตอบ:ตัวเลือก1ข้อที่ผิด💡เทคนิคที่ใช้:จำอสมการAM-GM\fracab+\fracba\ge2และใช้ตัวอย่างเลขยืนยัน⚠️จุดที่เด็กมักผิด:เผลอจำผิดว่าเป็น<2ทั้งที่จริงเป็น\ge2
chap-03-realnumber-q12,chap-03-realnumber,mc,2,"สำหรับทุก ๆ $a, b \in \mathbb{R}$ กำหนดให้ $a * b = (2^{a})(2^{b})$ ดั",🔴 ไม่เจอเลย,18,จคำตอบ:ค่าeในตัวเลือก3ขึ้นกับaจึงไม่ใช่เอกลักษณ์ยืนยันว่าตัวเลือก3ถูก✅คำตอบ:ตัวเลือก3💡เทคนิคที่ใช้:ทดสอบเอกลักษณ์ด้วยค่าaสองค่าถ้าได้eไม่เท่ากันแสดงว่าไม่มีเอกลักษณ์⚠️จุดที่เด็กมักผิด:ลืมว่า0ไม่มีอินเวอร์สการคูณตัวเลือก2
chap-03-realnumber-q125,chap-03-realnumber,fill,'x^3 - (3/2)x^2 - x + 3/2',x^3 - (3/2)x^2 - x + 3/2,🔴 ไม่เจอเลย,18,ิคที่ใช้:ไม่ต้องหาabcทีละตัว—เราต้องการแค่ฟังก์ชันเชิงสมมาตร3ตัว\suma\sumababcครบทั้งสามก็เขียนfxได้⚠️จุดที่เด็กมักผิด:พยายามหาค่าabcจาก3สมการ→ไม่จำเป็นและยากลืมเครื่องหมายลบหน้าabc→ได้พจน์คงที่ผิด-abc=--\frac32=+\frac32
chap-03-realnumber-q129,chap-03-realnumber,fill,"'(1, 2) ∪ (3, 4)'","(1, 2) ∪ (3, 4)",🔴 ไม่เจอเลย,37,ิสคริมิแนนต์ลบ—ทำให้วิเคราะห์เฉพาะเครื่องหมายของตัวส่วน⚠️จุดที่เด็กมักผิด:ลืมตรวจว่าเศษเป็นบวกเสมอ→ต้องวิเคราะห์เครื่องหมายของทั้งเศษและตัวส่วนเกิดความสับสนรวมช่วงด้วย[12]→ผิดเพราะที่x=12ตัวส่วนเป็น0ใช้เครื่องหมาย\leแทน<
chap-03-realnumber-q13,chap-03-realnumber,mc,0,ข้อ ก. และข้อ ค. เป็นจริง,🔴 ไม่เจอเลย,15,ตรวจคำตอบ:ข้อจริงคือก.และค.จึงตรงกับตัวเลือก1✅คำตอบ:ข้อก.และข้อค.→ตัวเลือก1💡เทคนิคที่ใช้:ตรวจสมบัติปิดด้วยกฎเลขยกกำลังและตรวจเอกลักษณ์โดยแก้สมการx*e=x⚠️จุดที่เด็กมักผิด:ลืมกรณีa=0ในข้อข.และเข้าใจผิดว่า\triangleสลับที่ได้
chap-03-realnumber-q14,chap-03-realnumber,mc,1,"เอกลักษณ์ของ ""$*$"" ใน $\mathbb{Z}$ คือ 8",🔴 ไม่เจอเลย,30,อบ:a*e=a+8-8=aยืนยันว่าe=8เป็นเอกลักษณ์✅คำตอบ:เอกลักษณ์คือ8→ตัวเลือก2💡เทคนิคที่ใช้:หาเอกลักษณ์โดยแก้สมการa*e=aและหาอินเวอร์สจากa*a^-1=e⚠️จุดที่เด็กมักผิด:สับสนว่าอินเวอร์สคือ-aของการบวกปกติทั้งที่การดำเนินการนี้ต่างออกไป
chap-03-realnumber-q146,chap-03-realnumber,fill,"'(-6, -4) ∪ (-4, 1)'","(-6, -4) ∪ (-4, 1)",🔴 ไม่เจอเลย,42,"p-41💡เทคนิคที่ใช้:ตัวประกอบยกกำลังคู่""ลบไม่ได้""ทำหน้าที่เพียงตัดจุดที่ทำให้มันเป็น0ออกจากเซตคำตอบ⚠️จุดที่เด็กมักผิด:•ลืมตัดx=-4:ที่จุดนี้x+4^4=0ทำให้อสมการ=0ไม่น้อยกว่า0•สับสนระหว่างx-3^3คี่กับx+4^4คู่—เครื่องหมายต่างกัน"
chap-03-realnumber-q148,chap-03-realnumber,fill,"'(-∞, -1) ∪ [0, 1]'","(-∞, -1) ∪ [0, 1]",🔴 ไม่เจอเลย,49,"\frac23^2+\frac23>0•สูตรa^5+b^5=a+ba^4-a^3b+a^2b^2-ab^3+b^4⚠️จุดที่เด็กมักผิด:•ลืมว่าx^4-x^3+x^2-x+1ดู""อันตราย""แต่จริง>0เสมอไม่มีรากจริง•ตัดทิ้งx+1จากเศษ-ส่วน—ผิด!ส่วนx^5+1มีx+1แต่เศษx^4+x^3-2xไม่มีx+1ลองx=-1:1-1+2=2\ne0"
chap-03-realnumber-q149,chap-03-realnumber,fill,"'(-∞, 0] ∪ (1, 2] ∪ [3, ∞)'","(-∞, 0] ∪ (1, 2] ∪ [3, ∞)",🔴 ไม่เจอเลย,42,เศษและส่วนเป็นพหุนามhomogeneousดีกรี3→หารด้วยb^3ได้ฟังก์ชันของt=\fracabอย่างเดียว⚠️จุดที่เด็กมักผิด:•ลืมตัดt=1—ที่จุดนี้a=bทำให้ส่วนa-b^3=0นิพจน์ไม่นิยาม•พลาดเครื่องหมายของt-1^3—กำลังคี่→เครื่องหมายเหมือนt-1ไม่ใช่บวกเสมอ
chap-03-realnumber-q15,chap-03-realnumber,mc,2,$x \triangle (y \triangle z) = (z \triangle y) \triangle x$,🔴 ไม่เจอเลย,28,ัติการสลับที่ของ\triangleซึ่งพิสูจน์แล้วในขั้นที่1✅คำตอบ:ตัวเลือก3💡เทคนิคที่ใช้:ตรวจสมบัติการสลับที่ก่อนเพราะมักเป็นกุญแจของตัวเลือกที่ซับซ้อน⚠️จุดที่เด็กมักผิด:เผลอคิดว่าผลลัพธ์เป็นบวกเสมอทั้งที่อาจติดลบเมื่อxหรือyติดลบ
chap-03-realnumber-q16,chap-03-realnumber,mc,4,"ข้อ (1), ข้อ (2) และข้อ (3) ผิดทั้งสามข้อ",🔴 ไม่เจอเลย,27,คำตอบ:สมบัติทั้งสามข้อผิดหมดจึงตรงกับตัวเลือก5✅คำตอบ:ผิดทั้งสามข้อ→ตัวเลือก5💡เทคนิคที่ใช้:ตรวจเอกลักษณ์ทั้งสองด้านเสมอและเทียบa^b^cกับa^b^c⚠️จุดที่เด็กมักผิด:ตรวจเอกลักษณ์ด้านเดียวa\triangle1=aแล้วสรุปว่ามีเอกลักษณ์ทันที
chap-03-realnumber-q182,chap-03-realnumber,fill,"'2, ไม่เป็น'","2, ไม่เป็น",🔴 ไม่เจอเลย,29,"นเฉพาะ💡เทคนิคที่ใช้เลขกำลังสองของเลขคี่\equiv1\pmod4เสมอ→ผลรวมของกำลังสองเลขคี่2ตัว\equiv2\pmod4⚠️จุดที่เด็กมักผิด•ลืมเงื่อนไขpq>2ทำให้คิดว่าpอาจเป็น2เป็นเลขคู่•ตอบ""อาจเป็นจำนวนเฉพาะ""เพราะลืมว่าผลลัพธ์เป็นเลขคู่ที่>2เสมอ"
chap-03-realnumber-q26,chap-03-realnumber,mc,3,ถ้า $x^{2} - 7x + 12 = 0$ แล้ว $x = 3$ หรือ $x = 4$,🔴 ไม่เจอเลย,15,"กตรรกศาสตร์✔ตรวจคำตอบ:ค่าxที่ทำให้สมการเป็นจริงคือ3หรือ4ค่าใดค่าหนึ่งจึงตรงกับตัวเลือก4✅คำตอบ:x=3หรือx=4→ตัวเลือก4💡เทคนิคที่ใช้:เชื่อมรากของสมการด้วย""หรือ""เสมอ⚠️จุดที่เด็กมักผิด:ใช้""และ""เชื่อมรากทั้งที่ค่าxเป็นได้ทีละค่า"
chap-03-realnumber-q28,chap-03-realnumber,mc,3,"$\left\{-1,\ \dfrac{-2}{3},\ \dfrac{1}{3}\right\}$",🔴 ไม่เจอเลย,19,งสามค่าทำให้พหุนามเป็นศูนย์ตรงกับตัวเลือก4✅คำตอบ:\-1-\frac23\frac13\→ตัวเลือก4💡เทคนิคที่ใช้:ทดลองรากตรรกยะง่ายๆ\pm1ก่อนแล้วหารสังเคราะห์ลดเหลือกำลังสอง⚠️จุดที่เด็กมักผิด:คำนวณสูตรกำลังสองพลาดเครื่องหมายทำให้ได้เศษส่วนผิด
chap-03-realnumber-q29,chap-03-realnumber,mc,2,ถ้า $\mathcal{U} = $ เซตของจำนวนจริง แล้ว $|S| = 2$,🔴 ไม่เจอเลย,29,คำตอบ:ในจำนวนจริงมีเพียง\pm\sqrt2จึง|S|=2ตรงกับตัวเลือก3✅คำตอบ:ตัวเลือก3💡เทคนิคที่ใช้:แทนx^2=Aลดดีกรีแล้วนับรากแยกตามเอกภพสัมพัทธ์⚠️จุดที่เด็กมักผิด:ลืมว่าA+1^2ให้x^2=-1ซึ่งในจำนวนเชิงซ้อนได้แค่\pmi2ตัวรวมทั้งหมด4ไม่ใช่6
chap-03-realnumber-q32,chap-03-realnumber,mc,2,ถ้า $a > c$ และ $b > c$ แล้ว $d < a$,🔴 ไม่เจอเลย,26,อก3โดยตรง✔ตรวจคำตอบ:ถ้าd✅คำตอบ:ตัวเลือก3ข้อที่ผิด💡เทคนิคที่ใช้:วาดเส้นจำนวนแล้วลองวางตำแหน่งจุดตามเงื่อนไขเพื่อดูว่าช่วงยังซ้อนกันหรือไม่⚠️จุดที่เด็กมักผิด:ลืมเงื่อนไขว่าสองช่วงต้องมีจุดร่วมจึงเผลอยอมรับd<aที่ทำให้แยกกัน
chap-03-realnumber-q61,chap-03-realnumber,mc,1,ก. ถูก และ ข. ผิด,🔴 ไม่เจอเลย,47,"ียนเส้นจำนวนจะปลอดภัยกับเครื่องหมายตัวส่วนเสมอ⚠️จุดที่เด็กมักผิด:1คูณไขว้3x-2\ge2|x|-1ตรงๆโดยไม่สนเครื่องหมายตัวส่วน2ข้อข.เป็นตรรกศาสตร์—เพราะSปิดด้านขวาถึงอนันต์การ""เลื่อน+2""จึงไม่เคยหลุดออกจากSข้อความ\existsจึงเป็นเท็จ"
chap-03-realnumber-q62,chap-03-realnumber,mc,1,$\{x \in \mathbb{R} \mid |x - \dfrac{7}{2}| \le \dfrac{1}{2}\}$,🔴 ไม่เจอเลย,30,notinA✅คำตอบ:A=[34]=\x\mid|x-\frac72|\le\frac12\→ตัวเลือก2💡เทคนิคที่ใช้:|x-a|+|x-b|เมื่อa⚠️จุดที่เด็กมักผิด:ตอบ\34\ตัวเลือก1เพราะนึกว่ามีแค่จุดปลายสองจุด—แต่จริงๆทุกจุดในช่วง[34]สอดคล้องสมการตัวเลือก1จึงเป็นกับดักคลาสสิก
chap-03-realnumber-q71,chap-03-realnumber,mc,3,ก. และ ข. ผิดทั้งคู่,🔴 ไม่เจอเลย,23,นแม้สมการจะดูเหมือนเทียบเท่า⚠️จุดที่เด็กมักผิด:ตัดรูท/ตัวส่วนทิ้งโดยไม่ดูโดเมน—\sqrt\fracab=\frac\sqrta\sqrtbใช้ได้เฉพาะเมื่อa\ge0และb>0และ\beginaligned\bigl|\fracab\bigr|&\gek\|a|&\gek|b|\endalignedใช้ได้เฉพาะเมื่อb\ne0
chap-04-coord-q02,chap-04-coord,mc,3,ระยะห่างระหว่างเส้นตรง $x - 2y + 5 = 0$ กับเส้นตรง $x - 2y - 5 = 0$ เท,🔴 ไม่เจอเลย,17,ที่ได้2\sqrt5\ne2✅คำตอบ:ตัวเลือก4💡เทคนิคที่ใช้:สูตรระยะเส้นขนานใช้ได้ต่อเมื่อสัมประสิทธิ์xyของสองเส้นตรงกันเป๊ะแล้วเท่านั้น⚠️จุดที่เด็กมักผิด:ลืมหารด้วย\sqrtA^2+B^2ในสูตรระยะหรือเห็น|5--5|=10ใกล้เคียงเลขสวยแล้วเดาว่าจริง
chap-04-coord-q03,chap-04-coord,mc,2,"โปรเจคชันบนแกน $x$ ของส่วนของเส้นตรงที่เชื่อมจุด $P(-1.5, -1)$ กับจุด ",🔴 ไม่เจอเลย,21,ดเจน✅คำตอบ:ตัวเลือก3💡เทคนิคที่ใช้:ก่อนอ่านรัศมีวงกลมจากสมการต้องทำสัมประสิทธิ์ของx^2y^2ให้เป็น1เสมอ⚠️จุดที่เด็กมักผิด:ลืมหารสมการวงกลมด้วย2จะได้รัศมีผิดและสับสนว่าโปรเจคชันบนแกนxคือความยาวPQทั้งเส้นที่จริงใช้เฉพาะ\Deltax
chap-04-coord-q126,chap-04-coord,mc,0,รูปที่ 1: รังสีแนวนอน $y = 1$ เมื่อ $x \le 0$ ต่อเนื่องกับเส้นโค้งที่เ,🔴 ไม่เจอเลย,15,"ั่งขวา→ตัวเลือก1💡เทคนิคที่ใช้:ฟังก์ชันt+|t|คือ""ตัวกรองจตุภาค""—เป็นศูนย์ทันทีที่t\le0ทำให้สมการเปลี่ยนรูปไปตามจตุภาค⚠️จุดที่เด็กมักผิด:ลืมตรวจกรณีy\le0แล้วเผลอเลือกรูปที่มีกิ่งล่างรูป34—กรณีy\le0พิสูจน์แล้วว่าไม่มีกราฟเลย"
chap-04-coord-q14,chap-04-coord,mc,3,ระยะตัดแกน $y$ ของเส้นตรง $L$ คือ $-1$,🔴 ไม่เจอเลย,17,"1✓ตั้งฉากกับMจริง✅คำตอบ:ตัวเลือก4💡เทคนิคที่ใช้:เขียนLในรูปy=mx+cจะอ่านทั้งระยะตัดแกนy=cและระยะตัดแกนx=-c/mได้ทันที⚠️จุดที่เด็กมักผิด:ตัวเลือก2หลอกด้วยขนาดตัวเลข—\frac14""ดูเล็ก""แต่มากกว่า-4เพราะค่าลบย่อมน้อยกว่าค่าบวกเสมอ"
chap-04-coord-q15,chap-04-coord,mc,4,เนื่องจากสมการทั่วไปของเส้นตรงอยู่ในรูป $ax + by + c = 0$ การจะหาสมการ,🔴 ไม่เจอเลย,15,้นตรงมี3สัมประสิทธิ์ก็จริงแต่scaleได้อิสระ1ระดับจึงเหลือดีกรีอิสระแค่2—เหมือนที่เราหาเส้นตรงจากจุด2จุดได้เสมอ⚠️จุดที่เด็กมักผิด:นับจำนวนตัวแปรabcได้3ก็สรุปว่าต้องมี3เงื่อนไข—ลืมว่าสมการเส้นตรงคูณscaleได้โดยเส้นไม่เปลี่ยน
chap-04-coord-q160,chap-04-coord,mc,3,"โฟกัสที่ $(3, 2)$ จุดยอดที่ $(3, -1)$ และไดเรกตริกซ์ $y = -4$",🔴 ไม่เจอเลย,12,ุดยอด3-1ไดเรกตริกซ์y=-4→ตัวเลือก4💡เทคนิคที่ใช้:พจน์กำลังสองคือx→แกนพาราโบลาแนวตั้ง→ไดเรกตริกซ์ต้องเป็นy=\dots→ตัดข้อ12ทันที⚠️จุดที่เด็กมักผิด:ย้ายข้าง-3ผิดพลาดได้x-3^2=12y+3—ค่าคงตัวจากการเติมกำลังสอง+9ต้องบวกทั้งสองข้าง
chap-04-coord-q163,chap-04-coord,mc,2,$16/25$ เมตร,🔴 ไม่เจอเลย,13,"จากกึ่งกลาง^2→ที่Dห่างกลาง3จาก5:หย่อน=1-\frac35^2\cdot1?ไม่ใช่—ที่ถูกคือ1-\frac925=\frac1625วัดจากแนวAB⚠️จุดที่เด็กมักผิด:สับสนว่า\frac925คือระยะหย่อน—ค่านั้นคือระยะ""ยกขึ้นจากจุดต่ำสุด""ระยะหย่อนจากแนวABต้องเป็น1-\frac925"
chap-04-coord-q169,chap-04-coord,fill,"'จุดยอด (11/2, -7/2); สมการ x^2+y^2-2xy-46x-10y+137=0'","จุดยอด (11/2, -7/2); สมการ x^2+y^2-2xy-46x-10y+137=0",🔴 ไม่เจอเลย,16,2xy-46x-10y+137=0💡เทคนิคที่ใช้:ไดเรกตริกซ์เอียง→พาราโบลาแกนเอียงมีพจน์xy—อย่าพยายามจัดรูปมาตรฐานใช้นิยามตั้งสมการตรงๆเร็วที่สุด⚠️จุดที่เด็กมักผิด:ลืมคูณ2ฝั่งซ้ายตอนยกกำลังสองตัวหาร\sqrt2ของระยะถึงเส้น—พจน์xyจะเพี้ยนทันที
chap-04-coord-q17,chap-04-coord,mc,3,"สมการ $Ax + By + C = 0$ ซึ่งมี $A$, $B$ และ $C$ เป็นจำนวนคงที่
ถ้า $A ",🔴 ไม่เจอเลย,14,"สมอ""ให้ลองหากรณีขอบเช่นเส้นขนานกัน—เจอข้อยกเว้นเดียวก็ตัดทิ้งได้⚠️จุดที่เด็กมักผิด:ตัวเลือก1ดูเหมือนสูตรpoint-slopeปกติแต่xกับyสลับข้างกันทำให้ความชันกลายเป็น\frac1mและสับสน""ความชันไม่นิยาม""กับ""ความชันเท่ากับ1""ในเส้นดิ่ง"
chap-04-coord-q173,chap-04-coord,fill,'5√13',5√13,🔴 ไม่เจอเลย,17,"13ของbพอดี—โจทย์ออกแบบให้รูปสุดท้ายสวยถ้าได้เลขไม่สวยแปลว่าคำนวณพลาดที่ไหนสักจุด⚠️จุดที่เด็กมักผิด:พาราโบลาอ้าลง:โฟกัสอยู่""ใต้""จุดยอด12-1ไม่ใช่12+1|ตัวหารของระยะจุด-เส้นใช้สัมประสิทธิ์ของเส้น\sqrt2^2+3^2ไม่ใช่พิกัดของจุด"
chap-04-coord-q174,chap-04-coord,fill,'96+16√2+5√(33-16√2)',96+16√2+5√(33-16√2),🔴 ไม่เจอเลย,21,"ตอบ:96+16\sqrt2+5\sqrt33-16\sqrt2💡เทคนิคที่ใช้:เทียบd_1⚠️จุดที่เด็กมักผิด:ใช้จุดยอด\frac124แทนจุดปลายเส้นตั้งฉาก-14—โจทย์ระบุ""จุดบนเส้นไดเรกตริกซ์""จึงต้องเป็นx=-1|คำตอบข้อนี้ตั้งใจให้เป็นเลขไม่สวยอย่าตกใจแล้วย้อนแก้จนผิด"
chap-04-coord-q194,chap-04-coord,fill,'15/√13',15/√13,🔴 ไม่เจอเลย,14,"นต่อกัน:หาศูนย์กลาง→หาโฟกัส→ระยะจุดถึงเส้น—รัศมีของวงกลมที่ให้5ไม่เกี่ยวเลยเป็นข้อมูลลวง⚠️จุดที่เด็กมักผิด:เผลอใช้รัศมีของวงกลมที่ให้มาr=5เป็นรัศมีของC—""ศูนย์กลางร่วม""แชร์แค่ศูนย์กลาง|พาราโบลาคว่ำ:โฟกัส-11-1=-10ไม่ใช่-12"
chap-04-coord-q195,chap-04-coord,fill,"'(√15/4, 15/8) และ (-√15/4, 15/8)'","(√15/4, 15/8) และ (-√15/4, 15/8)",🔴 ไม่เจอเลย,24,"ียว—เงื่อนไข""วงกลมนั่งในพาราโบลา""คือรากซ้ำพอดีวิธี2ของเฉลยใช้อนุพันธ์ตั้งฉากได้คำตอบเดียวกัน⚠️จุดที่เด็กมักผิด:ลืมว่าจุดสัมผัสมีสองจุดสมมาตรซ้าย-ขวาตอบแค่ฝั่งเดียว|พจน์4a^2ตัดกันในดิสคริมิแนนต์—ถ้าไม่ตัดแสดงว่ากระจายพลาด"
chap-04-coord-q198,chap-04-coord,fill,'(x-4)^2/12+(y+2)^2/16=1',(x-4)^2/12+(y+2)^2/16=1,🔴 ไม่เจอเลย,15,"่ใช้:""ผลบวกระยะทางคงที่""คือสัญญาณนิยามวงรีตรงๆ—หาโฟกัสให้ได้ก่อนแล้วabcไหลตามนิยาม2a=ค่าคงที่c=ครึ่งระยะโฟกัส⚠️จุดที่เด็กมักผิด:แกนเอกอยู่แนวดิ่งABเรียงแนวดิ่ง→ตัวส่วนใหญ่a^2=16ต้องอยู่กับพจน์y+2^2—สลับแล้วเป็นวงรีคนละวง"
chap-04-coord-q202,chap-04-coord,fill,'(x-4)^2/4+(y-1)^2/9=1',(x-4)^2/4+(y-1)^2/9=1,🔴 ไม่เจอเลย,14,"คที่ใช้:ทิศของแกนเอกอ่านจากตำแหน่งจุดยอดเทียบศูนย์กลาง:xเท่ากัน=4ต่างที่y→แกนเอกดิ่ง→a^2อยู่ใต้พจน์y-1^2⚠️จุดที่เด็กมักผิด:พาราโบลานี้ตัวแปรyเป็นกำลังสองแกนนอน—จัดรูปผิดเป็นx-h^2จะได้จุดยอดผิด|""แกนโทยาว4""คือ2b=4ไม่ใช่b=4"
chap-04-coord-q211,chap-04-coord,fill,'√7',√7,🔴 ไม่เจอเลย,17,อจุดเดียวบนวงรีที่ห่างโฟกัสทั้งสองเท่ากัน—เห็นแบบนี้แล้วไม่ต้องแก้ระบบสมการ⚠️จุดที่เด็กมักผิด:ลืมใช้นิยามPF_1+PF_2=2aแล้วพยายามตั้งสมการระยะตรงๆเลขยุ่งมาก|ระยะโฟกัส-จุดยอดมีสองค่าa-cกับa+cต้องคัดด้วยเงื่อนไขความเป็นไปได้
chap-04-coord-q22,chap-04-coord,mc,4,ไม่มีข้อใดใน 1. ถึง 4. ที่ถูก,🔴 ไม่เจอเลย,28,ใดถูก💡เทคนิคที่ใช้:สร้างสมการเองให้เสร็จก่อนแล้วค่อยเทียบ—อย่าเดาจากรูปร่างchoicesเพราะข้อนี้จงใจวางตัวลวงที่ต่างแค่ค่าคงตัว⚠️จุดที่เด็กมักผิด:รีบเลือกตัวเลือก4เพราะเปิดขวาเหมือนกัน—ต้องกระจายให้ครบแล้วเทียบทุกพจน์+4vs+8
chap-04-coord-q225,chap-04-coord,fill,'(x-3)^2/25+(y-2)^2/9=1',(x-3)^2/25+(y-2)^2/9=1,🔴 ไม่เจอเลย,15,"5+\fracy-2^29=1💡เทคนิคที่ใช้:จุด3-1มีxตรงกับศูนย์กลางพอดี→แทนแล้วพจน์แรกหายเองได้b^2ในบรรทัดเดียว⚠️จุดที่เด็กมักผิด:""จุดยอดของวงรีอยู่ที่โฟกัสของไฮเพอร์โบลา""→a_\textวงรี=c_\textไฮเพอร์=5ไม่ใช่เอาaของไฮเพอร์โบลา3มาใช้ตรงๆ"
chap-04-coord-q226,chap-04-coord,fill,"'ศูนย์กลาง (1,2); โฟกัส (1, 2±√5); E: (x-1)^2/1+(y-2)^2/6=1 แกนเอกยาว 2√6; วงกลม (x-1)^2+(y-2)^2=1'","ศูนย์กลาง (1,2); โฟกัส (1, 2±√5); E: (x-1)^2/1+(y-2)^2/6=1 แกนเอกยาว 2",🔴 ไม่เจอเลย,16,"ลายแกนโทของEพอดีb=1อ่านได้ทันที—โจทย์หลายตอนแบบนี้ทุกตอนต่อยอดจากศูนย์กลางเดียวกัน⚠️จุดที่เด็กมักผิด:ฝั่งขวาติดลบ-6ต้องกลับข้าง→แกนตามขวางอยู่กับy|วงรี""โฟกัสร่วมกับH""ใช้cเดียวกันแต่สูตรเชื่อมabคนละทาง+ของไฮเพอร์/-ของวงรี"
chap-04-coord-q229,chap-04-coord,fill,"'H: (y-2)^2/1-(x+1)^2/5=1; k ∈ (-∞, -1/√6] ∪ [1/√6, ∞)'","H: (y-2)^2/1-(x+1)^2/5=1; k ∈ (-∞, -1/√6] ∪ [1/√6, ∞)",🔴 ไม่เจอเลย,20,งไปถึงกิ่งบน/ล่างได้ภาพนี้ช่วยเช็คว่าเงื่อนไขสมเหตุสมผล⚠️จุดที่เด็กมักผิด:หารด้วย5k^2-1โดยไม่แยกกรณีเป็นศูนย์—กรณีนั้นเส้นขนานเส้นกำกับและยังตัด1จุดห้ามตัดทิ้ง|\frac1\sqrt6<\frac1\sqrt5—เทียบเศษส่วนใต้รากให้ดีก่อนรวมช่วง
chap-04-coord-q24,chap-04-coord,mc,3,"$P$ ผ่านจุด $(-2, -2)$",🔴 ไม่เจอเลย,16,ัวเลือก4💡เทคนิคที่ใช้:โจทย์ตรวจหลายจุดใช้การแทนค่าในรูปx-2^2=-4y-1เร็วกว่ากระจายเป็นรูปทั่วไป⚠️จุดที่เด็กมักผิด:เห็นโฟกัส20อยู่บนแกนxเลยเผลอคิดว่าเป็นพาราโบลาตะแคง—ทิศการเปิดดูจากไดเรกตริกซ์y=2เป็นเส้นนอน→แกนพาราโบลาตั้ง
chap-04-coord-q35,chap-04-coord,mc,3,"พาราโบลาจะมีจุดโฟกัสอยู่ที่จุด $\left(0, \dfrac{9}{4}\right)$",🔴 ไม่เจอเลย,16,1✓✅คำตอบ:โฟกัสอยู่ที่0\frac94→ตัวเลือก4💡เทคนิคที่ใช้:โครงเดียวกับข้อ33สองจุดสองตัวไม่รู้—เจอลายแบบนี้ให้ตั้งระบบสมการแล้วแทนกำจัดทันที⚠️จุดที่เด็กมักผิด:แปลงy=\fracx^29เป็นx^2=9yแล้วลืมว่า4p=9ไม่ใช่p=9ทำให้โฟกัสผิดเป็น09
chap-04-coord-q45,chap-04-coord,mc,3,ระยะทางระหว่างจุด $C$ และ $P$ $= \dfrac{\sqrt{85}}{4}$,🔴 ไม่เจอเลย,30,"sqrt854\&=CP\endaligned✓ห่างเท่ากันจริง✅คำตอบ:ตัวเลือก4💡เทคนิคที่ใช้:เงื่อนไข""ผ่านสองจุด""แปลงเป็นสมการCP^2=CQ^2—พจน์h^2k^2ตัดกันเหลือสมการเชิงเส้น⚠️จุดที่เด็กมักผิด:ตัวเลือก1เขียนสลับตัวแปร2k-hแทน2h-kอ่านเร็วๆจะหลงว่าถูก"
chap-04-coord-q60,chap-04-coord,mc,2,$8 - 4\sqrt{2}$ หน่วย,🔴 ไม่เจอเลย,23,:8-4\sqrt2→ตัวเลือก3💡เทคนิคที่ใช้:เส้นชัน1ผ่านศูนย์กลางทำให้x+1^2ปรากฏซ้ำสองพจน์—สมการลดรูปเหลือx+1^2=2ทันที⚠️จุดที่เด็กมักผิด:เลือกจุดตัดผิดควอดรันต์x=-1+\sqrt2ดูติดลบแต่จริงๆเป็นบวก—ประมาณค่า\sqrt2\approx1.41ก่อนตัดสิน
chap-04-coord-q64,chap-04-coord,mc,3,"วงกลม $C$ จะผ่านจุด $\left(\dfrac{2}{15}, \dfrac{3}{20}\right)$",🔴 ไม่เจอเลย,27,านจริง✅คำตอบ:ตัวเลือก4💡เทคนิคที่ใช้:สามเหลี่ยมมุมฉากแนบแกน→incircleอยู่ที่rrเสมอและr=\fraca+b-c2จำสูตรนี้ประหยัดเวลามาก⚠️จุดที่เด็กมักผิด:ตัวเลือก2ผิดแค่ค่าคงตัว\frac172vs\frac1144—ต้องกระจายเองให้ครบอย่าเดาจากสองพจน์แรก
chap-04-coord-q74,chap-04-coord,mc,3,"วงรีซึ่งมีแกนเอกอยู่บนแกน y จุดยอดอยู่ที่ $(0, 5)$ และ $(0, -5)$ จุดโฟ",🔴 ไม่เจอเลย,13,rt21→ตัวเลือก4💡เทคนิคที่ใช้:สัมประสิทธิ์หน้าx^2ใหญ่กว่า25>4แปลว่าหลังหารแล้วตัวส่วนใต้x^2เล็กกว่า—แกนเอกจึงอยู่แนวy⚠️จุดที่เด็กมักผิด:ดูสัมประสิทธิ์25ใหญ่แล้วคิดว่าแกนเอกอยู่แนวx—ต้องดูตัวส่วนหลังจัดรูปไม่ใช่สัมประสิทธิ์
chap-05-function-q01,chap-05-function,mc,0,"รูปสี่เหลี่ยมขนมเปียกปูน (ข้าวหลามตัด) ที่มีจุดยอดอยู่ที่ $(a, 0)$, $(",🔴 ไม่เจอเลย,25,าวหลามตัด✅คำตอบ:รูปสี่เหลี่ยมขนมเปียกปูน→ตัวเลือก1💡เทคนิคที่ใช้สมการที่มี|x|และ|y|สมมาตรรอบทั้งสองแกน—วาดเฉพาะจตุภาค1แล้วสะท้อนได้เลย⚠️จุดที่เด็กมักผิดสับสนกับx^2+y^2=a^2วงกลม—ค่าสัมบูรณ์ให้เส้นตรงเป็นท่อนๆไม่ใช่เส้นโค้ง
chap-05-function-q03,chap-05-function,mc,3,ส่วนแรเงารูปลิ่มชิ้นเดียวด้านบนของแผ่นวงกลม จากจุดกำเนิดกางขึ้นไประหว่,🔴 ไม่เจอเลย,19,้านบนระหว่าง-11กับ11→ตัวเลือก4💡เทคนิคที่ใช้แปลง\sqrtx^2เป็น|x|ทันทีแล้วลองแทนจุดทดสอบ1-2จุดเพื่อเลือกบริเวณ⚠️จุดที่เด็กมักผิดเผลอคิดว่า\sqrtx^2=xจะได้ครึ่งระนาบเหนือเส้นy=xตัวเลือก2ซึ่งผิดเพราะรากที่สองให้ค่าไม่ติดลบเสมอ
chap-05-function-q05,chap-05-function,mc,0,$A$ เท่ากับ $B$,🔴 ไม่เจอเลย,21,=B→ตัวเลือก1💡เทคนิคที่ใช้เงื่อนไข0\ley\le2xกับ\fracy2\lexคืออสมการเดียวกันที่จัดรูปต่างกัน—สังเกตได้โดยไม่ต้องวาด⚠️จุดที่เด็กมักผิดมองว่านิยามคนละแบบอิงxvsอิงyแล้วรีบสรุปว่าเป็นคนละเซต—ต้องแปลงให้อยู่รูปเดียวกันก่อนเทียบ
chap-05-function-q06,chap-05-function,mc,0,"$\{ (x, y) \in \mathbb{R} \times \mathbb{R} \mid x \ge 0,\ 0 \le y \le",🔴 ไม่เจอเลย,21,"0\ge2?✗ถูกตัดออกจริง✅คำตอบ:x\ge00\ley\le3y\gex-3→ตัวเลือก1💡เทคนิคที่ใช้หาจุดยอดให้ครบก่อนแล้วใช้""จุดทดสอบภายใน""ตัดสินทิศของอสมการแต่ละขอบ⚠️จุดที่เด็กมักผิดสลับทิศอสมการของเส้นเอียงy\gex-3กับy\lex-3—ต้องลองแทนจุดภายในเสมอ"
chap-05-function-q07,chap-05-function,mc,0,"$\{ (x, y) \in \mathbb{R} \times \mathbb{R} \mid x - y > 1 \} \cap \{ ",🔴 ไม่เจอเลย,19,"แนนต์ของy^2+y+1คือ1-4=-3💡เทคนิคที่ใช้เงื่อนไข""มีxคั่นระหว่างสองนิพจน์ของy""แปลงเป็นอสมการของyตัวเดียวแล้วเช็คดิสคริมิแนนต์⚠️จุดที่เด็กมักผิดข้อ3มักเดาว่าว่างเพราะy>|x|ดู""สูงกว่า""\sqrtx—แต่ช่วง0<x<1รากที่สองโตกว่าตัวมันเอง"
chap-05-function-q08,chap-05-function,mc,2,ถ้า $r_3$ คือความสัมพันธ์ใดๆ ที่เป็นสับเซตของความสัมพันธ์ $r$ และ $D_{,🔴 ไม่เจอเลย,19,"ับทุก...""หักล้างได้ด้วยตัวอย่างค้านเพียงตัวเดียว—เลือกสับเซตจากเส้นเดียวเพื่อเลี่ยงปัญหาyซ้ำ⚠️จุดที่เด็กมักผิดคิดว่าโดเมน[-11]บังคับให้ใช้ทั้งสองเส้นซึ่งจะทำให้r_3^-1ไม่เป็นฟังก์ชันจริง—แต่โจทย์อนุญาตให้เลือกเส้นเดียวได้"
chap-05-function-q10,chap-05-function,mc,2,"$\left(\dfrac{3}{2}, -\dfrac{3}{4}\right)$ เป็นจุดสูงสุดในเซต $A' - B$",🔴 ไม่เจอเลย,20,ุดใดในเซตที่yสูงกว่านี้✅คำตอบ:ตัวเลือก3💡เทคนิคที่ใช้แก้ระบบพาราโบลา-เส้นตรงหาช่วงxของบริเวณปิดแล้วไล่หาค่าyสุดขีดบนขอบบน/ขอบล่างหรือทดลองแทนจุดที่โจทย์ให้มาก็ได้⚠️จุดที่เด็กมักผิดลืมแปลงนิเสธอสมการเคร่ง:คอมพลีเมนต์ของyfx
chap-05-function-q103,chap-05-function,mc,1,$f(x) = g^{-1}(x)$ และ $h(x) = 6x + 6$,🔴 ไม่เจอเลย,14,+9=x✓|gh1=g12=4-3=1=21-1✓✅คำตอบ:ตัวเลือก2💡เทคนิคที่ใช้ใช้g^-1เป็นเครื่องมือถอดฟังก์ชันใน:h=g^-1\circ2x-1—หรือคูณสามย้ายข้างแบบพีชคณิตปกติก็ได้⚠️จุดที่เด็กมักผิดคำนวณhพลาดเป็น6x+4จากการลืมคูณ3เข้ากับ-3ของgตัวเลือก13ดักไว้
chap-05-function-q112,chap-05-function,mc,3,$\{ x \mid x(x^2 - 1)(x + 2) \ne 0 \}$,🔴 ไม่เจอเลย,15,ๆ✗ครบสี่จุด✅คำตอบ:ตัวเลือก4💡เทคนิคที่ใช้จุดต้องห้ามมาสองทาง:ทางตรงของgในfgกับทางอ้อมค่าfที่ไปชนจุดต้องห้ามของg—รวมกันด้วยอินเตอร์เซกชัน⚠️จุดที่เด็กมักผิดลืมจุดทางอ้อมx=0-2จากx+1^2=1แล้วเลือกข้อ1—หรือแก้x+1^2=1ได้รากเดียว
chap-05-function-q122,chap-05-function,mc,0,$\{ x \in \mathbb{Z} \mid \dfrac{x}{2}$ เป็นจำนวนเต็มคี่$\}$,🔴 ไม่เจอเลย,15,"ือก1💡เทคนิคที่ใช้เรนจ์ของan+bบนจำนวนเต็มคือ""คลาสเศษเหลือ"":4x-2\equiv2\pmod4—แปลภาษาตัวเลือกให้เป็นmodเดียวกัน⚠️จุดที่เด็กมักผิดตอบ""จำนวนเต็มคู่""ข้อ4เพราะเห็นว่าค่าเป็นคู่หมด—แต่เรนจ์ไม่ใช่เลขคู่ทุกตัว48ไม่อยู่!ต้องดูmod4"
chap-05-function-q14,chap-05-function,mc,2,รังสีชี้ไปทางซ้ายจากจุดทึบที่ $3$ (รวม $3$) โดยเจาะวงกลมโปร่งที่ $-4$ ,🔴 ไม่เจอเลย,17,ง✅คำตอบ:รังสีซ้ายจากจุดทึบ3เจาะโปร่งที่-4-2→ตัวเลือก3💡เทคนิคที่ใช้หาโดเมนแยกทีละความสัมพันธ์แล้วค่อยอินเตอร์เซก—สมการ|x+3|=1ให้สองคำตอบเสมอ⚠️จุดที่เด็กมักผิดลืมจุดเจาะx=-4คิดแค่x=-2เพราะลืมว่าค่าสัมบูรณ์เท่ากับ1ได้สองทาง
chap-05-function-q159,chap-05-function,fill,"'$R_{r_1} = [-2, 2]$, $R_{r_2} = [-1, \\infty)$, $D_{r^{-1}} = [-1, 2]$'","$R_{r_1} = [-2, 2]$, $R_{r_2} = [-1, \infty)$, $D_{r^{-1}} = [-1, 2]$",🔴 ไม่เจอเลย,16,"r^-1=[-12]💡เทคนิคที่ใช้สำหรับบริเวณอินเตอร์เซกต์ใช้แนวดิ่งx=0เป็นแกนสแกน—ทั้งจุดต่ำสุดและสูงสุดของyอยู่บนแกนนี้พอดี⚠️จุดที่เด็กมักผิดตอบD_r^-1=D_r—โดเมนของอินเวอร์สคือ""เรนจ์""ของความสัมพันธ์เดิมสลับบทบาทแกนไม่ใช่โดเมนเดิม"
chap-05-function-q16,chap-05-function,mc,3,$D_f = \{ x \mid x \ne 1$ และ $x \ne -1 \}$ และ $R_f = \{ x \mid x \le,🔴 ไม่เจอเลย,26,.02ได้✓✅คำตอบ:D_f=\x\ne\pm1\R_f=\x\le-2หรือx>0\→ตัวเลือก4💡เทคนิคที่ใช้หาเรนจ์ของฟังก์ชันเศษส่วน:แก้กลับให้|x|อยู่เดี่ยวแล้วใช้เงื่อนไข|x|\ge0⚠️จุดที่เด็กมักผิดลืมแยกว่าy=-2รวมได้จากx=0แต่y=0รวมไม่ได้เศษ2ไม่มีวันเป็นศูนย์
chap-05-function-q165,chap-05-function,fill,"'{(a, 1)}, {(b, 1)}, {(c, 2)}, {(a, 1), (c, 2)}, {(b, 1), (c, 2)}'","{(a, 1)}, {(b, 1)}, {(c, 2)}, {(a, 1), (c, 2)}, {(b, 1), (c, 2)}",🔴 ไม่เจอเลย,15,"คที่ใช้เงื่อนไข1-1แปลเป็น""ห้ามหยิบคู่ที่yซ้ำพร้อมกัน""แล้วนับแบบคูณกรณีจะไม่ตกหล่น⚠️จุดที่เด็กมักผิดตอบแค่f_A=\a1b1c2\จบ—โจทย์ถามฟังก์ชันย่อยที่หนึ่งต่อหนึ่งทุกแบบ;และอย่าลืมว่าd3e4f2ถูกตัดตั้งแต่แรกเพราะตัวหน้าไม่อยู่ในA"
chap-05-function-q176,chap-05-function,mc,2,"$(-1, 1)$",🔴 ไม่เจอเลย,12,✔ตรวจคำตอบsympy:เซตคำตอบ3x^2-3💡เทคนิคที่ใช้เจอf^-1\circgไม่ต้องหาสูตรf^-1—ประกอบfครอบทั้งสองข้างแล้วfกับf^-1หักล้างกันเอง⚠️จุดที่เด็กมักผิดอสมการเคร่งครัด<0ต้องตอบช่วงเปิด—เลือกข้อ1ช่วงปิดคือกับดักข้อนี้
chap-05-function-q25,chap-05-function,mc,3,ข้อ (1) และข้อ (3) ถูกเพียง 2 ข้อ,🔴 ไม่เจอเลย,28,ปิด-ปิด:ค่าต่ำสุดดูจุดยอดค่าสูงสุดดูปลายสองข้าง—ปลายที่ไม่ถึงอาจไม่ทำให้เรนจ์แหว่งถ้าอีกฝั่งเก็บค่านั้นได้⚠️จุดที่เด็กมักผิดเห็นx\to-3ไม่ถึงแล้วรีบตอบR_f=16]ข้อ2—ลืมว่าจุดยอดอยู่ในโดเมนและฝั่งขวาวิ่งผ่านค่า[-36]ครบทุกค่า
chap-05-function-q28,chap-05-function,mc,1,ก. ถูก และ ข. ผิด,🔴 ไม่เจอเลย,30,approx1.83💡เทคนิคที่ใช้สมการy^2=\ldotsคือไฮเพอร์โบลา\fracx+1^24-\fracy^24=1—เงื่อนไขx\geyเลือกเฉพาะเสี้ยวขวาใต้เส้นy=x⚠️จุดที่เด็กมักผิดลืมคัดเงื่อนไขx\geyจะได้D_r=-\infty-3]\cup[1\inftyและR_r=\mathbbRตอบผิดเป็นข้อ1หรือ3
chap-05-function-q67,chap-05-function,mc,0,"$\{ (x, y) \in \mathbb{R} \times \mathbb{R} \mid x^2 + y = 2 \}$",🔴 ไม่เจอเลย,18,"อก1💡เทคนิคที่ใช้แปลงความสัมพันธ์เชิงสมการเป็นฟังก์ชันชัดแจ้งแล้วประกอบตามลำดับ""fก่อนgทีหลัง""g\circfอ่านขวาไปซ้าย⚠️จุดที่เด็กมักผิดสลับลำดับเป็นfgx=\frac5-2x-3^22ซึ่งกระจายแล้วตรงกับตัวเลือก4—กับดักของคนอ่านg\circfกลับทิศ"
chap-05-function-q73,chap-05-function,mc,2,มีข้อที่ถูกต้อง 2 ข้อ คือ (1) และ (3),🔴 ไม่เจอเลย,18,"เช็คf\circfก่อน—ถ้าได้xแล้วcompositionจำนวนคู่ครั้งใดๆก็ได้xทันทีไม่ต้องไล่ทีละชั้น⚠️จุดที่เด็กมักผิดข้อ2:\fracx^2x""ตัดได้""เป็นxในเชิงพีชคณิตแต่ฟังก์ชันไม่เท่ากันเพราะรูที่x=0—ความเท่ากันของฟังก์ชันเข้มกว่าการลดรูปนิพจน์"
chap-05-function-q81,chap-05-function,mc,1,$f$ เป็นฟังก์ชัน 1-1 และ $f^{-1}(x) = \det\begin{bmatrix} 1 & 1 \\ \df,🔴 ไม่เจอเลย,16,"งก์ชันตรรกยะธรรมดาก่อน—เปลือกเมทริกซ์เป็นแค่การพรางโจทย์อินเวอร์สของ\fracx1-x⚠️จุดที่เด็กมักผิดตัวเลือก1ใช้""ส่วนกลับของdet""\frac1fxมาหลอกว่าเป็นอินเวอร์ส—f^-1ไม่ใช่\frac1f!|ตัวเลือก3:detเป็น0ที่x=0ไม่เกี่ยวกับความเป็น1-1"
chap-05-function-q85,chap-05-function,mc,1,"$r^{-1} = \{ (x, y) \in \mathbb{R} \times \mathbb{R} \mid y = \begin{c",🔴 ไม่เจอเลย,20,-2✓✅คำตอบ:ตัวเลือก2💡เทคนิคที่ใช้ฟังก์ชันคี่และเพิ่ม—อินเวอร์สต้องคี่และเพิ่มด้วยตัวเลือกที่ให้กราฟไม่เพิ่ม134ตัดได้จากภาพรวม⚠️จุดที่เด็กมักผิดกิ่งลบ:ลืมเลือกรากลบy=-\sqrt-xเพราะค่าyของอินเวอร์สกิ่งนี้ต้องติดลบตามค่าxเดิม
chap-05-function-q88,chap-05-function,mc,0,ก. ถูก และ ข. ถูก,🔴 ไม่เจอเลย,21,"ท่อนเพิ่ม⟺แต่ละท่อนเพิ่มและ""ซูพรีมัมของท่อนซ้าย\leค่าต่ำสุดของท่อนขวา""—เช็คแค่รอยต่อพอ⚠️จุดที่เด็กมักผิดข.ดูเหมือนผิดเพราะ\sqrtx-1ที่x=2ให้1เท่ากับลิมิตท่อนแรก—แต่ท่อนแรก""ไม่ถึง""1จริงx<1เปิดจึงไม่มีคู่ที่ละเมิดนิยามเพิ่ม"
chap-05-function-q91,chap-05-function,mc,3,ก. ผิด และ ข. ผิด,🔴 ไม่เจอเลย,15,"เวอร์สของฟังก์ชันหลายท่อนต้องตรวจทั้ง""สูตร""และ""โดเมนของแต่ละท่อน""—สูตรถูกแต่โดเมนเกินจริงก็นับว่าผิด⚠️จุดที่เด็กมักผิดข.ดูถูกเพราะสูตรพีชคณิตถูกหมด—กับดักคือช่วงx\le-2.5ที่10^xถูกจำกัดด้วยx<1ทำให้กิ่งบนผลิตค่าได้แค่-2.50"
chap-06-matrix-q106,chap-06-matrix,fill,'±2176',±2176,🔴 ไม่เจอเลย,18,ข้อคือบัญชีdetล้วนๆ—แปลงทุกเงื่อนไขให้เป็นสมการของ\detA\detCก่อนแล้วใช้กฎผลคูณปิดท้าย⚠️จุดที่เด็กมักผิด:ลืมว่า-1^4=+1มิติคู่ทำให้\det-A=\detAและลืมยกกำลัง4ของสเกลาร์ใน\det2C—สองจุดนี้พลาดแล้วเครื่องหมาย/ขนาดเพี้ยนทั้งข้อ
chap-06-matrix-q115,chap-06-matrix,fill,"'(0, sqrt(2)/2, sqrt(2)/2)'","(0, sqrt(2)/2, sqrt(2)/2)",🔴 ไม่เจอเลย,15,"ี่detเป็นศูนย์มีคำตอบไม่ชี้ขาดหนึ่งมิติ—เงื่อนไขx^2+y^2+z^2=1มีไว้ตรึงขนาดเหลือกำกวมแค่เครื่องหมาย\pmซึ่งถูกทั้งคู่⚠️จุดที่เด็กมักผิด:หยุดที่""รากaตัวแรกที่เจอ""โดยไม่เช็คว่าน้อยที่สุด—ต้องแยกตัวประกอบครบสามรากก่อนเลือกa=2"
chap-06-matrix-q122,chap-06-matrix,fill,"'[[-1,-4,4],[-1,-5/2,3],[1,3,-3]]'","[[-1,-4,4],[-1,-5/2,3],[1,3,-3]]",🔴 ไม่เจอเลย,15,dbmatrix💡เทคนิคที่ใช้:ตรวจเร็วด้วยการคูณAกับคำตอบหนึ่งแถวก็พอเห็นว่าได้I—กันพลาดเครื่องหมายโคแฟกเตอร์⚠️จุดที่เด็กมักผิด:ลืมtransposeตารางโคแฟกเตอร์ก่อนหารdetใช้[C_ij]ตรงๆจะผิดตำแหน่งและพลาดเครื่องหมายสลับC_12C_21C_23C_32
chap-06-matrix-q128,chap-06-matrix,fill,"'[[2/3,-1],[1/3,1/3]]'","[[2/3,-1],[1/3,1/3]]",🔴 ไม่เจอเลย,19,"ที่ใช้:เงื่อนไข""ผลต่างกำลังสอง""ของเมทริกซ์คือรหัสลับของAB=BAเสมอและโคแฟกเตอร์2\times2ให้ช่องตรงข้ามพร้อมเครื่องหมายทันที⚠️จุดที่เด็กมักผิด:จำเครื่องหมายโคแฟกเตอร์ผิด:C_21=-b_12ลบ—ถ้าใช้+b_12=1จะได้Bผิดเครื่องหมายทั้งหลัก"
chap-06-matrix-q133,chap-06-matrix,fill,"'x=2, y=3, z=1, det(adj C)=3364'","x=2, y=3, z=1, det(adj C)=3364",🔴 ไม่เจอเลย,19,"congruence—โจทย์ออกแบบให้ช่องทแยงแยกตัวแปรกันเด็ดขาดอ่านทีละช่องจบและ\det\textadjCไม่ต้องสร้างadjจริงใช้สูตรกำลังสอง⚠️จุดที่เด็กมักผิด:ลืมเงื่อนไข""จำนวนจริงบวก""แล้วตอบx=\pm2ฯลฯและคิด\det\textadjC=\detC=-58ลืมยกกำลังn-1=2"
chap-06-matrix-q134,chap-06-matrix,fill,"'A=[[1,1,1],[-1,2,-1],[0,3,-1]], X=[0,1,0]'","A=[[1,1,1],[-1,2,-1],[0,3,-1]], X=[0,1,0]",🔴 ไม่เจอเลย,17,้องของAได้ในตัว⚠️จุดที่เด็กมักผิด:ละเลยเงื่อนไข\detA<0แล้วใช้\detA=3ได้Aกลับเครื่องหมายทั้งก้อน-Aซึ่งadjจะกลายเป็น+\textadjAเหมือนกัน...ที่จริง\textadj-A=\textadjAสำหรับ3\times3—โจทย์จึงต้องกำหนดเครื่องหมายdetมาให้ชี้ขาด
chap-06-matrix-q149,chap-06-matrix,fill,'คำตอบเดียว: k≠2 และ k≠-2; ไม่มีคำตอบ: k=2 หรือ k=-2; ไม่มีกรณีหลายคำตอบ',คำตอบเดียว: k≠2 และ k≠-2; ไม่มีคำตอบ: k=2 หรือ k=-2; ไม่มีกรณีหลายคำตอ,🔴 ไม่เจอเลย,17,"ของkก่อน→รากของdetคือผู้ต้องสงสัย→ตรวจrankเทียบaugmentedทีละรากเพื่อแยก""ไม่มีคำตอบ""กับ""อนันต์""⚠️จุดที่เด็กมักผิด:สมมติว่า\det=0ต้องมีกรณี""หลายคำตอบ""เสมอ—ข้อนี้ทั้งสองรากให้ระบบขัดแย้งจึงไม่มีคำตอบทั้งคู่ไม่มีหลายคำตอบเลย"
chap-06-matrix-q51,chap-06-matrix,mc,1,$A$ เป็นเมทริกซ์ที่มิใช่เอกฐาน และ $A^{-1} = -A - I$,🔴 ไม่เจอเลย,17,ี่ใช้สมการพหุนามของเมทริกซ์ที่มีพจน์Iค่าคงตัวไม่เป็นศูนย์บอกเสมอว่าAหาอินเวิร์สได้—แค่จัดรูปให้A\times\textก้อนที่เหลือ=I⚠️จุดที่เด็กมักผิดลืมคูณ-1หลังได้AA+I=-Iแล้วรีบตอบA^-1=A+Iตัวลวงข้อ1—เครื่องหมายลบต้องติดไปทั้งก้อน
chap-06-matrix-q79,chap-06-matrix,mc,2,$9 \le x < 13$,🔴 ไม่เจอเลย,20,4=\frac118✓✅คำตอบ:9\lex💡เทคนิคที่ใช้ไม่ต้องinvertกลับเป็นA—ทุกปริมาณ\detAadjเขียนผ่าน\detA^-1ได้หมดสมการเหลือกำลังสองตัวเดียว⚠️จุดที่เด็กมักผิดลืม2^3ของสเกลาร์2หรือใช้\detA^3แทน\detA^2—และต้องคัดรากx=-1ทิ้งตามเงื่อนไขx>0
chap-07-trigonometry-q130,chap-07-trigonometry,fill,"'a = -0.3, b ≈ 0.95'","a = -0.3, b ≈ 0.95",🔴 ไม่เจอเลย,23,ทันทีจากนิยาม\cos\theta\sin\thetaแล้วใช้เอกลักษณ์พีทาโกรัสหาอีกพิกัดจากพิกัดที่รู้⚠️จุดที่เด็กมักผิดตอบb=-\sqrt0.91เพราะไม่เช็คควอดรันต์1.87อยู่ควอดรันต์2ไซน์ต้องบวกสลับเป็นa=\sinb=\cosคำนวณ1-0.3^2เป็น0.7ลืมยกกำลังก่อนลบ
chap-07-trigonometry-q134,chap-07-trigonometry,mc,2,ข้อความเป็นจริงทั้ง $3$ ข้อ,🔴 ไม่เจอเลย,33,c\pi2\frac3\pi2]คือขาลงล้วนของไซน์ทุกข้อความจึงไหลตามกันหมดลด→1-1→อินเวอร์สหาได้⚠️จุดที่เด็กมักผิดดูแค่ว่า“ไซน์เป็นคลื่นขึ้นๆลงๆ”แล้วสรุปว่าไม่1-1โดยไม่แปลงโดเมนตีความf^-10เป็น\frac1f0ลืมตรวจว่าx=\frac\pi2อยู่ในโดเมนจริง
chap-07-trigonometry-q157,chap-07-trigonometry,fill,"'$c = 2\\sqrt{2},\\ \\alpha = \\dfrac{5\\pi}{4}$'","$c = 2\sqrt{2},\ \alpha = \dfrac{5\pi}{4}$",🔴 ไม่เจอเลย,23,ราะมันแยกควอดรันต์ไม่ได้⚠️จุดที่เด็กมักผิดเห็น\tan\alpha=1แล้วรีบตอบ\alpha=\frac\pi4ควอดรันต์1—ต้องดูว่า\sin\cosติดลบทั้งคู่สลับสัมประสิทธิ์c\cos\alphaคู่กับ\sinxไม่ใช่\cosxลืมเงื่อนไขc>0แล้วตอบc=-2\sqrt2\alpha=\frac\pi4
chap-07-trigonometry-q161,chap-07-trigonometry,fill,"'$\\tan\\dfrac{\\theta}{2} = \\dfrac{1}{2},\\ \\sin\\dfrac{\\theta}{2} = \\dfrac{1}{\\sqrt{5}}$ หรือ $\\tan\\dfrac{\\theta}{2} = -2,\\ \\sin\\dfrac{\\theta}{2} = \\dfrac{2}{\\sqrt{5}}$'","$\tan\dfrac{\theta}{2} = \dfrac{1}{2},\ \sin\dfrac{\theta}{2} = \dfrac",🔴 ไม่เจอเลย,46,os\thetaคือทางลัดที่ไม่ต้องเลือกเครื่องหมายเอง⚠️จุดที่เด็กมักผิดตอบแค่กรณีQ1ลืมว่า\thetaอยู่Q3ได้ด้วยคิดว่า\sin\frac\theta2ของกรณีt=-2ติดลบจริงๆ\frac\theta2อยู่Q2ไซน์บวกจับคู่คำตอบสลับชุดt=\frac12ต้องคู่\sin=\frac1\sqrt5
chap-07-trigonometry-q181,chap-07-trigonometry,fill,"'$x = -1,\\ y = \\dfrac{(2n + 1)\\pi}{4} + 1$ เมื่อ $n$ เป็นจำนวนเต็มใด ๆ'","$x = -1,\ y = \dfrac{(2n + 1)\pi}{4} + 1$ เมื่อ $n$ เป็นจำนวนเต็มใด ๆ",🔴 ไม่เจอเลย,28,วถอดเงื่อนไขความเท่ากันของแต่ละฝั่ง⚠️จุดที่เด็กมักผิดลืมบวก1กลับตอนถอดyคำตอบคือy-1=\frac2n+1\pi4ไม่ใช่yตรงๆเขียนมุมของ\tan=\pm1ไม่ครบต้องเป็นพหุคูณคี่ของ\frac\pi4ทุกตัวพยายามกระจาย\tan^2x+yเป็นพีชคณิตของxyซึ่งไปต่อไม่ได้
chap-07-trigonometry-q197,chap-07-trigonometry,mc,3,$A \not\subset B$ และ $B \not\subset A$,🔴 ไม่เจอเลย,44,เงื่อนไข\arccost\ge\frac\pi2\Leftrightarrowt\le0คัดรากได้แรงมาก⚠️จุดที่เด็กมักผิดเห็นสองสมการ“หน้าตาเหมือนกันแค่ย้ายข้าง”แล้วรีบสรุปA=Bตัวเลือก1—ความจริงรากที่รอดของแต่ละสมการเป็นคนละตัวลืมเช็คโดเมน0\lex\le2ของ\arccos1-x
chap-07-trigonometry-q214,chap-07-trigonometry,fill,'$\\dfrac{3\\sqrt{3}}{2}r^2$ ตารางหน่วย',$\dfrac{3\sqrt{3}}{2}r^2$ ตารางหน่วย,🔴 ไม่เจอเลย,15,ลี่ยมด้านเท่าแนบในวงกลมรัศมีrมีพื้นที่\fracn2r^2\sin\frac360^\circn—สูตรเดียวใช้ได้ทุกข้อแนวนี้⚠️จุดที่เด็กมักผิดสับสนกับกรณีวงกลมแนบในหกเหลี่ยมrจะเป็นระยะถึงกึ่งกลางด้านไม่ใช่ถึงจุดยอดได้พื้นที่สามเหลี่ยมย่อยแล้วลืมคูณ6
chap-07-trigonometry-q218,chap-07-trigonometry,mc,3,รูปวงกลม,🔴 ไม่เจอเลย,14,ันยิ่งจำนวนด้านมากยิ่งได้พื้นที่มากและลิมิตของรูปหลายเหลี่ยมเมื่อด้านมากขึ้นคือวงกลม—วงกลมจึงชนะเสมอ⚠️จุดที่เด็กมักผิดตอบจัตุรัสเพราะคุ้นกับโจทย์“สี่เหลี่ยมพื้นที่มากสุด”จัตุรัสชนะเฉพาะในหมู่สี่เหลี่ยมด้วยกันไม่ใช่ทุกรูป
chap-07-trigonometry-q227,chap-07-trigonometry,fill,"'พื้นที่ $= 3 + \\sqrt{3}$ ตารางหน่วย, $BD = \\sqrt{6}$, $AC = \\sqrt{10 + 4\\sqrt{3}}$'","พื้นที่ $= 3 + \sqrt{3}$ ตารางหน่วย, $BD = \sqrt{6}$, $AC = \sqrt{10 +",🔴 ไม่เจอเลย,22,ircกับ120^\circ—เครื่องหมายของ\cosสลับกันทำให้เส้นหนึ่งสั้นเส้นหนึ่งยาวตรวจรวมด้วยกฎสี่เหลี่ยมด้านขนานd_1^2+d_2^2=2a^2+b^2⚠️จุดที่เด็กมักผิดใช้มุม60^\circกับทแยงมุมทั้งสองเส้นลืมว่าBC=ADพื้นที่เผลอคูณ\frac12แบบสามเหลี่ยม
chap-07-trigonometry-q64,chap-07-trigonometry,mc,0,"$\left\{ (x, y) \,\middle|\, \dfrac{3\pi}{2} - x \le y \le 2\pi - x,\ ",🔴 ไม่เจอเลย,29,"เป็นแถบเชิงเส้นc_1\lex+y\lec_2บนระนาบ⚠️จุดที่เด็กมักผิดอ่านเงื่อนไขขอบไม่ครบ:\cosu\ge0""รวม""ศูนย์แต่\sinu\le0ตัดควอดรันต์1ทิ้งทั้งหมด—เหลือเฉพาะควอดรันต์4และอย่าลืมเช็คว่าเซตในตัวเลือกไม่เป็นเซตว่างขอบบนต้องมากกว่าขอบล่าง"
chap-07-trigonometry-q65,chap-07-trigonometry,mc,1,"$\left\{ x \,\middle|\, -\dfrac{\pi}{3} < x < \dfrac{2\pi}{3} \right\}",🔴 ไม่เจอเลย,24,องทั้งก้อนอ่านจากครึ่งบน/ล่างของวงกลมหนึ่งหน่วยได้ทันที⚠️จุดที่เด็กมักผิดลืมเลื่อนช่วงของu—ถ้าแก้\sinu>0เป็นu\in0\piแล้วไม่ลบ\frac\pi3กลับจะได้0\piแล้วหลงเลือกตัวเลือกผิดอสมการเข้ม>ต้องใช้ช่วงเปิดไม่รวมจุดที่เท่ากับศูนย์
chap-08-explog-q108,chap-08-explog,mc,1,$0 < x < y$,🔴 ไม่เจอเลย,18,"รรทัดเดียวสมการ2คือแบบฝึก""จัดกลุ่มสัมประสิทธิ์ของy""มาตรฐาน⚠️จุดที่เด็กมักผิดเครื่องหมายของy:ทั้งเศษ\ln\frac38และส่วน\ln\frac34ติดลบหารกันได้บวก—ถ้าประเมินเครื่องหมายผิดจะไปเลือกตัวเลือก1และ\log_0.5x=-1ให้x=2ไม่ใช่\frac12"
chap-08-explog-q119,chap-08-explog,fill,"'[1, ∞)'","[1, ∞)",🔴 ไม่เจอเลย,19,ื่อยๆไม่มีวันต่ำกว่า2หลังจุดเริ่ม⚠️จุดที่เด็กมักผิดยกกำลังสองทันทีทั้งก้อน\sqrtA-\sqrtB^2จะเกิดพจน์ไขว้ยุ่งกว่าเดิม—ย้ายให้เป็น\sqrtA\ge2+\sqrtBก่อนและก่อนยกกำลังสองรอบสองต้องยืนยันว่าฝั่งซ้าย3x-1เป็นบวกบนโดเมนที่นี่จริง
chap-08-explog-q122,chap-08-explog,fill,'x < 0',x < 0,🔴 ไม่เจอเลย,18,"ปรียบเทียบกำลังฐานต่างกันให้หารเป็นอัตราส่วนก้อนเดียวเสมอ—เหลือคำถามเดียวว่าr^xกับ1ใครใหญ่ตอบได้จากทิศทางฟังก์ชัน⚠️จุดที่เด็กมักผิดตอบx\le0—ที่x=0ทั้งสองข้างเท่ากับ1ไม่ใช่""มากกว่า""เงื่อนไขต้องจริงกับทุกคู่a<bไม่ใช่บางคู่"
chap-08-explog-q135,chap-08-explog,fill,"'{−√2, √2, 1/2, 1/a}'","{−√2, √2, 1/2, 1/a}",🔴 ไม่เจอเลย,19,t216=385—ผลรวมlogกลายเป็นสมการเชิงเส้นของ\log_axทันทีข้อนี้ตั้งใจผสมบทลำดับ-อนุกรมกับlog⚠️จุดที่เด็กมักผิด\log_aa^nx=n+\log_axlogของผลคูณไม่ใช่n\log_axคำตอบของBติดตัวa—โจทย์ไม่ได้บอกค่าaจึงต้องตอบเป็น\frac1aไม่ใช่เลขลอยๆ
chap-08-explog-q138,chap-08-explog,fill,'15a^((3p+q)/5)/(2p−q)',15a^((3p+q)/5)/(2p−q),🔴 ไม่เจอเลย,20,้วย2ได้x^5=a^2p-qสมการ2ยกกำลังสองคูณ1ได้y^5=a^p+2q—สมมูลกับการแก้ระบบเชิงเส้นแต่เร็วกว่าเมื่อชิน⚠️จุดที่เด็กมักผิด\log_x^1/3a=\frac3\log_ax—ฐานถอดรากที่สามทำให้คูณ3ไม่ใช่หารและคำตอบติดทั้งapqห้ามลืมก้อนa^3p+q/5ที่มาจากxy
chap-08-explog-q141,chap-08-explog,fill,'1/x²',1/x²,🔴 ไม่เจอเลย,13,"ิคที่ใช้เลขชี้กำลังติดลบของe^\ln\cdot=ส่วนกลับของอาร์กิวเมนต์—จบในหนึ่งบรรทัดโดเมนคือx\ne0กว้างกว่าx>0เพราะอาร์กิวเมนต์คือx^2⚠️จุดที่เด็กมักผิดเผลอตอบ-x^2เอาลบไปคูณ—เครื่องหมายลบในเลขชี้กำลังแปลว่า""ส่วนกลับ""ไม่ใช่""ติดลบ"""
chap-08-explog-q171,chap-08-explog,fill,'c^((1+√33)/4) หรือ c^((1−√33)/4)',c^((1+√33)/4) หรือ c^((1−√33)/4),🔴 ไม่เจอเลย,19,้วฐานเรียงเป็นA1+A2+Aสวยงามสมการเศษส่วนสามพจน์เคลียร์ส่วนทีเดียว⚠️จุดที่เด็กมักผิดเครื่องหมายตอนกระจาย-3A1+Aรากติด\sqrt33ไม่สวยแต่ถูกต้อง—ข้อสอบทุนไม่ได้การันตีเลขกลมเงื่อนไขแฝง:A\ne0-1-2ฐานต้องไม่เป็น1ซึ่งรากทั้งคู่ผ่าน
chap-08-explog-q178,chap-08-explog,fill,'±(2√3 ± √6)/6',±(2√3 ± √6)/6,🔴 ไม่เจอเลย,21,ห้เป็นกำลังสองก้อน3\pm2\sqrt2ถอดเป็น\sqrt2\pm1^2—denestingแบบเดียวกับข้อ115⚠️จุดที่เด็กมักผิดเลือกเครื่องหมายเดียวโดยไม่ระบุช่วง—โจทย์บอกแค่x>0จึงต้องตอบครบทุกกรณีหรือหมายเหตุเงื่อนไขและ\sinx=9ต้องตัดทิ้งทันทีเรนจ์ของsin
chap-08-explog-q185,chap-08-explog,fill,'−8 และ 2',−8 และ 2,🔴 ไม่เจอเลย,15,กิวเมนต์—เอกลักษณ์a^\log_1/aV=V^-1ใช้ยุบก้อนเปลือกในทันทีก่อนเริ่มปอกสามชั้นนอก⚠️จุดที่เด็กมักผิดชั้น\log_1/2W=4ถอดเป็นW=\frac12^4=\frac116ฐานเศษส่วนไม่ได้กลับทิศในสมการโดเมนต้องเช็คx^2+6x>0—ทั้ง-864-48=16และ24+12=16ผ่าน
chap-08-explog-q186,chap-08-explog,fill,"'[2/5, 1)'","[2/5, 1)",🔴 ไม่เจอเลย,16,"ั้นนอกฐาน8>1ทิศปกติชั้นในฐาน\frac250""กับ""W\le\frac12""ทำทีละอันอย่ารวบรัด⚠️จุดที่เด็กมักผิดลืมครึ่งW>0โดเมนของ\log_8จะได้ช่วงกว้างเกินการถอดชั้นในต้องกลับทิศสองครั้งทั้งสองเงื่อนไขเพราะฐานเศษส่วน—พลาดทิศเดียวช่วงจะพลิกหมด"
chap-08-explog-q187,chap-08-explog,fill,"'(6/7, 18/5) − {2}'","(6/7, 18/5) − {2}",🔴 ไม่เจอเลย,23,ั้ง⚠️จุดที่เด็กมักผิดลืมเจาะx=2ออกตัวส่วนศูนย์เซตBฐานเศษส่วนพลิกอสมการ—ถ้าไม่พลิกจะได้Bไม่ว่างแล้วคำตอบเพี้ยนทั้งข้อหมายเหตุ:บรรทัดสรุปท้ายของเฉลยหนังสือพิมพ์เป็น15/8สลับเลขจาก18/5แต่บรรทัดสรุปกรณีของหนังสือเองยืนยัน18/5
chap-08-explog-q192,chap-08-explog,mc,3,ข้อ ก. และข้อ ข. เป็นเท็จ,🔴 ไม่เจอเลย,21,ช้เอกลักษณ์สลับ2^\lna=a^\ln2เทียบเลขชี้กำลังกับ1จบเร็วข้อขดิสคริมิแนนต์246^2ใกล้256—โจทย์ตระกูลนี้รากมักเป็นเลขสวย⚠️จุดที่เด็กมักผิดข้อขนับขอบผิด:\log_25\approx2.32จำนวนเต็มแรกคือ3และ\log_22510จึงพิจารณาเฉพาะจำนวนเต็มบวก
chap-08-explog-q197,chap-08-explog,fill,"'a = (4/5)^6, b = (4/5)^5'","a = (4/5)^6, b = (4/5)^5",🔴 ไม่เจอเลย,14,":ใช้สมการ""กำลังล้วน""a^10=b^12ลดเหลือตัวแปรเดียวก่อนแล้วสมการที่มีตัวแปรในเลขชี้กำลังจะกลายเป็นเทียบกำลังธรรมดา⚠️จุดที่เด็กมักผิดขั้นเทียบเลขชี้กำลังต้องอ้างb\ne1โจทย์ให้ไว้แล้วb^1/5=\frac45ยกกำลังห้าได้b=4/5^5ไม่ใช่4^5/5"
chap-08-explog-q198,chap-08-explog,mc,0,"$\dfrac{6\log 2}{4\log 2 - \log 3}$ , $\dfrac{\log 3 - \log 2}{4\log 2",🔴 ไม่เจอเลย,18,้งเศษส่วน—เช็คเครื่องหมายตัวส่วนให้ตรง⚠️จุดที่เด็กมักผิดตัวเลือก2กับ1ดูคล้ายxของข้อ2คือ\frac2\log3-6\log2\log3-4\log2=\frac6\log2-2\log34\log2-\log3ไม่เท่ากับ\frac6\log24\log2-\log3—ต้องเทียบทั้งคู่อันดับไม่ใช่แค่รูปร่าง
chap-08-explog-q199,chap-08-explog,fill,'1 + √2',1 + √2,🔴 ไม่เจอเลย,20,"วยตัวริม—สมการกลายเป็นกำลังสองของ\frac53^tซึ่ง""บังเอิญ""คือ\fracbaที่โจทย์ถามพอดีไม่ต้องหาtเลย⚠️จุดที่เด็กมักผิดทิ้งราก1-\sqrt2<0ต้องให้เหตุผลrเป็นค่าเลขชี้กำลังบวกเสมออ่านโจทย์ดีๆว่าถาม\fracbaไม่ใช่\fracabซึ่งคือ\sqrt2-1"
chap-08-explog-q203,chap-08-explog,fill,"'(−1, 4) และ (−1, 4/3)'","(−1, 4) และ (−1, 4/3)",🔴 ไม่เจอเลย,19,"สองทาง""เหมือนข้อ167—แก้โดยตั้งเงื่อนไขเท่ากันพร้อมกันทั้งสองฝั่ง\log_3x+yกับ\log_x+y3เป็นส่วนกลับกันเสมอ⚠️จุดที่เด็กมักผิดลืมกรณีs=-1จะได้คำตอบเดียว-14—กำลังสองของsมีสองรากและต้องเช็คx+y\ne1ฐานlogห้ามเป็น1ซึ่งทั้งคู่ผ่าน"
chap-08-explog-q208,chap-08-explog,fill,"'(−∞, −1) ∪ [1/2, 1)'","(−∞, −1) ∪ [1/2, 1)",🔴 ไม่เจอเลย,21,ิดตัวส่วนของgเป็นศูนย์ชนะเงื่อนไข\geของfแต่\frac12ปิดรากศูนย์ได้และgนิยาม—วิเคราะห์ขอบทีละจุดเสมอ⚠️จุดที่เด็กมักผิดเครื่องหมายของ\fracx1-x^2ฝั่งx<-1:เศษลบส่วนลบ→บวก✓หลายคนทิ้งช่วงนี้จุดx=-1อยู่ในD_fแต่ไม่อยู่ในD_g→ตัดออก
chap-08-explog-q24,chap-08-explog,mc,3,"$(-\infty, 2)$",🔴 ไม่เจอเลย,22,"วหารของพจน์คงตัว\pm1\pm2กำลังสองที่discriminantติดลบตัดทิ้งจากอสมการได้เลยเป็นบวกตลอด⚠️จุดที่เด็กมักผิดกระจาย8^\frac23-xเป็น2^\frac23-xลืมคูณ3โจทย์ถาม""เป็นสับเซตของ""ไม่ใช่""เท่ากับ""—ต้องเลือกช่วงที่ครอบคลุมเซตคำตอบทั้งหมด"
chap-08-explog-q65,chap-08-explog,mc,4,$D_f = \{ x \mid -9 < x < 11 \}$ และ $R_f = \{ y \mid 0 < y \le 5 \}$,🔴 ไม่เจอเลย,23,่แตะศูนย์และค่าสูงสุด5ถึงจริงที่x=1—สามเช็คนี้ชี้ตัวเลือก5ทันที⚠️จุดที่เด็กมักผิดใช้เงื่อนไขรากที่สอง\ge0แทนเงื่อนไขlog>0ทำให้โดเมนปิดขอบเป็น[-911]ไปเลือกตัวเลือก1หรือคิดว่าyแตะ0ได้—จริงๆ5^\textอะไรก็ตามไม่มีวันเป็นศูนย์
chap-08-explog-q66,chap-08-explog,mc,0,"$(3, 4)$",🔴 ไม่เจอเลย,17,3ครอบx>-2ไปโดยอัตโนมัติเหลือแค่ประกบกับx⚠️จุดที่เด็กมักผิดเครื่องหมายลบหน้า\log4-xไม่มีผลต่อโดเมน—อาร์กิวเมนต์ยังต้อง>0เหมือนเดิมอย่าเผลอคิดว่าลบแล้วเงื่อนไขกลับทิศและอย่ารวมเงื่อนไขแบบยูเนียนตัวเลือก4เป็นกับดักรูปแบบนี้
chap-09-vector-q01,chap-09-vector,mc,4,ไม่มีคำตอบที่ถูกต้องในข้อ 1. ถึงข้อ 4.,🔴 ไม่เจอเลย,16,"บพิกัดต้น""เสมอได้คำตอบแล้วอย่ารีบเลือก—เช็คเครื่องหมายทุกส่วนประกอบกับตัวเลือกก่อน⚠️จุดที่เด็กมักผิดสลับเป็น""ต้นลบปลาย""จะได้3\overlinei-4\overlinejซึ่งตรงตัวเลือก2พอดี—ข้อนี้วางกับดักไว้ชัดเจนต้องท่องว่าปลายลบต้นเท่านั้น"
chap-09-vector-q106,chap-09-vector,fill,'47/√2938',47/√2938,🔴 ไม่เจอเลย,14,งได้เลขสวย—ทำตามนิยามให้ครบและคงรูปรากไว้\sqrt26\sqrt113=\sqrt2938อย่าฝืนปัดทศนิยม⚠️จุดที่เด็กมักผิดใช้\overrightarrowABแทน\overrightarrowOBในการdotโจทย์ถามมุมที่จุดกำเนิดไม่ใช่มุมที่A—แยกให้ออกว่าเวกเตอร์ไหนออกจากจุดไหน
chap-09-vector-q112,chap-09-vector,fill,'a = (−8 + 5√3)/11',a = (−8 + 5√3)/11,🔴 ไม่เจอเลย,21,+5\sqrt311💡เทคนิคที่ใช้ก่อนยกกำลังสองจดเงื่อนไขเครื่องหมายของฝั่งที่มี\cosไว้เสมอ\cos60°>0→dotต้องเป็นบวก—ใช้คัดรากเกินตอนจบ⚠️จุดที่เด็กมักผิดตอบทั้งสองราก—รากลบให้dotติดลบ\cosเป็นลบ=มุมป้านไม่สอดคล้องมุม60°ที่โจทย์กำหนด
chap-09-vector-q116,chap-09-vector,fill,"'(a,b) = (5, 0) หรือ (−5/2, 5√3/2)'","(a,b) = (5, 0) หรือ (−5/2, 5√3/2)",🔴 ไม่เจอเลย,22,"2\frac5\sqrt32💡เทคนิคที่ใช้dot+มุม→ขนาดก่อนเสมอจากนั้นเป็นระบบ""เส้นตรงตัดวงกลม""ซึ่งมีได้สองคำตอบ—ภาพคือหมุน\overlinevไป\pm60°สองทิศ⚠️จุดที่เด็กมักผิดหาร4b^2=10\sqrt3bด้วยbทิ้งคำตอบb=0—การหารด้วยตัวแปรต้องแยกกรณีศูนย์เสมอ"
chap-09-vector-q125,chap-09-vector,fill,'−2√6/9',−2√6/9,🔴 ไม่เจอเลย,20,ทุกตัวคำนวณจาก\cos\thetaตัวเดียว⚠️จุดที่เด็กมักผิด\tan2\pi-\thetaคือ\tan2\pi-2\thetaไม่ใช่\tan\pi-2\theta—วงเล็บคูณ2ครอบทั้งก้อนอ่านโจทย์ให้แม่นสองแบบให้ค่าเท่ากันพอดีในกรณีนี้เพราะ\tanมีคาบ\piแต่ควรเขียนให้ถูกตั้งแต่ต้น
chap-09-vector-q24,chap-09-vector,mc,3,เวกเตอร์หนึ่งหน่วยที่มีทิศทางเดียวกันกับ $\begin{bmatrix} 6 \\ 8 \end{,🔴 ไม่เจอเลย,19,"นให้เช็ค""ชนิดของผลลัพธ์""สเกลาร์หรือเวกเตอร์ก่อนเสมอ—ข้อความที่บวกลบข้ามชนิดผิดทันทีโดยไม่ต้องคำนวณ⚠️จุดที่เด็กมักผิดข้อความ5เห็นตัวเลขต่างกันนึกว่าตั้งฉาก—ต้องเช็คด้วยdot:26+39=39\ne0จริงๆคือขนานกัน\overlinev=3\overlineu"
chap-09-vector-q26,chap-09-vector,mc,1,"ให้ $\overline{u} = 2\overline{i} + a\overline{j} ,\ \overline{v} = \o",🔴 ไม่เจอเลย,28,"ุกครั้งที่ยกกำลังสองให้เช็ครากเกินด้วยเงื่อนไขเครื่องหมายของdotproductเสมอ⚠️จุดที่เด็กมักผิดได้รากa=1-4แล้วไม่เช็คอาจหลงคิดว่ามีรากใหญ่กว่า2หรือมองข้ามว่าคำถามถามข้อ""ผิด""—ข้อความ1ถูกจริงอย่าเผลอเลือกเพราะคำนวณพื้นที่พลาด"
chap-09-vector-q49,chap-09-vector,mc,0,$0° < \hat{A} \le 30°$,🔴 ไม่เจอเลย,23,เทคนิคที่ใช้ตรวจสอบไขว้ด้วยมุมเอียงของแต่ละเวกเตอร์กับแกนx45°กับ\arctan\frac12—ผลต่างมุมต้องตรงกับ\arccosที่คำนวณช่วยจับข้อผิดพลาดได้ดี⚠️จุดที่เด็กมักผิดเทียบช่วงมุมโดยลืมว่า\cosสลับทิศอสมการ—\cosมาก=มุมเล็กไม่ใช่มุมใหญ่
chap-09-vector-q86,chap-09-vector,fill,'ū = −3v̄ : ขนานกัน ทิศตรงกันข้าม และ |ū| = 3|v̄|',ū = −3v̄ : ขนานกัน ทิศตรงกันข้าม และ |ū| = 3|v̄|,🔴 ไม่เจอเลย,17,"ตามนิยาม:ความขนาน→ทิศ→ขนาดสามประเด็นจากสัมประสิทธิ์ตัวเดียวอย่าตอบแค่""ขนานกัน""เพราะจะได้คะแนนไม่เต็ม⚠️จุดที่เด็กมักผิดย้ายข้าง-2\overlinev-\overlinevเป็น-\overlinevลืมรวมพจน์ได้\overlineu=-\overlinev—สรุปทิศถูกแต่ขนาดผิด"
chap-09-vector-q91,chap-09-vector,fill,'(4/5)ī − (3/5)j̄',(4/5)ī − (3/5)j̄,🔴 ไม่เจอเลย,14,"ามจังหวะตามนิยามเสมอ:คำนวณเวกเตอร์→หาขนาด→หารและกลับเครื่องหมายถ้าโจทย์ขอทิศตรงข้ามเวกเตอร์-43คือสามเหลี่ยม3-4-5ขนาดออกทันที⚠️จุดที่เด็กมักผิดลืมกลับทิศตอบ-\frac45\overlinei+\frac35\overlinej—อ่านโจทย์ให้จบว่าขอ""ตรงข้าม"""
chap-09-vector-q92,chap-09-vector,fill,'±((4/5)ī + (3/5)j̄)',±((4/5)ī + (3/5)j̄),🔴 ไม่เจอเลย,15,"-กลับเครื่องหมายให้แนวตั้งฉากทันทีโดยไม่ต้องตั้งระบบสมการ3a-4b=0a^2+b^2=1ซึ่งได้คำตอบเดียวกันแต่ช้ากว่า⚠️จุดที่เด็กมักผิดตอบทิศเดียว—โจทย์แสดงวิธีทำต้องระบุทั้ง\pmเพราะเงื่อนไข""ตั้งฉาก+หนึ่งหน่วย""มีคำตอบสองตัวเสมอในระนาบ"
chap-09-vector-q94,chap-09-vector,fill,'(3/√2)ī + (3/√2)j̄',(3/√2)ī + (3/√2)j̄,🔴 ไม่เจอเลย,17,์จุดตัดเส้นตรงเข้ากับเวกเตอร์—แยกทำทีละท่อน:หาจุดก่อนแล้วค่อยเข้าโหมดเวกเตอร์อย่าพยายามทำพร้อมกัน⚠️จุดที่เด็กมักผิดเขียนสมการเส้นความชัน\frac23ผ่าน60พลาดเป็นผ่าน06หรือแก้ระบบสมการเครื่องหมายหลุด—จุดAผิดแล้วทุกอย่างผิดตาม
chap-09-vector-q95,chap-09-vector,fill,'±((8√10/5)ī − (6√10/5)j̄)',±((8√10/5)ī − (6√10/5)j̄),🔴 ไม่เจอเลย,22,"ลลัพธ์ย่อยกำกับทุกขั้นและจำว่า""จุดยอดของวงรี""หมายถึงปลายแกนเอกเท่านั้นไม่รวมปลายแกนโท⚠️จุดที่เด็กมักผิดนับปลายแกนโท303-4เป็นจุดยอดด้วย—จะได้ระยะสั้นสุด\sqrt17ผิดทันทีและอย่าลืม\pmเพราะโจทย์ไม่กำหนดทิศของ\overrightarrowPQ"
chap-10-complex-q100,chap-10-complex,fill,"'3sqrt2 ± 3sqrt2 i , -3sqrt2 ± 3sqrt2 i'","3sqrt2 ± 3sqrt2 i , -3sqrt2 ± 3sqrt2 i",🔴 ไม่เจอเลย,17,2i-3\sqrt2-3\sqrt2i3\sqrt2-3\sqrt2i✅คำตอบ:3\sqrt2\pm3\sqrt2i-3\sqrt2\pm3\sqrt2i💡เทคนิคที่ใช้1296=6^4→ขนาดราก=6ทันทีรากสี่ตัววางห่าง90^\circเริ่มที่45^\circ⚠️จุดที่เด็กมักผิดหาขนาดราก6ไม่ออกต้องรู้6^4=1296หรือได้แค่บางราก
chap-10-complex-q102,chap-10-complex,fill,"'±i, ±sqrt3/2 ± (1/2)i'","±i, ±sqrt3/2 ± (1/2)i",🔴 ไม่เจอเลย,13,อบ:\pmi\frac\sqrt32\pm\frac12i-\frac\sqrt32\pm\frac12i💡เทคนิคที่ใช้รากที่หกของ-1วางห่างกัน60^\circเริ่มที่30^\circบนวงกลมหนึ่งหน่วย⚠️จุดที่เด็กมักผิดเริ่มมุมที่0^\circของรากที่หกของ+1แทนที่จะเป็น30^\circหรือได้ไม่ครบ6ราก
chap-10-complex-q105,chap-10-complex,fill,'e = 1/2 - i ; inverse v = 1/(4a) + (1/b) i เมื่อ u=a+bi ; u=2sqrt3+2i -> 1/(8sqrt3)+i/2 ; u=-2sqrt3+2i -> -1/(8sqrt3)+i/2 ; u=-4i ไม่มีอินเวอร์ส (a=0)',e = 1/2 - i ; inverse v = 1/(4a) + (1/b) i เมื่อ u=a+bi ; u=2sqrt3+2i ,🔴 ไม่เจอเลย,27,ไม่มีอินเวอร์ส💡เทคนิคที่ใช้การดำเนินการนิยามใหม่ต้องหาเอกลักษณ์ก่อน\frac12-iไม่ใช่1รากที่สามของ64iมี3ตัว—ตรวจว่าตัวใดมีอินเวอร์สต้องa\ne0⚠️จุดที่เด็กมักผิดใช้1เป็นเอกลักษณ์หรือลืมว่าu=-4iส่วนจริง0ไม่มีอินเวอร์สภายใต้*นี้
chap-10-complex-q108,chap-10-complex,fill,"'(sqrt2 + sqrt6 i)/2 , -(sqrt2 + sqrt6 i)/2'","(sqrt2 + sqrt6 i)/2 , -(sqrt2 + sqrt6 i)/2",🔴 ไม่เจอเลย,17,\sqrt22-\frac\sqrt62i💡เทคนิคที่ใช้รากที่สองของจำนวนเชิงซ้อนเป็นจำนวนตรงข้ามกัน\pmใช้\sqrt2\textcis60^\circแล้วกระจาย⚠️จุดที่เด็กมักผิดลืมว่า\sqrt2\cos60^\circ=\frac\sqrt22และ\sqrt2\sin60^\circ=\frac\sqrt62หรือได้รากเดียว
chap-10-complex-q112,chap-10-complex,fill,"'-5, -2, 1/2 + (sqrt3/2)i, 1/2 - (sqrt3/2)i'","-5, -2, 1/2 + (sqrt3/2)i, 1/2 - (sqrt3/2)i",🔴 ไม่เจอเลย,15,✅คำตอบ:-5-2\frac12+\frac\sqrt32i\frac12-\frac\sqrt32i💡เทคนิคที่ใช้รากจำนวนเต็มต้องหาร10ลงตัว\pm1\pm2\pm5\pm10→ลองได้-5-2เหลือx^2-x+1⚠️จุดที่เด็กมักผิดหารสังเคราะห์ผิดหรือลืมว่าx^2-x+1ให้รากเชิงซ้อน\frac12\pm\frac\sqrt32i
chap-10-complex-q113,chap-10-complex,fill,"'-1, 2, 2 + sqrt3 i, 2 - sqrt3 i'","-1, 2, 2 + sqrt3 i, 2 - sqrt3 i",🔴 ไม่เจอเลย,14,✔ตรวจคำตอบsympy:ราก=-122\pm\sqrt3i✅คำตอบ:-122+\sqrt3i2-\sqrt3i💡เทคนิคที่ใช้รากจำนวนเต็มหาร14ลงตัวx^2-4x+7มีดิสคริมิแนนต์-12→รากเชิงซ้อน2\pm\sqrt3i⚠️จุดที่เด็กมักผิดทดสอบรากผิดเครื่องหมายหรือหารสังเคราะห์พลาด
chap-10-complex-q121,chap-10-complex,fill,'a+b = -1/2 ± sqrt3/2 ; p = จำนวนเฉพาะใด ๆ (ทุกค่าผ่านเงื่อนไขรากจริง)',a+b = -1/2 ± sqrt3/2 ; p = จำนวนเฉพาะใด ๆ (ทุกค่าผ่านเงื่อนไขรากจริง),🔴 ไม่เจอเลย,22,ากของz^2+z+1→ตัวประกอบนี้หารfลงตัวf1=48คุม\betaเงื่อนไขรากจริงคือดิสคริมิแนนต์ของตัวประกอบกำลังสองอีกตัว⚠️จุดที่เด็กมักผิดลืมว่าพจน์คงที่ของตัวประกอบที่สองคือp^2ไม่ใช่pหรือคิดว่ามีเพียงบางจำนวนเฉพาะที่ผ่านจริงๆผ่านทุกค่า
chap-10-complex-q23,chap-10-complex,mc,0,"$(-1, 0),\ \left(\dfrac12, \dfrac{\sqrt3}{2}\right),\ \left(\dfrac12, ",🔴 ไม่เจอเลย,22,12+\frac\sqrt32i\✅คำตอบ→ตัวเลือก1💡เทคนิคที่ใช้รากที่เป็นจำนวนจริง-1หาได้ทันทีจากการแทนค่าที่เหลือมาจากz^2-z+1=0⚠️จุดที่เด็กมักผิดสับสนเครื่องหมายส่วนจริง:รากของ-1มีส่วนจริง+\frac12ไม่ใช่-\frac12ส่วน-\frac12คือรากของz^3=1
chap-10-complex-q24,chap-10-complex,mc,0,"$\dfrac{1+i}{\sqrt2},\ -\dfrac{1+i}{\sqrt2}$",🔴 ไม่เจอเลย,25,i&=\pm\frac\sqrt21+i2\&=\pm\frac1+i\sqrt2\endaligned✅คำตอบ→ตัวเลือก1💡เทคนิคที่ใช้เพราะ2ab=1>0ทั้งabต้องเครื่องหมายเดียวกันตัดกรณีa=-bทิ้งได้ทันที⚠️จุดที่เด็กมักผิดลืมรากที่เป็นลบ-\frac1+i\sqrt2หรือเลือกa=-bจนได้1-iที่ผิด
chap-10-complex-q77,chap-10-complex,fill,"'{ pi/2 , 3pi/2 }'","{ pi/2 , 3pi/2 }",🔴 ไม่เจอเลย,16,i2\💡เทคนิคที่ใช้สมการเชิงซ้อน=0ที่ตัวแปรจริง→แยกส่วนจริง/จินตภาพส่วนจริง-\cot\theta=0คุมคำตอบทั้งหมด⚠️จุดที่เด็กมักผิดพยายามแก้i\sin^2\frac\theta4=1เป็นไปไม่ได้สำหรับ\thetaจริงหรือลืมว่า\cot\theta=0ที่\frac\pi2\frac3\pi2
chap-10-complex-q79,chap-10-complex,fill,'sqrt(2 sqrt2)',sqrt(2 sqrt2),🔴 ไม่เจอเลย,17,รวจคำตอบsympy:|x|^2=2\sqrt2→|x|=\sqrt2\sqrt2=2^3/4✅คำตอบ:\sqrt2\sqrt2เท่ากับ2^3/4💡เทคนิคที่ใช้ใช้|x|=\sqrt|x^2|ลัด—ไม่ต้องถอดรากxจริงบวกจำนวนเชิงซ้อนก่อนหาขนาด⚠️จุดที่เด็กมักผิดหาขนาดของแต่ละเศษส่วนแล้วบวก|A+B|\ne|A|+|B|
chap-10-complex-q88,chap-10-complex,fill,"'0, 1, -1/2 + (sqrt3/2)i, -1/2 - (sqrt3/2)i'","0, 1, -1/2 + (sqrt3/2)i, -1/2 - (sqrt3/2)i",🔴 ไม่เจอเลย,23,้ว✔ตรวจคำตอบรากที่สามของ1บวกกับz=0รวม4คำตอบ✅คำตอบ:01-\frac12+\frac\sqrt32i-\frac12-\frac\sqrt32i💡เทคนิคที่ใช้เมื่อ|z|=1ใช้\barz=\frac1zเปลี่ยน\barz=z^2เป็นz^3=1⚠️จุดที่เด็กมักผิดลืมคำตอบz=0หรือคิดว่าz^3=1มีรากเดียวมี3ราก
chap-10-complex-q90,chap-10-complex,fill,"'(1+i)/sqrt2 , -(1+i)/sqrt2'","(1+i)/sqrt2 , -(1+i)/sqrt2",🔴 ไม่เจอเลย,14,ตรวจคำตอบsympy:z^2=i→z=\pm\frac1+i\sqrt2✅คำตอบ:\frac1+i\sqrt2-\frac1+i\sqrt2💡เทคนิคที่ใช้จัดให้เหลือz^2=\fraci-11+iแล้วลดรูป=iก่อนจึงถอดรากที่สองของi⚠️จุดที่เด็กมักผิดลืมรากที่เป็นลบ-\frac1+i\sqrt2หรือลดรูป\fraci-11+iผิด
chap-10-complex-q91,chap-10-complex,fill,'1/2^1000',1/2^1000,🔴 ไม่เจอเลย,22,0✅คำตอบ:\frac12^1000💡เทคนิคที่ใช้เงื่อนไขขนาดสองอันคือวงกลมสองวง—ลบสมการได้เส้นตรงv=-uหาจุดตัดตัดw=0ทิ้งทำให้\frac1z-iไม่นิยาม⚠️จุดที่เด็กมักผิดลืมตัดw=0ออกหรือลดมุม90000^\circผิดต้องเป็นพหุคูณของ360^\circพอดี→มุม0^\circ
chap-10-complex-q93,chap-10-complex,fill,'1/2 + (sqrt3/2) i',1/2 + (sqrt3/2) i,🔴 ไม่เจอเลย,14,frac\sqrt32i✅คำตอบ:\frac12+\frac\sqrt32i💡เทคนิคที่ใช้ฐานขนาด1→สนใจแค่มุมลดมุมใหญ่-2100^\circด้วยการบวก360^\circจนอยู่ใน[0360^\circ⚠️จุดที่เด็กมักผิดลดมุม-2100^\circผิดได้-60^\circแทน60^\circทำให้ส่วนจินตภาพผิดเครื่องหมาย
chap-10-complex-q97,chap-10-complex,fill,'sqrt2/64 - (sqrt2/64) i',sqrt2/64 - (sqrt2/64) i,🔴 ไม่เจอเลย,21,264-\frac\sqrt264i✅คำตอบ:\frac\sqrt264-\frac\sqrt264i💡เทคนิคที่ใช้\barxและx^3มีขนาดเท่ากัน2\sqrt2→ดึงตัวร่วมแล้วใช้ผลต่างcisเลขชี้กำลัง2^20/2^25=2^-5⚠️จุดที่เด็กมักผิดคำนวณขนาด/มุมของ2\barx-x^3ผิดหรือลดเลขชี้กำลัง2^25ผิด
chap-10-complex-q98,chap-10-complex,fill,"'1, -1/2 + (sqrt3/2)i, -1/2 - (sqrt3/2)i'","1, -1/2 + (sqrt3/2)i, -1/2 - (sqrt3/2)i",🔴 ไม่เจอเลย,21,irc\textcis240^\circ✅คำตอบ:1-\frac12+\frac\sqrt32i-\frac12-\frac\sqrt32i💡เทคนิคที่ใช้รากที่สามของ1เรียก1\omega\omega^2มีผลบวก0และวางตัวห่างกัน120^\circบนวงกลมหนึ่งหน่วย⚠️จุดที่เด็กมักผิดตอบเพียงz=1ลืมรากเชิงซ้อนอีกสองตัว
chap-10-complex-q99,chap-10-complex,fill,'sqrt3/2 - (1/2) i',sqrt3/2 - (1/2) i,🔴 ไม่เจอเลย,14,sympy:รากที่สามของ-iในควอดรันต์4คือ\frac\sqrt32-\frac12i✅คำตอบ:\frac\sqrt32-\frac12i💡เทคนิคที่ใช้หารากทั้งสามแล้วเลือกตัวที่มีส่วนจริง>0และส่วนจินตภาพ⚠️จุดที่เด็กมักผิดลดมุม-i=\textcis270^\circผิดหรือเลือกรากผิดควอดรันต์
chap-11-sequence-q18,chap-11-sequence,mc,2,$0 < x < 3\sqrt{3}$,🔴 ไม่เจอเลย,17,ตรวจคำตอบ:ที่x=3:\frac23\log_33=\frac23✅คำตอบ:0💡เทคนิคที่ใช้:เปลี่ยนฐานทุกพจน์ให้เป็น\log_3xแล้วยุบสัมประสิทธิ์เป็นอนุกรมเรขาคณิตสลับเครื่องหมาย⚠️จุดที่เด็กมักผิด:ลืมเงื่อนไขโดเมนx>0หรือคิด3^3/2=\sqrt3ผิดที่ถูกคือ3\sqrt3
chap-11-sequence-q55,chap-11-sequence,fill,'2n - 2 + (1/2)^(n-1)',2n - 2 + (1/2)^(n-1),🔴 ไม่เจอเลย,16,5+1.75=4.25;สูตรให้6-2+1/2^2=4.25✓✅คำตอบ:2n-2+\frac12^n-1💡เทคนิคที่ใช้:แปลงแต่ละวงเล็บเป็นผลบวกเรขาคณิตก่อนแล้วจึงรวมเป็นอนุกรมซ้อนอีกชั้น⚠️จุดที่เด็กมักผิด:ลืมว่าพจน์ที่kเองก็เป็นผลบวกเรขาคณิตแล้วนับจำนวนพจน์ในวงเล็บผิด
chap-11-sequence-q63,chap-11-sequence,mc,3,$\displaystyle\sum_{i=1}^{20} (2i - 1)^2 = 1066$,🔴 ไม่เจอเลย,23,ดเหลือตัวเลือก4ที่ค่าผิด10660\ne1066✓✅คำตอบ:ตัวเลือก4💡เทคนิคที่ใช้:ผลบวกเลขคี่กำลังสองใช้สูตร\fracn2n-12n+13คำนวณเร็วกว่าบวกทีละพจน์⚠️จุดที่เด็กมักผิด:คำนวณ\sum2i-1^2ผิดหรือไม่ตรวจค่าตัวเลือก4ให้ครบทำให้พลาดข้อที่ผิดจริง
chap-11-sequence-q71,chap-11-sequence,fill,'a^2/(a-b)',a^2/(a-b),🔴 ไม่เจอเลย,16,✅คำตอบ:\fraca^2a-b💡เทคนิคที่ใช้:เปลี่ยนโจทย์เรขาคณิตเป็นอนุกรมเรขาคณิตด้วยอัตราส่วน\cos\theta=\fracbaแล้วใช้สูตรผลบวกอนันต์⚠️จุดที่เด็กมักผิด:ลืมรวมเส้นแรกP_1P_2=aเข้าไปด้วยหรือคิดอัตราส่วนผิดเป็น\fracabทำให้อนุกรมลู่ออก
chap-12-probability-q144,chap-12-probability,mc,3,ความน่าจะเป็นที่จะโยนเหรียญ $1$ อัน $3$ ครั้ง ให้ได้หัว $1$ ครั้ง มีค่,🔴 ไม่เจอเลย,16,"ตัวเลือก4ที่ผิด\frac38ไม่ใช่\frac13✅คำตอบ:ตัวเลือก4ข้อที่ผิด💡เทคนิคที่ใช้:โยนเหรียญnครั้งได้หัวkครั้งใช้ทวินาม\frac\binomnk2^n⚠️จุดที่เด็กมักผิด:คิดว่า""ได้หัว1ใน3ครั้ง""=\frac13ทันทีโดยลืมนับตำแหน่งที่หัวเกิด\binom31=3แบบ"
chap-12-probability-q146,chap-12-probability,mc,2,"ต้องการสร้างจำนวนที่มี $3$ หลัก โดยใช้ตัวเลข $1,2,3,4,5,6$ (ไม่ใช้ตัวเ",🔴 ไม่เจอเลย,19,กต้อง80จำนวน✅คำตอบ:ตัวเลือก3💡เทคนิคที่ใช้:จำนวน3หลักมากกว่า300ดูที่หลักร้อยก่อนว่าเลือกได้กี่ตัว\ge3แล้วค่อยเรียงหลักที่เหลือ⚠️จุดที่เด็กมักผิด:เผลอลดทอนC_2nn=C_2n-1n-1ว่าเท่ากันและแก้สมการP_n3=3P_n2ได้n=3แทนที่จะเป็นn=5
chap-12-probability-q155,chap-12-probability,mc,0,"$P(A)=\dfrac{1}{3}$, $P(B)=\dfrac{5}{6}$, $P(A\cap B)=\dfrac{1}{6}$",🔴 ไม่เจอเลย,24,นไม่ติดลบ✅คำตอบ:ตัวเลือก1💡เทคนิคที่ใช้:เพราะA\cupB=Sจึงตรวจง่ายๆด้วยเงื่อนไขPA+PB-PA\capB=1ก่อนแล้วเช็คว่าค่าของแต่ละสมาชิกไม่ติดลบ⚠️จุดที่เด็กมักผิด:ลืมว่าA\cupB=Sทำให้ผลรวมต้องเป็น1และลืมตรวจว่าPของแต่ละจุดต้องไม่ติดลบ
chap-12-probability-q57,chap-12-probability,mc,1,"ถ้า $P_{n,5} = 20\,P_{n,3}$ แล้ว $n$ มีค่าเท่ากับ $12$",🔴 ไม่เจอเลย,16,"ก2ผิด→ตัวเลือก2💡เทคนิคที่ใช้:โจทย์""ข้อใดผิด""ให้ตรวจทีละข้อด้วยสูตรมาตรฐานอัตราส่วนP_nrช่วยตัดแฟกทอเรียลก้อนใหญ่ออกได้เร็ว⚠️จุดที่เด็กมักผิด:แก้สมการn-3n-4=20แล้วเลือกรากn=-1หรือเข้าใจผิดว่าn=12เพราะไม่ได้แทนค่ากลับไปตรวจ"
chap-12-probability-q58,chap-12-probability,mc,2,สัมประสิทธิ์ของเทอม $x^5$ ในการกระจาย $\left(x + \dfrac{1}{2x}\right)^,🔴 ไม่เจอเลย,14,กต้อง→ตัวเลือก3💡เทคนิคที่ใช้:หาสัมประสิทธิ์พจน์เจาะจงด้วยพจน์ทั่วไปแล้วแก้สมการเลขชี้กำลังเพื่อหาkก่อนแทนค่า⚠️จุดที่เด็กมักผิด:ใช้พาสคาลผิดดัชนี\binom175แทน\binom176หรือลืมยกกำลัง\frac12ในพจน์\frac12xทำให้สัมประสิทธิ์ผิด
chap-12-probability-q59,chap-12-probability,mc,2,พจน์ที่ $10$ พจน์นั้นคือ $\binom{15}{9}$,🔴 ไม่เจอเลย,12,่10✅คำตอบ:พจน์ที่10มีค่า\binom159→ตัวเลือก3💡เทคนิคที่ใช้:ลำดับพจน์=k+1เสมอเมื่อใช้T_k+1จึงต้องบวก1หลังหาk⚠️จุดที่เด็กมักผิด:ลืมบวก1แล้วตอบพจน์ที่9หรือคิดเลขชี้กำลังผิดเป็น45-k\cdot?เพราะไม่ได้รวมเลขชี้กำลังของทั้งสองส่วน
chap-12-probability-q66,chap-12-probability,mc,3,จากการกระจาย $(x+y)^n-(x-y)^n$ จนเป็นผลสำเร็จแล้ว จะเหลือพจน์อยู่ $\df,🔴 ไม่เจอเลย,12,^nพจน์กำลังyคู่หักล้างพจน์กำลังyคี่คูณสองจำพฤติกรรมนี้ไว้จะตรวจตัวเลือกได้เร็ว⚠️จุดที่เด็กมักผิด:เผลอคิดว่าสัมประสิทธิ์x^2y^n-2เป็นสองเท่าทั้งที่กำลังyคู่จึงหักล้างเป็นศูนย์หรือลืมเช็คว่ากำลังต้องเป็นจำนวนเต็มในตัวเลือก1
chap-12-probability-q75,chap-12-probability,mc,2,เลือกจุดแบบสุ่มภายในวงกลมรัศมี $1$ นิ้ว ความน่าจะเป็นที่จุดนี้อยู่ภายใ,🔴 ไม่เจอเลย,12,ตุรัสที่เส้นทแยงมุม=เส้นผ่านศูนย์กลางวงกลมคือรูปแนบในวงกลมพื้นที่=\fracd^22ใช้คำนวณความน่าจะเป็นเชิงพื้นที่ได้เร็ว⚠️จุดที่เด็กมักผิด:ลืมหารด้วยจำนวนตัวอักษรซ้ำในตัวเลือก1หรือสลับกำลังxyในพจน์ทวินามของตัวเลือก2จนคิดว่าถูก
chap-13-calculus-q04,chap-13-calculus,mc,0,$\displaystyle\lim_{x\to-3}f(x)=0$ และ $\displaystyle\lim_{x\to 3}f(x),🔴 ไม่เจอเลย,16,1💡เทคนิคที่ใช้:แยก|x^2-9|=|x-3||x+3|แล้วดูว่าตัวที่ทำให้ตัวส่วนเป็นศูนย์คือx-3จุดนั้นจึงเป็นจุดที่ลิมิตอาจหาค่าไม่ได้⚠️จุดที่เด็กมักผิด:ที่x=3เผลอตัด|x^2-9|/x-3ได้x+3\to6โดยลืมว่าค่าสัมบูรณ์ทำให้สองข้างเครื่องหมายต่างกัน
chap-13-calculus-q05,chap-13-calculus,mc,3,$\displaystyle\lim_{x\to1^{-}}f(x)+\lim_{x\to1^{+}}f(x)=-2$,🔴 ไม่เจอเลย,17,้าย=0ไม่ใช่>0จึงตัดตัวเลือก2ออก✅คำตอบ:ตัวเลือก4💡เทคนิคที่ใช้:แต่ละข้างใช้สูตรคนละก้อนฝั่งซ้ายดึง\sqrt1-xออกฝั่งขวาแยกx-1เป็นผลคูณของ\sqrtx\pm1⚠️จุดที่เด็กมักผิด:ใช้สูตรผิดข้างหรือฝั่งซ้ายลืมว่าx-1=-1-xทำให้เครื่องหมายผิด
chap-13-calculus-q10,chap-13-calculus,mc,0,ก. ถูก และ ข. ถูก,🔴 ไม่เจอเลย,18,คำตอบ:ตัวเลือก1💡เทคนิคที่ใช้:ฟังก์ชันประกอบให้ทำจากในออกนอก:หาfxที่เป็นค่าคงตัวในแต่ละข้างก่อนแล้วเช็คเงื่อนไขชั้นนอกด้วยค่าที่ได้1หรือ0⚠️จุดที่เด็กมักผิด:ลืมตรวจชั้นนอกว่าf1=0และf0=1เพราะ0เข้าเงื่อนไขx\le0ทำให้สลับคำตอบ
chap-13-calculus-q105,chap-13-calculus,mc,1,เพิ่มขึ้นใน $2$ ชั่วโมงแรก และลดลงใน $2$ ชั่วโมงถัดมา แล้วเพิ่มขึ้นใน ,🔴 ไม่เจอเลย,16,f'=x-2x-4เปลี่ยนเครื่องหมาย+-+ตรงกับตัวเลือก2sympyยืนยัน✅คำตอบ:ตัวเลือก2💡เทคนิคที่ใช้:แยกตัวประกอบf'แล้วทำตารางเครื่องหมายในแต่ละช่วงย่อย⚠️จุดที่เด็กมักผิด:สลับช่วงเพิ่ม-ลดเริ่มด้วยลดลงหรือลืมว่าหลังx=4กลับมาเพิ่มขึ้นอีก
chap-13-calculus-q108,chap-13-calculus,mc,2,"$t=1$: $\omega=-2$, $\alpha=-2$; $\quad t=3$: $\omega=6$, $\alpha=2$",🔴 ไม่เจอเลย,16,=6\alpha=2✅คำตอบ:ตัวเลือก3💡เทคนิคที่ใช้:สำหรับ|gt|ต้องแยกช่วงตามเครื่องหมายgtt=2เป็นรอยต่อแล้วหาอนุพันธ์แต่ละช่วง⚠️จุดที่เด็กมักผิด:ใช้สูตรเดียว\theta=t^2-4ทั้งสองเวลาทำให้\omega1=2ผิดเครื่องหมายต้องใช้\theta=4-t^2ที่t<2
chap-13-calculus-q111,chap-13-calculus,mc,0,ถ้า $f'(x)=3\sqrt{x}+1$ และ $f(1)=0$ แล้ว $f(0)=-3$,🔴 ไม่เจอเลย,17,✔ตรวจคำตอบ:sympyยืนยันตัวเลือก1ให้f0=-3✅คำตอบ:ตัวเลือก1💡เทคนิคที่ใช้:หาอัตราเฉลี่ยของ\sqrtxด้วยการคูณคอนจูเกตเพื่อจัดรูป⚠️จุดที่เด็กมักผิด:ตัวเลือก3เผลอจำเครื่องหมายเป็นลบและตัวเลือก4สลับช่วงเครื่องหมายของ-2x
chap-13-calculus-q112,chap-13-calculus,mc,0,$f'(x)=(4x^{2}+1)(x-1)$,🔴 ไม่เจอเลย,14,รวจคำตอบ:sympyให้f1=-\frac56333→ตัวเลือก1ต่างจากข้ออื่น✅คำตอบ:ตัวเลือก1💡เทคนิคที่ใช้:เมื่อf0=0ค่าคงตัวC=0ทุกข้อจึงเทียบf1ได้ตรงๆ⚠️จุดที่เด็กมักผิด:กระจาย4x^2+1x-1ผิดหรืออินทิเกรต4/\sqrtxได้สัมประสิทธิ์ผิดที่ถูกคือ8\sqrtx
chap-13-calculus-q116,chap-13-calculus,mc,2,ค่าต่ำสุดสัมพัทธ์ของ $f(x)$ น้อยกว่า $0$,🔴 ไม่เจอเลย,17,"0""ผิดsympyยืนยัน;ตัวเลือก4\frac5027✅คำตอบ:ข้อที่ผิดคือตัวเลือก3💡เทคนิคที่ใช้:ใช้f''จำแนกจุดสูงสุด/ต่ำสุดสัมพัทธ์แล้วคำนวณค่าจริงเทียบกับ0⚠️จุดที่เด็กมักผิด:เผลอคิดf\frac23ติดลบทั้งที่\frac5027>0หรือสลับจุดสูงสุดกับต่ำสุด"
chap-13-calculus-q13,chap-13-calculus,mc,0,$h$ ไม่ต่อเนื่องที่ $x=1$ แต่ต่อเนื่องที่ $x=2$,🔴 ไม่เจอเลย,15,"วจความต่อเนื่องของฟังก์ชันแบ่งช่วงเฉพาะที่""รอยต่อ""ของช่วงโดยเทียบลิมิตซ้ายลิมิตขวาและค่าฟังก์ชัน⚠️จุดที่เด็กมักผิด:ลืมว่า\frac1x-1\to+\inftyเมื่อx\to1^+จึงไม่ต่อเนื่องและเข้าใจผิดว่าที่x=2ต้องไม่ต่อเนื่องเพราะเปลี่ยนสูตร"
chap-13-calculus-q14,chap-13-calculus,mc,1,$f$ เป็นฟังก์ชันต่อเนื่องที่ทุกจุดใน $\mathbb{R}$ ยกเว้นที่จุด $x=3$,🔴 ไม่เจอเลย,15,กับตัวเลือก2✅คำตอบ:ต่อเนื่องทุกจุดยกเว้นx=3→ตัวเลือก2💡เทคนิคที่ใช้:แม้สูตร\frac1x-1จะมีปัญหาที่x=1แต่x=1ไม่อยู่ในช่วงx⚠️จุดที่เด็กมักผิด:ตกใจกับ\frac1x-1แล้วคิดว่าไม่ต่อเนื่องที่x=1ทั้งที่จุดนั้นไม่อยู่ในโดเมนของสูตรนั้น
chap-13-calculus-q15,chap-13-calculus,mc,1,ก. ถูก และ ข. ผิด,🔴 ไม่เจอเลย,15,:ก.ถูกข.ผิดตรงกับตัวเลือก2✅คำตอบ:ก.ถูกข.ผิด→ตัวเลือก2💡เทคนิคที่ใช้:รูป\frac00ที่มีรากให้คูณคอนจูเกตเพื่อกำจัดรากแล้วตัดx-1⚠️จุดที่เด็กมักผิด:เห็นลิมิตสองข้างเท่ากันแล้วรีบสรุปว่าต่อเนื่องทั้งที่f1=1ไม่เท่ากับลิมิต\frac14
chap-13-calculus-q153,chap-13-calculus,mc,2,ก. ผิด และ ข. ถูก,🔴 ไม่เจอเลย,17,นธ์=-\frac43พื้นที่=\frac43✅คำตอบ:กผิดและขถูก→ตัวเลือก3💡เทคนิคที่ใช้:เมื่อกราฟอยู่ใต้แกนปริพันธ์เป็นลบแต่พื้นที่เป็นบวกใส่ค่าสัมบูรณ์/กลับเครื่องหมาย⚠️จุดที่เด็กมักผิด:เหมารวมว่าปริพันธ์=พื้นที่เสมอทั้งที่กราฟอยู่ใต้แกนx
chap-13-calculus-q17,chap-13-calculus,mc,3,$h$ ไม่ต่อเนื่องที่จุด $x=1$ และ $\displaystyle\lim_{x\to1}h(x)=4$,🔴 ไม่เจอเลย,14,บตัวเลือก4✅คำตอบ:ไม่ต่อเนื่องที่x=1และลิมิต=4→ตัวเลือก4💡เทคนิคที่ใช้:ตอนหาลิมิตใช้สูตรx\ne1ของfเสมอแต่ตอนหาค่าฟังก์ชันที่จุดต้องใช้นิยามf1=2⚠️จุดที่เด็กมักผิด:เผลอแทนf1=2ลงในลิมิตหรือคิดว่าลิมิตต้องเท่ากับค่าฟังก์ชันเสมอ
chap-13-calculus-q176,chap-13-calculus,mc,1,$\displaystyle\lim_{x\to 2^{-}}f(x)=\lim_{x\to 2^{+}}f(x)=4$,🔴 ไม่เจอเลย,13,จคำตอบ:sympy:\lim_x\to2\fracx^2-4x-2=4✅คำตอบ:ลิมิตสองข้าง=4→ตัวเลือก2💡เทคนิคที่ใช้:รูป\frac00ให้แยกตัวประกอบตัดx-2ออกก่อน⚠️จุดที่เด็กมักผิด:นำค่าf2=4มาสับสนกับลิมิตบังเอิญเท่ากันที่นี่หรือคิดว่าหารด้วยศูนย์แล้วเป็น\infty
chap-13-calculus-q18,chap-13-calculus,mc,0,ก. ถูก และ ข. ถูก,🔴 ไม่เจอเลย,15,ตอบ:ทั้งก.และข.ถูก→ตัวเลือก1💡เทคนิคที่ใช้:เมื่อหาความต่อเนื่องของฟังก์ชันประกอบที่จุดหนึ่งให้ดูค่าgณจุดนั้นก่อนว่าตกในสูตรใดของf⚠️จุดที่เด็กมักผิด:กังวลกับนิยามพิเศษf0=1ทั้งที่g0=-1\ne0จึงไม่เกี่ยวและเซ็นลบของอนุพันธ์1/x
chap-13-calculus-q182,chap-13-calculus,fill,"'0.5, -1'","0.5, -1",🔴 ไม่เจอเลย,17,✔ตรวจคำตอบ:sympy:\textsolve4A^2=2-2A=\-1\frac12\✅คำตอบ:A=\frac12หรือA=-1💡เทคนิคที่ใช้:จับค่าซ้าย=ลิมิตขวาได้สมการกำลังสองในAแล้วแยกตัวประกอบ⚠️จุดที่เด็กมักผิด:ตอบเพียงค่าเดียวทั้งที่สมการกำลังสองให้Aได้สองค่า
chap-13-calculus-q183,chap-13-calculus,mc,3,ข้อ ก. และ ข. เป็นเท็จ,🔴 ไม่เจอเลย,19,ซ้าย=-2ก.อ้าง-2จึงผิดสองข้างไม่เท่ากันข.จึงผิด✅คำตอบ:ก.และข.เป็นเท็จ→ตัวเลือก4💡เทคนิคที่ใช้:อ่านทิศของลิมิตให้ชัด-1^+ใช้สูตรขวาแล้วรวมเศษส่วนก่อนแทนค่า⚠️จุดที่เด็กมักผิด:เผลออ่านx\to-1^+เป็น-1^-แล้วได้-2ทำให้ตอบก.ว่าจริง
chap-13-calculus-q186,chap-13-calculus,fill,'K ต่อเนื่องทุกค่า t>0',K ต่อเนื่องทุกค่า t>0,🔴 ไม่เจอเลย,14,วามต่อเนื่อง✅คำตอบ:Kเป็นฟังก์ชันต่อเนื่องทุกค่าt>0💡เทคนิคที่ใช้:ยกกำลังvtให้เป็นฟังก์ชันตรรกยะตัวเดียวแล้วชี้ว่าตัวส่วนไม่เป็นศูนย์⚠️จุดที่เด็กมักผิด:ลืมยกกำลังสองค่าคงตัว50เป็น2500หรือไม่ระบุเหตุผลว่าตัวส่วนไม่เป็นศูนย์
chap-13-calculus-q192,chap-13-calculus,fill,'(2-3x^2)/sqrt(1-x^2)',(2-3x^2)/sqrt(1-x^2),🔴 ไม่เจอเลย,16,อบ:sympy:y''=\frac2-3x^2\sqrt1-x^2✅คำตอบ:\fracd^2ydx^2=\frac2-3x^2\sqrt1-x^2💡เทคนิคที่ใช้:รวมเศษส่วนให้เป็นตัวส่วนเดียว\sqrt1-x^2จะได้รูปกระชับ⚠️จุดที่เด็กมักผิด:ลืมพจน์f'xที่ปรากฏสองครั้งตอนหาy''หรือหาf''xผิดเครื่องหมาย
chap-13-calculus-q214,chap-13-calculus,fill,"'ค่าสูงสุด 3, ค่าต่ำสุด 1'","ค่าสูงสุด 3, ค่าต่ำสุด 1",🔴 ไม่เจอเลย,17,นค่าบน[14]:ค่าสูงสุด=3ค่าต่ำสุด=1✓✅คำตอบ:ค่าสูงสุด=3ค่าต่ำสุด=1💡เทคนิคที่ใช้:ฟังก์ชันค่าสัมบูรณ์รูปVคว่ำไม่ต้องใช้อนุพันธ์ดูระยะจากจุดยอดถึงปลายช่วง⚠️จุดที่เด็กมักผิด:เลือกปลายช่วงผิดข้างx=1ให้2ไม่ใช่ค่าต่ำสุดต้องเป็นx=4
chap-13-calculus-q216,chap-13-calculus,fill,"'ค่าสูงสุด 25, ค่าต่ำสุด 0'","ค่าสูงสุด 25, ค่าต่ำสุด 0",🔴 ไม่เจอเลย,18,้:เมื่อมีค่าสัมบูรณ์ให้หาค่าสุดขีดของฟังก์ชันข้างในก่อนแล้วค่อยพิจารณาค่าสัมบูรณ์จุดที่gติดลบมากสุดอาจกลายเป็นค่าสูงสุดของ|g|⚠️จุดที่เด็กมักผิด:ลืมว่าg2=-25เมื่อใส่ค่าสัมบูรณ์กลายเป็น25ซึ่งมากกว่า|g3|ทำให้ตอบค่าสูงสุดผิด
chap-13-calculus-q217,chap-13-calculus,mc,3,"$f$ เป็นฟังก์ชันลดลงบนช่วง $(2,4)$",🔴 ไม่เจอเลย,23,mpy:f'1=3max=14/3min=10/3f'✅คำตอบ:fลดลงบนช่วง24→ตัวเลือก4💡เทคนิคที่ใช้:แยกตัวประกอบf'ทำให้อ่านจุดสุดขีดและเครื่องหมายความชันได้รวดเร็ว⚠️จุดที่เด็กมักผิด:สลับค่าสูงสุดสัมพัทธ์กับต่ำสุดสัมพัทธ์ตัวเลือก23ตั้งใจสลับค่ามาหลอก
chap-13-calculus-q220,chap-13-calculus,fill,"'ต่ำสุดสัมพัทธ์/สัมบูรณ์ $=0$ ที่ $x=1,3$; สูงสุดสัมพัทธ์ $=1$ ที่ $x=2$ (ไม่มีค่าสูงสุดสัมบูรณ์)'","ต่ำสุดสัมพัทธ์/สัมบูรณ์ $=0$ ที่ $x=1,3$; สูงสุดสัมพัทธ์ $=1$ ที่ $x=2",🔴 ไม่เจอเลย,21,มบูรณ์=0ที่x=13;สูงสุดสัมพัทธ์=1ที่x=2;ไม่มีค่าสูงสุดสัมบูรณ์💡เทคนิคที่ใช้:ใช้ผลข้อก่อนหน้าต่อยอดไม่ต้องคำนวณf'ใหม่⚠️จุดที่เด็กมักผิด:ตอบว่ามีค่าสูงสุดสัมบูรณ์=1ทั้งที่ฟังก์ชันพุ่งขึ้นไม่มีขอบเขตจึงไม่มีค่าสูงสุดสัมบูรณ์
chap-13-calculus-q221,chap-13-calculus,fill,'เพิ่มขึ้นเมื่อ $0\\le x<\\dfrac{a}{2}$ และลดลงเมื่อ $\\dfrac{a}{2}<x\\le a$ (อัตราสูงสุดที่ $x=\\dfrac{a}{2}$)',เพิ่มขึ้นเมื่อ $0\le x<\dfrac{a}{2}$ และลดลงเมื่อ $\dfrac{a}{2}<x\le a,🔴 ไม่เจอเลย,24,และเปลี่ยนเครื่องหมาย+\to-ยืนยันเป็นจุดสูงสุด✓✅คำตอบ:เพิ่มขึ้นเมื่อ0\lex💡เทคนิคที่ใช้:ฟังก์ชันกำลังสองเปิดคว่ำจุดสูงสุดอยู่กึ่งกลางระหว่างรากทั้งสองx=\frac0+a2⚠️จุดที่เด็กมักผิด:ลืมใช้ข้อมูลk>0ในการตัดสินเครื่องหมายของv'
chap-13-calculus-q237,chap-13-calculus,fill,'r = L/(pi+4)',r = L/(pi+4),🔴 ไม่เจอเลย,22,้นที่สูงสุด✓✅คำตอบ:r=\fracL\pi+4💡เทคนิคที่ใช้:ส่วนบนของสี่เหลี่ยมที่ติดกับวงกลมไม่นับเป็นขอบรอบรูปจึงมีเฉพาะ2r+2y+\pir⚠️จุดที่เด็กมักผิด:นับด้านบนของสี่เหลี่ยม2rเป็นเส้นรอบรูปด้วยหรือใช้เส้นรอบวงเต็มวง2\pirแทนครึ่งวง\pir
chap-13-calculus-q243,chap-13-calculus,fill,'12 sqrt(3)',12 sqrt(3),🔴 ไม่เจอเลย,19,:พื้นที่มากที่สุด=12\sqrt3ตารางหน่วย💡เทคนิคที่ใช้:เลื่อนแกนด้วยu=x-2เพื่อใช้สมมาตรทำให้ฟังก์ชันพื้นที่กลายเป็นพหุนามคี่ที่ดิฟง่าย⚠️จุดที่เด็กมักผิด:ลืมใช้สมมาตรแล้วตั้งตัวแปรซับซ้อนหรือคูณความสูงผิดความสูงคือ9-t^2ไม่ใช่9
chap-13-calculus-q247,chap-13-calculus,fill,'h/3',h/3,🔴 ไม่เจอเลย,22,✅คำตอบ:ความสูงของทรงกระบอก=\frach3💡เทคนิคที่ใช้:ใช้สามเหลี่ยมคล้ายเชื่อมรัศมีxกับความสูงHทำให้เหลือตัวแปรเดียวก่อนดิฟ⚠️จุดที่เด็กมักผิด:ตั้งความสัมพันธ์สามเหลี่ยมคล้ายกลับด้านหรือตอบรัศมี\frac2r3แทนที่จะตอบความสูง\frach3
chap-13-calculus-q248,chap-13-calculus,fill,'256pi/3',256pi/3,🔴 ไม่เจอเลย,24,dตรงกัน✓✅คำตอบ:ปริมาตรมากที่สุด=\frac256\pi3ลูกบาศก์นิ้ว💡เทคนิคที่ใช้:วางตัวแปรdระยะฐานจากศูนย์กลางแล้วเขียนa^2Hในรูปdเหลือฟังก์ชันตัวแปรเดียว⚠️จุดที่เด็กมักผิด:ใช้H=Rคิดว่าความสูงเท่ารัศมีหรือลืม\frac13ในสูตรปริมาตรกรวย
chap-13-calculus-q255,chap-13-calculus,fill,'-1/(2(n-1)(x^2+1)^(n-1)) + C',-1/(2(n-1)(x^2+1)^(n-1)) + C,🔴 ไม่เจอเลย,20,"นอยู่ในตัวเศษ""แล้วแทนuปริพันธ์รูป\intu^-nduใช้กฎกำลังได้ทันทีกรณีn\neq1⚠️จุดที่เด็กมักผิด:ลืมตัวประกอบ\frac12จากxdx=\frac12duหรือสับสนเครื่องหมายเมื่อเขียนu^1-nกลับเป็น\frac1u^n-1กรณีn=1ต้องตอบ\frac12\lnx^2+1+Cแยกต่างหาก"
chap-13-calculus-q263,chap-13-calculus,fill,'1/(n+1) + 1/(n+2)',1/(n+1) + 1/(n+2),🔴 ไม่เจอเลย,21,คำตอบ:\frac1n+1+\frac1n+2=\frac2n+3n+1n+2💡เทคนิคที่ใช้:แทนu=x-1แล้วเขียนx=u+1เพื่อกระจายเป็นผลบวกของกำลังuที่อินทิเกรตง่าย⚠️จุดที่เด็กมักผิด:ลืมเปลี่ยนขีดจำกัดx:1\to2เป็นu:0\to1หรือลืมแทนx=u+1ในตัวเศษทำให้ได้แค่\intu^ndu
chap-13-calculus-q277,chap-13-calculus,fill,"'$A=4\\int_0^a \\dfrac{b}{a}\\sqrt{a^2-x^2}\\,dx=\\pi ab$'","$A=4\int_0^a \dfrac{b}{a}\sqrt{a^2-x^2}\,dx=\pi ab$",🔴 ไม่เจอเลย,24,4\int_0^a\fracba\sqrta^2-x^2dx\&=\piab\endaligned→เติมคำตอบ💡เทคนิคที่ใช้:ใช้สมมาตรของวงรีคูณ4เท่าของพื้นที่จตุภาคแรกลดความยุ่งยากในการอินทิเกรต⚠️จุดที่เด็กมักผิด:ลืมคูณสัมประสิทธิ์\fracbaหน้ารากที่สองหรือลืมคูณ4จากสมมาตร
chap-13-calculus-q283,chap-13-calculus,fill,'หาค่าไม่ได้ (ปริพันธ์ลู่ออก)',หาค่าไม่ได้ (ปริพันธ์ลู่ออก),🔴 ไม่เจอเลย,17,ะx=2อยู่ในช่วงและปริพันธ์ลู่ออก→เติมคำตอบ💡เทคนิคที่ใช้:ตรวจจุดไม่ต่อเนื่องในช่วงก่อนเสมอถ้ามีต้องใช้ลิมิตของปริพันธ์ไม่ตรงแบบ⚠️จุดที่เด็กมักผิด:แทนขีดบน-ล่างลงสูตร\ln|x-2|โดยไม่สังเกตว่าx=2อยู่ในช่วงทำให้ได้คำตอบลวง-\ln3
chap-13-calculus-q290,chap-13-calculus,fill,"'22/3, 17/3'","22/3, 17/3",🔴 ไม่เจอเลย,20,อบ💡เทคนิคที่ใช้:แยกให้ชัดระหว่าง“ตำแหน่ง/การกระจัด”\intvกับ“ระยะทาง”\int|v|โดยหารากของvเพื่อแบ่งช่วงเครื่องหมาย⚠️จุดที่เด็กมักผิด:ใช้\int_0^4vตอบระยะทางได้\frac163ทั้งที่มีช่วง[12]ที่วัตถุถอยหลังต้องคิดค่าสัมบูรณ์แยกช่วง
chap-13-calculus-q33,chap-13-calculus,mc,3,ถ้าสมการของ $L$ ไม่ใช่ $y-2=x-1$ แล้วสมการของ $L$ คือ $y+2=-(x-1)$,🔴 ไม่เจอเลย,23,"เป็นจริงเสมอ✅คำตอบ:ตัวเลือก4💡เทคนิคที่ใช้:เมื่อจุดสัมผัสมี2จุดใช้ตรรกะ""เลือกอย่างใดอย่างหนึ่งจากสอง""ทำให้ข้อความเงื่อนไขเป็นจริง⚠️จุดที่เด็กมักผิด:รีบเลือกตัวเลือก1หรือ2ทั้งที่โจทย์ไม่ได้บอกว่าLเป็นเส้นไหนจึงเจาะจงไม่ได้"
chap-13-calculus-q34,chap-13-calculus,mc,3,ความชัน $-1$ และสมการเป็น $y=x+1$,🔴 ไม่เจอเลย,16,อยู่บนเส้นโค้งจริงและ-1\times1=-1ตั้งฉากจริง✅คำตอบ:ความชัน-1y=x+1→ตัวเลือก4💡เทคนิคที่ใช้:หารพจน์ลงตัวก่อนหาอนุพันธ์ทำให้คิดx^3/2/x^2=x^-1/2ได้ง่าย⚠️จุดที่เด็กมักผิด:อ่านพจน์แรกเป็น2x^2แทนที่จะเป็น2x^3/2ทำให้ได้ความชันผิด
chap-13-calculus-q42,chap-13-calculus,mc,1,ถ้า $f(x)=a^{x}$ เมื่อ $a > 0$ แล้ว $f'(x) > 0$,🔴 ไม่เจอเลย,17,เพียงตัวเลือก2ที่ผิดเพราะกรณี0✅คำตอบ:ข้อความที่ผิดคือตัวเลือก2💡เทคนิคที่ใช้:หาเงื่อนไขที่ทำให้ข้อความเป็นเท็จcounterexampleเช่นเลือกaใน01⚠️จุดที่เด็กมักผิด:ลืมว่าa^xเป็นฟังก์ชันลดเมื่อ0<a<1จึงเข้าใจผิดว่าตัวเลือก2ถูกเสมอ
chap-13-calculus-q59,chap-13-calculus,mc,1,ก. ถูก และ ข. ผิด,🔴 ไม่เจอเลย,12,ำตอบ:ตัวเลือก2💡เทคนิคที่ใช้:อนุพันธ์ของ\frac1fคือ-\fracf'f^2กฎผลหาร/กฎลูกโซ่จำเครื่องหมายลบและกำลังสองของตัวส่วนให้ดี⚠️จุดที่เด็กมักผิด:คิดว่าความชันของ\frac1fคือส่วนกลับของความชัน\frac1f'aซึ่งผิดที่ถูกคือ-\fracf'a[fa]^2
chap-13-calculus-q70,chap-13-calculus,mc,2,$f$ มีค่าต่ำสุดสัมพัทธ์เท่ากับ $-\dfrac{9}{8}$ เมื่อ $x=-\dfrac{1}{8}$,🔴 ไม่เจอเลย,28,สัมพัทธ์-\frac98ที่x=-\frac18→ตัวเลือก3💡เทคนิคที่ใช้:ดึงตัวประกอบx^-\frac23ออกจากf'ทำให้เห็นว่าเครื่องหมายขึ้นกับ8x+1เพียงตัวเดียว⚠️จุดที่เด็กมักผิด:คิดว่า-\frac18^\frac43เป็นค่าลบที่ถูกคือยกกำลังคู่4ทำให้เป็นบวก\frac116
chap-13-calculus-q71,chap-13-calculus,mc,3,$f(x)$ ไม่มีค่าสูงสุดและไม่มีค่าต่ำสุด,🔴 ไม่เจอเลย,18,บ:ไม่มีค่าสูงสุดและไม่มีค่าต่ำสุด→ตัวเลือก4💡เทคนิคที่ใช้:ฟังก์ชันที่f'>0ตลอดโดเมนต่อเนื่องเป็นฟังก์ชันเพิ่มไม่มีค่าสุดขีดสัมพัทธ์⚠️จุดที่เด็กมักผิด:เผลอแก้f'x=0แล้วคิดว่ามีจุดวิกฤตทั้งที่จริงf'ไม่เป็นศูนย์ที่ใดเลยในโดเมน
chap-13-calculus-q76,chap-13-calculus,mc,1,$f$ มีค่าสูงสุดสัมพัทธ์ที่จุด $a$ และมีค่าเท่ากับ $2$,🔴 ไม่เจอเลย,16,a✅คำตอบ:สูงสุดสัมพัทธ์ที่aค่า2→ตัวเลือก2💡เทคนิคที่ใช้:เนื่องจากh'=3x^2>0เมื่อf\ne0ชนิดของจุดสุดขีดของh\circfจึงสะท้อนชนิดของfโดยตรง⚠️จุดที่เด็กมักผิด:สับสนว่าf''a<0เป็นต่ำสุดหรือลืมว่าที่จุดวิกฤตf'a=0ทำให้พจน์6ff'^2หายไป
chap-13-calculus-q86,chap-13-calculus,mc,1,"$2{,}000\le N < 4{,}000$",🔴 ไม่เจอเลย,14,✔ตรวจคำตอบ:P'x=0ที่x=3600sympyยืนยันและP''✅คำตอบ:2000\leN💡เทคนิคที่ใช้:อนุพันธ์ของx^3/2คือ\frac32x^1/2;แก้\sqrtx=60ได้x=3600⚠️จุดที่เด็กมักผิด:หาอนุพันธ์x^3/2ผิดลืม\frac32หรือยกกำลังสองพลาดได้x=60แทน3600
chap-14-infiniteseries-q07,chap-14-infiniteseries,mc,3,"$D = (-1, 1)$ และ $(g \cdot f)(x) = 1 - x$ ทุก $x \in D$",🔴 ไม่เจอเลย,18,0\endaligned✓และ0\in-11✓✅คำตอบ:D=-11และg\cdotfx=1-x→ตัวเลือก4💡เทคนิคที่ใช้:หาผลบวกอนุกรมเป็นฟังก์ชันปิดก่อนแล้วใช้โดเมนการลู่เข้าจำกัดโดเมนผลคูณ⚠️จุดที่เด็กมักผิด:ลืมจำกัดโดเมนเป็น-11คิดว่าทุกจำนวนจริงหรือตัด1+xผิดได้1+x
chap-14-infiniteseries-q10,chap-14-infiniteseries,mc,2,เป็นอนุกรมคอนเวอร์เจนต์ ซึ่งมีผลบวกเท่ากับ $\dfrac{1}{2}S$,🔴 ไม่เจอเลย,14,็ลู่เข้าและมีผลบวก\frac12S✅คำตอบ:ลู่เข้าผลบวก\frac12S→ตัวเลือก3💡เทคนิคที่ใช้:แทน2kลงตัวส่วนแล้วดึงสัมประสิทธิ์\frac24=\frac12ออกมาเทียบกับS⚠️จุดที่เด็กมักผิด:ลืมยกกำลังสองตัวส่วน2k^2=4k^2ไม่ใช่2k^2ทำให้ได้สัมประสิทธิ์ผิด
chap-14-infiniteseries-q17,chap-14-infiniteseries,mc,2,ถ้า $a_1=a_2=a_3=\ldots=a_n$ แล้ว $\dfrac{1}{\sqrt{a_1}+\sqrt{a_2}}+\d,🔴 ไม่เจอเลย,19,✓ตัวเลือก4ถูกเหลือเพียงตัวเลือก3ที่ผิด✅คำตอบ:ตัวเลือก3ข้อความผิด💡เทคนิคที่ใช้:คูณคอนจูเกตเปลี่ยน\frac1\sqrta_k+\sqrta_k+1ให้ยุบกล้องเหลือ\frac\sqrta_n-\sqrta_1d⚠️จุดที่เด็กมักผิด:นับจำนวนพจน์ผิด—ผลรวมมีn-1พจน์ไม่ใช่nพจน์
chap-14-infiniteseries-q18,chap-14-infiniteseries,mc,3,$1+\dfrac{5}{3}+\dfrac{12}{3^2}+\dfrac{22}{3^3}+\dfrac{35}{3^4}+\ldots,🔴 ไม่เจอเลย,20,infty\frack3k-12\cdot3^k-1=\frac458✓✅คำตอบ:ตัวเลือก4💡เทคนิคที่ใช้:หาสูตรตัวเศษจากผลต่างชั้นสองแล้วใช้สูตรผลบวก\sumkx^k-1และ\sumk^2x^k-1⚠️จุดที่เด็กมักผิด:มองข้ามว่าลำดับสลับค่าเลขคี่/เลขคู่อาจไม่ลู่เข้าและหาสูตรตัวเศษผิด
chap-14-infiniteseries-q19,chap-14-infiniteseries,mc,2,$\ln\dfrac{1}{2}+\ln\dfrac{2}{3}+\ln\dfrac{3}{4}+\ln\dfrac{4}{5}+\ldot,🔴 ไม่เจอเลย,12,ลู่เข้าสู่0ไม่จำเป็นต้องอยู่ในช่วง[0\frac1n]เช่นa_n=-\frac1n✅คำตอบ:ตัวเลือก3ข้อความจริง💡เทคนิคที่ใช้:รวม\lnเป็น\lnของผลคูณแล้วยุบกล้องพบว่าผลบวกย่อย\to-\infty⚠️จุดที่เด็กมักผิด:ตัวเลือก2คำนวณ\fracr1-rผิดเป็น1+aที่ถูกคือa
chap-14-infiniteseries-q20,chap-14-infiniteseries,mc,2,"ถ้า $a_n$ เป็นพจน์ที่ $n$ ของลำดับคอนเวอร์เจนต์ จะได้ว่า $|a_1|,|a_2|,",🔴 ไม่เจอเลย,11,"้ได้เฉพาะ|r|✅คำตอบ:ตัวเลือก3ข้อความจริง💡เทคนิคที่ใช้:ใช้ความต่อเนื่องของค่าสัมบูรณ์a_n\toL\Rightarrow|a_n|\to|L|⚠️จุดที่เด็กมักผิด:สับสนระหว่าง""ลำดับลู่เข้า""กับ""อนุกรมลู่เข้า""—พจน์ลู่เข้าสู่ค่าที่ไม่ใช่0ทำให้อนุกรมลู่ออก"
chap-14-infiniteseries-q21,chap-14-infiniteseries,mc,1,ถ้า $a_n=\dfrac{1}{(n+3)(n+4)}$ แล้วอนุกรมนี้เป็นอนุกรมคอนเวอร์เจนต์ แ,🔴 ไม่เจอเลย,12,✓•ตัวเลือก4ผิดS_nเพิ่มขึ้นแต่อาจลู่เข้า✅คำตอบ:ตัวเลือก2💡เทคนิคที่ใช้:แยกเศษส่วนย่อยแล้วยุบกล้องเหลือพจน์หัวลบลิมิตพจน์ท้าย⚠️จุดที่เด็กมักผิด:ตัวเลือก3อ่านอัตราส่วนกลับด้าน—\fraca_n-1a_n=rทำให้อัตราส่วนร่วมจริงเป็น\frac1r
chap-14-infiniteseries-q22,chap-14-infiniteseries,mc,3,ถ้า $\displaystyle\lim_{n\to\infty}a_n=0$ แล้ว $\displaystyle\sum_{n=1,🔴 ไม่เจอเลย,11,"n\to0แต่ลู่ออก✅คำตอบ:ตัวเลือก4ข้อความผิด💡เทคนิคที่ใช้:หาเคาน์เตอร์เอ็กแซมเปิลอนุกรมฮาร์มอนิกเพื่อหักล้าง""a_n\to0\Rightarrowลู่เข้า""⚠️จุดที่เด็กมักผิด:เข้าใจผิดว่าa_n\to0เพียงพอให้อนุกรมลู่เข้าที่จริงเป็นแค่เงื่อนไขจำเป็น"
chap-14-infiniteseries-q23,chap-14-infiniteseries,mc,1,ถ้าอนุกรมใน (2) เป็นอนุกรมเรขาคณิต จะหาค่า $\displaystyle\lim_{n\to\in,🔴 ไม่เจอเลย,12,"✔ตรวจคำตอบ:มีเพียงตัวเลือก2ที่ผิดคำว่า""เสมอ""✅คำตอบ:ตัวเลือก2ข้อความไม่ถูกต้อง💡เทคนิคที่ใช้:ระวังคำว่า""เสมอ""—เรขาคณิตลู่เข้าเฉพาะ|r|⚠️จุดที่เด็กมักผิด:ลืมเงื่อนไข|r|<1ของอนุกรมเรขาคณิตที่ลู่เข้า"
chap-14-infiniteseries-q24,chap-14-infiniteseries,mc,0,$f(n)=\cos\dfrac{(2n-1)\pi}{2}$,🔴 ไม่เจอเลย,12,n=1:\cos\frac\pi2=0n=2:\cos\frac3\pi2=0✓คงตัวเป็น0✅คำตอบ:ตัวเลือก1💡เทคนิคที่ใช้:มุม\frac2n-1\pi2คือพหุคูณคี่ของ\frac\pi2ทำให้\cos=0คงที่⚠️จุดที่เด็กมักผิด:สับสนระหว่าง\cosกับ\sinของพหุคูณคี่ของ\frac\pi2\cos=0แต่\sin=\pm1
chap-14-infiniteseries-q25,chap-14-infiniteseries,mc,2,$a_n=(-1)^{n+1}\left(\dfrac{n-1}{n}\right)$,🔴 ไม่เจอเลย,13,lignedเข้าใกล้\pm1สลับไม่ลู่เข้า✓✅คำตอบ:ตัวเลือก3💡เทคนิคที่ใช้:ลำดับสลับเครื่องหมายลู่เข้าก็ต่อเมื่อขนาดพจน์\to0—ที่นี่ขนาด\to1\ne0⚠️จุดที่เด็กมักผิด:มองว่า\fracn-1n\to1แล้วสรุปว่าลู่เข้าทั้งที่เครื่องหมายสลับทำให้ลู่ออก
chap-14-infiniteseries-q27,chap-14-infiniteseries,mc,2,ถูกเฉพาะข้อ ข. และ ค.,🔴 ไม่เจอเลย,11,✔ตรวจคำตอบ:ก.ผิดข.ถูกค.ถูก⟹ถูกเฉพาะข.และค.✅คำตอบ:ตัวเลือก3💡เทคนิคที่ใช้:ลดรูปพจน์ก.ให้เป็นค่าคงที่\frac12ก่อนสรุปการลู่เข้า/ลู่ออก⚠️จุดที่เด็กมักผิด:เห็นรากที่สองในข้อก.แล้วเดาว่าลู่ออกทั้งที่ลดรูปได้เป็นค่าคงที่
chap-14-infiniteseries-q52,chap-14-infiniteseries,mc,3,ลำดับไดเวอร์เจนต์คือลำดับที่มีลิมิตเป็นอนันต์ หรือลำดับที่ไม่มีลิมิตเป,🔴 ไม่เจอเลย,12,"ามที่ไม่ถูกต้อง→ตัวเลือก4💡เทคนิคที่ใช้:ตรวจนิยามทีละข้อเทียบกับนิยามมาตรฐานของลำดับลู่เข้า/ลู่ออก⚠️จุดที่เด็กมักผิด:สับสนระหว่าง""ลู่ออก""กับ""ลิมิตเป็นอนันต์""—ในระดับมัธยมถือว่าลำดับลู่ออกคือลำดับที่ไม่มีลิมิตเป็นจำนวนจริง"
chap-14-infiniteseries-q57,chap-14-infiniteseries,fill,'m>n: หาค่าลิมิตไม่ได้ (เป็น $+\\infty$ เมื่อ $a_0/b_0>0$ หรือ $-\\infty$ เมื่อ $a_0/b_0<0$); m<n: 0',m>n: หาค่าลิมิตไม่ได้ (เป็น $+\infty$ เมื่อ $a_0/b_0>0$ หรือ $-\infty$,🔴 ไม่เจอเลย,14,่าส่วน\to0✅คำตอบ:m>nหาค่าลิมิตไม่ได้\pm\inftyตามเครื่องหมายa_0/b_0;m💡เทคนิคที่ใช้:เทียบดีกรีเศษ-ส่วนแล้วหารด้วยกำลังสูงสุดของตัวส่วน⚠️จุดที่เด็กมักผิด:ลืมแยกเครื่องหมายของa_0/b_0ในกรณีm>nหรือสับสนกับกรณีm=nซึ่งได้a_0/b_0
chap-14-infiniteseries-q64,chap-14-infiniteseries,mc,2,ลำดับ $a_n$ มีลิมิตเท่ากับ $-\dfrac{1}{2}$,🔴 ไม่เจอเลย,15,✔ตรวจคำตอบ:แทนn=10x=3^10ค่าเข้าใกล้-0.5✅คำตอบ:ลิมิต=-\frac12→ตัวเลือก3💡เทคนิคที่ใช้:เปลี่ยนตัวแปรx=3^nให้กลายเป็นรูปสังยุครากที่คุ้นเคย⚠️จุดที่เด็กมักผิด:ลืมว่า9^n=3^n^2หรือคิดว่าผลต่างลู่เข้า0โดยไม่คูณสังยุค
chap-14-infiniteseries-q78,chap-14-infiniteseries,mc,2,ผลบวกของอนุกรมอนันต์ ได้แก่ ลิมิตของลำดับผลบวกย่อยของอนุกรมนั้น เมื่อล,🔴 ไม่เจอเลย,18,รงนิยามทุกประการ✓✅คำตอบ:ตัวเลือก3💡เทคนิคที่ใช้:ข้อความนิยามต้องครบเงื่อนไข—ลู่เข้า=มีลิมิตไม่จำกัดว่าเป็น0สูตรอนุกรมต้องระบุเงื่อนไข|r|⚠️จุดที่เด็กมักผิด:จำสูตร\sumi^3สลับกับ\sumi^2หรือเข้าใจว่าลำดับลู่เข้าต้องลิมิตเป็น0
chap-14-infiniteseries-q82,chap-14-infiniteseries,mc,2,ก. ผิด และ ข. ถูก,🔴 ไม่เจอเลย,24,ก→ตัวเลือก3💡เทคนิคที่ใช้:แยกตัวประกอบส่วนเพื่อทำเทเลสโคปและใช้ผลต่างกำลังสองa_4^2-a_2^2=a_4-a_2a_4+a_2ในลำดับเลขคณิต⚠️จุดที่เด็กมักผิด:ในข้อกเผลอตอบ0.35ตามโจทย์โดยไม่คำนวณ0.375ต่างหากในข้อขใช้ขอบบนผลรวมผิดเป็น16จะได้-648
chap-14-infiniteseries-q85,chap-14-infiniteseries,fill,'1 + (ln2)^2/(1-ln2)^2',1 + (ln2)^2/(1-ln2)^2,🔴 ไม่เจอเลย,20,+\frac\ln2^21-\ln2^2\approx6.1026💡เทคนิคที่ใช้:มอง\frac2n+1n^2n+1^2เป็นผลต่างเทเลสโคปของ\frac1n^2และใช้สูตร\sumnx^n=\fracx1-x^2⚠️จุดที่เด็กมักผิด:มองbเป็นเรขาคณิตธรรมดาลืมตัวประกอบnหรือคิด\ln2^n=\ln2^nทั้งที่\ln2^n=n\ln2
chap-14-infiniteseries-q87,chap-14-infiniteseries,fill,'(15/16)log2',(15/16)log2,🔴 ไม่เจอเลย,23,frac1516\log2สอดคล้องกัน✅คำตอบ:\frac1516\log2\approx0.2822💡เทคนิคที่ใช้:ดึง\log2ออกแล้วใช้สูตรอนุกรมเลขคณิต-เรขาคณิต\sum2k-1x^k-1⚠️จุดที่เด็กมักผิด:ลืมว่า\log2^2k-1=2k-1\log2หรือใช้ดัชนีเลขชี้กำลังของ5ผิด5^k-1เริ่มที่k=1
chap-14-infiniteseries-q89,chap-14-infiniteseries,fill,"'A = 15/4, B = 2'","A = 15/4, B = 2",🔴 ไม่เจอเลย,18,บ:A=\frac154B=2💡เทคนิคที่ใช้:สำหรับAแยกพจน์ต้นที่ไม่เข้าแบบแล้วใช้สูตรเรขาคณิตกับส่วนหางสำหรับBใช้เทเลสโคป⚠️จุดที่เด็กมักผิด:มองว่าAเป็นเรขาคณิตตั้งแต่พจน์แรกทั้งที่2+1+\frac12ไม่เข้ารูปพจน์\frac14หายไปทำให้คิดผิดเป็นA=4
chap-15-statistics-q01,chap-15-statistics,mc,4,แนวทางของการศึกษาวิชาสถิติ เป็นการศึกษาข้อมูลในกลุ่มย่อยเพื่อนำไปสู่คว,🔴 ไม่เจอเลย,18,"ชิงนิยามให้หาคำที่""ถูกต้องที่สุด""คือคำที่ไม่มีจุดผิดเลยแม้ตัวเลือกอื่นจะดูคุ้นเคย⚠️จุดที่เด็กมักผิดมักเลือกตัวเลือก1เพราะดูเป็นนิยามคุ้นตาแต่ลืมพิจารณาว่ามันไม่ใช่""ถูกต้องที่สุด""และมักสับสนการจำแนกตามเพศว่าเป็นเชิงปริมาณ"
chap-15-statistics-q02,chap-15-statistics,mc,1,การสรุปผลการวิเคราะห์ทางสถิติซึ่งได้ใช้วิธีการทางสถิติมาอย่างสมบูรณ์แล,🔴 ไม่เจอเลย,16,"คที่ใช้จับคำหลักที่""แรงเกินจริง""เช่นต้องเท่ากันถูกต้องมากขึ้นเชื่อถือได้มากกว่ามักเป็นตัวเลือกที่ผิด⚠️จุดที่เด็กมักผิดเข้าใจว่าการทำกราฟสวยงามทำให้ข้อมูล""ถูกต้อง""ขึ้นทั้งที่จริงเพียงช่วยให้""สื่อสารและเปรียบเทียบ""ง่ายขึ้น"
chap-15-statistics-q03,chap-15-statistics,mc,4,"น้อยกว่าพื้นที่ที่ใช้ปลูกอ้อยและปลูกข้าวโพดรวมกัน 39,600 ไร่",🔴 ไม่เจอเลย,19,"600ไร่→ตัวเลือก5💡เทคนิคที่ใช้เปรียบเทียบเป็น""ร้อยละ""ก่อนคูณฐานเดียวเช่น16\%+20\%-25\%=11\%แล้ว11\%\times360000=39600ลดการคำนวณ⚠️จุดที่เด็กมักผิดสับสนระหว่าง""อ้อย+ข้าว""กับ""อ้อย+ข้าวโพด""ในตัวเลือก4และ5ต้องอ่านชนิดพืชให้ตรง"
chap-15-statistics-q06,chap-15-statistics,mc,3,ร้อยละ 30.0 ของผู้ป่วยที่มารับการตรวจ มีปริมาณไขมันในเลือดน้อยกว่า 153,🔴 ไม่เจอเลย,16,"0→ตัวเลือก4💡เทคนิคที่ใช้""น้อยกว่าขอบล่างของชั้นถัดไป""อ่านค่าความถี่สะสมของชั้นก่อนหน้าได้ทันทีเช่นน้อยกว่า153คือสะสมถึงชั้น148-152=9⚠️จุดที่เด็กมักผิดลืมว่าตารางเป็น""ความถี่สะสม""ไม่ใช่ความถี่ปกติจึงนับซ้ำหรือคำนวณช่วงผิด"
chap-15-statistics-q103,chap-15-statistics,mc,4,นาย ก และนาย ข สอบได้เพียงสองคนเท่านั้น,🔴 ไม่เจอเลย,18,ิชาคณิตศาสตร์✅คำตอบ:นายกและนายขสอบได้→ตัวเลือก5💡เทคนิคที่ใช้ต้องผ่านเกณฑ์ทุกวิชาตรวจค่ามาตรฐานแยกแต่ละวิชาถ้าวิชาใดต่ำกว่าเกณฑ์ถือว่าไม่ผ่าน⚠️จุดที่เด็กมักผิดดูคะแนนดิบนายคได้อังกฤษสูงสุด79แล้วเข้าใจว่าผ่านทั้งที่คณิตz<1
chap-15-statistics-q108,chap-15-statistics,mc,2,นักเรียนห้อง ก มีมาตรฐานสูงกว่านักเรียนห้อง ข,🔴 ไม่เจอเลย,15,มาตรฐานสูงกว่าห้องข→ตัวเลือก3💡เทคนิคที่ใช้เทียบการกระจายของข้อมูลคนละชุดที่มีค่าเฉลี่ยต่างกันใช้C.V.ไม่ใช่sตรงๆ⚠️จุดที่เด็กมักผิดเทียบจากs15.2>14.5แล้วสรุปผิดและตัวเลือก4ผิดเพราะเกณฑ์\barx+2sของสองห้องไม่เท่ากัน62.7กับ54
chap-15-statistics-q110,chap-15-statistics,mc,2,มีค่าอยู่ระหว่างมัธยฐานและเปอร์เซ็นไทล์ที่ $75$,🔴 ไม่เจอเลย,17,ช้เงื่อนไข“40\%มีz\ge1.5”บอกว่าการแจกแจงไม่ปกติต้องใช้สัดส่วนจริงในการหาตำแหน่งP75ไม่ใช้ตารางzปกติ⚠️จุดที่เด็กมักผิดใช้ตารางปกติคิดว่าz=1มากกว่าP75ซึ่งz\approx0.67ในกรณีปกติแล้วตอบข้อ4แต่โจทย์ให้ข้อมูลว่าการแจกแจงไม่ปกติ
chap-15-statistics-q111,chap-15-statistics,mc,0,"$53.8,\ 16.14$",🔴 ไม่เจอเลย,16,rox70คลาดเคลื่อนจากการปัดเศษตรงเงื่อนไข✅คำตอบ:\barx\approx53.8s\approx16.14→ตัวเลือก1💡เทคนิคที่ใช้รวมเงื่อนไขzและC.V.เป็นสมการเดียว70=\barx1+C.V.⚠️จุดที่เด็กมักผิดลืมว่าz=1หมายถึงx=\barx+sพอดีไม่ใช่\barx+1จึงตั้งสมการผิด
chap-15-statistics-q117,chap-15-statistics,mc,2,"$A=1.05,\ B=66.75$ คะแนน",🔴 ไม่เจอเลย,18,z_\textว=\frac66.75-6015=0.45A+z_\textว=1.05+0.45=1.5✓✅คำตอบ:A=1.05B=66.75→ตัวเลือก3💡เทคนิคที่ใช้รวมค่ามาตรฐานสองคนเป็นสมการผลบวกคะแนนแล้วใช้ผลต่างคะแนนแก้ระบบ⚠️จุดที่เด็กมักผิดสลับAค่ามาตรฐานของคณิต=1.05กับzของวิทยา0.45
chap-15-statistics-q120,chap-15-statistics,mc,0,ข้อมูลที่มีการกระจายมาก เส้นโค้งปกติจะมีความโด่งน้อย,🔴 ไม่เจอเลย,16,ำตอบ:ข้อมูลกระจายมากเส้นโค้งปกติโด่งน้อย→ตัวเลือก1💡เทคนิคที่ใช้ความโด่งของเส้นโค้งปกติแปรผกผันกับส่วนเบี่ยงเบนมาตรฐาน⚠️จุดที่เด็กมักผิดเทียบการกระจายด้วยsตรงๆตัวเลือก2โดยลืมว่าค่าเฉลี่ยต่างกันต้องใช้สัมประสิทธิ์การแปรผัน
chap-15-statistics-q121,chap-15-statistics,mc,4,เส้นโค้งปกติที่มีความโด่งมาก จะชันกว่าเส้นโค้งปกติที่มีความโด่งน้อยกว่,🔴 ไม่เจอเลย,16,งโด่งมากชันกว่าโด่งน้อยเมื่อค่าเฉลี่ยเท่ากัน→ตัวเลือก5💡เทคนิคที่ใช้โยงความโด่งของเส้นโค้งปกติกับขนาดของส่วนเบี่ยงเบนมาตรฐาน⚠️จุดที่เด็กมักผิดเข้าใจว่าพื้นที่68\%ใน1ส่วนเบี่ยงเบนมาตรฐานการันตีว่าเป็นการแจกแจงปกติตัวเลือก1
chap-15-statistics-q128,chap-15-statistics,mc,2,$62$ คะแนน,🔴 ไม่เจอเลย,13,✔ตรวจคำตอบz=\frac62-5010=1.2ให้พื้นที่สะสมPZ💡เทคนิคที่ใช้แปลงเปอร์เซ็นไทล์เป็นพื้นที่ทางซ้าย→หาz→แปลงเป็นคะแนน⚠️จุดที่เด็กมักผิดสับสนพื้นที่สะสมPZ<zกับพื้นที่จากแกนกลางหรืออ่านตารางผิดทิศ
chap-15-statistics-q132,chap-15-statistics,mc,3,$87.5$,🔴 ไม่เจอเลย,14,✔ตรวจคำตอบพื้นที่สะสมทางซ้ายของz=1คือPZ💡เทคนิคที่ใช้ใช้พื้นที่ที่โจทย์กำหนดไม่ใช้ค่า68\%จากตารางมาตรฐาน⚠️จุดที่เด็กมักผิดตอบ37.5โดยลืมบวกครึ่งซ้ายหรือใช้68\%แทน75\%
chap-15-statistics-q136,chap-15-statistics,mc,3,$a=78.88$ และ $b < 42$,🔴 ไม่เจอเลย,21,✔ตรวจคำตอบa=78.88และb💡เทคนิคที่ใช้ตั้งพื้นที่ของช่วงน้ำหนักให้เท่ากับaแล้วหาz_bจากพื้นที่ส่วนที่เหลือ⚠️จุดที่เด็กมักผิดลืมว่าช่วงน้ำหนักเริ่มที่z=-2ไม่สมมาตรจึงต้องบวกพื้นที่สะสมใต้z=-2คือPZ<-2=0.0227ก่อนเทียบตาราง
chap-15-statistics-q140,chap-15-statistics,mc,3,ผู้ที่ได้คะแนนระหว่าง $54$ ถึง $80$ มีมากกว่า $800$ คน,🔴 ไม่เจอเลย,18,"คำตอบมีเพียงตัวเลือก4ที่ผิดจำนวนเท่ากับ800พอดี✅คำตอบ:ตัวเลือก4ผิด→ตัวเลือก4💡เทคนิคที่ใช้หา\muจากพื้นที่แล้วตรวจแต่ละข้อด้วยค่ามาตรฐานและพื้นที่ใต้เส้นโค้ง⚠️จุดที่เด็กมักผิดเข้าใจว่า800คนเป็น""มากกว่า800""ที่จริงเท่ากับพอดี"
chap-15-statistics-q142,chap-15-statistics,mc,3,"$140,\ 25$",🔴 ไม่เจอเลย,19,ำตอบ\frac149.4-1405=1.88✓และ\frac140-136.55=0.7✓✅คำตอบ:ฐานนิยม140ความแปรปรวน25→ตัวเลือก4💡เทคนิคที่ใช้ตั้งสองสมการจากพื้นที่สองช่วงแล้วบวกกันเพื่อกำจัด\muหาs⚠️จุดที่เด็กมักผิดตอบความแปรปรวนเป็นs=5ที่จริงความแปรปรวน=s^2=25
chap-15-statistics-q145,chap-15-statistics,mc,0,ค่าเฉลี่ยเลขคณิตเท่ากับ $3$ ความแปรปรวนเท่ากับ $8.88$,🔴 ไม่เจอเลย,18,→ตัวเลือก1💡เทคนิคที่ใช้โยงz=0.67เข้ากับควอไทล์Q_1Q_3แล้วใช้นิยามQ.D.และสัมประสิทธิ์ควอไทล์แยกหา\sigmaกับค่ากลาง⚠️จุดที่เด็กมักผิดสับสนระหว่างส่วนเบี่ยงเบนควอไทล์2กับส่วนเบี่ยงเบนมาตรฐาน2.98แล้วนำ2^2=4ไปตอบเป็นความแปรปรวน
chap-15-statistics-q158,chap-15-statistics,mc,3,$x_3 < x_1 < x_2$,🔴 ไม่เจอเลย,17,รวจคำตอบx_3💡เทคนิคที่ใช้ที่เปอร์เซ็นไทล์เดียวกันคะแนนแปรผันตามส่วนเบี่ยงเบนมาตรฐานเมื่อค่าเฉลี่ยเท่ากัน⚠️จุดที่เด็กมักผิดคิดว่าส่วนเบี่ยงเบนมาตรฐานรวม=เฉลี่ยของsทั้งสอง3.5ที่จริงต้องเฉลี่ยความแปรปรวนก่อนถอดราก\approx3.54
chap-15-statistics-q16,chap-15-statistics,mc,1,ค่าเฉลี่ยเลขคณิตของข้อมูลทั้งสองชุดเท่ากัน แต่มัธยฐานของข้อมูลสองชุดนี,🔴 ไม่เจอเลย,18,มัธยฐานต่างกัน→ตัวเลือก2💡เทคนิคที่ใช้ข้อมูลสองชุดอาจมีค่าเฉลี่ยเท่ากันได้แม้การกระจายต่างกันจึงต้องตรวจทั้งค่าเฉลี่ยและมัธยฐานแยกกัน⚠️จุดที่เด็กมักผิดลืมเรียงข้อมูลก่อนหามัธยฐานหรือเมื่อnเป็นคู่ลืมเฉลี่ยสองตัวกลางของชุดB
chap-15-statistics-q162,chap-15-statistics,mc,1,ถ้าทราบส่วนสูงของพ่อ สามารถประมาณส่วนสูงโดยเฉลี่ยของลูกได้จาก $y=1.05x,🔴 ไม่เจอเลย,14,"✔ตรวจคำตอบมีเพียงตัวเลือก2ที่ถูกต้อง✅คำตอบ:ตัวเลือก2💡เทคนิคที่ใช้สมการถดถอยทำนาย""ค่าเฉลี่ย""ของตัวแปรตามจากตัวแปรต้นทิศเดียว⚠️จุดที่เด็กมักผิดเข้าใจว่าทำนายได้ทุกคนที่จริงเป็นค่าเฉลี่ยหรือทำนายย้อนทิศได้"
chap-15-statistics-q164,chap-15-statistics,mc,3,ในการทำนายค่า $Y$ ถ้า $X$ มีค่าเท่ากับ $11$ จะทำนายค่า $Y$ เป็น $7.541,🔴 ไม่เจอเลย,17,✔ตรวจคำตอบมีเพียงตัวเลือก4ที่ถูก✅คำตอบ:\beginalignedX&=11\Y&=7.541\endaligned→ตัวเลือก4💡เทคนิคที่ใช้แทนXในสมการถดถอยตรงๆเพื่อทำนาย\hatY⚠️จุดที่เด็กมักผิดใช้ค่าYจากตารางแทนค่าที่ทำนายจากสมการ
chap-15-statistics-q177,chap-15-statistics,mc,3,แต่ละครอบครัวจะมีรายได้มากกว่ารายจ่ายเสมอ,🔴 ไม่เจอเลย,17,"✔ตรวจคำตอบมีเพียงตัวเลือก4ที่ผิด✅คำตอบ:ตัวเลือก4ผิด→ตัวเลือก4💡เทคนิคที่ใช้ตรวจ""เสมอ""ด้วยการหาเงื่อนไขx>yไม่จริงทุกค่า⚠️จุดที่เด็กมักผิดคิดว่ารายได้มากกว่ารายจ่ายเสมอทั้งที่เมื่อรายได้ต่ำรายจ่ายอาจมากกว่า"
chap-15-statistics-q184,chap-15-statistics,mc,1,"$\sum Y=cn+b\sum X_1+a\sum X_2$
$\sum X_1Y=c\sum X_1+b\sum X_1^2+a\sum",🔴 ไม่เจอเลย,14,ถูกต้อง→ตัวเลือก2💡เทคนิคที่ใช้สมการปกติของY=c+bX_1+aX_2จัดเป็นเมทริกซ์สมมาตรสัมประสิทธิ์ของbในสมการX_2ต้องเท่ากับสัมประสิทธิ์ของaในสมการX_1คือ\sumX_1X_2⚠️จุดที่เด็กมักผิดสับสนกำลังของX_1X_2ในพจน์ไขว้ทำให้ความสมมาตรเสียไป
chap-15-statistics-q190,chap-15-statistics,mc,0,ค่าเฉลี่ยของรายได้ต่อเดือนของครัวเรือนเกษตรกรจังหวัดตาก เป็นสารสนเทศ,🔴 ไม่เจอเลย,19,อก1ที่ถูก✅คำตอบ:ค่าเฉลี่ย...เป็นสารสนเทศ→ตัวเลือก1💡เทคนิคที่ใช้แยกให้ชัดระหว่างข้อมูลดิบ-สารสนเทศสำมะโน-สำรวจตัวอย่างปฐมภูมิ-ทุติยภูมิ⚠️จุดที่เด็กมักผิดเข้าใจว่าตัวแปรต้องเป็นตัวเลขเสมอทั้งที่ตัวแปรเชิงคุณภาพก็เป็นตัวแปร
chap-15-statistics-q199,chap-15-statistics,fill,"'132, 254'","132, 254",🔴 ไม่เจอเลย,23,"วนต่าง""ของจุดกึ่งกลางที่เปลี่ยนชั้นไม่ต้องสร้างตารางใหม่ทั้งหมดและใช้สมบัติการแปลงเชิงเส้น\barY=a\barX+b⚠️จุดที่เด็กมักผิดใช้ค่าจริง59159\dotsมาบวกลบแทนที่จะใช้จุดกึ่งกลางชั้น74.5174.5ซึ่งเป็นวิธีคิดของตารางแจกแจงความถี่"
chap-15-statistics-q245,chap-15-statistics,mc,3,$b < c < a$,🔴 ไม่เจอเลย,16,วมอยู่ระหว่าง1625ยืนยันว่าค่าเฉลี่ยเท่ากัน✅คำตอบ:b💡เทคนิคที่ใช้ค่าเฉลี่ยเท่ากัน→P80เรียงตามขนาดส่วนเบี่ยงเบนมาตรฐาน⚠️จุดที่เด็กมักผิดคิดว่าความแปรปรวนรวม=ผลรวม25+16ที่จริงเป็นค่าเฉลี่ยถ่วงน้ำหนัก20.5เมื่อค่าเฉลี่ยเท่ากัน
chap-15-statistics-q253,chap-15-statistics,fill,'15.87',15.87,🔴 ไม่เจอเลย,13,✔ตรวจคำตอบ50💡เทคนิคที่ใช้เปอร์เซ็นไทล์=PZ⚠️จุดที่เด็กมักผิดสำหรับzติดลบต้องใช้PZ<-z=1-PZ<zไม่ใช่PZ<zตรงๆ
chap-15-statistics-q256,chap-15-statistics,fill,'15.87',15.87,🔴 ไม่เจอเลย,16,✔ตรวจคำตอบ4💡เทคนิคที่ใช้ในการแจกแจงปกติใช้มัธยฐานแทนค่าเฉลี่ยหาsจากC.V.แล้วหาพื้นที่หาง⚠️จุดที่เด็กมักผิดลืมว่ามัธยฐาน=ค่าเฉลี่ยหรือลืมว่าหางซ้าย=1-PZ<1
chap-15-statistics-q267,chap-15-statistics,fill,"'79.5, 45'","79.5, 45",🔴 ไม่เจอเลย,15,และมัธยฐาน=45💡เทคนิคที่ใช้มัธยฐาน=จุดกึ่งกลางของสองเปอร์เซ็นไทล์ที่สมมาตรและผลต่างของสองค่า=2z\sigma⚠️จุดที่เด็กมักผิดสับสนว่าP_33P_67ไม่สมมาตรแท้จริงทั้งคู่ห่างจากค่ากลางเท่ากันz=\pm0.44เพราะPZ<0.44=0.67และPZ<-0.44=0.33
chap-15-statistics-q28,chap-15-statistics,mc,1,ก. ผิด ข. ถูก,🔴 ไม่เจอเลย,15,2💡เทคนิคที่ใช้จำว่าaที่ทำให้ผลรวมกำลังสองของส่วนเบี่ยงเบนต่ำสุดคือค่าเฉลี่ยเสมอและค่าเฉลี่ยลำดับเลขคณิตคือค่ากลางของพจน์หัวท้าย⚠️จุดที่เด็กมักผิดเผลอคิดว่าa=3จากพจน์แรกของลำดับหรือคำนวณ\sumx_iผิดเครื่องหมายตอนบวกสองสมการ
chap-15-statistics-q32,chap-15-statistics,mc,4,ไม่มีคำตอบที่ถูกต้องในข้อ 1. ถึงข้อ 4.,🔴 ไม่เจอเลย,12,ตัวเลือกใดถูก✅คำตอบ:ไม่มีคำตอบที่ถูกต้องในข้อ1.-4.→ตัวเลือก5💡เทคนิคที่ใช้นับความถี่ให้ครบทุกค่าก่อนสรุปอย่ารีบเลือกค่าแรกที่เห็นซ้ำ⚠️จุดที่เด็กมักผิดเห็น2ซ้ำก็เลือกตอบ2ทันทีโดยลืมว่า4ก็ซ้ำเท่ากันทำให้เป็นข้อมูลสองฐานนิยม
chap-15-statistics-q34,chap-15-statistics,mc,1,ข้อมูลชุดนี้มีการแจกแจงแบบเบ้ขวา และมีฐานนิยมเท่ากับ $3$,🔴 ไม่เจอเลย,16,ือก2ข้อ1ไม่ใช่โค้งปกติข้อ34ไม่ใช่เบ้ซ้าย✅คำตอบ:เบ้ขวาฐานนิยม3→ตัวเลือก2💡เทคนิคที่ใช้คำนวณค่ากลางทั้งสามแล้วเรียงลำดับเพื่อสรุปความเบ้ได้ทันที⚠️จุดที่เด็กมักผิดนับความถี่ฐานนิยมพลาดหรือสลับทิศเบ้เบ้ขวา=ค่าเฉลี่ยอยู่ขวาสุด
chap-15-statistics-q36,chap-15-statistics,mc,2,ค่ากลางของจำนวนเงินดังกล่าว คือ $41$ บาท,🔴 ไม่เจอเลย,15,✔ตรวจคำตอบค่ากลางที่เหมาะสมคือมัธยฐาน=41บาท✅คำตอบ:41บาท→ตัวเลือก3💡เทคนิคที่ใช้มีค่าสุดโต่งให้เลือกมัธยฐานแทนค่าเฉลี่ย⚠️จุดที่เด็กมักผิดเลือกค่าเฉลี่ย70.50ตัวเลือก4ทั้งที่ถูกบิดเบือนด้วยค่านอกเกณฑ์
chap-15-statistics-q38,chap-15-statistics,mc,2,"มัธยฐาน มีค่า $3{,}799.50$ บาท",🔴 ไม่เจอเลย,16,สมเพราะมีชั้นเปิด✅คำตอบ:มัธยฐาน3799.50บาท→ตัวเลือก3💡เทคนิคที่ใช้ชั้น3000-4999กว้าง2000ต้องใช้ความกว้างชั้นจริงในสูตร⚠️จุดที่เด็กมักผิดใช้ความกว้างชั้น=1000ทั้งที่ชั้นมัธยฐานกว้าง2000หรือพยายามหาค่าเฉลี่ยทั้งที่มีชั้นเปิด
chap-15-statistics-q40,chap-15-statistics,mc,3,จำนวนนักเรียนที่สอบได้คะแนนต่ำกว่าสมชายมี $34$ คน,🔴 ไม่เจอเลย,12,"ไปไม่ได้หรือสรุปเกณฑ์ดีเองไม่ได้✅คำตอบ:มีนักเรียนต่ำกว่าสมชาย34คน→ตัวเลือก4💡เทคนิคที่ใช้P_rแปลงเป็นจำนวนคนด้วย\fracr100\timesN⚠️จุดที่เด็กมักผิดสับสนว่าเปอร์เซนไทล์คือเปอร์เซ็นต์ของคะแนนหรือคิดกลับเป็นจำนวนคนที่""สูงกว่า"""
chap-15-statistics-q41,chap-15-statistics,mc,3,มัธยฐาน $ < $ ค่าเฉลี่ยเลขคณิต $ < $ ฐานนิยม,🔴 ไม่เจอเลย,12,✔ตรวจคำตอบโจทย์ถามข้อที่ผิดจึงตอบตัวเลือก4✅คำตอบ:มัธยฐาน💡เทคนิคที่ใช้ในการแจกแจงปกติค่ากลางทั้งสามเท่ากันเสมอ⚠️จุดที่เด็กมักผิดนำสมบัติของการแจกแจงเบ้ค่ากลางไม่เท่ากันมาใช้กับการแจกแจงปกติ
chap-15-statistics-q46,chap-15-statistics,mc,0,กัญญาได้คะแนนต่างจากตำแหน่งควอไทล์ที่ $1$ น้อยกว่าปราณีได้คะแนนต่างจาก,🔴 ไม่เจอเลย,19,✔ตรวจคำตอบมีเพียงตัวเลือก1ที่เป็นจริง✅คำตอบ:ตัวเลือก1💡เทคนิคที่ใช้คำนวณตำแหน่งทุกค่าก่อนแล้วเทียบค่าสัมบูรณ์ของผลต่างทีละตัวเลือก⚠️จุดที่เด็กมักผิดลืมใส่ค่าสัมบูรณ์ของผลต่างหรือสลับชั้นที่ตำแหน่งตกลงไป
chap-15-statistics-q50,chap-15-statistics,mc,2,ควอไทล์ที่หนึ่งของคะแนนสอบมีค่าอยู่ระหว่าง $60$–$69$ คะแนน,🔴 ไม่เจอเลย,25,✅คำตอบ:ควอไทล์ที่หนึ่งอยู่ระหว่าง60-69คะแนน→ตัวเลือก3💡เทคนิคที่ใช้แปลงความถี่สัมพัทธ์เป็นความถี่จริงก่อนแล้วหาตำแหน่งควอไทล์จากความถี่สะสม⚠️จุดที่เด็กมักผิดอ่านความสูงแท่งฮิสโทแกรมสลับชั้นหรือลืมคูณNทำให้หาความถี่สะสมผิด
chap-15-statistics-q60,chap-15-statistics,mc,2,รูปของการแจกแจงความถี่เป็นเส้นโค้งเบ้ทางซ้าย และความแปรปรวนเท่ากับ $2.,🔴 ไม่เจอเลย,18,prox2.69\approx2.7และเบ้ซ้าย✅คำตอบ:เบ้ทางซ้ายและความแปรปรวน2.7→ตัวเลือก3💡เทคนิคที่ใช้\barx\textมัธยฐาน>\textฐานนิยมคือเบ้ขวา⚠️จุดที่เด็กมักผิดสลับทิศเบ้จำสับสนระหว่างตำแหน่งหางกับตำแหน่งยอดหรือลืมหารด้วยNตอนหาความแปรปรวน
chap-15-statistics-q69,chap-15-statistics,mc,3,สินค้าชนิดที่ $1$ มีการกระจายของราคามากกว่าสินค้าชนิดที่ $2$ แต่น้อยกว,🔴 ไม่เจอเลย,19,1กระจายมากกว่าชนิดที่2แต่น้อยกว่าชนิดที่3→ตัวเลือก4💡เทคนิคที่ใช้ค่าเฉลี่ยต่างกันให้ใช้C.V.ไม่ใช่เทียบความแปรปรวนหรือsตรงๆ⚠️จุดที่เด็กมักผิดเทียบด้วยความแปรปรวน/ส่วนเบี่ยงเบนมาตรฐานโดยตรงจะได้ชนิด1=ชนิด2ทั้งที่ต้องใช้C.V.
chap-15-statistics-q71,chap-15-statistics,mc,1,ราคาเฉลี่ยของสินค้าชนิดที่ $1$ น้อยกว่าชนิดที่ $2$ และการกระจายของราคา,🔴 ไม่เจอเลย,18,ยชนิด1น้อยกว่าชนิด2และกระจายมากกว่า→ตัวเลือก2💡เทคนิคที่ใช้ใช้\barx^2=\frac\sumx^2n-s^2ดึงค่าเฉลี่ยจากผลรวมกำลังสองแล้วเทียบC.V.⚠️จุดที่เด็กมักผิดสับสนระหว่าง\sumx^2กับ\sumx^2หรือลืมว่าค่าเฉลี่ยต่างกันต้องเทียบC.V.ไม่ใช่s
chap-15-statistics-q76,chap-15-statistics,mc,3,สัมประสิทธิ์ของการแปรผันของข้อมูลชุดนี้มีค่าเท่ากับ $50\%$,🔴 ไม่เจอเลย,31,.V.=50\%→ตัวเลือก4💡เทคนิคที่ใช้จำว่า\sum|x-a|น้อยสุดที่มัธยฐานและ\sumx-b^2น้อยสุดที่ค่าเฉลี่ยแล้วโยงเข้าสูตรC.V.⚠️จุดที่เด็กมักผิดสลับว่าค่าใดทำให้ผลรวมค่าสัมบูรณ์/กำลังสองน้อยสุดหรือลืมเทอมn\barx-a^2ตอนแปลงผลรวมกำลังสอง
chap-15-statistics-q82,chap-15-statistics,mc,0,เครื่องชั่ง ก มีความคลาดเคลื่อนน้อยกว่าเครื่องชั่ง ข,🔴 ไม่เจอเลย,14,กว่า→ตัวเลือก1💡เทคนิคที่ใช้เมื่อมีค่าจริงให้วัดความเที่ยงตรงด้วยความคลาดเคลื่อนเทียบค่าจริง\frac\sumx-\mu^2nไม่ใช่รอบค่าเฉลี่ยตัวเอง⚠️จุดที่เด็กมักผิดคำนวณความแปรปรวนรอบค่าเฉลี่ยของแต่ละเครื่องแทนที่จะวัดจากค่าจริง10กรัม
chap-15-statistics-q85,chap-15-statistics,mc,0,ส่วนสูงของนักเรียนหญิงมีการกระจายมากกว่าส่วนสูงของนักเรียนชาย,🔴 ไม่เจอเลย,16,ช้ใช้สูตรความแปรปรวนรวมย้อนหาความแปรปรวนของกลุ่มย่อยเมื่อค่าเฉลี่ยทุกกลุ่มเท่ากันพจน์ระหว่างกลุ่มเป็นศูนย์⚠️จุดที่เด็กมักผิดลืมว่ามีนักเรียนหญิง8คนจาก20-12หรือเข้าใจว่าข้อมูลไม่พอทั้งที่ความแปรปรวนรวมหาความแปรปรวนหญิงได้
chap-15-statistics-q92,chap-15-statistics,mc,1,ส่วนเบี่ยงเบนมาตรฐานของชุด $x$ น้อยกว่าส่วนเบี่ยงเบนมาตรฐานของชุด $y$,🔴 ไม่เจอเลย,15,ริง✅คำตอบ:ส่วนเบี่ยงเบนมาตรฐานของxน้อยกว่าของyไม่จริง→ตัวเลือก2💡เทคนิคที่ใช้บวกค่าคงตัว=เลื่อนข้อมูล→ค่ากลางเลื่อนแต่การกระจายพิสัยsMDและz-scoreคงเดิม⚠️จุดที่เด็กมักผิดคิดว่าการบวกค่าคงตัวทำให้ความกระจายเพิ่มตามค่าเฉลี่ย
chap-15-statistics-q95,chap-15-statistics,mc,2,ความแปรปรวนของโบนัสเป็น $4$ เท่าของความแปรปรวนของเงินเดือน,🔴 ไม่เจอเลย,14,นของโบนัสเป็น4เท่าของเงินเดือน→ตัวเลือก3💡เทคนิคที่ใช้ตัวคูณkทำให้ความแปรปรวนเป็นk^2เท่าไม่ใช่kเท่าส่วนการบวกค่าคงตัวไม่มีผลต่อความแปรปรวน⚠️จุดที่เด็กมักผิดคิดว่าความแปรปรวนเป็น2เท่าตามตัวคูณทั้งที่ต้องยกกำลังสองเป็น4เท่า
gen-chap-02-logic-q050,gen-chap-02-logic,mc,0,$p\vee q$ เป็นจริง เมื่อ $p$ หรือ $q$ อย่างน้อยหนึ่งตัวเป็นจริง,🔴 ไม่เจอเลย,20,ัวเชื่อม:\wedgeจริงยากสุดต้องครบ\veeเท็จยากสุดต้องเท็จครบ\toเท็จแค่กรณีเดียวT→Frightarrowดูค่าเท่ากันไหม⚠️จุดพลาดสับสน\wedgeกับ\veeตัวเลือก2และจำเงื่อนไขเท็จของ\toผิดว่า'หน้าเท็จ'ตัวเลือก3เป็นความเข้าใจผิดที่พบบ่อยที่สุด
gen-chap-02-logic-q093,gen-chap-02-logic,mc,1,ไม่สมเหตุสมผล เพราะ 'หรือ' แบบรวมยอมให้ทั้งสองข้อจริงพร้อมกันได้ จึงสร,🔴 ไม่เจอเลย,21,้อง'ปฏิเสธ'ตัวหนึ่ง\simpแล้วสรุปอีกตัว—ถ้า'ยืนยัน'ตัวหนึ่งpแล้วสรุปว่าอีกตัวเท็จจะกลายเป็นกับดักทันที⚠️จุดพลาดตัวเลือก'เป็นdisjunctivesyllogism'ดักคนจำชื่อกฎแต่ไม่ดูทิศ—กฎจริงคือp\veeqคู่กับ\simpปฏิเสธไม่ใช่คู่กับpยืนยัน
gen-chap-02-logic-q094,gen-chap-02-logic,mc,1,สมเหตุสมผล เพราะไล่ปฏิเสธผลเป็นลูกโซ่: ${\sim} r$ ให้ ${\sim} q$ แล้ว ,🔴 ไม่เจอเลย,22,\torพร้อมปลายสายเป็นเท็จ\simrให้ปฏิเสธผลย้อนกลับทีละสเต็ปจนถึงต้นสาย⚠️จุดพลาดตัวเลือก'สรุปได้แค่\simq'หยุดกลางทาง—\simqที่ได้ยังใช้เป็นเชื้อไปต่อกับเหตุ1ได้อีกสเต็ป·ส่วน'ปฏิเสธเหตุสองครั้ง'อ่านทิศผิดเราปฏิเสธ'ผล'ทุกครั้ง
gen-chap-02-logic-q095,gen-chap-02-logic,mc,1,สมเหตุสมผล เพราะไม่ว่าจะเป็นกรณี $p$ จริงหรือ $r$ จริง ก็นำไปสู่ $q$ ห,🔴 ไม่เจอเลย,24,r'ให้ตอบด้วย'การเลือกของหลังq\vees'—ไม่ต้องรู้ว่าตัวไหนจริงเพราะทั้งสองทางไปถึงข้อสรุปเดียวกัน⚠️จุดพลาดตัวเลือกที่บอก'ต้องได้q\wedges'เข้าใจผิดว่าเหตุบังคับทั้งสองผลพร้อมกัน—เหตุ3เป็น'หรือ'จึงได้แค่'หรือ'ของผลไม่ใช่'และ'
gen-chap-03-real-q079,gen-chap-03-real,mc,0,$\mathbb{R}$ (จำนวนจริงทุกจำนวน),🔴 ไม่เจอเลย,28,bRตรงกับวิธีแรก💡เทคนิคเมื่อผลรวมของระยะทางสองจุด|x-1|+|x+2|มีค่าอย่างน้อย3เสมอและเทียบกับ|x|ที่โตช้ากว่าอสมการจึงจริงทุกที่⚠️จุดพลาดถอดเครื่องหมายค่าสัมบูรณ์ผิดช่วงเช่นใช้x-1แทน1-xตอนx\lt1ทำให้ได้เซตคำตอบผิดเป็นช่วงจำกัด
gen-chap-03-real-q117,gen-chap-03-real,mc,0,ผลคูณของจำนวนอตรรกยะสองจำนวน เป็นจำนวนอตรรกยะเสมอ,🔴 ไม่เจอเลย,19,imesอตรรกยะอาจเป็นตรรกยะ💡เทคนิคตรรกยะ≠0\timesอตรรกยะและตรรกยะ+อตรรกยะเป็นอตรรกยะเสมอพิสูจน์ด้วยการขัดแย้ง·แต่อตรรกยะกับอตรรกยะไม่แน่นอน⚠️จุดพลาดเข้าใจว่าอตรรกยะคูณกันต้องได้อตรรกยะ·\sqrt2\cdot\sqrt2=2ล้มความเชื่อนี้ทันที
gen-chap-03-real-q122,gen-chap-03-real,mc,1,การดำเนินการนี้ไม่มีเอกลักษณ์ จึงไม่เป็นกรุป,🔴 ไม่เจอเลย,19,อยู่ในช่วงจำกัดที่นี่เป็นบวกเสมอแต่โดเมนกว้างกว่านั้นก็ไม่มีทางมีเอกลักษณ์ที่คืนค่าเดิมได้ทุกตัว⚠️จุดพลาดเห็นรูปเลขยกกำลังแล้วเดาว่าเอกลักษณ์คือ0หรือ1ตามนิสัยของ+หรือ\times·แต่a*b=2^a+bให้ค่าบวกเสมอจึงคืนaที่เป็นลบไม่ได้
gen-chap-03-real-q314,gen-chap-03-real,mc,1,มีเอกลักษณ์ขวา (right identity) คือ $0$ แต่ไม่มีเอกลักษณ์ซ้าย,🔴 ไม่เจอเลย,18,์ขวาคือ0แต่ไม่มีเอกลักษณ์ซ้าย💡เทคนิคเมื่อopไม่สลับที่'เอกลักษณ์'ต้องผ่านทั้งสองด้าน·ถ้าค่าที่แก้ได้ขึ้นกับaแสดงว่าด้านนั้นไม่มีเอกลักษณ์แท้⚠️จุดพลาดแก้เฉพาะด้านขวาได้0แล้วสรุปว่ามีเอกลักษณ์สองด้าน⇒ผิดเพราะด้านซ้ายไม่ผ่าน
gen-chap-03-real-q315,gen-chap-03-real,mc,2,$*$ ไม่มีทั้งสมบัติสลับที่และสมบัติเปลี่ยนหมู่,🔴 ไม่เจอเลย,18,opที่มีพจน์ไม่สมมาตรเช่นaโดดๆบวกabมักไม่สลับที่·เปลี่ยนหมู่ต้องกระจายทั้งสองฝั่งแล้วเทียบพจน์พจน์ที่โผล่ฝั่งเดียวคือหลักฐานว่าพัง⚠️จุดพลาดเห็นมีabคล้ายการคูณเลยเดาว่าสลับที่/เปลี่ยนหมู่·พจน์aที่โดดออกมาทำลายทั้งสองสมบัติ
gen-chap-03-real-q321,gen-chap-03-real,mc,1,เป็นกรุปที่มีเอกลักษณ์ $2$ และอินเวอร์สของ $a$ คือ $\dfrac{4}{a}$,🔴 ไม่เจอเลย,22,p\fracabkบน\mathbbR^+เป็นกรุปเสมอเอกลักษณ์=kอินเวอร์ส=\frack^2aisomorphicกับการคูณผ่านx\mapstox/k·ในที่นี้k=2⚠️จุดพลาดเดาเอกลักษณ์เป็น1เอกลักษณ์คูณปกติโดยไม่แก้จากนิยาม·หรือกลัวว่าอินเวอร์สหลุดโดเมนทั้งที่\frac4a\gt0เสมอ
gen-chap-03-real-q353,gen-chap-03-real,mc,0,$|x-5|\lt 0$ ไม่มีคำตอบ และ $|x-5|=0$ มีคำตอบเดียวคือ $x=5$,🔴 ไม่เจอเลย,18,องx=5:|0|=0ไม่น้อยกว่า0จึงไม่เข้าอสมการแต่เท่ากับ0พอดี✓·ไม่มีxใดให้ค่าติดลบ✓✅คำตอบข้อแรก💡เทคนิคจำ|A|\ge0เสมอ⇒|A|\lt0เซตคำตอบว่าง\varnothing·|A|=0ให้A=0ค่าเดียว⚠️จุดพลาดสับสนว่า|x-5|\lt0มีคำตอบx=5ที่จริงx=5ให้=0ไม่ใช่\lt0
gen-chap-03-real-q356,gen-chap-03-real,mc,2,$\sqrt{a^{2}}=|a|$ เสมอ แต่ $(\sqrt{a})^{2}=a$ ต่อเมื่อ $a\ge 0$,🔴 ไม่เจอเลย,18,✔ตรวจคำตอบแทนa=-4\sqrt-4^2=\sqrt16=4=|-4|✓·แต่\sqrt-4ไม่เป็นจำนวนจริง⇒\sqrta^2ใช้ไม่ได้✓✅คำตอบข้อแรก💡เทคนิค\sqrta^2=|a|ทุกaต่างจาก\sqrta^2=aเฉพาะa\ge0—จำแยกโดเมน⚠️จุดพลาดเชื่อว่า\sqrta^2=aเสมอพังเมื่อa\lt0จึงตกหลุมตัวลวง
gen-chap-04-coord-q010,gen-chap-04-coord,fill,"'(8,0),(0,-6)'","(8,0),(0,-6)",🔴 ไม่เจอเลย,20,กรูป\fracxa+\fracyb=1อ่านจุดตัดได้ทันทีลองจัด3x-4y=24เป็น\fracx8+\fracy-6=1💡เสริม:ผลรวมส่วนกลับของจุดตัดสัมพันธ์กับรูป\fracxa+\fracyb=1ตรวจโจทย์คล้ายกันได้ไว⚠️จุดพลาด:สลับเงื่อนไขเผลอตั้งx=0ตอนหาจุดตัดแกนxทำให้จุดสลับกัน
gen-chap-04-coord-q014,gen-chap-04-coord,fill,'45°',45°,🔴 ไม่เจอเลย,21,ห้ได้มุมแหลมเสมอถ้าตัวส่วน1+m_1m_2=0แสดงว่าตั้งฉาก90^\circ💡เสริม:ถ้าโจทย์อยากได้มุมเป็นเรเดียนหรือมุมป้านให้พิจารณาทั้ง\thetaและ180^\circ-\theta⚠️จุดพลาด:ลืมค่าสัมบูรณ์อาจได้\tan\theta=-1แล้วตอบมุมป้าน135^\circแทนมุมแหลม
gen-chap-04-coord-q021,gen-chap-04-coord,fill,"'$(3,-2),\\ r=5$'","$(3,-2),\ r=5$",🔴 ไม่เจอเลย,23,ค:ค่าที่เติมสองข้างต้องเท่ากันเสมอนำไปบวกฝั่งขวาให้ครบทั้งสองก้อน💡เสริม:ถ้าค่าคงที่ฝั่งขวาติดลบแสดงว่าไม่มีวงกลมจริงรัศมีจินตภาพควรเช็กเครื่องหมายก่อนสรุป⚠️จุดพลาด:ลืมย้าย-12ไปขวาก่อนหรือคิดว่าr=25แทนที่จะเป็นr=\sqrt25=5
gen-chap-04-coord-q028,gen-chap-04-coord,mc,1,$0$ จุด (ไม่ตัดกัน),🔴 ไม่เจอเลย,23,ล้องกับ\Delta\lt0🧭อีกมุมมอง:เส้นที่อยู่ห่างศูนย์กลางเกินรัศมีย่อมไม่แตะวงกลมจึงไม่มีจุดตัด📝หมายเหตุ:ค่าต่ำสุดของx^2-4x+6คือ2\gt0ยืนยันไม่มีรากจริงอีกทาง⚠️จุดพลาด:เทียบdกับr^2หรือลืมถอดรากที่ตัวส่วนทำให้สรุปจำนวนจุดตัดผิด
gen-chap-04-coord-q101,gen-chap-04-coord,fill,"'(28/5, 26/5)'","(28/5, 26/5)",🔴 ไม่เจอเลย,17,84-104+205=0จริงอยู่บนเส้น✅คำตอบ:F=\frac285\frac265💡เทคนิค:สูตรฉายเร็วกว่าการหาเส้นตั้งฉากแล้วแก้ระบบ;ค่า\fracAx_0+By_0+CA^2+B^2ใช้ซ้ำได้ทั้งสองพิกัด⚠️จุดพลาด:ลืมเครื่องหมายของB=-4ทำให้y_Fผิด;ต้องแทนเครื่องหมายจริงในสูตร
gen-chap-04-coord-q107,gen-chap-04-coord,fill,'-5 < c < 5',-5 < c < 5,🔴 ไม่เจอเลย,18,็นขอบเขตที่ถูกต้อง✅คำตอบ:-5\ltc\lt5💡เทคนิค:เทียบกับเงื่อนไขระยะระยะจากOถึงเส้น\frac|c|\sqrt5\lt\sqrt5\Rightarrow|c|\lt5ได้ผลเดียวกันเร็วกว่า⚠️จุดพลาด:ใช้\Delta\ge0รวมสัมผัสทั้งที่โจทย์ขอ'สองจุดต่างกัน'ต้องเป็น\gtเท่านั้น
gen-chap-04-coord-q108,gen-chap-04-coord,mc,3,$(x-2)^2+(y-3)^2=9$ หรือ $(x+4)^2+(y+3)^2=9$,🔴 ไม่เจอเลย,17,✔ตรวจคำตอบ:C23ระยะถึงแกนX=3=rสัมผัสจริงและอยู่บนy=x+13=2+1ครบเงื่อนไข✅คำตอบ:ข้อ1—มีสองวง💡เทคนิค:'สัมผัสแกนX'บังคับเฉพาะพิกัดyของศูนย์กลาง|k|=rเท่านั้น⚠️จุดพลาด:ตอบวงเดียวลืมกรณีh+1=-3ที่วงอยู่ใต้แกน
gen-chap-04-coord-q110,gen-chap-04-coord,fill,"'(4, 3/2)'","(4, 3/2)",🔴 ไม่เจอเลย,17,frac32:-32+9+23=0จริงจุดนี้อยู่บนเรดิคัลแอกซิสทั้งสามคู่✅คำตอบ:4\frac32💡เทคนิค:ใช้เพียงสองคู่ก็พอหาจุดแล้วยืนยันด้วยคู่ที่สามเพื่อกันคำนวณพลาด⚠️จุดพลาด:ลืมว่าพจน์x^2+y^2ต้องมีสัมประสิทธิ์เท่ากันก่อนลบที่นี่เป็น1ทุกวงแล้ว
gen-chap-04-coord-q111,gen-chap-04-coord,fill,'$8√5/5$',$8√5/5$,🔴 ไม่เจอเลย,22,85^2+\frac165^2=\frac8\sqrt55→ได้\overlineAB=\frac8\sqrt55ตรงกับวิธีแรก💡เทคนิค:โพลาร์xx_1+yy_1=r^2ใช้ได้ทันทีโดยไม่ต้องหาเส้นสัมผัสทีละเส้น⚠️จุดพลาด:สับสนกับความยาวเส้นสัมผัส\sqrtOP^2-r^2ซึ่งไม่ใช่ความยาวคอร์ด\overlineAB
gen-chap-04-coord-q112,gen-chap-04-coord,fill,'$2√7$',$2√7$,🔴 ไม่เจอเลย,21,2\sqrt73ต่อวงสอง=\sqrt\frac163^2-4^2=\frac4\sqrt73รวม=2\sqrt7→ได้\ell=2\sqrt7ตรงกับวิธีแรก💡เทคนิค:จำว่า'ภายใน'ใช้r_1+r_2เส้นผ่านระหว่างวงส่วน'ภายนอก'ใช้r_1-r_2⚠️จุดพลาด:สลับสูตรใช้r_1-r_2กับเส้นสัมผัสร่วมภายในได้คำตอบผิด
gen-chap-04-coord-q119,gen-chap-04-coord,fill,'$2√11$',$2√11$,🔴 ไม่เจอเลย,22,^2=11ได้จุดตัดแกนYที่y=5\pm\sqrt11ความยาวคอร์ด=|5+\sqrt11-5-\sqrt11|=2\sqrt11→ได้2\sqrt11ตรงกับวิธีแรก💡เทคนิค:ระยะจากจุดhkถึงแกนYคือ|h|ไม่ต้องใช้สูตรจุด-เส้นเต็ม⚠️จุดพลาด:สลับสูตรจุดแบ่งใช้x_Aคู่กับmแทนnทำให้ศูนย์กลางผิด
gen-chap-04-coord-q125,gen-chap-04-coord,fill,"'$(2,√3)$'","$(2,√3)$",🔴 ไม่เจอเลย,17,c\sqrt3^24=\frac14+\frac34=1อยู่บนวงรีจริง✅คำตอบ:2\sqrt3💡เทคนิค:จุดบนวงกลมช่วยคือa\cos\thetaa\sin\thetaแล้วบีบพิกัดyลงด้วยอัตราส่วน\fracbaได้จุดบนวงรี⚠️จุดพลาด:ใช้a\cos\thetaa\sin\thetaกับวงรีโดยลืมเปลี่ยนเป็นb\sin\theta
gen-chap-04-coord-q136,gen-chap-04-coord,fill,'$√13$',$√13$,🔴 ไม่เจอเลย,16,✔ตรวจคำตอบ:Q36อยู่บนy^2=12x:36=123จริงและB04เป็นปลายแกนโทb=4ถูกต้อง✅คำตอบ:QB=\sqrt13💡เทคนิค:ไล่ทีละชั้น—หาโฟกัสวงรีก่อนแล้วส่งต่อเป็นโฟกัสพาราโบลาจึงได้เลตัสเรกตัม⚠️จุดพลาด:ใช้4p=3แทนที่จะเป็นโฟกัสp=3ทำให้พาราโบลาผิด
gen-chap-04-coord-q137,gen-chap-04-coord,fill,'$±√55$',$±√55$,🔴 ไม่เจอเลย,15,x+cลงในกรวยคูณออกได้7x^2+16cx+9+c^2\cdot?เมื่อบังคับดิสคริมิแนนต์=0จะได้c^2=55เช่นกัน✅คำตอบ:c=\pm\sqrt55💡เทคนิค:จำสูตรตามชนิดกรวย—วงรีc^2=a^2m^2+b^2ไฮเพอร์โบลาc^2=a^2m^2-b^2⚠️จุดพลาด:เขียน+b^2แบบวงรีทำให้ได้c^2=73ซึ่งผิด
gen-chap-04-coord-q207,gen-chap-04-coord,mc,2,มีสองวง คือ $(x-3)^2+(y-2)^2=4$ และ $(x+5)^2+(y-10)^2=100$,🔴 ไม่เจอเลย,16,✅คำตอบ:มีสองวงตามตัวเลือกแรก💡เทคนิค:เงื่อนไขสัมผัสแกนแปลงเป็นr=|k|ทันทีเหลือ2สมการ2ตัวแปร⚠️จุดพลาด:ตอบเพียงวงเดียวลืมรากที่สองของสมการกำลังสองในk
gen-chap-04-coord-q278,gen-chap-04-coord,fill,'$2√3/3$',$2√3/3$,🔴 ไม่เจอเลย,18,\fracb^2a^2=\frac13จึงe=\sqrt1+\frac13→ได้\frac2\sqrt33ตรงกับวิธีแรก💡เทคนิค:มุมที่บรรจุแกนตามขวางเล็กแปลว่า\fracbaเล็กeใกล้1ตรวจความสมเหตุสมผลได้⚠️จุดพลาด:มุมทั้งหมดคือสองเท่าของครึ่งมุมอย่าใช้\tan60^\circเป็น\fracbaตรงๆ
gen-chap-04-coord-q297,gen-chap-04-coord,fill,'$4√2$',$4√2$,🔴 ไม่เจอเลย,15,✅คำตอบ4\sqrt2💡เทคนิคเมื่อxเป็นรากซ้ำจุดตัดสองจุดอยู่บนเส้นตั้งฉากแกนหาความยาวจากผลต่างyได้ตรง⚠️จุดพลาดต้องรวมทั้ง+yและ-yคอร์ดยาว2|y|
gen-chap-04-coord-q309,gen-chap-04-coord,fill,'$2√10$',$2√10$,🔴 ไม่เจอเลย,18,"\frac2S|BC|=\frac402\sqrt10=2\sqrt10✓✅คำตอบ:2\sqrt10💡เทคนิคเส้นสูง=ระยะจุดยอดถึง""เส้นของด้านตรงข้าม""หาได้เร็วกว่าการหาจุดปลายเส้นตั้งฉาก⚠️จุดพลาดลืมทำเส้นBCให้อยู่รูปAx+By+C=0ก่อน·ไม่ลดรูป\frac20\sqrt10·ใช้จุดAผิดตำแหน่ง"
gen-chap-04-coord-q310,gen-chap-04-coord,fill,'$5√2/2$',$5√2/2$,🔴 ไม่เจอเลย,22,"rt22\endaligned→ได้\frac5\sqrt22ตรงกับวิธีแรก💡เทคนิค""จุด+ภาพสะท้อน""ให้เส้นสะท้อนทันทีเพราะเส้นสะท้อนคือเส้นแบ่งครึ่งตั้งฉากของสองจุดนั้นเสมอ⚠️จุดพลาดใช้ความชันAA'=1เป็นความชันของ\ellแทนความชันตั้งฉาก·ลืมลดรูป\frac5\sqrt2"
gen-chap-04-coord-q318,gen-chap-04-coord,fill,'$4√5$',$4√5$,🔴 ไม่เจอเลย,18,"A'|=\sqrt4-0^2+-3-5^2=\sqrt16+64=\sqrt80=4\sqrt5✓✅คำตอบ:4\sqrt5💡เทคนิคถ้าถามแค่""ระยะระหว่างจุดกับภาพสะท้อน""ไม่ต้องหาA'—ใช้2\timesระยะจุด-เส้นได้เลย⚠️จุดพลาดลืมคูณ2ตอบ2\sqrt5·ไม่จัดเส้น\ellเป็นรูปAx+By+C=0ก่อน·ลดรูปรากผิด"
gen-chap-05-function-q033,gen-chap-05-function,fill,'(x+2)/(3-x)',(x+2)/(3-x),🔴 ไม่เจอเลย,22,-2=\frac05=0กลับมาที่เดิมพอดี✅คำตอบ:f^-1x=\fracx+23-xโดเมนx\ne3💡เทคนิค:รวมพจน์ที่มีxไว้ข้างเดียวแล้วดึงxเป็นตัวประกอบร่วมคือหัวใจของการหาผกผันฟังก์ชันตรรกยะ⚠️จุดพลาด:ระวังเครื่องหมายตอนดึง-y+2ออกมาและโดเมนของf^-1คือx\ne3
gen-chap-05-function-q192,gen-chap-05-function,fill,'2/x+3',2/x+3,🔴 ไม่เจอเลย,22,ตอบverifyff^-1x=\frac2\frac2x+3-3=\frac2\frac2x=x✓✅คำตอบ:f^-1x=\frac2x+3หรือ\frac3x+2x💡เทคนิค:เมื่อxอยู่ในตัวส่วนให้คูณไขว้ก่อนแล้วค่อยแยกxออกมา⚠️จุดพลาด:อย่าตอบส่วนกลับ\fracx-32—นั่นไม่ใช่ผกผันแต่เป็นการกลับเศษ-ส่วนเฉยๆ
gen-chap-05-function-q219,gen-chap-05-function,mc,0,"$f^{-1}(x)=\begin{cases} \dfrac{x-2}{3} & ,\ x\le 2 \\ \sqrt{x-2} & ,\",🔴 ไม่เจอเลย,26,💡เทคนิค:ผกผันของฟังก์ชันช่วงคือการผกผันกิ่งต่อกิ่งแล้วสลับโดเมน-เรนจ์จุดต่อy=2เป็นเส้นแบ่งกิ่งของผกผัน⚠️จุดพลาด:ต้องเลือกรากบวก+\sqrtx-2เพราะกิ่งเดิมx\gt0ถ้าใช้-\sqrtx-2จะได้ค่าติดลบซึ่งไม่ตรงเรนจ์และห้ามสลับโดเมนสองกิ่ง
gen-chap-05-function-q223,gen-chap-05-function,fill,'(x+20)/9',(x+20)/9,🔴 ไม่เจอเลย,17,=f\circf^-1✅คำตอบ:f^-1\circf^-1x=\fracx+209💡เทคนิค:f^-1\circf^-1=f\circf^-1จะหาf\circfก่อนแล้วผกผันทีเดียวก็ได้ได้ผลเท่ากัน⚠️จุดพลาด:อย่ายกกำลังสัมประสิทธิ์แบบมั่วการประกอบสองชั้นไม่ใช่การยกกำลังสองของสูตรต้องแทนซ้อนจริง
gen-chap-05-function-q261,gen-chap-05-function,fill,'$5 - 4 \\left(x - 3\\right)^{2}$',$5 - 4 \left(x - 3\right)^{2}$,🔴 ไม่เจอเลย,16,:4=a\frac12^2+5\Rightarrowa=-4→ได้-4x-3^2+5ตรงกับวิธีแรก💡เทคนิค:การหดแนวนอนกระทำกับxก่อนเลื่อนขวาจึงได้-4x-3^2ไม่ใช่-42x-3^2ที่ผิดขั้น⚠️จุดพลาด:ลืมสะท้อนเครื่องหมายลบ·หรือคิดเลื่อนขวาก่อนหด→2x-3ผิด·หรือลืมยกกำลัง2ที่ตัว2
gen-chap-05-function-q277,gen-chap-05-function,fill,'1-1/x',1-1/x,🔴 ไม่เจอเลย,24,กับ3-x-\frac2x:3a=32b+c=-12c+b=-2แก้ได้a=1b=0c=-1→ได้fx=1-\frac1xตรงกับวิธีแรก💡เทคนิค:ความยากอยู่ที่แปลงทุกพจน์ตอนแทนx\to\frac1xโดยเฉพาะ\frac1xrightarrowx⚠️จุดพลาด:จุดพลาดคือแทนx\to\frac1xไม่ครบทุกพจน์ทำให้สมการที่สองผิด
gen-chap-05-function-q329,gen-chap-05-function,fill,'(x-2)/2',(x-2)/2,🔴 ไม่เจอเลย,23,acx-22→ได้gx=\fracx-22ตรงกับวิธีแรก💡เทคนิค:การหาฟังก์ชันชั้นกลางของสามชั้น=ปอกชั้นนอกด้วยผกผันแล้วปอกชั้นในด้วยการแทนตัวแปรทำสองด้านสวนกัน⚠️จุดพลาด:อย่าปอกผิดลำดับต้องเอาf^-1ก่อนชั้นนอกสุดแล้วจึงจัดการhและอย่าลืมแก้x=u-3
gen-chap-05-function-q369,gen-chap-05-function,fill,'(x+5)/2',(x+5)/2,🔴 ไม่เจอเลย,16,g\fracx+52=2\cdot\fracx+52-5=x+5-5=x✓✅คำตอบ:f\circg^-1x=\fracx+52💡เทคนิค:ประกอบให้เป็นเชิงเส้นเดียวก่อนแล้วค่อยหาผกผันจะง่ายกว่าหาg^-1\circf^-1แยกส่วน⚠️จุดพลาด:คิด2x-3+1ผิดเป็น2x-3+1หรือหาผกผันของfgแยกแล้วประกอบสลับลำดับ
gen-chap-05-function-q393,gen-chap-05-function,fill,'(x-3)/2',(x-3)/2,🔴 ไม่เจอเลย,22,✔ตรวจคำตอบverifyff^-1x=2\cdot\fracx-32+3=xและf^-17=\frac7-32=2ตรงกับf2=7✅คำตอบ:f^-1x=\fracx-32💡เทคนิค:กราฟfและf^-1สมมาตรกับเส้นy=x⚠️จุดพลาด:อย่าตอบ\frac12x+3ซึ่งเป็นส่วนกลับไม่ใช่ผกผัน
gen-chap-07-trigonometry-q046,gen-chap-07-trigonometry,mc,0,$\tan 2 < \cot 2 < \cos 2 < \sin 2$,🔴 ไม่เจอเลย,46,สองเป็นส่วนกลับกันเมื่ออันหนึ่งมีขนาดเกิน1อีกอันต้องมีขนาดต่ำกว่า1เสมอ•\sin2<\tan2<\cos2<\cot2—อ่านเลข2เป็น2องศาซึ่งเป็นมุมแหลมเล็กมากลำดับนี้ถูกต้องจริงถ้ามุมเป็นองศาแต่โจทย์ระบุชัดว่าเป็นเรเดียน⇒มุมอยู่คนละจตุภาคกันเลย
gen-chap-07-trigonometry-q051,gen-chap-07-trigonometry,mc,0,$c < a < b < d$,🔴 ไม่เจอเลย,45,จำเรนจ์หลักของ\arctanผิดเป็น0\piจึงคิดว่า\frac3\pi4อยู่ในเรนจ์แล้วและตอบc=\frac3\pi4•b<c<a<d—พับcได้ถูกแต่คิดว่า\arccosต้องคืนค่าเป็นจำนวนลบตามมุมลบที่อยู่ข้างในจึงตอบb=-\frac\pi3ทั้งที่เรนจ์หลักของ\arccosไม่มีจำนวนลบเลย
gen-chap-07-trigonometry-q069,gen-chap-07-trigonometry,mc,2,$12 < P \le 18$,🔴 ไม่เจอเลย,47,le18เพราะลืมว่าปลายล่างมาจากสามเหลี่ยมที่แฟบจนกลายเป็นเส้นตรงซึ่งไม่นับเป็นสามเหลี่ยมปลายล่างจึงต้องเป็นวงเล็บเปิด•ได้12a=6อสมการสามเหลี่ยมใช้กับผลบวกของสองด้านที่เหลือคือb+c>aจึงต้องบวกaกลับเข้าไปอีกครั้งกลายเป็นP>2a=12
gen-chap-07-trigonometry-q074,gen-chap-07-trigonometry,mc,1,$0 < B \le \dfrac{\pi}{3}$,🔴 ไม่เจอเลย,52,ตัดทิ้งได้ทันที⚠️จุดพลาด•ได้00มาก•ได้\frac\pi3\leB<\piเพราะแปลงอสมการกลับโดยไม่กลับทิศเห็น\cosB\ge\frac12แล้วเขียนต่อทันทีว่าB\ge\frac\pi3ต้องจำว่าโคไซน์เป็นฟังก์ชันลดบนช่วง0\piค่าโคไซน์ที่ใหญ่ขึ้นหมายถึงมุมที่เล็กลงเสมอ
gen-chap-18-interest-and-value-of-money-q06,gen-chap-18-interest-and-value-of-money,mc,0,"เลือก A: รับ $10{,}000$ บาทวันนี้",🔴 ไม่เจอเลย,20,"ุดนั้นจะดึงมาวันนี้PVหรือดันไปอนาคตFVก็ได้ผลสรุปเหมือนกัน⚠️จุดพลาดถ้าดูแค่ตัวเลขหน้า10500>10000แล้วเลือกBตัวเลือก2คือกับดักที่ลืมปรับเวลา—เงิน10500ในอีกปี""ด้อยค่า""กว่าที่เห็นเพราะถ้าฝาก10000วันนี้จะโตเป็น10800ซึ่งมากกว่า"
gen-chap-18-interest-and-value-of-money-q37,gen-chap-18-interest-and-value-of-money,mc,0,"เลือก A: รับ $20{,}000$ บาทวันนี้",🔴 ไม่เจอเลย,18,000ได้ข้อสรุปเดียวกัน✓✅คำตอบเลือกAรับเงินวันนี้💡เทคนิคเงินคนละเวลาต้องดึงมาเวลาเดียวกันก่อนเทียบจะดึงมาวันนี้PVหรือดันไปอนาคตFVก็ได้ผลเหมือนกัน⚠️จุดพลาดถ้าดูแค่ตัวเลขหน้าแล้วเลือกก้อนที่มากกว่าโดยไม่ปรับเวลาคือกับดักหลัก
gen-chap-18-interest-and-value-of-money-q38,gen-chap-18-interest-and-value-of-money,mc,1,"เลือก B: รับ $53{,}000$ บาทในอีก $1$ ปี",🔴 ไม่เจอเลย,18,00ได้ข้อสรุปเดียวกัน✓✅คำตอบเลือกBรับเงินในอนาคต💡เทคนิคเงินคนละเวลาต้องดึงมาเวลาเดียวกันก่อนเทียบจะดึงมาวันนี้PVหรือดันไปอนาคตFVก็ได้ผลเหมือนกัน⚠️จุดพลาดถ้าดูแค่ตัวเลขหน้าแล้วเลือกก้อนที่มากกว่าโดยไม่ปรับเวลาคือกับดักหลัก
pat1-2552-03-q44,pat1-2552-03,mc,3,13.59%,🔴 ไม่เจอเลย,28,"ว่า140.6อยู่ฝั่งซ้ายzติดลบหรือลืมว่าตารางให้พื้นที่""จาก0ถึงz""ไม่ใช่พื้นที่สะสมทั้งหมดทำให้หา\mu\sigmaผิดและค่าzสำหรับ155160ต้องได้พอดี1.00และ2.00ตรวจคำตอบ:\mu=150\sigma=5แทนใน1:150-1.885=150-9.4=140.6✓และ2:150+9.4=159.4✓"
pat1-2552-07-q41,pat1-2552-07,mc,2,ควอไทล์ที่ $3$ ของความสูงมีค่ามากกว่า $150$ เซนติเมตร,🔴 ไม่เจอเลย,46,️จุดที่เด็กมักผิด1ใช้ขอบที่เขียน150แทนขอบจริง149.5—ทำให้ค่าคลาดเคลื่อน0.5ทุกครั้ง2ฐานนิยม:สับสนd_1d_2—d_1เทียบชั้นก่อนd_2เทียบชั้นหลังเสมอ3ใช้ตำแหน่งผิดสูตรเช่นQ_3ใช้\frac3N4ไม่ใช่\frac3N+14ข้อมูลแจกแจงความถี่ใช้\frac3N4
pat1-2552-10-q03,pat1-2552-10,mc,2,ก. ผิด และ ข. ถูก,🔴 ไม่เจอเลย,20,✔ตรวจคำตอบ:ก.ผิดข.ถูก✅คำตอบ:ตัวเลือก3💡เทคนิคที่ใช้nX-Y=nX-nX\capY⚠️จุดที่เด็กมักผิดสับสนระหว่างตัวเลข012กับเซต\012\—สมาชิกของPAต้องเป็นเซตเท่านั้น
pat1-2552-10-q09,pat1-2552-10,mc,1,$2 + 5\sqrt{2}$ หน่วย,🔴 ไม่เจอเลย,20,✔ตรวจคำตอบ:5\sqrt2\approx7.07บวก2ได้\approx9.07หน่วย—สมเหตุสมผล✓✅คำตอบ:ตัวเลือก2💡เทคนิคที่ใช้จัดกำลังสองสมบูรณ์หาศูนย์กลาง/รัศมี+สูตรระยะมากสุดd+r_1+r_2⚠️จุดที่เด็กมักผิดลืมบวกรัศมีทั้งสองวงหรือบวกแค่วงเดียว
pat1-2552-10-q13,pat1-2552-10,mc,0,ก. ถูก และ ข. ถูก,🔴 ไม่เจอเลย,19,v=2-1dot=2-2=0✓✅คำตอบ:ตัวเลือก1💡เทคนิคที่ใช้ใช้dotproductกระจาย+แทนเงื่อนไข\vecu\cdot\vecv=0|\vecu|=|\vecv|⚠️จุดที่เด็กมักผิดลืมว่า\vecv\cdot\vecu=\vecu\cdot\vecvสลับที่ได้ทำให้รวมพจน์-\vecu\cdot\vecv+4\vecv\cdot\vecuผิด
pat1-2552-10-q14,pat1-2552-10,mc,3,ก. ผิด และ ข. ผิด,🔴 ไม่เจอเลย,20,"✔ตรวจคำตอบ:กผิดขผิด✅คำตอบ:ตัวเลือก4💡เทคนิคที่ใช้เงื่อนไขจำเป็นของการลู่เข้า:ถ้าพจน์ทั่วไปไม่ลู่เข้าหา0อนุกรมต้องลู่ออก⚠️จุดที่เด็กมักผิดสับสนระหว่าง""ลำดับลู่เข้า""กับ""อนุกรมลู่เข้า""—เป็นคนละเรื่องกัน"
pat1-2552-10-q24,pat1-2552-10,mc,2,นาย ฉ นั่งเก้าอี้หมายเลข 2,🔴 ไม่เจอเลย,24,"ิงเสมอ✓✅คำตอบ:ตัวเลือก3💡เทคนิคที่ใช้หาตำแหน่งที่ถูกบังคับแน่นอนจ=3ฉ=2แล้วเลือกข้อความที่จริง""ทุกกรณี""ไม่ใช่แค่บางกรณี⚠️จุดที่เด็กมักผิดเลือกตัวเลือกที่จริงแค่ในการจัดเรียงแบบเดียวก/งสลับได้ทั้งที่โจทย์ถามข้อที่จริง""เสมอ"""
pat1-2553-03-q22,pat1-2553-03,mc,2,$C < B < D < A$,🔴 ไม่เจอเลย,27,log\loga^n=n\logaเพราะlogเป็นฟังก์ชันเพิ่มจึงเทียบลำดับได้จากค่าlogและจัดD=77^7^7=77^49ให้ฐานเดียวก่อน⚠️จุดที่เด็กมักผิดอ่านA=7^7^7ผิดเป็น7^7^7=7^49—ต้องคิดจากบนลงล่างเลขชี้กำลังคือ7^7=823543ทำให้Aใหญ่มหาศาลไม่ใช่ตัวเล็ก
pat1-2553-03-q24,pat1-2553-03,mc,3,ก. ข. ค. และ ง. ผิดทุกข้อ,🔴 ไม่เจอเลย,26,ุดก็พอ—เลือกเลขเล็กๆเช่นa=2b=3c=2แทนในa*b=a^bตรวจการสลับที่/เปลี่ยนหมู่/แจกแจงทีละข้อ⚠️จุดที่เด็กมักผิดคิดว่าการเปลี่ยนหมู่ของกำลังเป็นจริง—จริงๆa^b^c=a^bcแต่a^b^cต่างกันมาก64\ne512อย่าเหมาว่ายกกำลังมีสมบัติเหมือนบวก/คูณ
pat1-2553-03-q25,pat1-2553-03,mc,0,"A, B, D พูดเท็จ ; C และ E พูดจริง",🔴 ไม่เจอเลย,48,"ข้ามกันCพูด""Dเท็จ""→CDตรงข้ามเสมอทดสอบทีละกรณีจนเจอกรณีที่สอดคล้องทั้งหมด⚠️จุดที่เด็กมักผิดลืมว่า""คนพูดเท็จ""หมายถึงข้อความเขาเป็นเท็จไม่ใช่ตรงข้ามทุกคำ—เช่นBเท็จพูด""AจริงและCจริง""แค่ต้องมีตัวหนึ่งเท็จก็พอไม่ใช่เท็จทั้งคู่"
pat1-2553-07-q02,pat1-2553-07,mc,2,$\exists x \forall y[x + y = 1]$ มีค่าความจริงเป็นเท็จ,🔴 ไม่เจอเลย,26,"สับสนนิยาม\forallกับ\existsสำหรับทุกvsมีบาง•ลืมว่าโจทย์ถาม""ข้อใดถูกต้อง""คือต้องเช็คว่าป้ายกำกับจริง/เท็จในตัวเลือกถูกหรือผิดไม่ใช่หาแค่ค่าความจริงของประพจน์•\forallx\existsyเลือกyได้ต่างกันตามx—เผลอบังคับใช้yตัวเดียวทุกx"
pat1-2553-07-q03,pat1-2553-07,mc,3,"$\big\{ \emptyset, \{\emptyset\}, \{\{\emptyset\}\} \big\} \subset P(A",🔴 ไม่เจอเลย,29,เซตของA⚠️จุดที่เด็กมักผิด:•นับสมาชิกAผิดเป็น4ตัวเพราะตาลาย\emptyset\\emptyset\ทั้งที่มี3ตัว•สับสน\inเป็นสมาชิกกับ\subsetเป็นสับเซต•ในผลต่างเซตPA-\\emptyset\\emptyset\\มองว่าลบ1ตัวทั้งที่ลบสองสมาชิก\emptysetและ\\emptyset\
pat1-2553-07-q04,pat1-2553-07,mc,2,$\left\{ x \ \middle|\ \dfrac{2}{3} < x < 1 \right\}$,🔴 ไม่เจอเลย,37,อดช่วงให้คูณไขว้แล้วกลับเครื่องหมายอสมการ⚠️จุดที่เด็กมักผิด:•คูณตัวส่วนข้ามไปโดยไม่กลับเครื่องหมายทั้งที่ตัวส่วนเป็นลบ•ถอดค่าสัมบูรณ์ผิดเครื่องหมาย—บน[01ต้องได้|1-x|=1-xและ|x|=x•ลืมตัดด้วยช่วง[01ทำให้ขอบเขตคำตอบกว้างเกิน
pat1-2553-07-q25,pat1-2553-07,mc,1,ตำแหน่งที่ $10$ (จากซ้าย) ของแถวที่ $19$,🔴 ไม่เจอเลย,23,แถวด้วยการเทียบช่วงสะสมแล้วตำแหน่ง=ลำดับ-สะสมแถวก่อนหน้า⚠️จุดที่เด็กมักผิด:•ใช้ค่าจำนวนเช่น361แทนที่จะแปลงเป็นลำดับที่2n-1=361\Rightarrown=181•คิดเลขสะสม\fracrr+12ผิดทำให้ระบุแถวพลาด•หาตำแหน่งในแถวลืมลบสะสมของแถวก่อนหน้า
pat1-2553-10-q01,pat1-2553-10,mc,2,ประพจน์ $[(A \wedge B) \Rightarrow C] \Rightarrow [(A \Rightarrow B) \,🔴 ไม่เจอเลย,37,นว่าp\Rightarrowqเป็นเท็จเมื่อใด—จำให้แม่น:เท็จกรณีเดียวคือหน้าจริง-หลังเท็จ•ตัวเลือก4หลายคนเผลอคิดว่าสมมูลเพราะหน้าตาคล้ายต้องลองแทนค่าหากรณีค้านเสมอ•การพิสูจน์สัจนิรันดร์ต้องครอบคลุมทุกกรณีไม่ใช่ลองแค่กรณีเดียวแล้วสรุป
pat1-2553-10-q03,pat1-2553-10,mc,3,$P(A - B) - P(A \cap B) = \{\{0\}\}$,🔴 ไม่เจอเลย,36,ถูกหักล้างเมื่อนำเพาเวอร์เซตมาลบกัน⚠️จุดที่เด็กมักผิด•แก้|x^2-1|<8ผิด—ต้องกระจายเป็น-8<x^2-1<8ก่อน•ลืมว่า\varnothingอยู่ในเพาเวอร์เซตทุกตัวทำให้คิดตัวเลือก3และ4ผิด•สับสนระหว่าง\0\เซตที่มี0กับ\\0\\เซตที่มีสมาชิกเป็นเซต\0\
pat1-2553-10-q04,pat1-2553-10,mc,1,"ความสัมพันธ์ $r_2 = \{(x, y) \in R \times R \mid x^2 + y^2 = 4$ และ $x",🔴 ไม่เจอเลย,38,0ซึ่งมักเป็นจุดที่ทำให้เกิดyสองค่า•ความต่างระหว่างxy\ge0ในr_1กับxy>0ในr_2สำคัญมาก:r_1ยอมให้x=0คู่กับyได้สองค่าแต่r_2ไม่ยอมให้xหรือyเป็นศูนย์•เห็นค่าสัมบูรณ์หรือรากแล้วรีบสรุปว่าไม่เป็นฟังก์ชันต้องตรวจเงื่อนไขประกอบให้ครบ
pat1-2553-10-q05,pat1-2553-10,mc,3,ก. ผิด และ ข. ผิด,🔴 ไม่เจอเลย,20,️จุดที่เด็กมักผิด•เข้าใจผิดว่า\sqrta+b+\sqrta+c=\sqrt2a+b+cซึ่งไม่จริง•พยายามพิสูจน์เชิงพีชคณิตให้ยุ่งยากทั้งที่แค่ยกตัวอย่างค้านก็จบ•ลืมว่าการพิสูจน์ว่า'ผิด'ใช้แค่หนึ่งตัวอย่างค้านแต่การพิสูจน์ว่า'ถูก'ต้องครอบคลุมทุกค่า
pat1-2553-10-q08,pat1-2553-10,mc,3,ก. ผิด และ ข. ผิด,🔴 ไม่เจอเลย,36,อง4p⚠️จุดที่เด็กมักผิด•คำนวณรัศมีผิดเครื่องหมาย—สูตรr^2=\fracD2^2+\fracE2^2-FโดยFต้องย้ายข้างสมการนี้=23คือF=-23•ทำกำลังสองสมบูรณ์ผิดลืมบวกชดเชยอีกฝั่ง•สับสนทิศเปิดพาราโบลาy-k^2=-16x-hเปิดทางซ้ายโฟกัสอยู่ทางซ้ายของจุดยอด
pat1-2553-10-q11,pat1-2553-10,mc,0,$\log_{1/4}\log_{1/3}\log_{1/2}\sqrt[3]{\dfrac{1}{9x^2 - 244x + 29}} =,🔴 ไม่เจอเลย,45,้แกะออกจากนอกเข้าในทีละชั้น⚠️จุดที่เด็กมักผิด•ตีความ\log_3^2xผิดเป็น\log_3x^2ทั้งที่หมายถึง\log_3x^2•ลืมว่า\log_27x^3=\log_3xฐาน27=3^3กับเลขชี้กำลัง3ตัดกันพอดี•แกะlogซ้อนชั้นผิดลำดับ—ต้องเริ่มจากชั้นนอกสุดที่เท่ากับ0ก่อน
pat1-2553-10-q13,pat1-2553-10,mc,3,ก. ผิด และ ข. ผิด,🔴 ไม่เจอเลย,34,qrt[4]37⚠️จุดที่เด็กมักผิด•ข้อก.หลายคนคำนวณ|z^2|=\sqrt37แล้วสรุปทันทีว่า|z|=\sqrt37ทั้งที่|z|=\sqrt|z^2|=\sqrt[4]37•ลืมว่า|z^2|=|z|^2ไม่ใช่|z^2|=|z|•คำนวณผลคูณii+1\cdotsi+4ผิดเพราะมีหลายพจน์ต้องคูณทีละขั้นอย่างระมัดระวัง
pat1-2553-10-q15,pat1-2553-10,mc,2,"ถ้า $\bar{u} + \bar{v} + \bar{w} = \bar{0}$, $|\bar{u}| = 3$, $|\bar{v",🔴 ไม่เจอเลย,26,็นเครื่องมือหลักของโจทย์เวกเตอร์⚠️จุดที่เด็กมักผิด•จำทิศของอสมการโคชี-ชวาร์ซผิดเป็น\le•สับสนเงื่อนไข\cos^2\theta=1ว่าเป็นตั้งฉากทั้งที่หมายถึงขนาน•เปิดวงเล็บ|\baru+\barv|^2ผิด—เครื่องหมายพจน์กลางต้องเป็นบวกเมื่อเป็นผลบวก
pat1-2553-10-q20,pat1-2553-10,mc,3,ถูกทั้ง 3 ข้อ คือ ข้อ ก. ข. และ ค.,🔴 ไม่เจอเลย,27,องไล่ทุกกรณีของนิยาม⚠️จุดที่เด็กมักผิด•อ่านนิยามผิดสลับ\Thetamaxกับ\trianglemin•ไม่เชื่อว่ากฎแจกแจงminovermaxเป็นจริงจึงเลือกตอบว่าถูกแค่2ข้อ•ตรวจข้อค.ด้วยตัวเลขชุดเดียวแล้วสรุปควรลองหลายชุดให้ครอบคลุมกรณีaมาก/น้อยกว่าbc
pat1-2553-10-q21,pat1-2553-10,mc,1,$a = 166.1$ และ $b = 169.43$,🔴 ไม่เจอเลย,37,ยามนี้⚠️จุดที่เด็กมักผิด•ใช้ขอบชั้นที่เขียน166แทนขอบล่างจริง165.5ในสูตรเปอร์เซ็นไทล์•หาความถี่สะสมก่อนชั้นผิดต้องเป็นผลรวมก่อนถึงชั้นที่มีP_75•สับสนตำแหน่งP_75กับค่าเปอร์เซ็นไทล์—ตำแหน่งคือ37.5แต่ค่าคือส่วนสูงที่คำนวณได้
pat1-2553-10-q22,pat1-2553-10,mc,3,ก. ผิด และ ข. ผิด,🔴 ไม่เจอเลย,28,ละบริเวณใช้ข้อมูล'อย่างเดียว'และผลรวมแต่ละวงไล่หาบริเวณที่เหลือ⚠️จุดที่เด็กมักผิด•ลืมหักส่วนกลางสามวง5ออกจากnM\capP=20ก่อน•คำนวณคนไม่ชอบเลยผิด—ต้องเอา100ลบด้วยผลรวม7บริเวณ•สับสน'คณิตอย่างเดียว'20คนกับ'ชอบคณิตทั้งหมด'50คน
pat1-2553-10-q23,pat1-2553-10,mc,0,ก. ถูก และ ข. ถูก,🔴 ไม่เจอเลย,43,ปลี่ยนเหลือต่างเฉพาะตัวหารn⚠️จุดที่เด็กมักผิด•ข้อข.คิดว่าการเพิ่มx_5จะเพิ่มผลรวมกำลังสองเสมอทั้งที่x_5=\barxทำให้เพิ่ม0•สับสนว่า\fracbaคือชุดสองต่อชุดหนึ่งตัวหารน้อยกว่าความแปรปรวนมากกว่า•ข้อก.ลืมเรียงข้อมูลก่อนหามัธยฐาน
pat1-2553-10-q25,pat1-2553-10,mc,0,ถ้า $x * y$ และ $y * z$ แล้ว $(x + y) * z$,🔴 ไม่เจอเลย,31,ิดหักล้างด้วยตัวอย่างค้านเล็กๆ⚠️จุดที่เด็กมักผิด•ตีความทิศของa*bผิด—a=kbคือbหารaไม่ใช่aหารb•คิดว่าการหารลงตัวมีสมบัติสลับที่ตัวเลือก4ซึ่งไม่จริง•สับสนว่า'dหารyและdหารz'หมายความว่า'dหารyzหรือy+z'—ที่จริงต้องเป็นทางกลับกัน
pat1-2554-03-q11,pat1-2554-03,mc,1,$\{x \in R \mid -1 \le x < 2\}$,🔴 ไม่เจอเลย,39,คำตอบ:ตัวเลือก2💡เทคนิคที่ใช้อสมการเลขชี้กำลังฐานพลิกเครื่องหมายเมื่อเทียบเลขชี้กำลังอสมการเศษส่วนใช้เส้นจำนวนแยกช่วง⚠️จุดที่เด็กมักผิดลืมพลิกอสมการเพราะฐานน้อยกว่า1หรือนับจุดx=-1เข้าไปในBทั้งที่ทำให้ส่วนเป็นศูนย์ไม่นิยาม
pat1-2554-12-q05,pat1-2554-12,mc,0,"$\{\, x \in \mathbb{R} \mid -2 < x < 8 \,\}$",🔴 ไม่เจอเลย,24,"ื่องหมาย"">""มากกว่าศูนย์ไม่ใช่""\ge""เพราะนอกจากรากต้องนิยามได้แล้วตัวส่วนยังห้ามเป็นศูนย์ด้วย⚠️จุดที่เด็กมักผิด:เผลอใช้\ge0ทำให้ได้ช่วงปิด[-28]ผิดและตอนคูณ-1เพื่อแก้-xต้องกลับเครื่องหมายอสมการเสมอลืมข้อนี้จะได้ช่วงกลับด้าน"
pat1-2554-12-q23,pat1-2554-12,mc,1,$x * (y + 2) = (x * y) + (x * 2)$,🔴 ไม่เจอเลย,40,ห้แทนเลขจริงเป็นการตรวจซ้ำที่เร็วที่สุด⚠️จุดที่เด็กมักผิด:1ลืมว่าโจทย์ถามข้อที่ผิดไม่ใช่ข้อที่ถูก2กระจายx*2ผิดโดยลืมว่า2ต้องบวก1เป็น2+1ตามนิยาม3คิดว่า*มีสมบัติการกระจายเหมือนการคูณปกติทั้งที่จริง*ไม่กระจายบนการบวกแบบนั้น
pat1-2555-03-q05,pat1-2555-03,mc,1,$B < A < C < D$,🔴 ไม่เจอเลย,26,สองกลุ่มด้วยเส้นแบ่ง1ฐาน1ให้ค่า>1⚠️จุดที่เด็กมักผิด:1ลืมว่าฐาน<1ทำให้ทิศทางของเลขชี้กำลังกลับด้านเลขชี้กำลังมาก→ค่าน้อย2ไม่สังเกตว่าทั้งสองกลุ่มถูกแบ่งด้วยค่า13สับสนว่า\tan\thetaหรือ\cot\thetaตัวไหนมากกว่ากันในช่วง0°-45°
pat1-2555-03-q09,pat1-2555-03,mc,1,$\{ x \in R \mid (4x - 1)(x - 4) < 0 \}$,🔴 ไม่เจอเลย,30,"ังโจทย์ถาม""สับเซต""จึงหาช่วงที่ครอบAได้พอดีปลายต้องกว้างกว่าหรือเท่ากับA⚠️จุดที่เด็กมักผิด:1ลืมกลับทิศอสมการเมื่อฐาน<12แยกตัวประกอบ5x^2-22x+8ผิด3เลือกช่วงที่""ใกล้เคียง""แต่ไม่ได้ครอบAทั้งหมดเช่นเลือกตัวเลือก1ที่ปลายขวาแค่3"
pat1-2555-10-q25,pat1-2555-10,mc,2,(ก) – (ง) ถูกเพียง 3 ข้อ,🔴 ไม่เจอเลย,41,"มื่อPเป็นเท็จต้องตรวจทุกแบบที่เป็นไปได้ของตารางข้อความจะ""ถูก""ก็ต่อเมื่อจริงทุกแบบ⚠️จุดที่เด็กมักผิดเติมตารางได้แบบเดียวแล้วรีบสรุป!ตารางนี้มีคำตอบ2แบบถ้าตรวจข้อความกับแบบเดียวจะสรุปกถูกผิดพลาดต้องหาให้ครบทุกแบบก่อนตัดสิน"
pat1-2556-03-q12,pat1-2556-03,mc,2,"$\{\, x \in \mathbb{R} \mid 0 \le |x + 3| \le 5 \,\}$",🔴 ไม่เจอเลย,37,เมนฐาน>0\ne1ในlog>0ก่อนเสมอแล้วดูว่าฐาน>1คงทิศหรือ0⚠️จุดที่เด็กมักผิดลืมเงื่อนไขโดเมนทำให้ได้คำตอบเกินจริงเผลอกลับเครื่องหมายตอนคูณx-1ทั้งที่x>1จึงไม่ต้องกลับและตรวจสับเซตด้วยจุดเดียวอาจพลาดต้องมั่นใจว่าครอบทุกจุดในช่วงA
pat1-2557-03-q06,pat1-2557-03,mc,2,"$\{\, x \in \mathbb{R} \mid x^2 + x - 12 \ge 0 \,\}$",🔴 ไม่เจอเลย,43,ริง⚠️จุดที่เด็กมักผิดโจทย์ถามว่าเรนจ์เป็น“สับเซตของ”ข้อใดไม่ใช่“เท่ากับ”ข้อใด—จึงต้องเลือกช่วงที่ครอบคลุมเรนจ์ทั้งหมดตัวเลือก3มี[3\inftyที่กว้างกว่า[4\inftyจึงครอบได้ระวังการกระจาย4-y^2และเครื่องหมายตอนคำนวณดิสคริมิแนนต์
pat1-2557-04-q09,pat1-2557-04,mc,3,"ผลบวกของระยะทางจากจุด $(2,6)$ ไปยังโฟกัสทั้งสองของวงรีเท่ากับ $20$ หน่",🔴 ไม่เจอเลย,49,"ุดอยู่บนวงรีผลบวกระยะถึงโฟกัสคู่=2aเสมอไม่ต้องหาพิกัดโฟกัสจริงๆแค่ตรวจว่าจุดอยู่บนวงรีก็พอ⚠️จุดที่เด็กมักผิด:1ความเยื้องศูนย์กลางวงรีใช้c^2=a^2-b^2ลบต่างจากไฮเพอร์โบลา2ตัวเลือก3ต้องเทียบ""แกนเอก=2a=20""กับรัศมีไม่ใช่""a=10"""
pat1-2557-11-q30,pat1-2557-11,mc,0,$D < A < C < B$,🔴 ไม่เจอเลย,43,าเพื่อชดเชย—เปรียบเทียบได้เร็วโดยไม่ต้องแก้ระบบเต็มแต่แก้ระบบก็ได้คำตอบเดียวกัน⚠️จุดที่เด็กมักผิดต้องใช้เงื่อนไขCD>0จึงสรุปB>Cได้—ถ้าลืมว่าทุกตัวเป็นบวกจะเปรียบเทียบไม่ได้และระวังจัดสมการA=2C-Bเป็นA+B=2Cให้ถูกไม่ใช่A+B=C
pat1-2558-10-q01,pat1-2558-10,mc,1,$(p \to q) \vee (r \to p)$ มีค่าความจริงเป็น จริง,🔴 ไม่เจอเลย,33,าตัวแปรที่ปรากฏเดี่ยวๆก่อนเช่นpเพื่อบีบค่าความจริงแล้วแทนผลในทุกตัวเลือก⚠️จุดที่เด็กมักผิดตัวเลือก4และ5อ้างว่าประพจน์เป็นเท็จแต่จริงๆเป็นจริงต้องเทียบค่าที่คำนวณได้กับสิ่งที่ตัวเลือกอ้างห้ามเลือกเพียงเพราะประพจน์เป็นจริง
pat1-2558-10-q09,pat1-2558-10,mc,2,"ความสัมพันธ์ $r_3 = \{ (x,y) \in \mathbb{R} \times \mathbb{R} \mid x^2",🔴 ไม่เจอเลย,25,"ให้ค่าเดียวกัน1ค่าxจับคู่หลายy—เป็นสัญญาณของการ""ไม่เป็นฟังก์ชัน""⚠️จุดที่เด็กมักผิดในr_5ถึงจะมีx^2แต่ตัวที่ยกกำลังคือxไม่ใช่y—เงื่อนไขฟังก์ชันดูที่""yซ้ำต่อxหนึ่งค่า""ดังนั้นx^2ไม่ทำให้เสียความเป็นฟังก์ชันต้องดูที่yเป็นหลัก"
pat1-2558-10-q11,pat1-2558-10,mc,2,$4x^2 + 9y^2 - 8x - 36y - 140 = 0$,🔴 ไม่เจอเลย,33,แล้วใช้นิยามวงรี2a=ผลบวกระยะถึงโฟกัสทั้งสองจากจุดที่วงรีผ่านเพื่อหาa⚠️จุดที่เด็กมักผิดพาราโบลานี้เปิดซ้ายค่าxติดลบหลังจัดรูปโฟกัสจึงอยู่ทางซ้ายของจุดยอดไม่ใช่ทางขวาและอย่าสับสนa^2กับb^2—แกนเอกอยู่แนวนอนa^2จึงอยู่ใต้x-1^2
pat1-2558-10-q15,pat1-2558-10,mc,1,ข้อ (ก) และ ข้อ (ค) ถูก แต่ ข้อ (ข) ผิด,🔴 ไม่เจอเลย,34,คที่ใช้หาfจากf^-1โดยตั้งตัวแปรk=f^-1xแล้วแก้หาxในรูปของkจะได้fตรงๆจากนั้นค่อยหาอนุพันธ์⚠️จุดที่เด็กมักผิดข้อขต้องระวังลำดับการแทนค่าf''f4คือแทนf4=-2เข้าf''ส่วนff''4คือแทนf''4เข้าf—สลับกันไม่ได้และผลลัพธ์ทั้งสองไม่เท่ากัน
pat1-2558-10-q18,pat1-2558-10,mc,3,ข้อ (ก) ข้อ (ข) และ ข้อ (ค) ถูกทั้งสามข้อ,🔴 ไม่เจอเลย,30,้ฟังก์ชันประกอบกับpiecewise:หาค่าfxก่อนแล้วหาช่วงของค่าfxเพื่อเลือกสาขาของgให้ถูกเทียบกับเกณฑ์x⚠️จุดที่เด็กมักผิดต้องดูว่าค่าที่ออกจากfตกในสาขาใดของgไม่ใช่ดูที่xเดิม—เช่นข้อคแม้x>6แต่fx=7-x<1จึงต้องใช้สาขาgx=x+2ไม่ใช่x-4
pat1-2558-10-q19,pat1-2558-10,mc,1,ข้อ (ก) และ ข้อ (ค) ถูก แต่ ข้อ (ข) ผิด,🔴 ไม่เจอเลย,38,ูณตลอดด้วยตัวส่วนเชิงซ้อน3+iเพื่อกำจัดเศษส่วนจากนั้นเทียบส่วนจริง/จินตภาพได้ระบบสมการเชิงเส้น⚠️จุดที่เด็กมักผิดข้อขดูเผินๆคล้ายถูกแต่|-8+5i|=\sqrt89\approx9.43\ne10ต้องคำนวณขนาดให้ครบอย่าเดาและระวัง\barz-z=-2yiไม่ใช่+2yi
pat1-2558-10-q20,pat1-2558-10,mc,2,อนุกรมลู่เข้า มีผลบวกเท่ากับ $24$,🔴 ไม่เจอเลย,29,พื่อกำจัดตัวคูณnเหลืออนุกรมเรขาคณิตล้วนที่หาผลบวกด้วยสูตร\fraca_11-rได้⚠️จุดที่เด็กมักผิดต้องจัดรูป\frac2^3n3^2n+1ให้เป็น\frac13\frac89^nก่อนเพื่อระบุr=\frac89ให้ถูกและตอน1-2สัมประสิทธิ์เป็น1-\frac89=\frac19ไม่ใช่\frac89
pat1-2559-03-q01,pat1-2559-03,mc,0,ข้อ (ก) และ ข้อ (ข) ถูก แต่ ข้อ (ค) ผิด,🔴 ไม่เจอเลย,41,"กฎการแจกแจง/นิเสธ⚠️จุดที่เด็กมักผิดข้อขถามว่า""ไม่เป็นสัจนิรันดร์""—ต้องระวังว่าข้อความนี้ถูกเมื่อประพจน์ไม่เป็นสัจนิรันดร์จริงอย่าสับสนว่าต้องเป็นสัจนิรันดร์ถึงจะถูกและข้อคอย่าลืมว่า\sim\simr\equivrถ้าแปลงผิดจะได้คำตอบผิด"
pat1-2559-03-q03,pat1-2559-03,mc,3,ข้อ (ก) ข้อ (ข) และ ข้อ (ค) ถูกทั้งสามข้อ,🔴 ไม่เจอเลย,33,"ังด้วยการตัดฐานฐาน>1จึงไม่กลับข้อคต้องสังเกตว่าฐาน\fracnsอยู่ระหว่าง0-1จึงกลับอสมการ⚠️จุดที่เด็กมักผิดข้อคเด็กมักลืมกลับเครื่องหมายเพราะฐานน้อยกว่า1→ตอบผิดเป็น""คผิด""การตัดฐาน/ยกกำลังต้องเช็คเสมอว่าฐานมากกว่าหรือน้อยกว่า1"
pat1-2559-03-q06,pat1-2559-03,mc,4,ข้อ (ก) ข้อ (ข) และ ข้อ (ค) ผิดทั้งสามข้อ,🔴 ไม่เจอเลย,35,วอย่างค้าน1ตัวก็พอเรื่องเพาเวอร์เซตจำไว้ว่าPA\cupBใหญ่กว่าPA\cupPBเสมอเพราะมีสับเซตที่ผสมสมาชิกจากทั้งAและB⚠️จุดที่เด็กมักผิดสับสน\inกับ\subsetในข้อกและข้อคทิศของสับเซตสำคัญมาก—PA\cupB\subsetPA\cupPBผิดแต่กลับข้างแล้วถูก
pat1-2559-03-q07,pat1-2559-03,mc,1,ข้อ (ก) และ ข้อ (ค) ถูก แต่ ข้อ (ข) ผิด,🔴 ไม่เจอเลย,40,ั้นแปลตัวบ่งปริมาณ\forallจริงทุกตัวและ\existsจริงอย่างน้อยหนึ่งตัวเทียบกับเอกภพสัมพัทธ์⚠️จุดที่เด็กมักผิด\sqrtx-1^2=|x-1|ไม่ใช่x-1ตรงๆและต้องตัดx=0ออกจากเอกภพระวังว่า\forallx[Qx]เป็นเท็จเพราะมีบางค่าเช่นx=-1.5ที่Qไม่จริง
pat1-2559-03-q12,pat1-2559-03,mc,2,$\{ x \in \mathbb{R} \mid |x-1| < 2 \}$,🔴 ไม่เจอเลย,41,"ค่าใต้รากฝั่งซ้าย→ยกกำลังสองแล้วพจน์ส่วนใหญ่ตัดกันเหลือเพียงเงื่อนไขให้ผลคูณรากเป็นบวก⚠️จุดที่เด็กมักผิดเงื่อนไขต้องเป็น>0บวกแท้ไม่ใช่\ge0เพราะอสมการเป็น""น้อยกว่า""แท้และอย่าลืมตรวจโดเมนของรากด้วยซึ่งสอดคล้องกับช่วงที่ได้"
pat1-2559-03-q17,pat1-2559-03,mc,0,ข้อ (ก) และ ข้อ (ข) ถูก แต่ ข้อ (ค) ผิด,🔴 ไม่เจอเลย,40,ต่อเนื่องที่รอยต่อทั้งสองจุดก่อนแล้วจึงประเมินแต่ละข้อความระวังเลือกสูตรย่อยให้ตรงกับช่วงของอาร์กิวเมนต์⚠️จุดที่เด็กมักผิดข้อคต้องเลือกสูตรfและf'ให้ถูกช่วง:f2=12อยู่ช่วง>4จึงใช้f'=8f'2=8แล้วf8อยู่ช่วง>4จึงใช้8x→ผลต่างกัน
pat1-2559-03-q25,pat1-2559-03,mc,4,$c < a < b$,🔴 ไม่เจอเลย,31,ให้กลับเศษส่วนเป็น\frac1x+\frac1yทันที→สมการกลายเป็นเชิงเส้นในส่วนกลับแก้ระบบ3สมการได้ง่าย⚠️จุดที่เด็กมักผิดC=-\frac112เป็นลบ→c=-12เป็นลบ—เด็กมักลืมว่าค่าลบทำให้การเรียงลำดับเปลี่ยนcน้อยสุดต้องเปรียบเทียบเครื่องหมายให้ดี
pat1-2559-03-q28,pat1-2559-03,mc,0,ข้อ (ก) และ ข้อ (ข) ถูก แต่ ข้อ (ค) ผิด,🔴 ไม่เจอเลย,31,ต่คผิด→ตัวเลือก1💡เทคนิคที่ใช้อินทิเกรตg'หาgแล้วใช้เงื่อนไขg0=0จากg=xfหาcหาf=g/xแล้ววิเคราะห์เครื่องหมายอนุพันธ์หาค่าสุดขีด⚠️จุดที่เด็กมักผิดใช้g0=0หาc—เพราะgx=xfxทำให้g0=0เสมอข้อคต้องดิฟf+gทั้งก้อนแล้วแทนx=1ได้24ไม่ใช่12
pat1-2559-10-q01,pat1-2559-10,mc,0,ข้อ (ก) และ ข้อ (ข) ถูก แต่ ข้อ (ค) ผิด,🔴 ไม่เจอเลย,40,"ี่อ้างว่า""เป็นเท็จเสมอ""เพียงหา1กรณีที่เป็นจริงก็หักล้างได้⚠️จุดที่เด็กมักผิดข้อขเขียนว่า""ไม่เป็นสัจนิรันดร์""ซึ่งเป็นข้อความที่""ถูก""อย่าหลงคิดว่าคำว่าไม่ทำให้ข้อผิดและมักลืมว่าprightarrowqจริงได้ทั้งกรณีTTและFFไม่ใช่แค่TT"
pat1-2559-10-q03,pat1-2559-10,mc,2,ข้อ (ค) ถูกเพียงข้อเดียว,🔴 ไม่เจอเลย,37,ค้านและใช้สมบัติA\subsetB\RightarrowPA\subsetPBสร้างลูกโซ่สับเซตในข้อค⚠️จุดที่เด็กมักผิดสับสนสูตรกระจายA\capB\cupCกับสูตรที่ถูกต้องคิดว่าPA-PB=PA-Bเสมอซึ่งไม่จริงลืมว่า\emptysetเป็นสับเซตของทุกเซตจึงต่อลูกโซ่ในข้อคไม่ได้
pat1-2559-10-q04,pat1-2559-10,mc,4,ข้อ (ก) ข้อ (ข) และ ข้อ (ค) ผิดทั้งสามข้อ,🔴 ไม่เจอเลย,42,รือฐานน้อยกว่า1ข้อคซึ่งเป็นกรณีที่สมบัติมักพัง⚠️จุดที่เด็กมักผิดคิดว่าคูณอสมการได้เสมอลืมว่าจำนวนลบทำให้ผลพังข้อกในข้อขยิ่งห่างจากcไปทางซ้ายมากค่าสัมบูรณ์ยิ่งมากไม่ใช่ยิ่งน้อยในข้อคลืมกรณีฐานน้อยกว่า1ที่การยกกำลังกลับทิศ
pat1-2559-10-q05,pat1-2559-10,mc,0,$\{ x \in \mathbb{R} \mid |x+2| \geq 2|x-3| \}$,🔴 ไม่เจอเลย,42,ก่อนเพื่อถอดค่าสัมบูรณ์โดยไม่ต้องแยกหลายกรณีแล้วแทนคำตอบเช็คสับเซตทีละตัวเลือก⚠️จุดที่เด็กมักผิดลืมตรวจขอบเขตx\geq0ทำให้แยกกรณีค่าสัมบูรณ์เกินจำเป็นในตัวเลือก2เข้าใจผิดว่า3<3เป็นจริงจริงๆต้องน้อยกว่าเท่านั้นไม่รวมเท่ากับ
pat1-2559-10-q07,pat1-2559-10,mc,1,ข้อ (ก) และ ข้อ (ค) ถูก แต่ ข้อ (ข) ผิด,🔴 ไม่เจอเลย,36,ก่อนเพื่อรู้ว่าfใช้สูตรกรณีใดข้อกการคำนวณfgและf/gตรงตามนิยามแล้วเทียบกับข้ออ้าง⚠️จุดที่เด็กมักผิดข้อกลืมว่าgx\geq1จึงต้องใช้สูตรล่างf=3ไม่ใช่สูตรบนสับสนfgxการคูณกับf+gxหรือf\circgxในข้อคการหารด้วยเศษส่วนคือการคูณส่วนกลับ
pat1-2559-10-q08,pat1-2559-10,mc,3,ข้อ (ก) ข้อ (ข) และ ข้อ (ค) ถูกทั้งสามข้อ,🔴 ไม่เจอเลย,55,่าง'แล้วแยกตัวประกอบดูเครื่องหมาย⚠️จุดที่เด็กมักผิดตอนกระจาย2-a^3และ32-a^2มักคิดเครื่องหมายหรือสัมประสิทธิ์พลาดควรกระจายทีละพจน์อย่างระมัดระวังแล้วแทนค่าตรวจและอย่าสับสนระหว่างค่าต่ำสุด'สัมพัทธ์'localกับค่าต่ำสุดสัมบูรณ์
pat1-2559-10-q09,pat1-2559-10,mc,4,$C < B < A$,🔴 ไม่เจอเลย,31,\otimesb...จนเห็นรูปทั่วไปแล้วค่อยแทนค่าจริงจะเร็วและไม่หลง⚠️จุดที่เด็กมักผิดมักพยายามคำนวณ\otimesเป็นการคูณหรือบวกตามสัญชาตญาณทั้งที่โจทย์นิยามเองต้องยึดสมบัติกขเท่านั้นและเวลามีวงเล็บซ้อนต้องคิดจาก'ในสุดออกนอก'ทีละชั้น
pat1-2559-10-q18,pat1-2559-10,mc,0,ข้อ (ก) และ ข้อ (ข) ถูก แต่ ข้อ (ค) ผิด,🔴 ไม่เจอเลย,32,2+c^2และbc'เป็นก้อน'ก่อนไม่ต้องแยกหาbcเดี่ยวทำให้กฎโคไซน์/ไซน์ลัดมากค่า\fraca\sinA=1พอดีทำให้\sinB=b\sinC=c⚠️จุดที่เด็กมักผิดทำส่วนเป็นจำนวนจริงผิดลืมว่า\sqrt6+\sqrt2\sqrt6-\sqrt2=4หรือเหมาว่าคถูกตามรูปแบบโดยไม่คำนวณจริง
pat1-2559-10-q23,pat1-2559-10,mc,0,ข้อ (ก) และ ข้อ (ข) ถูก แต่ ข้อ (ค) ผิด,🔴 ไม่เจอเลย,30,\sumx_i^2N-\barx^2พลิกหาค่าเฉลี่ยของกำลังสองจำว่า\sumx_i-a^2ต่ำสุดที่a=\barxเท่านั้น⚠️จุดที่เด็กมักผิดคิดว่าคูณ-1แล้ว\sigmaติดลบจริงๆใช้|k|จึงยังเป็นบวกหรือเหมาว่าคถูกเพราะเลข5มาจากค่า\sigmaทั้งที่จุดต่ำสุดอยู่ที่\barx=8
pat1-2559-10-q28,pat1-2559-10,mc,3,ข้อ (ก) ข้อ (ข) และ ข้อ (ค) ถูกทั้งสามข้อ,🔴 ไม่เจอเลย,42,ณิตตรงๆถ้าไม่มั่นใจให้ทดสอบด้วยตัวเลขจริงเช่นa_n=nก็ยืนยันได้เร็ว⚠️จุดที่เด็กมักผิดตอนไล่b_nมักเริ่มผิดเป็นb_2=b_1+a_2ที่ถูกคือ+a_1เพราะสูตรเป็นa_n-1และข้อคมักลืมว่าผลบวก59พจน์S_59=59a_30พอดีพจน์กลางของ59พจน์คือพจน์ที่30
pat1-2560-03-q11,pat1-2560-03,mc,2,ข้อ (ข) และ ข้อ (ค) ถูก แต่ ข้อ (ก) ผิด,🔴 ไม่เจอเลย,31,logxกับ\logx^nซึ่งใช้ไม่ได้2ข้อกเด็กมักเห็นx<10แล้วรีบสรุปว่า\logx<1จึงลู่เข้าทั้งที่ต้องดู|\logx|<1ซึ่งกันค่าxที่เล็กมากๆด้วย3กรณีr=1ไม่ใช่อนุกรมที่หาผลรวมด้วยสูตร\fraca_11-r^n1-rได้ส่วนเป็น0ต้องบวกตรงๆว่าทุกพจน์เท่ากัน
pat1-2560-03-q14,pat1-2560-03,mc,4,ข้อ (ก) ข้อ (ข) และ ข้อ (ค) ผิดทั้งสามข้อ,🔴 ไม่เจอเลย,29,"ณีข้อมูลเท่ากันหมดs=0เป็นตัวจับผิด⚠️จุดที่เด็กมักผิด:เห็น\textMD_y=2\textMD_xแล้วรีบสรุปว่า""มากกว่า""โดยลืมว่า2\times0=0ทำให้เท่ากันได้และมักคิดว่า""เพิ่มxทุกตัว""จะทำให้SDเพิ่มทั้งที่การเลื่อนข้อมูลทั้งชุดไม่กระทบการกระจาย"
pat1-2560-03-q15,pat1-2560-03,mc,4,ข้อ (ก) ข้อ (ข) และ ข้อ (ค) ผิดทั้งสามข้อ,🔴 ไม่เจอเลย,30,ล้วเลือกเมทริกซ์ง่ายๆเช่นIหรือเมทริกซ์ที่มี0เยอะมาเป็นตัวอย่างค้าน⚠️จุดที่เด็กมักผิด:หลงเชื่อสูตรA+B^-1=A^-1+B^-1หรือคิดว่า\detA+B=\detA+\detBซึ่งไม่จริงและพยายามพิสูจน์ข้อความให้ถูกแทนที่จะมองหาตัวอย่างค้านทำให้เสียเวลา
pat1-2560-03-q19,pat1-2560-03,mc,2,ข้อ (ข) และ ข้อ (ค) ถูก แต่ ข้อ (ก) ผิด,🔴 ไม่เจอเลย,32,"ความจริงของ\toเท็จเฉพาะT\toF⚠️จุดที่เด็กมักผิด:1สับสนระหว่าง""ค่าความจริงของประพจน์""กับ""สิ่งที่โจทย์อ้าง""—ต้องคำนวณค่าจริงแล้วเทียบกับคำอ้างข้อขอ้างว่าเป็นเท็จและมันเป็นเท็จจริงจึง""ถูก""2แทนx=-3ในQแล้วเผลอคิดว่า3<3เป็นจริง"
pat1-2560-03-q28,pat1-2560-03,mc,1,ข้อ (ก) และ ข้อ (ค) ถูก แต่ ข้อ (ข) ผิด,🔴 ไม่เจอเลย,32,ายพีชคณิตเทียบสองข้างส่วนข้อที่ถามค่าเฉพาะคให้คำนวณจากวงเล็บในสุดออกมา⚠️จุดที่เด็กมักผิด:1เผลอคิดว่าการเปลี่ยนหมู่เป็นจริงเพราะการสลับที่เป็นจริง—เป็นคนละสมบัติกัน2ลืมว่า41เป็นจำนวนเฉพาะหลายคนเข้าใจผิดว่า41หารด้วยอะไรได้
pat1-2560-03-q29,pat1-2560-03,mc,1,$y < x < z$,🔴 ไม่เจอเลย,24,สองสมบูรณ์คัดกรองค่าที่เป็นไปได้ให้เหลือน้อยที่สุดแล้วจึงแทนค่า⚠️จุดที่เด็กมักผิด:1ถอดกำลังxจากz+1^x=y^2^xได้เพราะxเป็นจำนวนเต็มบวกถ้าไม่รู้เครื่องหมายของฐาน/กำลังต้องระวัง2ลืมเงื่อนไขzเป็นคู่ทำให้ต้องลองค่ามากเกินจำเป็น
pat1-2561-02-q01,pat1-2561-02,mc,2,$\sim(p \rightarrow \sim q) \rightarrow q$,🔴 ไม่เจอเลย,39,row\simq\equivp\landqจัดรูปให้ง่ายแล้วใช้วิธียัดเยียดความเท็จ⚠️จุดที่เด็กมักผิดมักทำ\simparrow\simqผิดเป็นp\land\simqที่ถูกต้องคือp\landqต้องnegateทั้ง\simqด้วยและมักลืมว่าimplicationเป็นเท็จกรณีเดียวคือหน้าจริง-หลังเท็จ
pat1-2561-02-q28,pat1-2561-02,mc,3,ข้อ (ก) ข้อ (ข) และ ข้อ (ค) ถูกทั้งสามข้อ,🔴 ไม่เจอเลย,29,>5และเปลี่ยนทศนิยมเป็นเศษส่วน5.84=\frac14625เพื่อเทียบกับตัวเลือก⚠️จุดที่เด็กมักผิดเลือกสูตรผิดเพราะลืมเช็คเงื่อนไขรอบนั้นเช่นa4=6.2>5ต้องใช้สูตรล่างไม่ใช่บนและมักเข้าใจผิดว่า1เป็นจำนวนเฉพาะทั้งที่จำนวนเฉพาะในข้อนี้คือ13
pat1-2561-02-q29,pat1-2561-02,mc,1,ข้อ (ก) และ ข้อ (ค) ถูก แต่ ข้อ (ข) ผิด,🔴 ไม่เจอเลย,41,ต่ขผิด→ตัวเลือก2💡เทคนิคที่ใช้เปลี่ยน\fraccnเป็นbทันทีเพราะbn=cทำให้เทียบกับa⚠️จุดที่เด็กมักผิดข้อขเผลอคิดว่าam=cแล้วbmก็น้อยกว่าcด้วยทั้งที่b>aทำให้bm>am=cกลับด้านและมักตีความamเป็นa^mยกกำลังที่จริงโจทย์คือการคูณa\timesm
pat1-2561-02-q30,pat1-2561-02,mc,0,ข้อ (ก) และ ข้อ (ข) ถูก แต่ ข้อ (ค) ผิด,🔴 ไม่เจอเลย,39,inr^-1เป็นqp\inrแล้วแทนในเงื่อนไขของrตรงๆไม่ต้องวาดกราฟข้อคใช้การรวมอสมการสองอันแล้วดูว่าขัดแย้งกันหรือไม่⚠️จุดที่เด็กมักผิดลืมสลับตำแหน่งคู่อันดับเมื่อเช็คสมาชิกของr^-1และเข้าใจผิดว่า5<5เป็นจริงเครื่องหมาย<ไม่รวมเท่ากับ
pat1-2562-02-q02,pat1-2562-02,mc,0,"$\{\, x \in \mathbb{R} \mid |2x - 3| \le 7 \,\}$",🔴 ไม่เจอเลย,40,มการกำลังสองที่แก้ง่ายและต้องคงเงื่อนไขt>0เพื่อตัดคำตอบที่เป็นลบ⚠️จุดที่เด็กมักผิดตัวเลือก2หลงตอบง่ายเพราะ|7|=7แล้วเข้าใจว่า7>7จริงทั้งที่>ไม่รวมเท่ากับจึงเป็นเท็จและลืมว่า\existsต้องการเพียงค่าเดียวที่ใช้ได้ไม่ใช่ทุกค่า
pat1-2562-02-q05,pat1-2562-02,mc,3,ข้อ (ก) ข้อ (ข) และ ข้อ (ค) ถูกทั้งสามข้อ,🔴 ไม่เจอเลย,39,circg\equiv0เสมอทำให้การประกอบที่มีf\circgอยู่ข้างในยุบเป็นค่าคงที่ลดความซับซ้อนได้มาก⚠️จุดที่เด็กมักผิดสลับลำดับการประกอบf\circgx=fgxไม่ใช่gfx—ฟังก์ชันในวงเล็บทำก่อนและลืมว่าเมื่อx0ต้องเลือกสูตรกรณีx\ge0ของฟังก์ชันถัดไป
pat1-2562-02-q13,pat1-2562-02,mc,2,ข้อ (ข) และ ข้อ (ค) ถูก แต่ ข้อ (ก) ผิด,🔴 ไม่เจอเลย,29,"ลองทีละค่าจำนวนลูกอมน้อย/มากสุดดูจากการเลือกของแพงให้มาก/น้อยที่สุด⚠️จุดที่เด็กมักผิดนับจำนวนพจน์ในลำดับ16\dots36ผิดลืม+1ได้7หรือ9แทน8และสับสนว่า""ลูกอมน้อยสุด""ต้องซื้อของแพงมากสุดเพราะของแพงใช้เงินเยอะต่อเม็ดได้จำนวนน้อย"
pat1-2563-02-q29,pat1-2563-02,mc,0,$c < a < b < d$,🔴 ไม่เจอเลย,20,"ิคที่ใช้เมื่อหลายเศษส่วนเท่ากันและเศษเหมือนกันให้จับ""ส่วนเท่ากัน""แล้วแก้แต่ละตัวแปรเป็นฟังก์ชันของkตัวเดียวเปรียบเทียบได้ทันที⚠️จุดที่เด็กมักผิดย้ายข้างผิดเครื่องหมายเช่นb-51=k\Rightarrowb=k+51ไม่ใช่k-51;ระวังบวก/ลบให้ดี"
pat1-2564-03-q03,pat1-2564-03,mc,0,$0 < a < 1$ และ $0 < ab < 1$,🔴 ไม่เจอเลย,27,"ทุกอย่างให้พูดถึง""ฐาน""ก่อนแล้วค่อยแปลงกลับเป็นเงื่อนไขของabและเพราะa>0จึงคูณ/หารด้วยaได้โดยไม่ต้องกลับเครื่องหมายอสมการ⚠️จุดที่เด็กมักผิด1ลืมว่าฐานของfคือ\frac1aไม่ใช่a2เผลอกลับเครื่องหมายอสมการตอนคูณด้วยaทั้งที่aเป็นบวก"
pat1-2564-03-q04,pat1-2564-03,mc,3,ประเทศที่มีจำนวนผู้ติดเชื้อสะสมมากที่สุด มีอัตราส่วนของจำนวนผู้ติดเชื้,🔴 ไม่เจอเลย,19,"จับคู่ตามเงื่อนไขจะตรวจได้เร็วและไม่สับสน⚠️จุดที่เด็กมักผิด1อ่านผิดคอลัมน์ระหว่าง""จำนวนผู้ติดเชื้อ""กับ""อัตราส่วนต่อประชากรล้านคน""ซึ่งมากสุด/น้อยสุดไม่จำเป็นต้องเป็นประเทศเดียวกัน2เผลอเดาว่าประเทศประชากรมากต้องติดเชื้อมาก"
pat1-2564-03-q08,pat1-2564-03,mc,2,ข้อความ ก) และ ข) ถูกต้องเท่านั้น,🔴 ไม่เจอเลย,24,"งแล้วค่อยไปอ่านค่าในตารางอย่ารีบเปรียบเทียบค่าโดยไม่หาตำแหน่ง⚠️จุดที่เด็กมักผิด1""มากกว่า""ไม่รวม""เท่ากับ""—ข้อคอายุ15ไม่นับว่ามากกว่า152สับสนว่าความสูงในตารางเรียงจากมากไปน้อยอยู่แล้วแต่ต้องเรียงน้ำหนักใหม่เองก่อนหาตำแหน่ง"
pat1-2564-03-q11,pat1-2564-03,mc,3,ข้อความ ข) และ ค) ถูกต้องเท่านั้น,🔴 ไม่เจอเลย,30,"ช้ตรวจสัจนิรันดร์รูป""\to""ให้สมมติว่าเป็นเท็จหน้าTหลังFแล้วไล่ค่าถ้าขัดแย้งแสดงว่าเป็นเท็จไม่ได้จึงเป็นสัจนิรันดร์⚠️จุดที่เด็กมักผิด1ลืมเติม""ไม่""ที่ส่วนหลังเมื่อหานิเสธของ""ถ้า-แล้ว""2จำผิดว่า\sqrtx^2=xที่ถูกคือ\sqrtx^2=|x|"
pat1-2564-03-q16,pat1-2564-03,mc,1,ข้อความ ข) ถูกต้องเพียงข้อเดียวเท่านั้น,🔴 ไม่เจอเลย,18,"ightarrow""ขถูกต้องเพียงข้อเดียวเท่านั้น""✅คำตอบ:ตัวเลือก2💡เทคนิคที่ใช้อ่านAเป็นแอมพลิจูดทันทีและใช้Bหาคาบจาก\frac2\pi|B|อย่าสับสนสองค่านี้⚠️จุดที่เด็กมักผิด1ลืมเช็คความต่อเนื่องของ\fracgfที่f=02เทียบคาบผิดคาบf=4ไม่ใช่2\pi"
pat1-2564-03-q23,pat1-2564-03,mc,1,$\cos\left(\dfrac{\pi}{2}\right)+i\sin\left(\dfrac{\pi}{2}\right)$,🔴 ไม่เจอเลย,31,แค่ว่ามุมในตัวเลือกต่างจากมุมเริ่มต้นเป็นจำนวนเท่าของ\frac2\pinหรือไม่⚠️จุดที่เด็กมักผิด1คำนวณระยะห่างมุมเป็น\frac2\pi5แทนที่จะเป็น\frac2\pi10=\frac\pi52ลืมว่า\sin/\cosมีคาบจึงมองว่าตัวเลือก40หรือ3\piไม่ใช่รากทั้งที่เป็น
pat1-2564-03-q24,pat1-2564-03,mc,4,"$f$ เป็นฟังก์ชันค่าคงตัวบนช่วง $(0,1)$",🔴 ไม่เจอเลย,22,องหมายของf'บอกการเพิ่ม/ลดของfจุดที่f'เปลี่ยนเครื่องหมายคือจุดสุดขีดสัมพัทธ์⚠️จุดที่เด็กมักผิด1อ่านกราฟf'เป็นกราฟfทำให้ตีความเพิ่ม/ลดสลับกัน2คิดว่าf'เป็นค่าคงที่เส้นแนวนอนแล้วสรุปว่าfคงตัวทั้งที่fคงตัวต่อเมื่อf'=0เท่านั้น
pat1-2564-03-q25,pat1-2564-03,mc,2,"$\displaystyle B=\int_{-7}^{0}\bigl(1-f(x)\bigr)\,dx$",🔴 ไม่เจอเลย,17,"ใช้หาพื้นที่ต้อง""เส้นบนลบเส้นล่าง""เสมอบนช่วง[-70]กราฟfอยู่เหนือเส้นy=1ดังนั้นต้องเป็นf-1ไม่ใช่1-f⚠️จุดที่เด็กมักผิด1สลับเส้นบน-ล่างในสูตรพื้นที่ทำให้ได้เครื่องหมายลบ2ลืมใช้สมบัติฟังก์ชันคี่ที่ช่วยให้ตัวเลือก1และ4เป็นจริง"
pat1-2564-03-q33,pat1-2564-03,mc,3,$90° < \theta < 180°$,🔴 ไม่เจอเลย,21,สเกลาร์ก็ตอบได้บวก=แหลมศูนย์=ฉากลบ=ป้าน⚠️จุดที่เด็กมักผิด1คำนวณcrossผิดเครื่องหมายโดยเฉพาะแถวกลางที่เป็นu_3v_1-u_1v_3ลำดับสลับกับสองแถวอื่น2ลืมว่ามุมระหว่างเวกเตอร์เกิน180°ไม่ได้จึงไปเลือก\theta=180°หรือมุมที่มากกว่านั้น
pat1-2565-03-q01,pat1-2565-03,mc,1,ข้อความ ก) และ ข) ถูกต้องเท่านั้น,🔴 ไม่เจอเลย,30,บนเส้นจำนวนก่อนเสมอแล้วค่อยทำ\cup/\capจะเห็นภาพชัดและไม่พลาดเรื่องจุดปลายเปิด-ปิด⚠️จุดที่เด็กมักผิด1ลืมว่า\frac15คูณอยู่ต้องคูณ5กลับก่อนแก้ค่าสัมบูรณ์2คิดว่าP\varnothingเป็นเซตว่างทั้งที่จริงมีสมาชิก1ตัวคือ\varnothingเอง
pat1-2565-03-q03,pat1-2565-03,mc,1,ข้อความ ก) และ ข) ถูกต้องเท่านั้น,🔴 ไม่เจอเลย,37,"ัจนิรันดร์/สมเหตุสมผลถ้าไล่ได้ครบไม่ขัดแย้ง=ไม่ใช่⚠️จุดที่เด็กมักผิด1ข้อคหลายคนเห็นว่าไล่ค่าได้ก็คิดว่าสมเหตุสมผลแต่ความจริงคือ""ไล่ได้แปลว่ามีกรณีเหตุจริงผลเท็จ=ไม่สมเหตุสมผล""2ลืมกระจาย\simp\land\simqด้วยเดอมอร์แกนในข้อก"
pat1-2565-03-q04,pat1-2565-03,mc,4,ข้อความ ก) ข) และ ค) ถูกต้อง,🔴 ไม่เจอเลย,31,สูตรล้วนเริ่มจากX\toY\equiv\simX\lorYแล้วผลักนิเสธเข้าตัวบ่งปริมาณ⚠️จุดที่เด็กมักผิด1ในข้อกลืมว่าเมื่อx=0เหตุเป็นเท็จเงื่อนไขทั้งก้อนจึงเป็นจริงทันที2สลับการผลักนิเสธผิดเช่นเปลี่ยน\forallเป็น\forallทั้งที่ต้องเป็น\exists
pat1-2565-03-q07,pat1-2565-03,mc,1,ข้อความ ข) ถูกต้องเพียงข้อเดียวเท่านั้น,🔴 ไม่เจอเลย,31,"น""ยังต้องคิดจากเงื่อนไขของgเดิม3-x^2\ge0ห้ามใช้เงื่อนไขจากสูตรที่ยุบแล้ว⚠️จุดที่เด็กมักผิด1หาโดเมนจาก4-x^2\ge0ได้[-22]ซึ่งผิดเพราะลืมเงื่อนไขของgที่ต้องมาก่อน2เห็นว่ากราฟต่อเนื่องก็คิดว่ามีผกผันทั้งที่ความจริงต้องเป็น1-1"
pat1-2565-03-q13,pat1-2565-03,mc,0,ข้อความ ก) ถูกต้องเพียงข้อเดียวเท่านั้น,🔴 ไม่เจอเลย,23,"สัมประสิทธิ์จริงต้องมาเป็น""คู่สังยุค""เสมอตรวจ""รากที่สอง""ของจำนวนเชิงซ้อนได้เร็วโดยยกกำลังสองกลับไปดูว่าตรงโจทย์ไหม⚠️จุดที่เด็กมักผิด1ลืมว่าi^2=-1ตอนกระจาย2+3i^22คิด|\sqrt3-i|โดยลืมยกกำลังสองพจน์\sqrt3ก่อนได้3ไม่ใช่\sqrt3"
pat1-2565-03-q14,pat1-2565-03,mc,0,ข้อความ ก) ถูกต้องเพียงข้อเดียวเท่านั้น,🔴 ไม่เจอเลย,21,"ะค้านให้หา""ตัวอย่างค้าน""ง่ายๆเช่นลำดับคงที่111\ldotsและต้องแยกให้ชัดว่าโจทย์ถามถึง""ลำดับ""หรือ""อนุกรม""⚠️จุดที่เด็กมักผิด1เห็นคำว่า\sinแล้วคิดว่าแกว่งไปมาทั้งที่\sinn\pi=0ทุกพจน์2เหมารวมว่าลำดับลู่เข้าแล้วอนุกรมลู่เข้าด้วย"
pat1-2565-03-q19,pat1-2565-03,mc,4,ข้อความ ข) และ ค) ถูกต้องเท่านั้น,🔴 ไม่เจอเลย,22,"เวกเตอร์นั้นเข้ากับจุดเริ่มตรงๆระยะk|\barw|=บวกด้วยk\barwแล้วค่อยดูว่าจุดปลายตกในรูปไหน⚠️จุดที่เด็กมักผิด1สับสนว่า""ระยะ|\baru|""ต้องทำเป็นเวกเตอร์หนึ่งหน่วยก่อนทั้งที่จริงคือบวก\baruทั้งตัว2ลืมคูณ2ในข้อคทำให้ได้จุด46แทน47"
samn-2555-01-q21,samn-2555-01,mc,1,สัมประสิทธิ์ของพิสัยของคะแนน,🔴 ไม่เจอเลย,20,าสุดขีดไม่กระทบ'การกระจาย';สัมประสิทธิ์ของพิสัยมีผลรวมในตัวส่วนจึงเป็นตัวเดียวที่เปลี่ยนลดลง⚠️จุดที่เด็กมักผิด1คิดว่าพิสัยrangeเปลี่ยน—พิสัยคงเดิมแต่'สัมประสิทธิ์ของพิสัย'ต่างหากที่เปลี่ยน&nbsp;2คิดว่าSDเพิ่มตามค่าเฉลี่ย
samn-2555-01-q28,samn-2555-01,mc,2,$f(x) = |x|(x + 1)$ มีอนุพันธ์ที่จุด $x = 0$,🔴 ไม่เจอเลย,19,า|gx|หักที่ใดที่g=0—ถ้าจุดหักไม่ตรงx=0ก็มีอนุพันธ์แน่;ถ้าตรงx=0ต้องเทียบอนุพันธ์ซ้าย/ขวา⚠️จุดที่เด็กมักผิด1คิดว่าทุกฟังก์ชันที่มี|\cdot|ไม่มีอนุพันธ์ที่0—ผิดต้องดูจุดหักจริง&nbsp;2ลืมว่าโจทย์ถามข้อที่'ผิด'ไม่ใช่ข้อที่ถูก
samn-2556-01-q25,samn-2556-01,mc,2,มีผลบวกเท่ากับ $1$,🔴 ไม่เจอเลย,22,งเกตว่าผลต่างกลายเป็นอนุกรมยุบ—ผลรวมเหลือแค่พจน์แรกลบลิมิตของพจน์ท้าย⚠️จุดที่เด็กมักผิด1จำสูตรผลรวมเลขคี่/คู่สลับกัน&nbsp;2ไม่เห็นว่าเป็นtelescopingเลยพยายามหาสูตรผลบวกอนุกรมตรงๆ&nbsp;3ตอบ'ลู่ออก'ทั้งที่ผลรวมย่อยลู่เข้า1
samn-2564-04-q02,samn-2564-04,mc,2,ข้อความ ก) และ ค) เท่านั้น,🔴 ไม่เจอเลย,24,าแค่ตัวเดียวที่จริงก็พอ;เงื่อนไขarrowที่ส่วนหน้าเป็นเท็จจะจริงทันทีvacuouslytrueเป็นจุดที่ทำให้คจริงได้ง่าย⚠️จุดที่เด็กมักผิดในขตัวบ่งปริมาณ\forallและ\existsเป็นคนละก้อนเชื่อมด้วยarrowภายนอกต้องประเมินแต่ละก้อนแยกกันก่อน
samn-2564-04-q05,samn-2564-04,mc,1,ข้อความ ข) ถูกต้องเพียงข้อเดียว,🔴 ไม่เจอเลย,22,อบ:ขถูกเพียงข้อเดียว→ตัวเลือก2💡เทคนิคที่ใช้มุมระหว่างเวกเตอร์ขึ้นกับทิศเท่านั้นไม่ขึ้นกับขนาด;เช็คตั้งฉากด้วยdot=0เสมอ⚠️จุดที่เด็กมักผิดเผลอคิดว่าขยายขนาดแล้วมุมขยายตามกหรือลืมเงื่อนไข|\vecu|\ne|\vecv|ที่ทำให้คไม่ตั้งฉาก
samn-2564-04-q07,samn-2564-04,mc,2,ก) และ ค) ถูกต้อง,🔴 ไม่เจอเลย,21,คถูก→ตัวเลือก3💡เทคนิคที่ใช้ตรวจตำแหน่งxว่าตกในช่วงขาขึ้นหรือขาลงของกราฟไซน์ใช้เทียบค่าได้โดยไม่ต้องคำนวณ\sinจริง⚠️จุดที่เด็กมักผิดในขหลายคนคิดว่าxน้อยกว่าให้ค่าน้อยกว่าเสมอจริงเฉพาะช่วงขาขึ้น;ที่นี่อยู่ช่วงขาลงจึงกลับกัน
samn-2564-04-q16,samn-2564-04,mc,0,ข้อความ ข) ถูกต้องเพียงข้อเดียว,🔴 ไม่เจอเลย,30,"ูกเพียงข้อเดียว→ตัวเลือก1💡เทคนิคที่ใช้มองว่าเมทริกซ์ใหม่""ได้จากการแปลงแถว""อะไรบ้างแล้วใช้ผลต่อ\detของแต่ละการแปลงไม่ต้องกางสูตร\detจริง⚠️จุดที่เด็กมักผิดลืมเครื่องหมายลบจากการสลับแถวในก;เข้าใจผิดว่า\detกระจายในการบวกได้ค"
samn-2564-04-q17,samn-2564-04,mc,0,ก) ถูกต้องเพียงข้อเดียว,🔴 ไม่เจอเลย,22,"ตัวเลือก1💡เทคนิคที่ใช้เพิ่มข้อมูลที่ค่า=ค่าเฉลี่ยเดิม→ค่าเฉลี่ยไม่เปลี่ยนจำเป็นมาก;คำว่า""มากขึ้นเสมอ""มักผิดเพราะมีกรณีเท่าเดิม⚠️จุดที่เด็กมักผิดในขด่วนสรุปว่าตัดตัวเล็กแล้วมัธยฐานต้องเพิ่มมีกรณีค่าซ้ำตรงกลางทำให้เท่าเดิม"
samn-2564-04-q21,samn-2564-04,mc,1,โดยเฉลี่ยแล้ว ได้กำไรครั้งละ $40$ บาท,🔴 ไม่เจอเลย,23,บ:โดยเฉลี่ยได้กำไรครั้งละ40บาท→ตัวเลือก2💡เทคนิคที่ใช้เกมพนัน:เทียบค่าคาดหมายรางวัลกับเงินที่จ่าย;ผลคูณคู่หาcomplementทั้งคี่ง่ายกว่า⚠️จุดที่เด็กมักผิดลืมหักเงินค่าเล่น90ออกจากรางวัล;หรือคิดPของผลคูณคี่ผิดต้องทั้งสองใบคี่
alvl1-2568-03-v2-q02,alvl1-2568-03-v2,mc,3,$(p \vee r) \wedge (q \vee \sim r)$,🟡 เจอกลางทางแต่ไม่อยู่ท่อนสรุป,41,"ที่เด็กมักผิดมองข้ามว่าตัวเลือกเป็นค่าคงที่สัจนิรันดร์/ข้อขัดแย้งแล้วเผลอตอบ—โจทย์ถามตัวที่""จริงบ้างเท็จบ้าง""contingentซึ่งต้องตัดทั้งตัวที่จริงเสมอและตัวที่เท็จเสมอออก;อีกจุดคือลืมว่าArightarrow\simA\equivFเสมอตัวเลือก3"
alvl1-2568-03-v2-q03,alvl1-2568-03-v2,mc,3,$p(x)q(x) + x^2$,🟡 เจอกลางทางแต่ไม่อยู่ท่อนสรุป,22,นยันคำตอบ✓✅คำตอบ:ตัวเลือก4💡เทคนิคที่ใช้ทฤษฎีเศษ—แทนค่ารากของตัวหารx+1=0\Rightarrowx=-1ลงในพหุนามตัวตั้งได้เศษทันทีไม่ต้องหารยาว⚠️จุดที่เด็กมักผิดลืมว่าตัวหารคือx+1ต้องใช้x=-1ไม่ใช่x=1;และระวังเครื่องหมายตอนคูณเช่น-1-1=+1
alvl1-2569-03-q04,alvl1-2569-03,mc,3,$5$,🟡 เจอกลางทางแต่ไม่อยู่ท่อนสรุป,27,ละใช้จุดเด่นอย่างน้อย2จุดยืนยันค่าทุกครั้งเพื่อกันอ่านกราฟพลาด⚠️จุดที่เด็กมักผิดสับสนทิศของa—ในfx+aค่าa>0เลื่อนกราฟไปทางซ้ายตรงข้ามสามัญสำนึกข้อนี้gเลื่อนไปทางขวาจึงได้aเป็นลบและมักลืมตรวจหลายจุดทำให้ได้aหรือbคลาดเคลื่อน
alvl1-2569-03-q20,alvl1-2569-03,mc,3,"$X \sim B\!\left(30,\ \dfrac{3}{16}\right)$",🟡 เจอกลางทางแต่ไม่อยู่ท่อนสรุป,22,ันชั้นนอกคือจำนวนวันที่สำเร็จใน30วันอย่าสับสนว่าnคือ5จำนวนคุกกี้—จริงๆn=30จำนวนวัน⚠️จุดที่เด็กมักผิดสับสนว่าn=5จำนวนคุกกี้ทั้งที่ชั้นนอกคือจำนวนวันn=30หาpผิดโดยลืมรวมทั้งกรณีสุก4และสุก5ชิ้นได้\frac532แทน\frac632=\frac316
alvl1-2569-03-q24,alvl1-2569-03,mc,2,"$330{,}000$ บาท",🟡 เจอกลางทางแต่ไม่อยู่ท่อนสรุป,25,เป็นการย้อนกระบวนการของอนุพันธ์และอย่าลืมแปลงหน่วยตามที่โจทย์ระบุ⚠️จุดที่เด็กมักผิด1เผลอนำfxไปแทนค่าตรงๆแทนการอินทิเกรต2ลืมแปลงหน่วยจากพันบาทเป็นบาท\times1000ทำให้ตอบ330แทน3300003คำนวณ460หรือ130ค่าขอบเขตเดียวแล้วลืมลบกัน
chap-01-set-q07,chap-01-set,mc,1,มีสมาชิก $x$ ซึ่ง $x \in A$ แต่ $x \notin B$ และ $x \notin C$,🟡 เจอกลางทางแต่ไม่อยู่ท่อนสรุป,33,"อนไขp\toqเป็นp\wedge\simqและ\vee\to\wedgeด้วยเดอมอร์แกน—ทำตามลำดับจะไม่พลาด⚠️จุดที่เด็กมักผิดมักลืมเปลี่ยน\forallเป็น\existsข้อ13ยังใช้""ทุก/ถ้า""หรือลืมเดอมอร์แกนทำให้เหลือ""หรือ""แทน""และ""ข้อ3ใช้""หรือ""—ทั้งสองจุดทำให้ตอบผิด"
chap-02-logic-q118,chap-02-logic,mc,0,$\exists x[\sim Q(x)] \wedge \exists x[P(x)]$,🟡 เจอกลางทางแต่ไม่อยู่ท่อนสรุป,45,งดูทุกการจัดเรียงเมื่อเทียบตัวเลือก⚠️จุดที่เด็กมักผิดข้อผิดใหญ่คือนิเสธเงื่อนไขเป็นเงื่อนไขอีกอันเช่นตัวเลือก34ที่ยังมีarrowทั้งที่นิเสธของarrowต้องกลายเป็น\wedgeและมักลืมว่าต้องนิเสธ\forallx[Q]ให้เป็น\existsx[\simQ]ด้วย
chap-02-logic-q120,chap-02-logic,mc,1,"$\forall x \forall y \exists z[P(x, y) \wedge \sim Q(x, z)]$",🟡 เจอกลางทางแต่ไม่อยู่ท่อนสรุป,32,orallrightarrow\existsทุกตัวก่อนแล้วค่อยนิเสธแกนกลางarrowกลายเป็น\wedge⚠️จุดที่เด็กมักผิดข้อพลาดบ่อย:1สลับตัวบ่งปริมาณไม่ครบมักลืมตัวที่สามตัวเลือก32นิเสธParrowQผิดเป็น\simP\vee\simQหรือP\vee\simQแทนที่จะเป็นP\wedge\simQ
chap-02-logic-q124,chap-02-logic,mc,1,มีจำนวนคี่ $x$ บางตัว ซึ่ง $x^3 - x$ เป็นจำนวนคู่,🟡 เจอกลางทางแต่ไม่อยู่ท่อนสรุป,27,"ปลกลับเป็นภาษาไทย—เงื่อนไขPจำนวนคี่คงไว้นิเสธเฉพาะผลQ⚠️จุดที่เด็กมักผิดจุดพลาดยอดฮิต:1ลืมสลับ\forall\to\existsเหมือนตัวเลือก12เผลอนิเสธเงื่อนไขPด้วยเปลี่ยน""จำนวนคี่""เป็น""จำนวนคู่""เหมือนตัวเลือก4ทั้งที่ต้องคงPไว้นิเสธแค่Q"
chap-02-logic-q125,chap-02-logic,mc,1,มีจำนวนจริง $x$ ที่มากกว่าศูนย์บางตัว สำหรับจำนวนเต็มบวก $n$ ทุกตัว $\,🟡 เจอกลางทางแต่ไม่อยู่ท่อนสรุป,28,"ว้กับ""ประโยคเปิดที่ต้องนิเสธ""เช่น\frac1n⚠️จุดที่เด็กมักผิดเด็กมักเผลอนิเสธ""ขอบเขตของตัวแปร""เปลี่ยน""มากกว่าศูนย์""เป็น""ไม่มากกว่าศูนย์""ทั้งที่ส่วนนั้นเป็นเพียงการระบุเอกภพของxต้องคงไว้และมักลืมนิเสธประโยคเปิดในสุด<เป็น\geq"
chap-04-coord-q117,chap-04-coord,mc,3,$(x - 3)^2 - y^2 = 4$ เป็นสมการของไฮเพอร์โบลามุมฉาก,🟡 เจอกลางทางแต่ไม่อยู่ท่อนสรุป,14,y^2=4เป็นไฮเพอร์โบลามุมฉาก→ตัวเลือก4💡เทคนิคที่ใช้:เช็คเส้นผ่านจุดกำเนิดตัดไฮเพอร์โบลาหรือไม่—เทียบความชันกับเส้นกำกับ\pm\fracbaเร็วที่สุด⚠️จุดที่เด็กมักผิด:ข้อ1ระยะจุดยอดถึงโฟกัสคือp=2แล้วตัวคูณคือ4p=8—เผลอใช้4p=4บ่อยมาก
chap-04-coord-q134,chap-04-coord,mc,1,"จุดกึ่งกลางระหว่างจุด $P_1$ และ $P_2$ คือ $\left(-\dfrac{10}{3}, \dfra",🟡 เจอกลางทางแต่ไม่อยู่ท่อนสรุป,20,":จุดกึ่งกลางคือ-\frac103\frac52→ตัวเลือก2💡เทคนิคที่ใช้:ข้อผิดทั้งสามผิดแบบ""เกือบถูก""ลืมถอดรากหารเกินลืมเครื่องหมาย—เป็นรูปแบบกับดักที่พบบ่อย⚠️จุดที่เด็กมักผิด:\sqrt\frac6259=\frac253—เห็นเลข\frac6259ในรากแล้วรีบเลือกข้อ1"
chap-04-coord-q69,chap-04-coord,mc,1,$A$ เป็นวงรี มีความยาวแกนเอก 6 หน่วย,🟡 เจอกลางทางแต่ไม่อยู่ท่อนสรุป,15,ง✅คำตอบ:ตัวเลือก2💡เทคนิคที่ใช้:เครื่องหมายศูนย์กลางกลับด้านจากในวงเล็บเสมอ—x-2กับy+3ให้ศูนย์กลาง2-3⚠️จุดที่เด็กมักผิด:ดึงตัวประกอบ49แล้วลืมคูณกลับตอนลบค่าชดเชย4\times4=169\times9=81ทำให้ฝั่งขวาผิดและอาจสรุปว่าเป็นเซตว่าง
chap-04-coord-q99,chap-04-coord,mc,3,กราฟของทั้งสองสมการมีความยาวโฟกัสเท่ากัน,🟡 เจอกลางทางแต่ไม่อยู่ท่อนสรุป,18,4💡เทคนิคที่ใช้:สูตรc^2ต่างชนิดกันวงรีลบไฮเพอร์โบลาบวก—โจทย์ออกแบบให้ค่าทับกันพอดีจึงต้องคำนวณจริงทั้งคู่ห้ามเดา⚠️จุดที่เด็กมักผิด:เห็นพจน์y-2ร่วมกันเลยคิดว่าศูนย์กลางร่วมกัน—พิกัดxของศูนย์กลางมาจากพจน์xซึ่งต่างกัน+1กับ-1
chap-05-function-q116,chap-05-function,mc,0,"$[0, 1)$",🟡 เจอกลางทางแต่ไม่อยู่ท่อนสรุป,15,✔ตรวจคำตอบจุดทดสอบ:0.5:อยู่ในD_f\circg✓และ0.5💡เทคนิคที่ใช้\sqrt\cdot^2=|\cdot|—เรนจ์ของ|x+1|+1อ่านได้ทันทีจากค่าน้อยสุดของค่าสัมบูรณ์⚠️จุดที่เด็กมักผิดเผลอลดรูป\sqrtx+1^2=x+1จะได้เรนจ์\mathbbRและR'=\varnothing—ผิดทันที
chap-05-function-q117,chap-05-function,mc,3,"$(-1, 1) \cup (1, \infty)$",🟡 เจอกลางทางแต่ไม่อยู่ท่อนสรุป,20,rac12|-\frac12|💡เทคนิคที่ใช้อสมการค่าสัมบูรณ์ของเศษส่วน:ยกกำลังสองสองข้างปลอดภัยเพราะไม่ติดลบ—พจน์x^2ตัดกันเหลือเชิงเส้น⚠️จุดที่เด็กมักผิดลืมเจาะรูx=1ออกจากAตัวส่วนของf—และตอนยูเนียนกับ-11รูที่1ยังอยู่เพราะไม่มีเซตไหนอุด
chap-05-function-q175,chap-05-function,mc,3,$64$,🟡 เจอกลางทางแต่ไม่อยู่ท่อนสรุป,12,"คำตอบแทนกลับ:y=-4💡เทคนิคที่ใช้โจทย์อินเวอร์สแบบแทนค่าไม่ต้องหาสูตรr^-1ทั้งฟังก์ชัน—แปลความหมายกลับเป็น""หาxที่ให้yตามต้องการ""พอ⚠️จุดที่เด็กมักผิดเผลอใช้กิ่งy^2=xได้x=16—เงื่อนไขกิ่งดูที่เครื่องหมายของyไม่ใช่xและy=-4เป็นลบ"
chap-05-function-q187,chap-05-function,mc,1,"$(-3, -1)$",🟡 เจอกลางทางแต่ไม่อยู่ท่อนสรุป,17,ิคที่ใช้ฟังก์ชันเชิงเส้นเพิ่มแมปช่วงเป็นช่วงโดยรักษาชนิดขอบเปิด→เปิดปิด→ปิด—หาภาพของR_gได้โดยแทนแค่จุดขอบ⚠️จุดที่เด็กมักผิดเรนจ์ของgฝั่งx<0คือ-\infty-1ช่วงเปิดเพราะx=0ไม่อยู่ฝั่งนี้—พลาดชนิดขอบตรงนี้ผลต่างเซตจะผิดทั้งข้อ
chap-05-function-q37,chap-05-function,mc,1,จำนวนของฟังก์ชันทั้งหมดจาก $A$ ไป $A$ เท่ากับ 4,🟡 เจอกลางทางแต่ไม่อยู่ท่อนสรุป,14,ริง✅คำตอบ:ตัวเลือก2💡เทคนิคที่ใช้จำสูตรคู่:ความสัมพันธ์2^mnvsฟังก์ชันn^m—เซตเล็กแค่นี้แจกแจงตรวจซ้ำได้⚠️จุดที่เด็กมักผิดสลับสูตรสองตัวนี้กันตอบ16เป็นจำนวนฟังก์ชันและลืมว่าฟังก์ชันคงที่มีได้หลายตัว—หนึ่งตัวต่อหนึ่งค่าคงที่
chap-05-function-q68,chap-05-function,mc,3,"$D_g = \mathbb{R} - \{3\} = \{ x \mid x \in \mathbb{R}, x \ne 3 \}$",🟡 เจอกลางทางแต่ไม่อยู่ท่อนสรุป,17,"bR-\3\→ตัวเลือก4💡เทคนิคที่ใช้ข้อความเรื่องโดเมน/เรนจ์ปนกับcomposition—แยกตรวจทีละหมวดหมวดที่เร็วสุดโดเมนมักชี้คำตอบ⚠️จุดที่เด็กมักผิดสับสน""จุดที่โดเมนขาด""ตัวส่วนศูนย์ที่x=3กับ""ค่าที่เรนจ์ไปไม่ถึง""y=0—ตัวเลือก5ดักคนจำสลับ"
chap-05-function-q89,chap-05-function,mc,3,"$g(x) = x^3$ เมื่อ $x \in (-\infty, -1) \cup [1, \infty)$",🟡 เจอกลางทางแต่ไม่อยู่ท่อนสรุป,14,ทคนิคที่ใช้จุดเสี่ยงเดียวคือรอยต่อของf—แทนลิมิตซ้าย/ขวาเข้าgg-1^-vsg1เทียบกันตรงๆ⚠️จุดที่เด็กมักผิดคิดว่าgที่นิยามบนเซตขาดช่วง-11จะทำให้g\circfพังเสมอ—ความจริงR_fเลี่ยงช่วงนั้นพอดีความต่อเนื่องขึ้นกับค่าที่รอยต่อเท่านั้น
chap-06-matrix-q126,chap-06-matrix,mc,1,$\begin{bmatrix} -2/8 & 1/8 & 3/8 \\ 1/8 & -9/8 & -4/8 \\ 3/8 & -4/8 &,🟡 เจอกลางทางแต่ไม่อยู่ท่อนสรุป,17,✅คำตอบ:ตัวเลือก2💡เทคนิคที่ใช้:AกับA^-1ชนกันกลางนิพจน์แล้วหายไปเอง—สังเกตโครงสร้างก่อนถมตัวเลขจะเหลือแค่B^tBก้อนเดียว⚠️จุดที่เด็กมักผิด:ตอนinvertผลคูณต้องกลับลำดับ:B^tA^-1=A^-1B^t^-1ไม่ใช่B^t^-1A^-1—พลาดจุดนี้Aจะไม่ตัดกัน
chap-06-matrix-q135,chap-06-matrix,mc,0,"$(0, \dfrac{1}{5})$",🟡 เจอกลางทางแต่ไม่อยู่ท่อนสรุป,16,ับมิติn=5—เลขชี้กำลังคือ4ไม่ใช่5แล้วที่เหลือคือเศษส่วนเปรียบเทียบ3/16กับ1/5เทียบ15/80กับ16/80⚠️จุดที่เด็กมักผิด:ใช้\det\textadjA=2^5=32จะได้\frac14-\frac132=\frac732=0.21875หลุดไปช่วงตัวเลือก2พอดี—โจทย์วางกับดักไว้ตรงนี้
chap-06-matrix-q15,chap-06-matrix,mc,3,"ข้อ 1, 2 และ 3 ไม่มีข้อใดถูก",🟡 เจอกลางทางแต่ไม่อยู่ท่อนสรุป,20,มุม:=Iคือมุมรวมครบรอบ2\pikส่วน=-Iคือครึ่งรอบ\pi+2\pikแล้วค่อยหารด้วยเลขชี้กำลัง⚠️จุดที่เด็กมักผิดรีบตอบ\theta_1=\frac\pi16เพราะเห็นเลข16ในโจทย์กับดักตัวเลือก13—เงื่อนไข=Iต้องครบรอบ2\piไม่ใช่\piจึงได้\frac2\pi16=\frac\pi8
chap-06-matrix-q28,chap-06-matrix,mc,3,$\det(A^2B) = 48$,🟡 เจอกลางทางแต่ไม่อยู่ท่อนสรุป,28,ำตอบ:ตัวเลือก4💡เทคนิคที่ใช้โจทย์ถามแต่detจึงไม่จำเป็นต้องคูณ/อินเวิร์สเมทริกซ์จริง—แปลงทุกตัวเลือกเป็นพจน์ของ\detA=2กับ\detB=12พอ⚠️จุดที่เด็กมักผิดข้อ3หลอกด้วย\det2B^t=2\detB=24—ที่จริงสเกลาร์2ต้องยกกำลังมิติ:2^2\detB=48
chap-06-matrix-q29,chap-06-matrix,mc,3,$1 - \cos^2\theta - \cos^2 3\theta$,🟡 เจอกลางทางแต่ไม่อยู่ท่อนสรุป,26,\cos2\theta\cos6\thetaด้วยสูตรลดกำลังแล้วเทียบกันตรงๆหรือลัดสุดคือแทนค่ามุมง่ายๆอย่าง\theta=0เพื่อคัดตัวเลือก⚠️จุดที่เด็กมักผิดพลาดเครื่องหมาย\sin^2\theta-\cos^2\theta=-\cos2\thetaติดลบไม่ใช่+\cos2\thetaทำให้เลือกข้อ3แทน
chap-06-matrix-q54,chap-06-matrix,mc,1,$\begin{bmatrix} 2 & 0 & 4 \\ 0 & 2 & -2 \\ -4 & -2 & -2 \end{bmatrix},🟡 เจอกลางทางแต่ไม่อยู่ท่อนสรุป,18,เทคนิคที่ใช้รูปแบบA\cdot\textก้อน=Iอ่านอินเวิร์สได้ทันทีโดยไม่ต้องinvertเมทริกซ์3\times3ใดๆ—โจทย์ข้อนี้แค่ลบเมทริกซ์กับคูณสเกลาร์⚠️จุดที่เด็กมักผิดลืมย้าย\frac12ตอบB-C=ตัวลวงข้อ1หรือย้ายผิดเป็นคูณ\frac12/ติดลบตัวลวงข้อ34
chap-07-trigonometry-q126,chap-07-trigonometry,mc,1,$3.2$ หน่วย,🟡 เจอกลางทางแต่ไม่อยู่ท่อนสรุป,23,ี่ยมคล้ายทันที—อัตราส่วน\fracBEBA=0.8คือ“ตัวย่อส่วน”ที่ใช้ได้กับทุกด้านของสามเหลี่ยมเล็ก⚠️จุดที่เด็กมักผิดจับคู่ด้านสมนัยผิดเป็น\fracBDBE=\fracBABCลืมใช้มุมฉากที่BหาBCจากพื้นที่คิดว่าDแบ่งBCด้วยระยะ0.8ตรงๆหลงไป1.6หรือ1.8
chap-07-trigonometry-q230,chap-07-trigonometry,mc,2,$-\dfrac{1}{4}$,🟡 เจอกลางทางแต่ไม่อยู่ท่อนสรุป,18,ด้วยค.ร.น.—อัตราส่วนด้านคือ\frac1p:\frac1q:\frac1rส่วนกลับไม่ใช่p:q:rตรงๆ⚠️จุดที่เด็กมักผิดอ่านอัตราส่วนด้านเป็น6:4:3โดยไม่กลับเศษส่วนจะได้\cosC=\frac4348ไม่อยู่ในตัวเลือกแล้วเดามั่วเครื่องหมายลบหายตอนท้ายตัวเลือก2ดักไว้
chap-07-trigonometry-q60,chap-07-trigonometry,mc,0,$\sin 4\theta + 2\cos 2\theta - \sin 2\theta - 1 = 0$,🟡 เจอกลางทางแต่ไม่อยู่ท่อนสรุป,38,"้โดยไม่ต้องยกกำลังสองเลี่ยงรากเกิน⚠️จุดที่เด็กมักผิดตัวเลือก4\sin^2\theta=\frac12มีราก\frac3\pi4\frac7\pi4ร่วมกับสมการเดิมแต่ขาดชุด\cos2\theta=\frac12และเกินชุด\frac\pi4\frac5\pi4—เซตรากต้องตรงกัน""ทั้งเซต""ไม่ใช่แค่บางตัว"
chap-07-trigonometry-q63,chap-07-trigonometry,mc,0,$0 \le x \le \pi$ หรือ $\dfrac{3\pi}{2} \le x \le 2\pi$,🟡 เจอกลางทางแต่ไม่อยู่ท่อนสรุป,34,พวงกลมหนึ่งหน่วยกับเส้นตรงช่วยให้เห็นขอบเขตโดยไม่ต้องท่องสูตร⚠️จุดที่เด็กมักผิดอสมการ\geต้องเก็บจุดปลายx=\piและx=\frac3\pi2ไว้ด้วยตัวเลือกอื่นพยายามลวงด้วยขอบ\frac7\pi4\frac11\pi6ซึ่งมาจากการแก้มุมuแล้วลืมลบ\frac\pi4กลับ
chap-07-trigonometry-q91,chap-07-trigonometry,mc,2,"$\left\{\ldots, -\dfrac{3}{\sqrt{2}}, -\dfrac{1}{\sqrt{2}}, 0, \dfrac{",🟡 เจอกลางทางแต่ไม่อยู่ท่อนสรุป,28,ียวไม่ต้องบวกคาบ⚠️จุดที่เด็กมักผิดลืมเครื่องหมายลบจาก\sin\pi+\theta=-\sin\theta→จะได้\sin\arccosx^2-\frac12=-1ซึ่งไม่มีคำตอบเพราะ\sinของมุมใน[0\pi]ไม่ติดลบโจทย์ถาม“เป็นสมาชิกของเซตใด”—ต้องเช็คว่าเซตนั้นมีรากครบทั้งสองตัว
chap-08-explog-q113,chap-08-explog,mc,0,กราฟที่ 1,🟡 เจอกลางทางแต่ไม่อยู่ท่อนสรุป,23,ายๆ0.50.522จุดควอดรันต์3คัดกราฟแทนการวาดละเอียด⚠️จุดที่เด็กมักผิดลืมครึ่งซ้ายของเงื่อนไขxy>0จากโดเมนจะเผลอแรเงาควอดรันต์24ด้วยกับดักกราฟที่2/5และลืมควอดรันต์3—xyของจำนวนลบคู่กันเป็นบวกใช้ได้เหมือนควอดรันต์1กับดักกราฟที่4
chap-08-explog-q18,chap-08-explog,mc,3,"$B - A = \left\{ x \in \mathbb{R} \,\middle|\, -3 < x < \dfrac{1}{16} ",🟡 เจอกลางทางแต่ไม่อยู่ท่อนสรุป,30,นว่าfเป็นฟังก์ชันลด→แก้แค่จุดขอบจุดเดียวแล้วรู้ทิศอสมการทันทีวาดช่วงบนเส้นจำนวนก่อนทำsetoperation⚠️จุดที่เด็กมักผิดกลับทิศอสมการ:fลดดังนั้นfx\le2คือx\ge\frac116ไม่ใช่\leจุดปลายx=7กับx=\frac116เปิด/ปิดตัดสินถูกผิดของข้อ34
chap-08-explog-q34,chap-08-explog,mc,2,$\exists x \left[ 3^x < \left(\dfrac{1}{3}\right)^x \right]$,🟡 เจอกลางทางแต่ไม่อยู่ท่อนสรุป,22,mathcalUเพราะ|2-10|=8>6✓และ3^-1=\frac13💡เทคนิคที่ใช้หาเอกภพให้เสร็จก่อนแล้วแปลงทุกข้อความเป็นเงื่อนไขของx=0>0⚠️จุดที่เด็กมักผิดลืมแยกสองกรณีของค่าสัมบูรณ์เก็บแค่x>2ทำให้ตอบข้อ2จุดสำคัญคือ0\notin\mathcalUทำให้ข้อ1และ4เท็จ
chap-08-explog-q51,chap-08-explog,mc,1,$-0.0485$,🟡 เจอกลางทางแต่ไม่อยู่ท่อนสรุป,14,log5ให้แตกทุกอย่างเป็น2กับ5:4=2^2จบ—ข้อมูลเพียงพอแน่นอนไม่ต้องเลือกข้อ5⚠️จุดที่เด็กมักผิดลืมคูณ\frac12จากรากที่สองได้-0.0970หรือเผลอสลับเป็น\log5-\log4ได้+0.0485ตรงตัวเลือก1พอดี—สังเกตเสมอว่าเลขในlogน้อยกว่า1ค่าต้องติดลบ
chap-09-vector-q84,chap-09-vector,mc,3,"$\overline{A} = \dfrac{5}{2}(\overline{i} + \overline{j}) ,\ \overline",🟡 เจอกลางทางแต่ไม่อยู่ท่อนสรุป,28,rlinejเป็นตัวตัดสินโจทย์รูปภาพให้สแกนหาเงื่อนไขเรขาคณิตที่ตัวเลขไม่ได้บอก⚠️จุดที่เด็กมักผิดเช็คแค่\overlineA+\overlineB=2\overlinei+3\overlinejแล้วงงว่าถูกทุกข้อ—เงื่อนไขแฝงในรูปทิศของ\overlineAและมุมฉากคือหัวใจของข้อนี้
chap-10-complex-q14,chap-10-complex,mc,2,ควอดรันต์ที่ 3,🟡 เจอกลางทางแต่ไม่อยู่ท่อนสรุป,26,ส่วนจริง💡เทคนิคที่ใช้ถามแค่ควอดรันต์ให้สนใจเฉพาะมุมหาz^kที่เป็นจำนวนจริงบวกมุมครบรอบเพื่อตัดเลขยกกำลังทิ้ง⚠️จุดที่เด็กมักผิดหามุม\thetaผิดควอดรันต์ลืมว่าจุดอยู่ควอดรันต์2จึง120^\circไม่ใช่60^\circหรือลดมุม360^\circไม่ครบ
chap-13-calculus-q103,chap-13-calculus,mc,1,ระยะที่ลูกปืนขึ้นไปได้สูงสุดคือ $256$ เมตร,🟡 เจอกลางทางแต่ไม่อยู่ท่อนสรุป,18,"6.5\;ถึงพื้นt=8✅คำตอบ:ระยะสูงสุด256เมตร→ตัวเลือก2💡เทคนิคที่ใช้:แยกแยะ""ความสูง""ค่าSกับ""ระยะทางรวม""ขึ้น+ลง;ความสูงสูงสุดที่v=0⚠️จุดที่เด็กมักผิด:คิดว่าที่t=6ระยะทางรวม=ความสูง192ลืมรวมขาลงหรือคิดว่าความสูง156เกิดครั้งเดียว"
chap-13-calculus-q188,chap-13-calculus,fill,"'-1, 1'","-1, 1",🟡 เจอกลางทางแต่ไม่อยู่ท่อนสรุป,17,กัน→หาอนุพันธ์ไม่ได้ที่x=-1และx=1[IMAGE:0]✔ตรวจคำตอบ:ที่x=1:ฝั่งซ้ายx^2-1✅คำตอบ:x=-1และx=1💡เทคนิคที่ใช้:|u|หักมุมที่รากของuที่เปลี่ยนเครื่องหมาย—ตรงนั้นหาอนุพันธ์ไม่ได้⚠️จุดที่เด็กมักผิด:ตอบเฉพาะx=1หรือลืมว่ามีสองจุด\pm1
chap-15-statistics-q134,chap-15-statistics,fill,'30.5',30.5,🟡 เจอกลางทางแต่ไม่อยู่ท่อนสรุป,13,✔ตรวจคำตอบเพราะz=-0.51💡เทคนิคที่ใช้ค่ามาตรฐานของ\barX-0.51sคือ-0.51โดยตรงไม่ต้องรู้ค่า\barXs⚠️จุดที่เด็กมักผิดตอบ19.5\%พื้นที่ระหว่าง0ถึง0.51โดยลืมว่าต้องเอาพื้นที่หางซ้าย
chap-15-statistics-q135,chap-15-statistics,mc,1,"$6{,}348$",🟡 เจอกลางทางแต่ไม่อยู่ท่อนสรุป,14,"✔ตรวจคำตอบผู้ที่อยู่ในช่วง|z|💡เทคนิคที่ใช้แปลคำว่า""ต่างจากค่าเฉลี่ยเกิน1ส่วนเบี่ยงเบน""เป็นพื้นที่หางสองข้าง⚠️จุดที่เด็กมักผิดตอบ13652ช่วงในเส้นโค้งแทนที่จะเป็นพื้นที่หางสองข้าง"
chap-15-statistics-q146,chap-15-statistics,fill,'24',24,🟡 เจอกลางทางแต่ไม่อยู่ท่อนสรุป,18,✔ตรวจคำตอบค่าzทั้งสองอ่านจากตารางPZ💡เทคนิคที่ใช้ค่าเฉลี่ยตัดกันเมื่อหาผลต่างจึงเหลือเพียงz_max-z_min\sigmaไม่ต้องรู้ค่าเฉลี่ยจริง⚠️จุดที่เด็กมักผิดลืมว่าP33อยู่ต่ำกว่าค่าเฉลี่ยจึงให้zเป็นลบทำให้บวกผิดเป็น1.96-0.44\sigma
chap-15-statistics-q147,chap-15-statistics,mc,1,เด็กชายน้อยได้คะแนนมากกว่าเด็กชายแดง $8.8$ คะแนน,🟡 เจอกลางทางแต่ไม่อยู่ท่อนสรุป,19,กชายน้อยมากกว่า8.8คะแนน→ตัวเลือก2💡เทคนิคที่ใช้ค่าเฉลี่ยเท่ากันตัดกันเมื่อหาผลต่างเหลือz\sigma_2-\sigma_1=0.44\times20⚠️จุดที่เด็กมักผิดคิดว่า\sigmaมากกว่าแล้วคะแนนต้องมากกว่าทั้งที่อยู่หางซ้ายzลบยิ่ง\sigmaมากยิ่งคะแนนต่ำ
chap-15-statistics-q214,chap-15-statistics,mc,2,$9.5$,🟡 เจอกลางทางแต่ไม่อยู่ท่อนสรุป,18,"ตรวจคำตอบความถี่รวมเป็น40ครบและQ_1💡เทคนิคที่ใช้เมื่อให้ความถี่สะสมแบบ""มากกว่าหรือเท่ากับ""ให้ลบกันเป็นความถี่ชั้นก่อนเสมอ⚠️จุดที่เด็กมักผิดใช้ความถี่สะสมในตารางตรงๆโดยไม่แปลงหรือใช้ขอบชั้นผิดต้องใช้ขอบล่างจริงเช่น20.540.5"
chap-15-statistics-q23,chap-15-statistics,mc,1,$73.50$,🟡 เจอกลางทางแต่ไม่อยู่ท่อนสรุป,18,✔ตรวจคำตอบP💡เทคนิคที่ใช้ใช้เงื่อนไขความน่าจะเป็นและผลรวมทั้งหมดเป็นสมการหาตัวแปรที่หายไปก่อนเสมอ⚠️จุดที่เด็กมักผิดลืมหาabก่อนหรือใช้Fความถี่สะสมก่อนชั้นมัธยฐานผิดเป็น22
chap-15-statistics-q75,chap-15-statistics,mc,0,$\sqrt{2}$,🟡 เจอกลางทางแต่ไม่อยู่ท่อนสรุป,15,จคำตอบผลรวมรอบจุดเฉลี่ยจริง6ต้องน้อยกว่ารอบจุด4ซึ่ง10💡เทคนิคที่ใช้เปลี่ยนผลรวมกำลังสองรอบจุดใดๆให้เป็นรอบค่าเฉลี่ยด้วย\sumx-a^2=\sumx-\barx^2+n\barx-a^2⚠️จุดที่เด็กมักผิดนำ30ไปหาร5ตรงๆโดยไม่ปรับจากจุด4มาที่ค่าเฉลี่ย6ก่อน
chap-15-statistics-q80,chap-15-statistics,fill,'9',9,🟡 เจอกลางทางแต่ไม่อยู่ท่อนสรุป,15,เนื่องจากค่าเฉลี่ยจริงคือ51ผลรวมกำลังสองรอบ51ต้องน้อยกว่ารอบ50ซึ่ง135💡เทคนิคที่ใช้ความแปรปรวนต้องคิดรอบค่าเฉลี่ยจริงใช้\sumx-\barx^2=\sumx-a^2-n\barx-a^2⚠️จุดที่เด็กมักผิดใช้s^2=10เป็นคำตอบหรือบวกแทนที่จะลบเทอมn\barx-a^2
gen-chap-03-real-q213,gen-chap-03-real,mc,1,$*$ มีสมบัติสลับที่ (commutative),🟡 เจอกลางทางแต่ไม่อยู่ท่อนสรุป,21,ใจเครื่องหมาย·แต่ค่าสัมบูรณ์ทำให้ผลเป็นบวกเสมอจึงไม่มีทางได้aที่เป็นลบกลับคืน⇒ไม่มีเอกลักษณ์⚠️จุดพลาดเห็น|a-0|=|a|แล้วสรุปว่า0เป็นเอกลักษณ์เกือบจริงแต่ล้มเมื่อa\lt0·หรือเหมาว่าดำเนินการที่สลับที่ได้ต้องเปลี่ยนหมู่ได้ด้วย
gen-chap-03-real-q216,gen-chap-03-real,mc,1,$*$ ไม่ปิด (not closed) บน $\mathbb{Z}$,🟡 เจอกลางทางแต่ไม่อยู่ท่อนสรุป,18,เซตสมบัติอื่นก็ไร้ความหมาย·ค่าเฉลี่ยของจำนวนเต็มคี่บวกคู่ให้ครึ่งจำนวน⚠️จุดพลาดลืมตรวจการปิดแล้วรีบไปดู'เอกลักษณ์เป็น0'เกือบจริงถ้าเป็นการบวกแต่นี่คือค่าเฉลี่ยe=aไม่คงตัว·หรือเหมาว่าค่าเฉลี่ยของจำนวนเต็มเป็นจำนวนเต็มเสมอ
gen-chap-03-real-q224,gen-chap-03-real,mc,1,$0$ เป็นเอกลักษณ์ขวา (right identity) แต่ $*$ ไม่มีเอกลักษณ์ซ้าย,🟡 เจอกลางทางแต่ไม่อยู่ท่อนสรุป,20,าย💡เทคนิคเอกลักษณ์กรุปต้องเป็นสองด้าน·opที่ตัวแปรสองตัวมีบทบาทไม่เท่ากันเช่นa+2bมักได้เอกลักษณ์ด้านเดียวจึงไม่เป็นกรุป⚠️จุดพลาดเจอa*0=aแล้วรีบสรุปว่า0เป็นเอกลักษณ์และเป็นกรุปเกือบจริงแต่0*a=2a\neqa·ต้องเช็คทั้งซ้ายและขวา
gen-chap-03-real-q313,gen-chap-03-real,mc,2,"$\langle\mathbb{R},*\rangle$ ไม่เป็นกรุป เพราะ $\dfrac12$ ไม่มีอินเวอร",🟡 เจอกลางทางแต่ไม่อยู่ท่อนสรุป,22,ทคนิคopรูปa+b-2abเขียนได้\frac12\bigl1-1-2a1-2b\bigr·จุดa=\frac12ทำให้1-2a=0กลายเป็นตัวดูดกลืนจึงไม่มีอินเวอร์ส⚠️จุดพลาดเห็นเอกลักษณ์0กับเปลี่ยนหมู่ครบเลยเหมาว่าเป็นกรุปเกือบครบแต่\frac12หลุด⇒กรุปต้องมีอินเวอร์สครบทุกตัว
gen-chap-03-real-q324,gen-chap-03-real,mc,1,"$\langle\mathbb{Z},*\rangle$ ไม่เป็นกรุป เพราะ $1$ ไม่มีอินเวอร์สใน $\",🟡 เจอกลางทางแต่ไม่อยู่ท่อนสรุป,21,เอกลักษณ์'ครบแต่บน\mathbbZอินเวอร์ส\frac-a1+2aมักเป็นเศษส่วนจึงล้มเรื่องอินเวอร์ส⚠️จุดพลาดเห็นครบสามสัจพจน์แรกเลยเหมาว่าเป็นกรุป·กรุปต้องมีอินเวอร์สอยู่ในเซตครบทุกตัวต่างจากบน\mathbbRที่\frac-a1+2aอยู่ครบยกเว้นa=-\frac12
gen-chap-04-coord-q103,gen-chap-04-coord,mc,1,$2x-y+10=0$ และ $2x-y-10=0$,🟡 เจอกลางทางแต่ไม่อยู่ท่อนสรุป,18,รวจคำตอบ:ระยะจากOถึง2x-y-10=0=\frac|-10|\sqrt5=\frac10\sqrt5=2\sqrt5=rสัมผัสจริง✅คำตอบ:ข้อ1—2x-y\pm10=0💡เทคนิค:เส้นสัมผัสขนานกับAx+By=0คือAx+By=\pmr\sqrtA^2+B^2เสมอ⚠️จุดพลาด:เผลอใช้r=20นั่นคือr^2ต้องถอดรากเป็น2\sqrt5ก่อน
gen-chap-18-interest-and-value-of-money-q39,gen-chap-18-interest-and-value-of-money,mc,1,ธนาคาร B (ทบต้น $6.5\%$),🟡 เจอกลางทางแต่ไม่อยู่ท่อนสรุป,20,ที่มากกว่า✓✅คำตอบธนาคารB💡เทคนิคอัตราที่ประกาศสูงกว่าไม่ได้แปลว่าได้เงินมากกว่าเสมอ—พลังทบต้นvsส่วนต่างอัตราขึ้นกับจำนวนปีต้องคำนวณจริง⚠️จุดพลาดถ้าเลือกจากอัตราหน้าอย่างเดียวสูงกว่า=ดีกว่าคือกับดักต้องเทียบเงินปลายทางจริง
gen-chap-18-interest-and-value-of-money-q40,gen-chap-18-interest-and-value-of-money,mc,0,ธนาคาร A (เชิงเดียว $10\%$),🟡 เจอกลางทางแต่ไม่อยู่ท่อนสรุป,20,ที่มากกว่า✓✅คำตอบธนาคารA💡เทคนิคอัตราที่ประกาศสูงกว่าไม่ได้แปลว่าได้เงินมากกว่าเสมอ—พลังทบต้นvsส่วนต่างอัตราขึ้นกับจำนวนปีต้องคำนวณจริง⚠️จุดพลาดถ้าเลือกจากอัตราหน้าอย่างเดียวสูงกว่า=ดีกว่าคือกับดักต้องเทียบเงินปลายทางจริง
pat1-2552-03-q26,pat1-2552-03,mc,3,"$\{\cos 120° + i\sin 120°, -\cos 60° - i\sin 60°\}$",🟡 เจอกลางทางแต่ไม่อยู่ท่อนสรุป,17,ยบ⚠️จุดที่เด็กมักผิด1สับสน\cos120°กับ-\cos60°ทั้งคู่=-\frac12แต่\sinต่างกัน!2หลงตัวเลือกที่ผสม\sin60°กับ\cos120°ซึ่งทำให้เครื่องหมายจินตภาพไม่สอดคล้องกับราก3ลืมว่ารากเชิงซ้อนของสมการสัมประสิทธิ์จริงเป็นคู่สังยุคconjugate
pat1-2552-07-q01,pat1-2552-07,mc,1,$\forall x[Q(x)] \to \exists x[\sim P(x)]$,🟡 เจอกลางทางแต่ไม่อยู่ท่อนสรุป,16,—เป็นระบบกว่าการไล่เทียบทีละตัวเลือก⚠️จุดที่เด็กมักผิดลืมว่า\sim\forallx[Px]\equiv\existsx[\simPx]ตัวบ่งปริมาณพลิก\forallrightarrow\existsพร้อมนิเสธข้างในหรือแปลง\simp\lorqกลับเป็นเงื่อนไขสลับข้างได้ประโยคที่PQผิดตำแหน่ง
pat1-2552-10-q08,pat1-2552-10,mc,1,"$[1, 2)$",🟡 เจอกลางทางแต่ไม่อยู่ท่อนสรุป,24,✔ตรวจคำตอบ:แทนx=1.5:8^1.5+8=22.63+8=30.63และ4^1.5+2^4.5=8+22.63=30.63✓✅คำตอบ:ตัวเลือก2💡เทคนิคที่ใช้แทนt=2^xเปลี่ยนสมการเลขชี้กำลังเป็นพหุนามแล้วจับกลุ่มแยกตัวประกอบ⚠️จุดที่เด็กมักผิดลืมเงื่อนไขx>0จึงเก็บคำตอบx=0ไว้ผิดๆ
pat1-2552-10-q22,pat1-2552-10,mc,1,$\dfrac{2\theta}{11}$ นาที,🟡 เจอกลางทางแต่ไม่อยู่ท่อนสรุป,18,ta11=\theta✓และเป็นครั้งแรกเพราะมุมเพิ่มจาก0อย่างต่อเนื่อง✅คำตอบ:ตัวเลือก2💡เทคนิคที่ใช้อัตราการแยกของมุม=6-0.5=5.5°/นาทีแล้วตั้งสมการเชิงเส้น⚠️จุดที่เด็กมักผิดลืมว่าเข็มชั่วโมงก็เคลื่อนที่ด้วย0.5°/นาทีจึงใช้แค่6°/นาทีผิด
pat1-2553-10-q02,pat1-2553-10,mc,1,$\exists x[P(x)] \Rightarrow \exists x[Q(x)]$,🟡 เจอกลางทางแต่ไม่อยู่ท่อนสรุป,37,qrtx+1^2=|x+1|ไม่ใช่x+1เสมอ⟶Pxไม่ได้จริงทุกตัว•สับสนระหว่าง\existsกับ\forall—\forallx[Qx]เป็นเท็จง่ายมากเพราะแค่มีตัวเดียวที่ไม่จริงก็พอ•โจทย์ถามข้อตรงข้ามต้องหาประพจน์โจทย์ให้ได้ก่อนว่าเป็นเท็จแล้วจึงเลือกข้อที่เป็นจริง
pat1-2553-10-q09,pat1-2553-10,mc,1,32 ตารางหน่วย,🟡 เจอกลางทางแต่ไม่อยู่ท่อนสรุป,33,้นที่จากพิกัดโดยตรงไม่ต้องแบ่งรูปสามเหลี่ยม—เร็วและแม่นยำ⚠️จุดที่เด็กมักผิด•เรียงจุดยอดไม่ตามลำดับรอบรูปทำให้รูปบิดตัดกันเองและได้พื้นที่ผิด•ลืมใส่ค่าสัมบูรณ์หรือลืมหารด้วย2•คำนวณเครื่องหมายผลคูณผิดโดยเฉพาะเมื่อมีพิกัดลบ
pat1-2553-10-q14,pat1-2553-10,mc,1,$6$,🟡 เจอกลางทางแต่ไม่อยู่ท่อนสรุป,29,barv=0ทันทีแล้วแก้ระบบสมการเชิงเส้น⚠️จุดที่เด็กมักผิด•ขยาย|\baru-\barv|^2ผิดลืมพจน์กลาง-2\baru\cdot\barv•คำนวณdotproductผิดเครื่องหมายโดยเฉพาะ\barvที่มี-3\barj•แก้ระบบสมการเศษส่วนพลาด—ควรลดรูป5x+5y=21เป็นx+y=\frac215ก่อน
pat1-2554-12-q12,pat1-2554-12,mc,3,"$|\vec{a}|\,\csc\,20^\circ = |\vec{c}|\left(1 + \dfrac{\tan 35^\circ}{",🟡 เจอกลางทางแต่ไม่อยู่ท่อนสรุป,40,จัดตัวแปรที่ไม่ต้องการ|\vecb|การหารด้วย\sinของมุมในตัวเลือกช่วยให้รูปออกมาตรง⚠️จุดที่เด็กมักผิด:อ่านมุมจากรูปผิด—มุม110°/125°วัดจากทิศ\vecaลงต้องลบ90°ให้เป็นมุมกับแกนXก่อนได้20°35°และระวังสับสน\cotกับ\tanตอนจัดรูปสุดท้าย
pat1-2559-10-q02,pat1-2559-10,mc,1,$\forall x[P(x) \to Q(x)] \to \exists x[R(x)]$,🟡 เจอกลางทางแต่ไม่อยู่ท่อนสรุป,48,"ลัด""\toTจริงเสมอ""และ""\veeTจริงเสมอ""เพื่อประหยัดเวลา⚠️จุดที่เด็กมักผิดโจทย์ถามหาข้อที่""เท็จ""ไม่ใช่""จริง""ต้องอ่านให้ดีRxคือ\sqrtx-1ทั้งก้อนx-1อยู่ในรากไม่ใช่\sqrtx-1และรากที่สองให้ค่าไม่เป็นลบเสมอจึงไม่มีทางน้อยกว่าจำนวนลบ"
pat1-2564-03-q05,pat1-2564-03,mc,0,$\dfrac{200\left((1.005)^{13}-(1.005)^{7}\right)}{1.005-1}$,🟡 เจอกลางทางแต่ไม่อยู่ท่อนสรุป,30,าแต่ละก้อนอยู่นานกี่งวดแล้วบวกกันเป็นอนุกรมเรขาคณิตอย่าลืมดูช่วงเวลาทั้งหมดให้ชัด⚠️จุดที่เด็กมักผิด1ใช้อัตราต่อปี1.06แทนต่อเดือน1.0052นับจำนวนเดือนของก้อนสุดท้ายผิด—ฝากแค่6ครั้งแต่ก้อนสุดท้ายยังได้ดอก7เดือนจนถึงวันวัดยอด
pat1-2564-03-q07,pat1-2564-03,mc,4,$\left[\begin{array}{ccc|c}1 & 1 & 1 & 1500 \\ 800 & -600 & 0 & 0 \\ 4,🟡 เจอกลางทางแต่ไม่อยู่ท่อนสรุป,30,"บเช่น""เป็น2เท่า""ต้องจัดให้ทุกตัวแปรอยู่ฝั่งซ้ายค่าคงตัวอยู่ฝั่งขวาตามลำดับตัวแปรxyzก่อนใส่ลงเมทริกซ์เสมอ⚠️จุดที่เด็กมักผิด1ไม่ย้ายข้างสมการ""600y=800x""ให้เป็น""800x-600y=0""ทำให้เครื่องหมายผิด2เรียงสัมประสิทธิ์ผิดคอลัมน์xyz"
pat1-2564-03-q12,pat1-2564-03,mc,4,$(q\to\sim p)\to(p\to q)$,🟡 เจอกลางทางแต่ไม่อยู่ท่อนสรุป,27,"อก5เป็นเท็จหน้าq\to\simp=Tหลังp\toq=F✅คำตอบ:ตัวเลือก5💡เทคนิคที่ใช้หาค่าความจริงpqให้ชัดก่อนแล้วแทนค่าไล่ทีละตัวเลือก⚠️จุดที่เด็กมักผิด1คิดว่าเรนจ์คือ\3\ทั้งที่มีทั้ง3และ-3ผลบวกเป็น02สับสนเงื่อนไขความเป็นเท็จของ""ถ้า-แล้ว"""
pat1-2564-03-q18,pat1-2564-03,mc,3,"$600{,}000-\dfrac{10{,}000\left((1.01)^{-1}-(1.01)^{-49}\right)}{1-(1.",🟡 เจอกลางทางแต่ไม่อยู่ท่อนสรุป,25,"ิคที่ใช้""ย้อนมูลค่าเงินอนาคตกลับมาวันซื้อ""ด้วยกำลังลบแล้วรวมเป็นอนุกรมเรขาคณิตและจำว่า""สิ้นเดือน""เริ่มที่กำลัง-1⚠️จุดที่เด็กมักผิด1ใช้ดอกเบี้ยต่อปี1.12แทนต่อเดือน1.012เริ่มกำลังที่0ทั้งที่ผ่อนทุกสิ้นเดือนต้องเริ่ม1.01^-1"
samn-2558-12-q19,samn-2558-12,mc,2,"$\left\{\dfrac{\pi}{4}, \dfrac{2\pi}{4}, \dfrac{3\pi}{4}, \dfrac{5\pi}",🟡 เจอกลางทางแต่ไม่อยู่ท่อนสรุป,34,เดียวแล้วแทนA=5^4\cos^2xเปลี่ยนเป็นสมการกำลังสองพร้อมตัดรากที่เป็นลบทิ้งฐานยกกำลังเป็นลบไม่ได้⚠️จุดที่เด็กมักผิด1ไม่ตัดA=-5ทิ้งทำให้ได้คำตอบเกิน&nbsp;2ลืมว่า\cosx=\pm\frac1\sqrt2ให้4คำตอบในหนึ่งรอบทั้งสี่จตุภาคไม่ใช่แค่2
samn-2559-12-q14,samn-2559-12,mc,1,$\dfrac{(x+1)^2}{12} - \dfrac{(y-1)^2}{24} = 1$,🟡 เจอกลางทางแต่ไม่อยู่ท่อนสรุป,31,กลางจากกึ่งกลางโฟกัสcจากครึ่งระยะโฟกัสอัตราส่วน\fracbaจากความชันเส้นกำกับแล้วใช้c^2=a^2+b^2แก้หาa^2b^2⚠️จุดที่เด็กมักผิด1สับสนc^2=a^2+b^2ไฮเพอร์โบลากับc^2=a^2-b^2วงรี&nbsp;2วางจุดศูนย์กลางผิดเครื่องหมายh=-1ทำให้เป็นx+1^2
